#
# There is insufficient memory for the Java Runtime Environment to continue.
# Native memory allocation (mmap) failed to map 241172480 bytes. Error detail: G1 virtual space
# Possible reasons:
#   The system is out of physical RAM or swap space
#   This process is running with CompressedOops enabled, and the Java Heap may be blocking the growth of the native heap
# Possible solutions:
#   Reduce memory load on the system
#   Increase physical memory or swap space
#   Check if swap backing store is full
#   Decrease Java heap size (-Xmx/-Xms)
#   Decrease number of Java threads
#   Decrease Java thread stack sizes (-Xss)
#   Set larger code cache with -XX:ReservedCodeCacheSize=
#   JVM is running with Unscaled Compressed Oops mode in which the Java heap is
#     placed in the first 4GB address space. The Java Heap base address is the
#     maximum limit for the native heap growth. Please use -XX:HeapBaseMinAddress
#     to set the Java Heap base and to place the Java Heap above 4GB virtual address.
# This output file may be truncated or incomplete.
#
#  Out of Memory Error (os_windows.cpp:3690), pid=20084, tid=20720
#
# JRE version: OpenJDK Runtime Environment Microsoft-13106358 (17.0.18+8) (build 17.0.18+8-LTS)
# Java VM: OpenJDK 64-Bit Server VM Microsoft-13106358 (17.0.18+8-LTS, mixed mode, sharing, tiered, compressed oops, compressed class ptrs, g1 gc, windows-amd64)
# No core dump will be written. Minidumps are not enabled by default on client versions of Windows
#

---------------  S U M M A R Y ------------

Command Line: --add-opens=java.base/java.lang=ALL-UNNAMED --add-opens=java.base/java.lang.invoke=ALL-UNNAMED --add-opens=java.base/java.util=ALL-UNNAMED --add-opens=java.prefs/java.util.prefs=ALL-UNNAMED --add-exports=jdk.compiler/com.sun.tools.javac.api=ALL-UNNAMED --add-exports=jdk.compiler/com.sun.tools.javac.util=ALL-UNNAMED --add-opens=java.base/java.util=ALL-UNNAMED --add-opens=java.prefs/java.util.prefs=ALL-UNNAMED --add-opens=java.base/java.nio.charset=ALL-UNNAMED --add-opens=java.base/java.net=ALL-UNNAMED --add-opens=java.base/java.util.concurrent.atomic=ALL-UNNAMED --add-opens=java.xml/javax.xml.namespace=ALL-UNNAMED -Xmx2048m -Dfile.encoding=UTF-8 -Duser.country=CO -Duser.language=es -Duser.variant -javaagent:C:\Users\perez\AndroidStudioProjects\MyApplication\wrapper\dists\gradle-8.13-bin\5xuhj0ry160q40clulazy9h7d\gradle-8.13\lib\agents\gradle-instrumentation-agent-8.13.jar org.gradle.launcher.daemon.bootstrap.GradleDaemon 8.13

Host: AMD Ryzen 3 5300U with Radeon Graphics         , 8 cores, 7G,  Windows 11 , 64 bit Build 26100 (10.0.26100.7920)
Time: Fri Mar 20 17:02:41 2026 Hora est. Pacífico, Sudamérica elapsed time: 44.768517 seconds (0d 0h 0m 44s)

---------------  T H R E A D  ---------------

Current thread (0x0000026dedf97ff0):  VMThread "VM Thread" [stack: 0x000000bdab600000,0x000000bdab700000] [id=20720]

Stack: [0x000000bdab600000,0x000000bdab700000]
Native frames: (J=compiled Java code, j=interpreted, Vv=VM code, C=native code)
V  [jvm.dll+0x68c879]  (no source info available)
V  [jvm.dll+0x845979]  (no source info available)
V  [jvm.dll+0x8476e8]  (no source info available)
V  [jvm.dll+0x847d73]  (no source info available)
V  [jvm.dll+0x24cf6f]  (no source info available)
V  [jvm.dll+0x68bc79]  (no source info available)
V  [jvm.dll+0x68023a]  (no source info available)
V  [jvm.dll+0x3101a0]  (no source info available)
V  [jvm.dll+0x310042]  (no source info available)
V  [jvm.dll+0x317599]  (no source info available)
V  [jvm.dll+0x369999]  (no source info available)
V  [jvm.dll+0x369bcd]  (no source info available)
V  [jvm.dll+0x2e69aa]  (no source info available)
V  [jvm.dll+0x2e4da1]  (no source info available)
V  [jvm.dll+0x2e453c]  (no source info available)
V  [jvm.dll+0x328ecb]  (no source info available)
V  [jvm.dll+0x84c5fd]  (no source info available)
V  [jvm.dll+0x84d313]  (no source info available)
V  [jvm.dll+0x84d844]  (no source info available)
V  [jvm.dll+0x84dc28]  (no source info available)
V  [jvm.dll+0x84dd1e]  (no source info available)
V  [jvm.dll+0x7f5ebc]  (no source info available)
V  [jvm.dll+0x68de17]  (no source info available)
C  [ucrtbase.dll+0x37b0]  (no source info available)
C  [KERNEL32.DLL+0x2e8d7]  (no source info available)
C  [ntdll.dll+0x8c48c]  (no source info available)

VM_Operation (0x000000bdb0ff9790): G1CollectForAllocation, mode: safepoint, requested by thread 0x0000026dff0ffa60


---------------  P R O C E S S  ---------------

Threads class SMR info:
_java_thread_list=0x0000026df814e560, length=134, elements={
0x0000026dcfabc890, 0x0000026dedf9afe0, 0x0000026dedf9d8c0, 0x0000026dedfb48c0,
0x0000026dedfb5190, 0x0000026dedfb5a60, 0x0000026dedfb6330, 0x0000026dedfbff50,
0x0000026dedfd3e20, 0x0000026dedfe4ef0, 0x0000026dedf86480, 0x0000026dee177b50,
0x0000026dee80b5f0, 0x0000026deebcbc20, 0x0000026df300f0e0, 0x0000026deea20010,
0x0000026deea22d20, 0x0000026deeb49f20, 0x0000026deeb4ae50, 0x0000026deeb4a430,
0x0000026deeb4c7a0, 0x0000026deeb48ff0, 0x0000026deeb4a940, 0x0000026deeb4b870,
0x0000026deeb49a10, 0x0000026deeb49500, 0x0000026deeb4bd80, 0x0000026deeb4c290,
0x0000026df67f9c70, 0x0000026df67fcf10, 0x0000026df67fb0b0, 0x0000026df67fa180,
0x0000026df67fbfe0, 0x0000026df67fa690, 0x0000026df67fb5c0, 0x0000026df67faba0,
0x0000026df67fbad0, 0x0000026df67fc4f0, 0x0000026df67fca00, 0x0000026df68fa6a0,
0x0000026df68fa190, 0x0000026df68f9770, 0x0000026df68fabb0, 0x0000026df68f9c80,
0x0000026df68fbff0, 0x0000026df68fb0c0, 0x0000026df68fb5d0, 0x0000026df68fc500,
0x0000026df68fca10, 0x0000026df68f9260, 0x0000026df68fde50, 0x0000026df68fd940,
0x0000026df68fe870, 0x0000026df68fe360, 0x0000026df69001c0, 0x0000026df68fed80,
0x0000026df68ff7a0, 0x0000026df68ffcb0, 0x0000026dff0fb890, 0x0000026dff0f80e0,
0x0000026dff0f9f40, 0x0000026dff0f85f0, 0x0000026dff0fa450, 0x0000026dff0fbda0,
0x0000026dff0f8b00, 0x0000026dff0fae70, 0x0000026dff0fc7c0, 0x0000026dff0fa960,
0x0000026dff0fccd0, 0x0000026dff0f9520, 0x0000026dff0fd1e0, 0x0000026dff0f9a30,
0x0000026dff0fdc00, 0x0000026dff0fd6f0, 0x0000026dff0fe110, 0x0000026dff0fe620,
0x0000026dff0feb30, 0x0000026dff0ff040, 0x0000026dff0ff550, 0x0000026dff0ffa60,
0x0000026df96f2ab0, 0x0000026df96f5330, 0x0000026df96f39e0, 0x0000026df96f2090,
0x0000026df96f2fc0, 0x0000026df96f34d0, 0x0000026df96f4e20, 0x0000026df96f5840,
0x0000026df96f5d50, 0x0000026df96f3ef0, 0x0000026df96f4910, 0x0000026df96f4400,
0x0000026df96f25a0, 0x0000026df96f8ff0, 0x0000026df96f6260, 0x0000026df96f80c0,
0x0000026df96f76a0, 0x0000026df96f9500, 0x0000026df96f7bb0, 0x0000026df96f6770,
0x0000026df96f9a10, 0x0000026df96f85d0, 0x0000026df96f8ae0, 0x0000026df96f6c80,
0x0000026df96f7190, 0x0000026df8de4c00, 0x0000026df8de7ea0, 0x0000026df8de6550,
0x0000026df8de7480, 0x0000026df8de5110, 0x0000026df8de7990, 0x0000026df8de5620,
0x0000026df8de5b30, 0x0000026df8de46f0, 0x0000026df8de97f0, 0x0000026df8de6f70,
0x0000026df8de83b0, 0x0000026df8de88c0, 0x0000026df8de8dd0, 0x0000026df8de6040,
0x0000026df8de92e0, 0x0000026df8de9d00, 0x0000026df8dea210, 0x0000026df8de6a60,
0x0000026df8deb650, 0x0000026df8dea720, 0x0000026df8deb140, 0x0000026df8dec070,
0x0000026df68fbae0, 0x0000026df4dca1c0, 0x0000026df4dca6d0, 0x0000026df4dcb0f0,
0x0000026df4dcbb10, 0x0000026dff8ce7e0
}

Java Threads: ( => current thread )
  0x0000026dcfabc890 JavaThread "main" [_thread_blocked, id=5812, stack(0x000000bdab000000,0x000000bdab100000)]
  0x0000026dedf9afe0 JavaThread "Reference Handler" daemon [_thread_blocked, id=22480, stack(0x000000bdab700000,0x000000bdab800000)]
  0x0000026dedf9d8c0 JavaThread "Finalizer" daemon [_thread_blocked, id=23760, stack(0x000000bdab800000,0x000000bdab900000)]
  0x0000026dedfb48c0 JavaThread "Signal Dispatcher" daemon [_thread_blocked, id=27192, stack(0x000000bdab900000,0x000000bdaba00000)]
  0x0000026dedfb5190 JavaThread "Attach Listener" daemon [_thread_blocked, id=5416, stack(0x000000bdaba00000,0x000000bdabb00000)]
  0x0000026dedfb5a60 JavaThread "Service Thread" daemon [_thread_blocked, id=27896, stack(0x000000bdabb00000,0x000000bdabc00000)]
  0x0000026dedfb6330 JavaThread "Monitor Deflation Thread" daemon [_thread_blocked, id=9660, stack(0x000000bdabc00000,0x000000bdabd00000)]
  0x0000026dedfbff50 JavaThread "C2 CompilerThread0" daemon [_thread_blocked, id=13244, stack(0x000000bdabd00000,0x000000bdabe00000)]
  0x0000026dedfd3e20 JavaThread "C1 CompilerThread0" daemon [_thread_blocked, id=20864, stack(0x000000bdabe00000,0x000000bdabf00000)]
  0x0000026dedfe4ef0 JavaThread "Sweeper thread" daemon [_thread_blocked, id=22140, stack(0x000000bdabf00000,0x000000bdac000000)]
  0x0000026dedf86480 JavaThread "Common-Cleaner" daemon [_thread_blocked, id=28624, stack(0x000000bdac000000,0x000000bdac100000)]
  0x0000026dee177b50 JavaThread "Notification Thread" daemon [_thread_blocked, id=20668, stack(0x000000bdac100000,0x000000bdac200000)]
  0x0000026dee80b5f0 JavaThread "Daemon health stats" [_thread_blocked, id=17568, stack(0x000000bdac300000,0x000000bdac400000)]
  0x0000026deebcbc20 JavaThread "Incoming local TCP Connector on port 62814" [_thread_in_native, id=15812, stack(0x000000bdac800000,0x000000bdac900000)]
  0x0000026df300f0e0 JavaThread "Daemon periodic checks" [_thread_blocked, id=27728, stack(0x000000bdaca00000,0x000000bdacb00000)]
  0x0000026deea20010 JavaThread "Daemon" [_thread_blocked, id=6252, stack(0x000000bdacb00000,0x000000bdacc00000)]
  0x0000026deea22d20 JavaThread "Handler for socket connection from /127.0.0.1:62814 to /127.0.0.1:62815" [_thread_in_native, id=16552, stack(0x000000bdacc00000,0x000000bdacd00000)]
  0x0000026deeb49f20 JavaThread "Cancel handler" [_thread_blocked, id=27880, stack(0x000000bdacd00000,0x000000bdace00000)]
  0x0000026deeb4ae50 JavaThread "Daemon worker" [_thread_blocked, id=13836, stack(0x000000bdace00000,0x000000bdacf00000)]
  0x0000026deeb4a430 JavaThread "Asynchronous log dispatcher for DefaultDaemonConnection: socket connection from /127.0.0.1:62814 to /127.0.0.1:62815" [_thread_blocked, id=14028, stack(0x000000bdacf00000,0x000000bdad000000)]
  0x0000026deeb4c7a0 JavaThread "Stdin handler" [_thread_blocked, id=13036, stack(0x000000bdad000000,0x000000bdad100000)]
  0x0000026deeb48ff0 JavaThread "Daemon client event forwarder" [_thread_blocked, id=17172, stack(0x000000bdad100000,0x000000bdad200000)]
  0x0000026deeb4a940 JavaThread "Cache worker for journal cache (C:\Users\perez\AndroidStudioProjects\MyApplication\caches\journal-1)" [_thread_blocked, id=28612, stack(0x000000bdac900000,0x000000bdaca00000)]
  0x0000026deeb4b870 JavaThread "File lock request listener" [_thread_in_native, id=11984, stack(0x000000bdad200000,0x000000bdad300000)]
  0x0000026deeb49a10 JavaThread "Cache worker for file hash cache (C:\Users\perez\AndroidStudioProjects\MyApplication\caches\8.13\fileHashes)" [_thread_blocked, id=24608, stack(0x000000bdad300000,0x000000bdad400000)]
  0x0000026deeb49500 JavaThread "Cache worker for file hash cache (C:\Users\perez\Downloads\Movil_chicamocha\MobileApp_UsoChicamocha\.gradle\8.13\fileHashes)" [_thread_blocked, id=14320, stack(0x000000bdad800000,0x000000bdad900000)]
  0x0000026deeb4bd80 JavaThread "Cache worker for Build Output Cleanup Cache (C:\Users\perez\Downloads\Movil_chicamocha\MobileApp_UsoChicamocha\.gradle\buildOutputCleanup)" [_thread_blocked, id=25664, stack(0x000000bdad900000,0x000000bdada00000)]
  0x0000026deeb4c290 JavaThread "File watcher server" daemon [_thread_blocked, id=23372, stack(0x000000bdadb00000,0x000000bdadc00000)]
  0x0000026df67f9c70 JavaThread "File watcher consumer" daemon [_thread_blocked, id=28520, stack(0x000000bdadc00000,0x000000bdadd00000)]
  0x0000026df67fcf10 JavaThread "Cache worker for checksums cache (C:\Users\perez\Downloads\Movil_chicamocha\MobileApp_UsoChicamocha\.gradle\8.13\checksums)" [_thread_blocked, id=5980, stack(0x000000bdade00000,0x000000bdadf00000)]
  0x0000026df67fb0b0 JavaThread "Cache worker for file content cache (C:\Users\perez\AndroidStudioProjects\MyApplication\caches\8.13\fileContent)" [_thread_blocked, id=13972, stack(0x000000bdadf00000,0x000000bdae000000)]
  0x0000026df67fa180 JavaThread "Cache worker for cache directory md-supplier (C:\Users\perez\AndroidStudioProjects\MyApplication\caches\8.13\md-supplier)" [_thread_blocked, id=15136, stack(0x000000bdae000000,0x000000bdae100000)]
  0x0000026df67fbfe0 JavaThread "Cache worker for cache directory md-rule (C:\Users\perez\AndroidStudioProjects\MyApplication\caches\8.13\md-rule)" [_thread_blocked, id=14484, stack(0x000000bdae100000,0x000000bdae200000)]
  0x0000026df67fa690 JavaThread "Unconstrained build operations" [_thread_blocked, id=28140, stack(0x000000bdae200000,0x000000bdae300000)]
  0x0000026df67fb5c0 JavaThread "Unconstrained build operations Thread 2" [_thread_blocked, id=17248, stack(0x000000bdae300000,0x000000bdae400000)]
  0x0000026df67faba0 JavaThread "Unconstrained build operations Thread 3" [_thread_blocked, id=25040, stack(0x000000bdae400000,0x000000bdae500000)]
  0x0000026df67fbad0 JavaThread "Unconstrained build operations Thread 4" [_thread_blocked, id=7628, stack(0x000000bdae500000,0x000000bdae600000)]
  0x0000026df67fc4f0 JavaThread "Unconstrained build operations Thread 5" [_thread_blocked, id=21488, stack(0x000000bdae600000,0x000000bdae700000)]
  0x0000026df67fca00 JavaThread "Unconstrained build operations Thread 6" [_thread_blocked, id=15580, stack(0x000000bdae700000,0x000000bdae800000)]
  0x0000026df68fa6a0 JavaThread "Unconstrained build operations Thread 7" [_thread_blocked, id=8536, stack(0x000000bdae800000,0x000000bdae900000)]
  0x0000026df68fa190 JavaThread "Unconstrained build operations Thread 8" [_thread_blocked, id=18852, stack(0x000000bdae900000,0x000000bdaea00000)]
  0x0000026df68f9770 JavaThread "Unconstrained build operations Thread 9" [_thread_blocked, id=15248, stack(0x000000bdaea00000,0x000000bdaeb00000)]
  0x0000026df68fabb0 JavaThread "Unconstrained build operations Thread 10" [_thread_blocked, id=27180, stack(0x000000bdaeb00000,0x000000bdaec00000)]
  0x0000026df68f9c80 JavaThread "Unconstrained build operations Thread 11" [_thread_blocked, id=26008, stack(0x000000bdaec00000,0x000000bdaed00000)]
  0x0000026df68fbff0 JavaThread "Unconstrained build operations Thread 12" [_thread_blocked, id=16792, stack(0x000000bdaed00000,0x000000bdaee00000)]
  0x0000026df68fb0c0 JavaThread "Unconstrained build operations Thread 13" [_thread_blocked, id=27392, stack(0x000000bdaee00000,0x000000bdaef00000)]
  0x0000026df68fb5d0 JavaThread "Unconstrained build operations Thread 14" [_thread_blocked, id=25264, stack(0x000000bdaef00000,0x000000bdaf000000)]
  0x0000026df68fc500 JavaThread "Unconstrained build operations Thread 15" [_thread_blocked, id=15964, stack(0x000000bdaf000000,0x000000bdaf100000)]
  0x0000026df68fca10 JavaThread "Unconstrained build operations Thread 16" [_thread_blocked, id=23860, stack(0x000000bdaf100000,0x000000bdaf200000)]
  0x0000026df68f9260 JavaThread "Unconstrained build operations Thread 17" [_thread_blocked, id=21308, stack(0x000000bdaf200000,0x000000bdaf300000)]
  0x0000026df68fde50 JavaThread "Unconstrained build operations Thread 18" [_thread_blocked, id=3824, stack(0x000000bdaf300000,0x000000bdaf400000)]
  0x0000026df68fd940 JavaThread "Unconstrained build operations Thread 19" [_thread_blocked, id=27824, stack(0x000000bdaf400000,0x000000bdaf500000)]
  0x0000026df68fe870 JavaThread "Unconstrained build operations Thread 20" [_thread_blocked, id=18800, stack(0x000000bdaf500000,0x000000bdaf600000)]
  0x0000026df68fe360 JavaThread "Unconstrained build operations Thread 21" [_thread_blocked, id=16712, stack(0x000000bdaf600000,0x000000bdaf700000)]
  0x0000026df69001c0 JavaThread "build event listener" [_thread_blocked, id=16636, stack(0x000000bdadd00000,0x000000bdade00000)]
  0x0000026df68fed80 JavaThread "Memory manager" [_thread_blocked, id=21184, stack(0x000000bdaf700000,0x000000bdaf800000)]
  0x0000026df68ff7a0 JavaThread "Problems report writer" [_thread_blocked, id=27940, stack(0x000000bdad700000,0x000000bdad800000)]
  0x0000026df68ffcb0 JavaThread "build event listener" [_thread_blocked, id=9208, stack(0x000000bdaf900000,0x000000bdafa00000)]
  0x0000026dff0fb890 JavaThread "included builds" [_thread_blocked, id=8608, stack(0x000000bdafb00000,0x000000bdafc00000)]
  0x0000026dff0f80e0 JavaThread "Execution worker" [_thread_blocked, id=14308, stack(0x000000bdafc00000,0x000000bdafd00000)]
  0x0000026dff0f9f40 JavaThread "Execution worker Thread 2" [_thread_blocked, id=6400, stack(0x000000bdafd00000,0x000000bdafe00000)]
  0x0000026dff0f85f0 JavaThread "Execution worker Thread 3" [_thread_blocked, id=7016, stack(0x000000bdafe00000,0x000000bdaff00000)]
  0x0000026dff0fa450 JavaThread "Execution worker Thread 4" [_thread_blocked, id=9380, stack(0x000000bdaff00000,0x000000bdb0000000)]
  0x0000026dff0fbda0 JavaThread "Execution worker Thread 5" [_thread_blocked, id=16144, stack(0x000000bdb0000000,0x000000bdb0100000)]
  0x0000026dff0f8b00 JavaThread "Execution worker Thread 6" [_thread_blocked, id=6432, stack(0x000000bdb0100000,0x000000bdb0200000)]
  0x0000026dff0fae70 JavaThread "Execution worker Thread 7" [_thread_blocked, id=5324, stack(0x000000bdb0200000,0x000000bdb0300000)]
  0x0000026dff0fc7c0 JavaThread "Cache worker for execution history cache (C:\Users\perez\Downloads\Movil_chicamocha\MobileApp_UsoChicamocha\.gradle\8.13\executionHistory)" [_thread_blocked, id=3028, stack(0x000000bdb0300000,0x000000bdb0400000)]
  0x0000026dff0fa960 JavaThread "Unconstrained build operations Thread 22" [_thread_blocked, id=3520, stack(0x000000bdb0400000,0x000000bdb0500000)]
  0x0000026dff0fccd0 JavaThread "Unconstrained build operations Thread 23" [_thread_blocked, id=24912, stack(0x000000bdb0500000,0x000000bdb0600000)]
  0x0000026dff0f9520 JavaThread "Unconstrained build operations Thread 24" [_thread_blocked, id=22664, stack(0x000000bdb0600000,0x000000bdb0700000)]
  0x0000026dff0fd1e0 JavaThread "Unconstrained build operations Thread 25" [_thread_blocked, id=20660, stack(0x000000bdb0700000,0x000000bdb0800000)]
  0x0000026dff0f9a30 JavaThread "Unconstrained build operations Thread 26" [_thread_blocked, id=21948, stack(0x000000bdb0800000,0x000000bdb0900000)]
  0x0000026dff0fdc00 JavaThread "Unconstrained build operations Thread 27" [_thread_blocked, id=21916, stack(0x000000bdb0900000,0x000000bdb0a00000)]
  0x0000026dff0fd6f0 JavaThread "Unconstrained build operations Thread 28" [_thread_blocked, id=27920, stack(0x000000bdb0a00000,0x000000bdb0b00000)]
  0x0000026dff0fe110 JavaThread "Unconstrained build operations Thread 29" [_thread_blocked, id=7872, stack(0x000000bdafa00000,0x000000bdafb00000)]
  0x0000026dff0fe620 JavaThread "Unconstrained build operations Thread 30" [_thread_blocked, id=9468, stack(0x000000bdb0b00000,0x000000bdb0c00000)]
  0x0000026dff0feb30 JavaThread "Unconstrained build operations Thread 31" [_thread_blocked, id=5692, stack(0x000000bdb0c00000,0x000000bdb0d00000)]
  0x0000026dff0ff040 JavaThread "Unconstrained build operations Thread 32" [_thread_blocked, id=16304, stack(0x000000bdb0d00000,0x000000bdb0e00000)]
  0x0000026dff0ff550 JavaThread "Unconstrained build operations Thread 33" [_thread_blocked, id=3148, stack(0x000000bdb0e00000,0x000000bdb0f00000)]
  0x0000026dff0ffa60 JavaThread "Unconstrained build operations Thread 34" [_thread_blocked, id=16412, stack(0x000000bdb0f00000,0x000000bdb1000000)]
  0x0000026df96f2ab0 JavaThread "Unconstrained build operations Thread 35" [_thread_blocked, id=27308, stack(0x000000bdb1000000,0x000000bdb1100000)]
  0x0000026df96f5330 JavaThread "Unconstrained build operations Thread 36" [_thread_blocked, id=8756, stack(0x000000bdb1100000,0x000000bdb1200000)]
  0x0000026df96f39e0 JavaThread "Unconstrained build operations Thread 37" [_thread_blocked, id=10452, stack(0x000000bdb1200000,0x000000bdb1300000)]
  0x0000026df96f2090 JavaThread "Unconstrained build operations Thread 38" [_thread_blocked, id=5316, stack(0x000000bdb1300000,0x000000bdb1400000)]
  0x0000026df96f2fc0 JavaThread "Unconstrained build operations Thread 39" [_thread_blocked, id=17696, stack(0x000000bdb1400000,0x000000bdb1500000)]
  0x0000026df96f34d0 JavaThread "Unconstrained build operations Thread 40" [_thread_blocked, id=23304, stack(0x000000bdb1500000,0x000000bdb1600000)]
  0x0000026df96f4e20 JavaThread "Unconstrained build operations Thread 41" [_thread_blocked, id=5964, stack(0x000000bdb1600000,0x000000bdb1700000)]
  0x0000026df96f5840 JavaThread "Unconstrained build operations Thread 42" [_thread_blocked, id=22316, stack(0x000000bdb1700000,0x000000bdb1800000)]
  0x0000026df96f5d50 JavaThread "Unconstrained build operations Thread 43" [_thread_blocked, id=24004, stack(0x000000bdb1800000,0x000000bdb1900000)]
  0x0000026df96f3ef0 JavaThread "Unconstrained build operations Thread 44" [_thread_blocked, id=13640, stack(0x000000bdb1900000,0x000000bdb1a00000)]
  0x0000026df96f4910 JavaThread "Unconstrained build operations Thread 45" [_thread_blocked, id=23224, stack(0x000000bdb1a00000,0x000000bdb1b00000)]
  0x0000026df96f4400 JavaThread "Unconstrained build operations Thread 46" [_thread_blocked, id=25328, stack(0x000000bdb1b00000,0x000000bdb1c00000)]
  0x0000026df96f25a0 JavaThread "Unconstrained build operations Thread 47" [_thread_blocked, id=27136, stack(0x000000bdb1c00000,0x000000bdb1d00000)]
  0x0000026df96f8ff0 JavaThread "Unconstrained build operations Thread 48" [_thread_blocked, id=17992, stack(0x000000bdb1d00000,0x000000bdb1e00000)]
  0x0000026df96f6260 JavaThread "Unconstrained build operations Thread 49" [_thread_blocked, id=14704, stack(0x000000bdb1e00000,0x000000bdb1f00000)]
  0x0000026df96f80c0 JavaThread "Unconstrained build operations Thread 50" [_thread_blocked, id=676, stack(0x000000bdb1f00000,0x000000bdb2000000)]
  0x0000026df96f76a0 JavaThread "Unconstrained build operations Thread 51" [_thread_blocked, id=3432, stack(0x000000bdb2000000,0x000000bdb2100000)]
  0x0000026df96f9500 JavaThread "Unconstrained build operations Thread 52" [_thread_blocked, id=27884, stack(0x000000bdb2100000,0x000000bdb2200000)]
  0x0000026df96f7bb0 JavaThread "Unconstrained build operations Thread 53" [_thread_blocked, id=332, stack(0x000000bdb2200000,0x000000bdb2300000)]
  0x0000026df96f6770 JavaThread "Unconstrained build operations Thread 54" [_thread_blocked, id=25732, stack(0x000000bdb2300000,0x000000bdb2400000)]
  0x0000026df96f9a10 JavaThread "Unconstrained build operations Thread 55" [_thread_blocked, id=21892, stack(0x000000bdb2400000,0x000000bdb2500000)]
  0x0000026df96f85d0 JavaThread "Unconstrained build operations Thread 56" [_thread_blocked, id=21288, stack(0x000000bdb2500000,0x000000bdb2600000)]
  0x0000026df96f8ae0 JavaThread "Unconstrained build operations Thread 57" [_thread_blocked, id=14148, stack(0x000000bdb2600000,0x000000bdb2700000)]
  0x0000026df96f6c80 JavaThread "Unconstrained build operations Thread 58" [_thread_blocked, id=24400, stack(0x000000bdb2700000,0x000000bdb2800000)]
  0x0000026df96f7190 JavaThread "Unconstrained build operations Thread 59" [_thread_blocked, id=5112, stack(0x000000bdb2800000,0x000000bdb2900000)]
  0x0000026df8de4c00 JavaThread "Unconstrained build operations Thread 60" [_thread_blocked, id=5080, stack(0x000000bdb2900000,0x000000bdb2a00000)]
  0x0000026df8de7ea0 JavaThread "Unconstrained build operations Thread 61" [_thread_blocked, id=8644, stack(0x000000bdb2a00000,0x000000bdb2b00000)]
  0x0000026df8de6550 JavaThread "Unconstrained build operations Thread 62" [_thread_blocked, id=19388, stack(0x000000bdb2b00000,0x000000bdb2c00000)]
  0x0000026df8de7480 JavaThread "Unconstrained build operations Thread 63" [_thread_blocked, id=25544, stack(0x000000bdb2c00000,0x000000bdb2d00000)]
  0x0000026df8de5110 JavaThread "Unconstrained build operations Thread 64" [_thread_blocked, id=24868, stack(0x000000bdb2d00000,0x000000bdb2e00000)]
  0x0000026df8de7990 JavaThread "Unconstrained build operations Thread 65" [_thread_blocked, id=23064, stack(0x000000bdb2e00000,0x000000bdb2f00000)]
  0x0000026df8de5620 JavaThread "Unconstrained build operations Thread 66" [_thread_blocked, id=15044, stack(0x000000bdb2f00000,0x000000bdb3000000)]
  0x0000026df8de5b30 JavaThread "Unconstrained build operations Thread 67" [_thread_blocked, id=27360, stack(0x000000bdb3000000,0x000000bdb3100000)]
  0x0000026df8de46f0 JavaThread "Unconstrained build operations Thread 68" [_thread_blocked, id=28264, stack(0x000000bdb3100000,0x000000bdb3200000)]
  0x0000026df8de97f0 JavaThread "Unconstrained build operations Thread 69" [_thread_blocked, id=21684, stack(0x000000bdb3200000,0x000000bdb3300000)]
  0x0000026df8de6f70 JavaThread "Unconstrained build operations Thread 70" [_thread_blocked, id=5400, stack(0x000000bdb3300000,0x000000bdb3400000)]
  0x0000026df8de83b0 JavaThread "Unconstrained build operations Thread 71" [_thread_blocked, id=9932, stack(0x000000bdb3400000,0x000000bdb3500000)]
  0x0000026df8de88c0 JavaThread "Unconstrained build operations Thread 72" [_thread_blocked, id=19332, stack(0x000000bdb3500000,0x000000bdb3600000)]
  0x0000026df8de8dd0 JavaThread "Unconstrained build operations Thread 73" [_thread_blocked, id=25496, stack(0x000000bdb3600000,0x000000bdb3700000)]
  0x0000026df8de6040 JavaThread "Unconstrained build operations Thread 74" [_thread_blocked, id=27780, stack(0x000000bdb3700000,0x000000bdb3800000)]
  0x0000026df8de92e0 JavaThread "Unconstrained build operations Thread 75" [_thread_blocked, id=24824, stack(0x000000bdb3800000,0x000000bdb3900000)]
  0x0000026df8de9d00 JavaThread "Unconstrained build operations Thread 76" [_thread_blocked, id=28436, stack(0x000000bdb3900000,0x000000bdb3a00000)]
  0x0000026df8dea210 JavaThread "Unconstrained build operations Thread 77" [_thread_blocked, id=14452, stack(0x000000bdb3a00000,0x000000bdb3b00000)]
  0x0000026df8de6a60 JavaThread "Unconstrained build operations Thread 78" [_thread_blocked, id=21520, stack(0x000000bdb3b00000,0x000000bdb3c00000)]
  0x0000026df8deb650 JavaThread "Unconstrained build operations Thread 79" [_thread_blocked, id=6260, stack(0x000000bdb3c00000,0x000000bdb3d00000)]
  0x0000026df8dea720 JavaThread "Unconstrained build operations Thread 80" [_thread_blocked, id=24356, stack(0x000000bdb3d00000,0x000000bdb3e00000)]
  0x0000026df8deb140 JavaThread "WorkerExecutor Queue" [_thread_in_native, id=13596, stack(0x000000bdb4000000,0x000000bdb4100000)]
  0x0000026df8dec070 JavaThread "RMI Scheduler(0)" daemon [_thread_blocked, id=23768, stack(0x000000bdb4100000,0x000000bdb4200000)]
  0x0000026df68fbae0 JavaThread "RMI RenewClean-[127.0.0.1:17914,org.jetbrains.kotlin.daemon.common.LoopbackNetworkInterface$ClientLoopbackSocketFactory@4aba0269]" daemon [_thread_blocked, id=23428, stack(0x000000bdb4200000,0x000000bdb4300000)]
  0x0000026df4dca1c0 JavaThread "RMI GC Daemon" daemon [_thread_blocked, id=8076, stack(0x000000bdb4300000,0x000000bdb4400000)]
  0x0000026df4dca6d0 JavaThread "RMI TCP Accept-0" daemon [_thread_in_native, id=13196, stack(0x000000bdb4400000,0x000000bdb4500000)]
  0x0000026df4dcb0f0 JavaThread "RMI Reaper" [_thread_blocked, id=18068, stack(0x000000bdb4500000,0x000000bdb4600000)]
  0x0000026df4dcbb10 JavaThread "RMI TCP Connection(1)-127.0.0.1" daemon [_thread_in_native, id=22232, stack(0x000000bdb4600000,0x000000bdb4700000)]
  0x0000026dff8ce7e0 JavaThread "C2 CompilerThread1" daemon [_thread_blocked, id=800, stack(0x000000bdaf800000,0x000000bdaf900000)]

Other Threads:
=>0x0000026dedf97ff0 VMThread "VM Thread" [stack: 0x000000bdab600000,0x000000bdab700000] [id=20720]
  0x0000026dcfabd620 WatcherThread [stack: 0x000000bdac200000,0x000000bdac300000] [id=26756]
  0x0000026dcfb1a740 GCTaskThread "GC Thread#0" [stack: 0x000000bdab100000,0x000000bdab200000] [id=11232]
  0x0000026dee33b0e0 GCTaskThread "GC Thread#1" [stack: 0x000000bdac500000,0x000000bdac600000] [id=27532]
  0x0000026dee6df000 GCTaskThread "GC Thread#2" [stack: 0x000000bdac600000,0x000000bdac700000] [id=26632]
  0x0000026df3546690 GCTaskThread "GC Thread#3" [stack: 0x000000bdac400000,0x000000bdac500000] [id=26636]
  0x0000026df35452e0 GCTaskThread "GC Thread#4" [stack: 0x000000bdac700000,0x000000bdac800000] [id=28508]
  0x0000026df3545010 GCTaskThread "GC Thread#5" [stack: 0x000000bdad400000,0x000000bdad500000] [id=28596]
  0x0000026df3544d40 GCTaskThread "GC Thread#6" [stack: 0x000000bdad500000,0x000000bdad600000] [id=21232]
  0x0000026df3545880 GCTaskThread "GC Thread#7" [stack: 0x000000bdad600000,0x000000bdad700000] [id=27424]
  0x0000026dcfb2b5b0 ConcurrentGCThread "G1 Main Marker" [stack: 0x000000bdab200000,0x000000bdab300000] [id=2548]
  0x0000026dcfb2dbc0 ConcurrentGCThread "G1 Conc#0" [stack: 0x000000bdab300000,0x000000bdab400000] [id=5536]
  0x0000026df6e3cf70 ConcurrentGCThread "G1 Conc#1" [stack: 0x000000bdada00000,0x000000bdadb00000] [id=14972]
  0x0000026dcfb6e140 ConcurrentGCThread "G1 Refine#0" [stack: 0x000000bdab400000,0x000000bdab500000] [id=14084]
  0x0000026df75ebbe0 ConcurrentGCThread "G1 Refine#1" [stack: 0x000000bdb4700000,0x000000bdb4800000] [id=22000]
  0x0000026df5dbd590 ConcurrentGCThread "G1 Refine#2" [stack: 0x000000bdb4800000,0x000000bdb4900000] [id=20008]
  0x0000026df8aec100 ConcurrentGCThread "G1 Refine#3" [stack: 0x000000bdb4900000,0x000000bdb4a00000] [id=28452]
  0x0000026df75eebe0 ConcurrentGCThread "G1 Refine#4" [stack: 0x000000bdb4a00000,0x000000bdb4b00000] [id=25976]
  0x0000026dcfb6e830 ConcurrentGCThread "G1 Service" [stack: 0x000000bdab500000,0x000000bdab600000] [id=20908]

Threads with active compile tasks:
C2 CompilerThread0  44811 15595       4       com.android.tools.r8.internal.vd::a (4363 bytes)
C2 CompilerThread1  44811 15665       4       com.android.tools.r8.internal.wX$$Lambda$3044/0x0000026d81fdb6b0::accept (24 bytes)

VM state: at safepoint (normal execution)

VM Mutex/Monitor currently owned by a thread:  ([mutex/lock_event])
[0x0000026dcd6901f0] Threads_lock - owner thread: 0x0000026dedf97ff0
[0x0000026dcfaa9d80] Heap_lock - owner thread: 0x0000026dff0ffa60

Heap address: 0x0000000080000000, size: 2048 MB, Compressed Oops mode: 32-bit

CDS archive(s) mapped at: [0x0000026d80000000-0x0000026d80bb0000-0x0000026d80bb0000), size 12255232, SharedBaseAddress: 0x0000026d80000000, ArchiveRelocationMode: 1.
Compressed class space mapped at: 0x0000026d81000000-0x0000026dc1000000, reserved size: 1073741824
Narrow klass base: 0x0000026d80000000, Narrow klass shift: 0, Narrow klass range: 0x100000000

GC Precious Log:
 CPUs: 8 total, 8 available
 Memory: 7502M
 Large Page Support: Disabled
 NUMA Support: Disabled
 Compressed Oops: Enabled (32-bit)
 Heap Region Size: 1M
 Heap Min Capacity: 8M
 Heap Initial Capacity: 118M
 Heap Max Capacity: 2G
 Pre-touch: Disabled
 Parallel Workers: 8
 Concurrent Workers: 2
 Concurrent Refinement Workers: 8
 Periodic GC: Disabled

Heap:
 garbage-first heap   total 533504K, used 378667K [0x0000000080000000, 0x0000000100000000)
  region size 1024K, 11 young (11264K), 11 survivors (11264K)
 Metaspace       used 111838K, committed 112768K, reserved 1179648K
  class space    used 15844K, committed 16320K, reserved 1048576K

Heap Regions: E=young(eden), S=young(survivor), O=old, HS=humongous(starts), HC=humongous(continues), CS=collection set, F=free, OA=open archive, CA=closed archive, TAMS=top-at-mark-start (previous, next)
|   0|0x0000000080000000, 0x0000000080100000, 0x0000000080100000|100%|HS|  |TAMS 0x0000000080100000, 0x0000000080000000| Complete 
|   1|0x0000000080100000, 0x0000000080200000, 0x0000000080200000|100%|HC|  |TAMS 0x0000000080200000, 0x0000000080100000| Complete 
|   2|0x0000000080200000, 0x0000000080300000, 0x0000000080300000|100%|HC|  |TAMS 0x0000000080300000, 0x0000000080200000| Complete 
|   3|0x0000000080300000, 0x0000000080400000, 0x0000000080400000|100%| O|  |TAMS 0x0000000080400000, 0x0000000080300000| Untracked 
|   4|0x0000000080400000, 0x0000000080500000, 0x0000000080500000|100%| O|  |TAMS 0x0000000080500000, 0x0000000080400000| Untracked 
|   5|0x0000000080500000, 0x0000000080600000, 0x0000000080600000|100%| O|  |TAMS 0x0000000080600000, 0x0000000080500000| Untracked 
|   6|0x0000000080600000, 0x0000000080700000, 0x0000000080700000|100%|HS|  |TAMS 0x0000000080700000, 0x0000000080600000| Complete 
|   7|0x0000000080700000, 0x0000000080800000, 0x0000000080800000|100%| O|  |TAMS 0x0000000080800000, 0x0000000080700000| Untracked 
|   8|0x0000000080800000, 0x0000000080900000, 0x0000000080900000|100%| O|  |TAMS 0x0000000080900000, 0x0000000080800000| Untracked 
|   9|0x0000000080900000, 0x0000000080a00000, 0x0000000080a00000|100%| O|  |TAMS 0x0000000080a00000, 0x0000000080900000| Untracked 
|  10|0x0000000080a00000, 0x0000000080b00000, 0x0000000080b00000|100%| O|  |TAMS 0x0000000080b00000, 0x0000000080a00000| Untracked 
|  11|0x0000000080b00000, 0x0000000080c00000, 0x0000000080c00000|100%| O|  |TAMS 0x0000000080c00000, 0x0000000080b00000| Untracked 
|  12|0x0000000080c00000, 0x0000000080d00000, 0x0000000080d00000|100%| O|  |TAMS 0x0000000080d00000, 0x0000000080c00000| Untracked 
|  13|0x0000000080d00000, 0x0000000080e00000, 0x0000000080e00000|100%| O|  |TAMS 0x0000000080e00000, 0x0000000080d00000| Untracked 
|  14|0x0000000080e00000, 0x0000000080f00000, 0x0000000080f00000|100%| O|  |TAMS 0x0000000080f00000, 0x0000000080e00000| Untracked 
|  15|0x0000000080f00000, 0x0000000081000000, 0x0000000081000000|100%| O|  |TAMS 0x0000000081000000, 0x0000000080f00000| Untracked 
|  16|0x0000000081000000, 0x0000000081100000, 0x0000000081100000|100%| O|  |TAMS 0x0000000081100000, 0x0000000081000000| Untracked 
|  17|0x0000000081100000, 0x0000000081200000, 0x0000000081200000|100%| O|  |TAMS 0x0000000081200000, 0x0000000081100000| Untracked 
|  18|0x0000000081200000, 0x0000000081300000, 0x0000000081300000|100%| O|  |TAMS 0x0000000081300000, 0x0000000081200000| Untracked 
|  19|0x0000000081300000, 0x0000000081400000, 0x0000000081400000|100%| O|  |TAMS 0x0000000081400000, 0x0000000081300000| Untracked 
|  20|0x0000000081400000, 0x00000000814cac00, 0x0000000081500000| 79%| O|  |TAMS 0x00000000814cac00, 0x0000000081400000| Untracked 
|  21|0x0000000081500000, 0x0000000081600000, 0x0000000081600000|100%| O|  |TAMS 0x0000000081600000, 0x0000000081500000| Untracked 
|  22|0x0000000081600000, 0x0000000081700000, 0x0000000081700000|100%| O|  |TAMS 0x0000000081700000, 0x0000000081600000| Untracked 
|  23|0x0000000081700000, 0x0000000081800000, 0x0000000081800000|100%| O|  |TAMS 0x0000000081800000, 0x0000000081700000| Untracked 
|  24|0x0000000081800000, 0x0000000081900000, 0x0000000081900000|100%| O|  |TAMS 0x0000000081900000, 0x0000000081800000| Untracked 
|  25|0x0000000081900000, 0x0000000081a00000, 0x0000000081a00000|100%| O|  |TAMS 0x0000000081a00000, 0x0000000081900000| Untracked 
|  26|0x0000000081a00000, 0x0000000081b00000, 0x0000000081b00000|100%| O|  |TAMS 0x0000000081b00000, 0x0000000081a00000| Untracked 
|  27|0x0000000081b00000, 0x0000000081c00000, 0x0000000081c00000|100%| O|  |TAMS 0x0000000081c00000, 0x0000000081b00000| Untracked 
|  28|0x0000000081c00000, 0x0000000081d00000, 0x0000000081d00000|100%| O|  |TAMS 0x0000000081d00000, 0x0000000081c00000| Untracked 
|  29|0x0000000081d00000, 0x0000000081e00000, 0x0000000081e00000|100%| O|  |TAMS 0x0000000081e00000, 0x0000000081d00000| Untracked 
|  30|0x0000000081e00000, 0x0000000081f00000, 0x0000000081f00000|100%| O|  |TAMS 0x0000000081f00000, 0x0000000081e00000| Untracked 
|  31|0x0000000081f00000, 0x0000000082000000, 0x0000000082000000|100%| O|  |TAMS 0x0000000082000000, 0x0000000081f00000| Untracked 
|  32|0x0000000082000000, 0x0000000082100000, 0x0000000082100000|100%| O|  |TAMS 0x0000000082100000, 0x0000000082000000| Untracked 
|  33|0x0000000082100000, 0x0000000082200000, 0x0000000082200000|100%| O|  |TAMS 0x0000000082200000, 0x0000000082100000| Untracked 
|  34|0x0000000082200000, 0x0000000082300000, 0x0000000082300000|100%| O|  |TAMS 0x0000000082300000, 0x0000000082200000| Untracked 
|  35|0x0000000082300000, 0x0000000082400000, 0x0000000082400000|100%| O|  |TAMS 0x0000000082400000, 0x0000000082300000| Untracked 
|  36|0x0000000082400000, 0x0000000082500000, 0x0000000082500000|100%| O|  |TAMS 0x0000000082500000, 0x0000000082400000| Untracked 
|  37|0x0000000082500000, 0x0000000082600000, 0x0000000082600000|100%| O|  |TAMS 0x0000000082600000, 0x0000000082500000| Untracked 
|  38|0x0000000082600000, 0x0000000082700000, 0x0000000082700000|100%| O|  |TAMS 0x0000000082700000, 0x0000000082600000| Untracked 
|  39|0x0000000082700000, 0x0000000082800000, 0x0000000082800000|100%| O|  |TAMS 0x0000000082800000, 0x0000000082700000| Untracked 
|  40|0x0000000082800000, 0x0000000082900000, 0x0000000082900000|100%| O|  |TAMS 0x0000000082900000, 0x0000000082800000| Untracked 
|  41|0x0000000082900000, 0x0000000082a00000, 0x0000000082a00000|100%| O|  |TAMS 0x0000000082a00000, 0x0000000082900000| Untracked 
|  42|0x0000000082a00000, 0x0000000082b00000, 0x0000000082b00000|100%| O|  |TAMS 0x0000000082b00000, 0x0000000082a00000| Untracked 
|  43|0x0000000082b00000, 0x0000000082c00000, 0x0000000082c00000|100%| O|  |TAMS 0x0000000082b00000, 0x0000000082b00000| Untracked 
|  44|0x0000000082c00000, 0x0000000082d00000, 0x0000000082d00000|100%|HS|  |TAMS 0x0000000082d00000, 0x0000000082c00000| Complete 
|  45|0x0000000082d00000, 0x0000000082e00000, 0x0000000082e00000|100%| O|  |TAMS 0x0000000082d00000, 0x0000000082d00000| Untracked 
|  46|0x0000000082e00000, 0x0000000082f00000, 0x0000000082f00000|100%| O|  |TAMS 0x0000000082f00000, 0x0000000082e00000| Untracked 
|  47|0x0000000082f00000, 0x0000000083000000, 0x0000000083000000|100%|HS|  |TAMS 0x0000000083000000, 0x0000000082f00000| Complete 
|  48|0x0000000083000000, 0x0000000083100000, 0x0000000083100000|100%|HS|  |TAMS 0x0000000083100000, 0x0000000083000000| Complete 
|  49|0x0000000083100000, 0x0000000083200000, 0x0000000083200000|100%|HC|  |TAMS 0x0000000083200000, 0x0000000083100000| Complete 
|  50|0x0000000083200000, 0x0000000083300000, 0x0000000083300000|100%|HS|  |TAMS 0x0000000083300000, 0x0000000083200000| Complete 
|  51|0x0000000083300000, 0x0000000083400000, 0x0000000083400000|100%|HC|  |TAMS 0x0000000083400000, 0x0000000083300000| Complete 
|  52|0x0000000083400000, 0x0000000083500000, 0x0000000083500000|100%|HS|  |TAMS 0x0000000083500000, 0x0000000083400000| Complete 
|  53|0x0000000083500000, 0x0000000083600000, 0x0000000083600000|100%|HS|  |TAMS 0x0000000083600000, 0x0000000083500000| Complete 
|  54|0x0000000083600000, 0x0000000083700000, 0x0000000083700000|100%|HC|  |TAMS 0x0000000083700000, 0x0000000083600000| Complete 
|  55|0x0000000083700000, 0x0000000083800000, 0x0000000083800000|100%|HC|  |TAMS 0x0000000083800000, 0x0000000083700000| Complete 
|  56|0x0000000083800000, 0x0000000083900000, 0x0000000083900000|100%|HS|  |TAMS 0x0000000083900000, 0x0000000083800000| Complete 
|  57|0x0000000083900000, 0x0000000083a00000, 0x0000000083a00000|100%| O|  |TAMS 0x0000000083a00000, 0x0000000083900000| Untracked 
|  58|0x0000000083a00000, 0x0000000083b00000, 0x0000000083b00000|100%|HS|  |TAMS 0x0000000083b00000, 0x0000000083a00000| Complete 
|  59|0x0000000083b00000, 0x0000000083c00000, 0x0000000083c00000|100%|HS|  |TAMS 0x0000000083c00000, 0x0000000083b00000| Complete 
|  60|0x0000000083c00000, 0x0000000083d00000, 0x0000000083d00000|100%| O|  |TAMS 0x0000000083d00000, 0x0000000083c00000| Untracked 
|  61|0x0000000083d00000, 0x0000000083e00000, 0x0000000083e00000|100%| O|  |TAMS 0x0000000083e00000, 0x0000000083d00000| Untracked 
|  62|0x0000000083e00000, 0x0000000083f00000, 0x0000000083f00000|100%| O|  |TAMS 0x0000000083f00000, 0x0000000083e00000| Untracked 
|  63|0x0000000083f00000, 0x0000000084000000, 0x0000000084000000|100%|HS|  |TAMS 0x0000000084000000, 0x0000000083f00000| Complete 
|  64|0x0000000084000000, 0x0000000084100000, 0x0000000084100000|100%| O|  |TAMS 0x0000000084100000, 0x0000000084000000| Untracked 
|  65|0x0000000084100000, 0x0000000084200000, 0x0000000084200000|100%| O|  |TAMS 0x0000000084200000, 0x0000000084100000| Untracked 
|  66|0x0000000084200000, 0x0000000084300000, 0x0000000084300000|100%| O|  |TAMS 0x0000000084300000, 0x0000000084200000| Untracked 
|  67|0x0000000084300000, 0x0000000084400000, 0x0000000084400000|100%| O|  |TAMS 0x0000000084300000, 0x0000000084300000| Untracked 
|  68|0x0000000084400000, 0x0000000084500000, 0x0000000084500000|100%| O|  |TAMS 0x0000000084500000, 0x0000000084400000| Untracked 
|  69|0x0000000084500000, 0x0000000084600000, 0x0000000084600000|100%| O|  |TAMS 0x0000000084600000, 0x0000000084500000| Untracked 
|  70|0x0000000084600000, 0x0000000084700000, 0x0000000084700000|100%|HS|  |TAMS 0x0000000084700000, 0x0000000084600000| Complete 
|  71|0x0000000084700000, 0x0000000084800000, 0x0000000084800000|100%|HC|  |TAMS 0x0000000084800000, 0x0000000084700000| Complete 
|  72|0x0000000084800000, 0x0000000084900000, 0x0000000084900000|100%|HC|  |TAMS 0x0000000084900000, 0x0000000084800000| Complete 
|  73|0x0000000084900000, 0x0000000084a00000, 0x0000000084a00000|100%| O|  |TAMS 0x0000000084a00000, 0x0000000084900000| Untracked 
|  74|0x0000000084a00000, 0x0000000084b00000, 0x0000000084b00000|100%| O|  |TAMS 0x0000000084b00000, 0x0000000084a00000| Untracked 
|  75|0x0000000084b00000, 0x0000000084c00000, 0x0000000084c00000|100%| O|  |TAMS 0x0000000084c00000, 0x0000000084b00000| Untracked 
|  76|0x0000000084c00000, 0x0000000084d00000, 0x0000000084d00000|100%| O|  |TAMS 0x0000000084d00000, 0x0000000084c00000| Untracked 
|  77|0x0000000084d00000, 0x0000000084e00000, 0x0000000084e00000|100%| O|  |TAMS 0x0000000084e00000, 0x0000000084d00000| Untracked 
|  78|0x0000000084e00000, 0x0000000084f00000, 0x0000000084f00000|100%| O|  |TAMS 0x0000000084f00000, 0x0000000084e00000| Untracked 
|  79|0x0000000084f00000, 0x0000000085000000, 0x0000000085000000|100%| O|  |TAMS 0x0000000085000000, 0x0000000084f00000| Untracked 
|  80|0x0000000085000000, 0x0000000085100000, 0x0000000085100000|100%| O|  |TAMS 0x0000000085100000, 0x0000000085000000| Untracked 
|  81|0x0000000085100000, 0x0000000085200000, 0x0000000085200000|100%| O|  |TAMS 0x0000000085100000, 0x0000000085100000| Untracked 
|  82|0x0000000085200000, 0x0000000085300000, 0x0000000085300000|100%| O|  |TAMS 0x0000000085300000, 0x0000000085200000| Untracked 
|  83|0x0000000085300000, 0x0000000085400000, 0x0000000085400000|100%| O|  |TAMS 0x0000000085400000, 0x0000000085300000| Untracked 
|  84|0x0000000085400000, 0x0000000085500000, 0x0000000085500000|100%| O|  |TAMS 0x0000000085500000, 0x0000000085400000| Untracked 
|  85|0x0000000085500000, 0x0000000085600000, 0x0000000085600000|100%| O|  |TAMS 0x0000000085600000, 0x0000000085500000| Untracked 
|  86|0x0000000085600000, 0x0000000085700000, 0x0000000085700000|100%| O|  |TAMS 0x0000000085700000, 0x0000000085600000| Untracked 
|  87|0x0000000085700000, 0x0000000085800000, 0x0000000085800000|100%| O|  |TAMS 0x0000000085800000, 0x0000000085700000| Untracked 
|  88|0x0000000085800000, 0x0000000085900000, 0x0000000085900000|100%| O|  |TAMS 0x0000000085900000, 0x0000000085800000| Untracked 
|  89|0x0000000085900000, 0x0000000085a00000, 0x0000000085a00000|100%| O|  |TAMS 0x0000000085a00000, 0x0000000085900000| Untracked 
|  90|0x0000000085a00000, 0x0000000085b00000, 0x0000000085b00000|100%| O|  |TAMS 0x0000000085b00000, 0x0000000085a00000| Untracked 
|  91|0x0000000085b00000, 0x0000000085c00000, 0x0000000085c00000|100%| O|  |TAMS 0x0000000085bbbc00, 0x0000000085b00000| Untracked 
|  92|0x0000000085c00000, 0x0000000085d00000, 0x0000000085d00000|100%| O|  |TAMS 0x0000000085c00000, 0x0000000085c00000| Untracked 
|  93|0x0000000085d00000, 0x0000000085e00000, 0x0000000085e00000|100%| O|  |TAMS 0x0000000085d00000, 0x0000000085d00000| Untracked 
|  94|0x0000000085e00000, 0x0000000085f00000, 0x0000000085f00000|100%| O|  |TAMS 0x0000000085e00000, 0x0000000085e00000| Untracked 
|  95|0x0000000085f00000, 0x0000000086000000, 0x0000000086000000|100%| O|  |TAMS 0x0000000085f00000, 0x0000000085f00000| Untracked 
|  96|0x0000000086000000, 0x0000000086100000, 0x0000000086100000|100%| O|  |TAMS 0x0000000086000000, 0x0000000086000000| Untracked 
|  97|0x0000000086100000, 0x0000000086200000, 0x0000000086200000|100%| O|  |TAMS 0x0000000086100000, 0x0000000086100000| Untracked 
|  98|0x0000000086200000, 0x0000000086300000, 0x0000000086300000|100%| O|  |TAMS 0x0000000086200000, 0x0000000086200000| Untracked 
|  99|0x0000000086300000, 0x0000000086400000, 0x0000000086400000|100%| O|  |TAMS 0x0000000086300000, 0x0000000086300000| Untracked 
| 100|0x0000000086400000, 0x0000000086500000, 0x0000000086500000|100%| O|  |TAMS 0x0000000086400000, 0x0000000086400000| Untracked 
| 101|0x0000000086500000, 0x0000000086600000, 0x0000000086600000|100%| O|  |TAMS 0x0000000086500000, 0x0000000086500000| Untracked 
| 102|0x0000000086600000, 0x0000000086700000, 0x0000000086700000|100%| O|  |TAMS 0x0000000086600000, 0x0000000086600000| Untracked 
| 103|0x0000000086700000, 0x0000000086800000, 0x0000000086800000|100%| O|  |TAMS 0x0000000086700000, 0x0000000086700000| Untracked 
| 104|0x0000000086800000, 0x0000000086900000, 0x0000000086900000|100%| O|  |TAMS 0x0000000086800000, 0x0000000086800000| Untracked 
| 105|0x0000000086900000, 0x0000000086a00000, 0x0000000086a00000|100%| O|  |TAMS 0x0000000086900000, 0x0000000086900000| Untracked 
| 106|0x0000000086a00000, 0x0000000086b00000, 0x0000000086b00000|100%| O|  |TAMS 0x0000000086a00000, 0x0000000086a00000| Untracked 
| 107|0x0000000086b00000, 0x0000000086c00000, 0x0000000086c00000|100%| O|  |TAMS 0x0000000086b00000, 0x0000000086b00000| Untracked 
| 108|0x0000000086c00000, 0x0000000086d00000, 0x0000000086d00000|100%| O|  |TAMS 0x0000000086c00000, 0x0000000086c00000| Untracked 
| 109|0x0000000086d00000, 0x0000000086e00000, 0x0000000086e00000|100%| O|  |TAMS 0x0000000086d00000, 0x0000000086d00000| Untracked 
| 110|0x0000000086e00000, 0x0000000086f00000, 0x0000000086f00000|100%| O|  |TAMS 0x0000000086e00000, 0x0000000086e00000| Untracked 
| 111|0x0000000086f00000, 0x0000000087000000, 0x0000000087000000|100%| O|  |TAMS 0x0000000086f00000, 0x0000000086f00000| Untracked 
| 112|0x0000000087000000, 0x0000000087100000, 0x0000000087100000|100%| O|  |TAMS 0x0000000087000000, 0x0000000087000000| Untracked 
| 113|0x0000000087100000, 0x0000000087200000, 0x0000000087200000|100%| O|  |TAMS 0x0000000087100000, 0x0000000087100000| Untracked 
| 114|0x0000000087200000, 0x0000000087300000, 0x0000000087300000|100%| O|  |TAMS 0x0000000087200000, 0x0000000087200000| Untracked 
| 115|0x0000000087300000, 0x0000000087400000, 0x0000000087400000|100%| O|  |TAMS 0x0000000087300000, 0x0000000087300000| Untracked 
| 116|0x0000000087400000, 0x0000000087500000, 0x0000000087500000|100%| O|  |TAMS 0x0000000087400000, 0x0000000087400000| Untracked 
| 117|0x0000000087500000, 0x0000000087600000, 0x0000000087600000|100%| O|  |TAMS 0x0000000087500000, 0x0000000087500000| Untracked 
| 118|0x0000000087600000, 0x0000000087700000, 0x0000000087700000|100%| O|  |TAMS 0x0000000087600000, 0x0000000087600000| Untracked 
| 119|0x0000000087700000, 0x0000000087800000, 0x0000000087800000|100%| O|  |TAMS 0x0000000087700000, 0x0000000087700000| Untracked 
| 120|0x0000000087800000, 0x0000000087900000, 0x0000000087900000|100%| O|  |TAMS 0x0000000087800000, 0x0000000087800000| Untracked 
| 121|0x0000000087900000, 0x0000000087a00000, 0x0000000087a00000|100%|HS|  |TAMS 0x0000000087900000, 0x0000000087900000| Complete 
| 122|0x0000000087a00000, 0x0000000087b00000, 0x0000000087b00000|100%|HC|  |TAMS 0x0000000087a00000, 0x0000000087a00000| Complete 
| 123|0x0000000087b00000, 0x0000000087c00000, 0x0000000087c00000|100%|HS|  |TAMS 0x0000000087b00000, 0x0000000087b00000| Complete 
| 124|0x0000000087c00000, 0x0000000087d00000, 0x0000000087d00000|100%|HC|  |TAMS 0x0000000087c00000, 0x0000000087c00000| Complete 
| 125|0x0000000087d00000, 0x0000000087e00000, 0x0000000087e00000|100%| O|  |TAMS 0x0000000087d00000, 0x0000000087d00000| Untracked 
| 126|0x0000000087e00000, 0x0000000087f00000, 0x0000000087f00000|100%| O|  |TAMS 0x0000000087e00000, 0x0000000087e00000| Untracked 
| 127|0x0000000087f00000, 0x0000000088000000, 0x0000000088000000|100%| O|  |TAMS 0x0000000087f00000, 0x0000000087f00000| Untracked 
| 128|0x0000000088000000, 0x0000000088100000, 0x0000000088100000|100%| O|  |TAMS 0x0000000088000000, 0x0000000088000000| Untracked 
| 129|0x0000000088100000, 0x0000000088200000, 0x0000000088200000|100%| O|  |TAMS 0x0000000088100000, 0x0000000088100000| Untracked 
| 130|0x0000000088200000, 0x0000000088300000, 0x0000000088300000|100%| O|  |TAMS 0x0000000088200000, 0x0000000088200000| Untracked 
| 131|0x0000000088300000, 0x0000000088400000, 0x0000000088400000|100%| O|  |TAMS 0x0000000088300000, 0x0000000088300000| Untracked 
| 132|0x0000000088400000, 0x0000000088500000, 0x0000000088500000|100%| O|  |TAMS 0x0000000088400000, 0x0000000088400000| Untracked 
| 133|0x0000000088500000, 0x0000000088600000, 0x0000000088600000|100%| O|  |TAMS 0x0000000088500000, 0x0000000088500000| Untracked 
| 134|0x0000000088600000, 0x0000000088700000, 0x0000000088700000|100%| O|  |TAMS 0x0000000088600000, 0x0000000088600000| Untracked 
| 135|0x0000000088700000, 0x0000000088800000, 0x0000000088800000|100%| O|  |TAMS 0x0000000088700000, 0x0000000088700000| Untracked 
| 136|0x0000000088800000, 0x0000000088900000, 0x0000000088900000|100%| O|  |TAMS 0x0000000088800000, 0x0000000088800000| Untracked 
| 137|0x0000000088900000, 0x0000000088a00000, 0x0000000088a00000|100%| O|  |TAMS 0x0000000088900000, 0x0000000088900000| Untracked 
| 138|0x0000000088a00000, 0x0000000088b00000, 0x0000000088b00000|100%| O|  |TAMS 0x0000000088a00000, 0x0000000088a00000| Untracked 
| 139|0x0000000088b00000, 0x0000000088c00000, 0x0000000088c00000|100%| O|  |TAMS 0x0000000088b00000, 0x0000000088b00000| Untracked 
| 140|0x0000000088c00000, 0x0000000088d00000, 0x0000000088d00000|100%| O|  |TAMS 0x0000000088c00000, 0x0000000088c00000| Untracked 
| 141|0x0000000088d00000, 0x0000000088e00000, 0x0000000088e00000|100%| O|  |TAMS 0x0000000088d00000, 0x0000000088d00000| Untracked 
| 142|0x0000000088e00000, 0x0000000088f00000, 0x0000000088f00000|100%| O|  |TAMS 0x0000000088e00000, 0x0000000088e00000| Untracked 
| 143|0x0000000088f00000, 0x0000000089000000, 0x0000000089000000|100%| O|  |TAMS 0x0000000088f00000, 0x0000000088f00000| Untracked 
| 144|0x0000000089000000, 0x0000000089100000, 0x0000000089100000|100%| O|  |TAMS 0x0000000089000000, 0x0000000089000000| Untracked 
| 145|0x0000000089100000, 0x0000000089200000, 0x0000000089200000|100%| O|  |TAMS 0x0000000089100000, 0x0000000089100000| Untracked 
| 146|0x0000000089200000, 0x0000000089300000, 0x0000000089300000|100%| O|  |TAMS 0x0000000089200000, 0x0000000089200000| Untracked 
| 147|0x0000000089300000, 0x0000000089400000, 0x0000000089400000|100%| O|  |TAMS 0x0000000089300000, 0x0000000089300000| Untracked 
| 148|0x0000000089400000, 0x0000000089500000, 0x0000000089500000|100%| O|  |TAMS 0x0000000089400000, 0x0000000089400000| Untracked 
| 149|0x0000000089500000, 0x0000000089600000, 0x0000000089600000|100%| O|  |TAMS 0x0000000089500000, 0x0000000089500000| Untracked 
| 150|0x0000000089600000, 0x0000000089700000, 0x0000000089700000|100%| O|  |TAMS 0x0000000089600000, 0x0000000089600000| Untracked 
| 151|0x0000000089700000, 0x0000000089800000, 0x0000000089800000|100%| O|  |TAMS 0x0000000089700000, 0x0000000089700000| Untracked 
| 152|0x0000000089800000, 0x0000000089900000, 0x0000000089900000|100%| O|  |TAMS 0x0000000089800000, 0x0000000089800000| Untracked 
| 153|0x0000000089900000, 0x0000000089a00000, 0x0000000089a00000|100%| O|  |TAMS 0x0000000089900000, 0x0000000089900000| Untracked 
| 154|0x0000000089a00000, 0x0000000089b00000, 0x0000000089b00000|100%| O|  |TAMS 0x0000000089a00000, 0x0000000089a00000| Untracked 
| 155|0x0000000089b00000, 0x0000000089c00000, 0x0000000089c00000|100%| O|  |TAMS 0x0000000089b00000, 0x0000000089b00000| Untracked 
| 156|0x0000000089c00000, 0x0000000089d00000, 0x0000000089d00000|100%| O|  |TAMS 0x0000000089c00000, 0x0000000089c00000| Untracked 
| 157|0x0000000089d00000, 0x0000000089e00000, 0x0000000089e00000|100%| O|  |TAMS 0x0000000089d00000, 0x0000000089d00000| Untracked 
| 158|0x0000000089e00000, 0x0000000089f00000, 0x0000000089f00000|100%| O|  |TAMS 0x0000000089e00000, 0x0000000089e00000| Untracked 
| 159|0x0000000089f00000, 0x000000008a000000, 0x000000008a000000|100%| O|  |TAMS 0x0000000089f00000, 0x0000000089f00000| Untracked 
| 160|0x000000008a000000, 0x000000008a100000, 0x000000008a100000|100%| O|  |TAMS 0x000000008a000000, 0x000000008a000000| Untracked 
| 161|0x000000008a100000, 0x000000008a200000, 0x000000008a200000|100%| O|  |TAMS 0x000000008a100000, 0x000000008a100000| Untracked 
| 162|0x000000008a200000, 0x000000008a300000, 0x000000008a300000|100%| O|  |TAMS 0x000000008a200000, 0x000000008a200000| Untracked 
| 163|0x000000008a300000, 0x000000008a400000, 0x000000008a400000|100%| O|  |TAMS 0x000000008a300000, 0x000000008a300000| Untracked 
| 164|0x000000008a400000, 0x000000008a500000, 0x000000008a500000|100%| O|  |TAMS 0x000000008a400000, 0x000000008a400000| Untracked 
| 165|0x000000008a500000, 0x000000008a600000, 0x000000008a600000|100%| O|  |TAMS 0x000000008a500000, 0x000000008a500000| Untracked 
| 166|0x000000008a600000, 0x000000008a700000, 0x000000008a700000|100%| O|  |TAMS 0x000000008a600000, 0x000000008a600000| Untracked 
| 167|0x000000008a700000, 0x000000008a800000, 0x000000008a800000|100%| O|  |TAMS 0x000000008a700000, 0x000000008a700000| Untracked 
| 168|0x000000008a800000, 0x000000008a900000, 0x000000008a900000|100%| O|  |TAMS 0x000000008a800000, 0x000000008a800000| Untracked 
| 169|0x000000008a900000, 0x000000008aa00000, 0x000000008aa00000|100%| O|  |TAMS 0x000000008a900000, 0x000000008a900000| Untracked 
| 170|0x000000008aa00000, 0x000000008ab00000, 0x000000008ab00000|100%| O|  |TAMS 0x000000008aa00000, 0x000000008aa00000| Untracked 
| 171|0x000000008ab00000, 0x000000008ac00000, 0x000000008ac00000|100%| O|  |TAMS 0x000000008ab00000, 0x000000008ab00000| Untracked 
| 172|0x000000008ac00000, 0x000000008ad00000, 0x000000008ad00000|100%| O|  |TAMS 0x000000008ac00000, 0x000000008ac00000| Untracked 
| 173|0x000000008ad00000, 0x000000008ae00000, 0x000000008ae00000|100%| O|  |TAMS 0x000000008ad00000, 0x000000008ad00000| Untracked 
| 174|0x000000008ae00000, 0x000000008af00000, 0x000000008af00000|100%| O|  |TAMS 0x000000008ae00000, 0x000000008ae00000| Untracked 
| 175|0x000000008af00000, 0x000000008b000000, 0x000000008b000000|100%| O|  |TAMS 0x000000008af00000, 0x000000008af00000| Untracked 
| 176|0x000000008b000000, 0x000000008b100000, 0x000000008b100000|100%| O|  |TAMS 0x000000008b000000, 0x000000008b000000| Untracked 
| 177|0x000000008b100000, 0x000000008b200000, 0x000000008b200000|100%| O|  |TAMS 0x000000008b100000, 0x000000008b100000| Untracked 
| 178|0x000000008b200000, 0x000000008b300000, 0x000000008b300000|100%| O|  |TAMS 0x000000008b200000, 0x000000008b200000| Untracked 
| 179|0x000000008b300000, 0x000000008b400000, 0x000000008b400000|100%| O|  |TAMS 0x000000008b300000, 0x000000008b300000| Untracked 
| 180|0x000000008b400000, 0x000000008b500000, 0x000000008b500000|100%| O|  |TAMS 0x000000008b400000, 0x000000008b400000| Untracked 
| 181|0x000000008b500000, 0x000000008b600000, 0x000000008b600000|100%| O|  |TAMS 0x000000008b500000, 0x000000008b500000| Untracked 
| 182|0x000000008b600000, 0x000000008b700000, 0x000000008b700000|100%| O|  |TAMS 0x000000008b600000, 0x000000008b600000| Untracked 
| 183|0x000000008b700000, 0x000000008b800000, 0x000000008b800000|100%| O|  |TAMS 0x000000008b700000, 0x000000008b700000| Untracked 
| 184|0x000000008b800000, 0x000000008b900000, 0x000000008b900000|100%| O|  |TAMS 0x000000008b800000, 0x000000008b800000| Untracked 
| 185|0x000000008b900000, 0x000000008ba00000, 0x000000008ba00000|100%| O|  |TAMS 0x000000008b900000, 0x000000008b900000| Untracked 
| 186|0x000000008ba00000, 0x000000008bb00000, 0x000000008bb00000|100%| O|  |TAMS 0x000000008ba00000, 0x000000008ba00000| Untracked 
| 187|0x000000008bb00000, 0x000000008bc00000, 0x000000008bc00000|100%| O|  |TAMS 0x000000008bb00000, 0x000000008bb00000| Untracked 
| 188|0x000000008bc00000, 0x000000008bd00000, 0x000000008bd00000|100%| O|  |TAMS 0x000000008bc00000, 0x000000008bc00000| Untracked 
| 189|0x000000008bd00000, 0x000000008be00000, 0x000000008be00000|100%| O|  |TAMS 0x000000008bd00000, 0x000000008bd00000| Untracked 
| 190|0x000000008be00000, 0x000000008bf00000, 0x000000008bf00000|100%| O|  |TAMS 0x000000008be00000, 0x000000008be00000| Untracked 
| 191|0x000000008bf00000, 0x000000008c000000, 0x000000008c000000|100%| O|  |TAMS 0x000000008bf00000, 0x000000008bf00000| Untracked 
| 192|0x000000008c000000, 0x000000008c100000, 0x000000008c100000|100%| O|  |TAMS 0x000000008c000000, 0x000000008c000000| Untracked 
| 193|0x000000008c100000, 0x000000008c200000, 0x000000008c200000|100%| O|  |TAMS 0x000000008c100000, 0x000000008c100000| Untracked 
| 194|0x000000008c200000, 0x000000008c300000, 0x000000008c300000|100%| O|  |TAMS 0x000000008c200000, 0x000000008c200000| Untracked 
| 195|0x000000008c300000, 0x000000008c400000, 0x000000008c400000|100%| O|  |TAMS 0x000000008c300000, 0x000000008c300000| Untracked 
| 196|0x000000008c400000, 0x000000008c500000, 0x000000008c500000|100%| O|  |TAMS 0x000000008c400000, 0x000000008c400000| Untracked 
| 197|0x000000008c500000, 0x000000008c600000, 0x000000008c600000|100%| O|  |TAMS 0x000000008c500000, 0x000000008c500000| Untracked 
| 198|0x000000008c600000, 0x000000008c700000, 0x000000008c700000|100%| O|  |TAMS 0x000000008c600000, 0x000000008c600000| Untracked 
| 199|0x000000008c700000, 0x000000008c800000, 0x000000008c800000|100%| O|  |TAMS 0x000000008c700000, 0x000000008c700000| Untracked 
| 200|0x000000008c800000, 0x000000008c900000, 0x000000008c900000|100%| O|  |TAMS 0x000000008c800000, 0x000000008c800000| Untracked 
| 201|0x000000008c900000, 0x000000008ca00000, 0x000000008ca00000|100%| O|  |TAMS 0x000000008c900000, 0x000000008c900000| Untracked 
| 202|0x000000008ca00000, 0x000000008cb00000, 0x000000008cb00000|100%| O|  |TAMS 0x000000008ca00000, 0x000000008ca00000| Untracked 
| 203|0x000000008cb00000, 0x000000008cc00000, 0x000000008cc00000|100%| O|  |TAMS 0x000000008cb00000, 0x000000008cb00000| Untracked 
| 204|0x000000008cc00000, 0x000000008cd00000, 0x000000008cd00000|100%| O|  |TAMS 0x000000008cc00000, 0x000000008cc00000| Untracked 
| 205|0x000000008cd00000, 0x000000008ce00000, 0x000000008ce00000|100%| O|  |TAMS 0x000000008cd00000, 0x000000008cd00000| Untracked 
| 206|0x000000008ce00000, 0x000000008cf00000, 0x000000008cf00000|100%| O|  |TAMS 0x000000008ce00000, 0x000000008ce00000| Untracked 
| 207|0x000000008cf00000, 0x000000008d000000, 0x000000008d000000|100%| O|  |TAMS 0x000000008cf00000, 0x000000008cf00000| Untracked 
| 208|0x000000008d000000, 0x000000008d100000, 0x000000008d100000|100%| O|  |TAMS 0x000000008d000000, 0x000000008d000000| Untracked 
| 209|0x000000008d100000, 0x000000008d200000, 0x000000008d200000|100%| O|  |TAMS 0x000000008d100000, 0x000000008d100000| Untracked 
| 210|0x000000008d200000, 0x000000008d300000, 0x000000008d300000|100%| O|  |TAMS 0x000000008d200000, 0x000000008d200000| Untracked 
| 211|0x000000008d300000, 0x000000008d400000, 0x000000008d400000|100%| O|  |TAMS 0x000000008d300000, 0x000000008d300000| Untracked 
| 212|0x000000008d400000, 0x000000008d500000, 0x000000008d500000|100%| O|  |TAMS 0x000000008d400000, 0x000000008d400000| Untracked 
| 213|0x000000008d500000, 0x000000008d600000, 0x000000008d600000|100%| O|  |TAMS 0x000000008d500000, 0x000000008d500000| Untracked 
| 214|0x000000008d600000, 0x000000008d700000, 0x000000008d700000|100%| O|  |TAMS 0x000000008d600000, 0x000000008d600000| Untracked 
| 215|0x000000008d700000, 0x000000008d800000, 0x000000008d800000|100%| O|  |TAMS 0x000000008d700000, 0x000000008d700000| Untracked 
| 216|0x000000008d800000, 0x000000008d900000, 0x000000008d900000|100%| O|  |TAMS 0x000000008d800000, 0x000000008d800000| Untracked 
| 217|0x000000008d900000, 0x000000008da00000, 0x000000008da00000|100%| O|  |TAMS 0x000000008d900000, 0x000000008d900000| Untracked 
| 218|0x000000008da00000, 0x000000008db00000, 0x000000008db00000|100%| O|  |TAMS 0x000000008da00000, 0x000000008da00000| Untracked 
| 219|0x000000008db00000, 0x000000008dc00000, 0x000000008dc00000|100%| O|  |TAMS 0x000000008db00000, 0x000000008db00000| Untracked 
| 220|0x000000008dc00000, 0x000000008dd00000, 0x000000008dd00000|100%| O|  |TAMS 0x000000008dc00000, 0x000000008dc00000| Untracked 
| 221|0x000000008dd00000, 0x000000008de00000, 0x000000008de00000|100%| O|  |TAMS 0x000000008dd00000, 0x000000008dd00000| Untracked 
| 222|0x000000008de00000, 0x000000008df00000, 0x000000008df00000|100%| O|  |TAMS 0x000000008de00000, 0x000000008de00000| Untracked 
| 223|0x000000008df00000, 0x000000008e000000, 0x000000008e000000|100%| O|  |TAMS 0x000000008df00000, 0x000000008df00000| Untracked 
| 224|0x000000008e000000, 0x000000008e100000, 0x000000008e100000|100%| O|  |TAMS 0x000000008e000000, 0x000000008e000000| Untracked 
| 225|0x000000008e100000, 0x000000008e200000, 0x000000008e200000|100%| O|  |TAMS 0x000000008e100000, 0x000000008e100000| Untracked 
| 226|0x000000008e200000, 0x000000008e300000, 0x000000008e300000|100%| O|  |TAMS 0x000000008e200000, 0x000000008e200000| Untracked 
| 227|0x000000008e300000, 0x000000008e400000, 0x000000008e400000|100%| O|  |TAMS 0x000000008e300000, 0x000000008e300000| Untracked 
| 228|0x000000008e400000, 0x000000008e500000, 0x000000008e500000|100%| O|  |TAMS 0x000000008e400000, 0x000000008e400000| Untracked 
| 229|0x000000008e500000, 0x000000008e600000, 0x000000008e600000|100%| O|  |TAMS 0x000000008e500000, 0x000000008e500000| Untracked 
| 230|0x000000008e600000, 0x000000008e700000, 0x000000008e700000|100%| O|  |TAMS 0x000000008e600000, 0x000000008e600000| Untracked 
| 231|0x000000008e700000, 0x000000008e800000, 0x000000008e800000|100%| O|  |TAMS 0x000000008e700000, 0x000000008e700000| Untracked 
| 232|0x000000008e800000, 0x000000008e900000, 0x000000008e900000|100%| O|  |TAMS 0x000000008e800000, 0x000000008e800000| Untracked 
| 233|0x000000008e900000, 0x000000008ea00000, 0x000000008ea00000|100%| O|  |TAMS 0x000000008e900000, 0x000000008e900000| Untracked 
| 234|0x000000008ea00000, 0x000000008eb00000, 0x000000008eb00000|100%| O|  |TAMS 0x000000008ea00000, 0x000000008ea00000| Untracked 
| 235|0x000000008eb00000, 0x000000008ec00000, 0x000000008ec00000|100%| O|  |TAMS 0x000000008eb00000, 0x000000008eb00000| Untracked 
| 236|0x000000008ec00000, 0x000000008ed00000, 0x000000008ed00000|100%| O|  |TAMS 0x000000008ec00000, 0x000000008ec00000| Untracked 
| 237|0x000000008ed00000, 0x000000008ee00000, 0x000000008ee00000|100%| O|  |TAMS 0x000000008ed00000, 0x000000008ed00000| Untracked 
| 238|0x000000008ee00000, 0x000000008ef00000, 0x000000008ef00000|100%| O|  |TAMS 0x000000008ee00000, 0x000000008ee00000| Untracked 
| 239|0x000000008ef00000, 0x000000008f000000, 0x000000008f000000|100%| O|  |TAMS 0x000000008ef00000, 0x000000008ef00000| Untracked 
| 240|0x000000008f000000, 0x000000008f100000, 0x000000008f100000|100%| O|  |TAMS 0x000000008f000000, 0x000000008f000000| Untracked 
| 241|0x000000008f100000, 0x000000008f200000, 0x000000008f200000|100%| O|  |TAMS 0x000000008f100000, 0x000000008f100000| Untracked 
| 242|0x000000008f200000, 0x000000008f300000, 0x000000008f300000|100%| O|  |TAMS 0x000000008f200000, 0x000000008f200000| Untracked 
| 243|0x000000008f300000, 0x000000008f400000, 0x000000008f400000|100%| O|  |TAMS 0x000000008f300000, 0x000000008f300000| Untracked 
| 244|0x000000008f400000, 0x000000008f500000, 0x000000008f500000|100%| O|  |TAMS 0x000000008f400000, 0x000000008f400000| Untracked 
| 245|0x000000008f500000, 0x000000008f600000, 0x000000008f600000|100%| O|  |TAMS 0x000000008f500000, 0x000000008f500000| Untracked 
| 246|0x000000008f600000, 0x000000008f700000, 0x000000008f700000|100%| O|  |TAMS 0x000000008f600000, 0x000000008f600000| Untracked 
| 247|0x000000008f700000, 0x000000008f800000, 0x000000008f800000|100%| O|  |TAMS 0x000000008f700000, 0x000000008f700000| Untracked 
| 248|0x000000008f800000, 0x000000008f900000, 0x000000008f900000|100%| O|  |TAMS 0x000000008f800000, 0x000000008f800000| Untracked 
| 249|0x000000008f900000, 0x000000008fa00000, 0x000000008fa00000|100%| O|  |TAMS 0x000000008f900000, 0x000000008f900000| Untracked 
| 250|0x000000008fa00000, 0x000000008fb00000, 0x000000008fb00000|100%| O|  |TAMS 0x000000008fa00000, 0x000000008fa00000| Untracked 
| 251|0x000000008fb00000, 0x000000008fc00000, 0x000000008fc00000|100%| O|  |TAMS 0x000000008fb00000, 0x000000008fb00000| Untracked 
| 252|0x000000008fc00000, 0x000000008fd00000, 0x000000008fd00000|100%| O|  |TAMS 0x000000008fc00000, 0x000000008fc00000| Untracked 
| 253|0x000000008fd00000, 0x000000008fe00000, 0x000000008fe00000|100%| O|  |TAMS 0x000000008fd00000, 0x000000008fd00000| Untracked 
| 254|0x000000008fe00000, 0x000000008ff00000, 0x000000008ff00000|100%| O|  |TAMS 0x000000008fe00000, 0x000000008fe00000| Untracked 
| 255|0x000000008ff00000, 0x0000000090000000, 0x0000000090000000|100%| O|  |TAMS 0x000000008ff00000, 0x000000008ff00000| Untracked 
| 256|0x0000000090000000, 0x0000000090100000, 0x0000000090100000|100%| O|  |TAMS 0x0000000090000000, 0x0000000090000000| Untracked 
| 257|0x0000000090100000, 0x0000000090200000, 0x0000000090200000|100%| O|  |TAMS 0x0000000090100000, 0x0000000090100000| Untracked 
| 258|0x0000000090200000, 0x0000000090300000, 0x0000000090300000|100%| O|  |TAMS 0x0000000090200000, 0x0000000090200000| Untracked 
| 259|0x0000000090300000, 0x0000000090400000, 0x0000000090400000|100%| O|  |TAMS 0x0000000090300000, 0x0000000090300000| Untracked 
| 260|0x0000000090400000, 0x0000000090500000, 0x0000000090500000|100%| O|  |TAMS 0x0000000090400000, 0x0000000090400000| Untracked 
| 261|0x0000000090500000, 0x0000000090600000, 0x0000000090600000|100%| O|  |TAMS 0x0000000090500000, 0x0000000090500000| Untracked 
| 262|0x0000000090600000, 0x0000000090700000, 0x0000000090700000|100%| O|  |TAMS 0x0000000090600000, 0x0000000090600000| Untracked 
| 263|0x0000000090700000, 0x0000000090800000, 0x0000000090800000|100%| O|  |TAMS 0x0000000090700000, 0x0000000090700000| Untracked 
| 264|0x0000000090800000, 0x0000000090900000, 0x0000000090900000|100%| O|  |TAMS 0x0000000090800000, 0x0000000090800000| Untracked 
| 265|0x0000000090900000, 0x0000000090a00000, 0x0000000090a00000|100%| O|  |TAMS 0x0000000090900000, 0x0000000090900000| Untracked 
| 266|0x0000000090a00000, 0x0000000090b00000, 0x0000000090b00000|100%| O|  |TAMS 0x0000000090a00000, 0x0000000090a00000| Untracked 
| 267|0x0000000090b00000, 0x0000000090c00000, 0x0000000090c00000|100%| O|  |TAMS 0x0000000090b00000, 0x0000000090b00000| Untracked 
| 268|0x0000000090c00000, 0x0000000090d00000, 0x0000000090d00000|100%| O|  |TAMS 0x0000000090c00000, 0x0000000090c00000| Untracked 
| 269|0x0000000090d00000, 0x0000000090e00000, 0x0000000090e00000|100%| O|  |TAMS 0x0000000090d00000, 0x0000000090d00000| Untracked 
| 270|0x0000000090e00000, 0x0000000090f00000, 0x0000000090f00000|100%| O|  |TAMS 0x0000000090e00000, 0x0000000090e00000| Untracked 
| 271|0x0000000090f00000, 0x0000000091000000, 0x0000000091000000|100%| O|  |TAMS 0x0000000090f00000, 0x0000000090f00000| Untracked 
| 272|0x0000000091000000, 0x0000000091100000, 0x0000000091100000|100%| O|  |TAMS 0x0000000091000000, 0x0000000091000000| Untracked 
| 273|0x0000000091100000, 0x0000000091200000, 0x0000000091200000|100%| O|  |TAMS 0x0000000091100000, 0x0000000091100000| Untracked 
| 274|0x0000000091200000, 0x0000000091300000, 0x0000000091300000|100%| O|  |TAMS 0x0000000091200000, 0x0000000091200000| Untracked 
| 275|0x0000000091300000, 0x0000000091400000, 0x0000000091400000|100%| O|  |TAMS 0x0000000091300000, 0x0000000091300000| Untracked 
| 276|0x0000000091400000, 0x0000000091500000, 0x0000000091500000|100%| O|  |TAMS 0x0000000091400000, 0x0000000091400000| Untracked 
| 277|0x0000000091500000, 0x0000000091600000, 0x0000000091600000|100%| O|  |TAMS 0x0000000091500000, 0x0000000091500000| Untracked 
| 278|0x0000000091600000, 0x0000000091700000, 0x0000000091700000|100%| O|  |TAMS 0x0000000091600000, 0x0000000091600000| Untracked 
| 279|0x0000000091700000, 0x0000000091800000, 0x0000000091800000|100%| O|  |TAMS 0x0000000091700000, 0x0000000091700000| Untracked 
| 280|0x0000000091800000, 0x0000000091900000, 0x0000000091900000|100%| O|  |TAMS 0x0000000091800000, 0x0000000091800000| Untracked 
| 281|0x0000000091900000, 0x0000000091a00000, 0x0000000091a00000|100%| O|  |TAMS 0x0000000091900000, 0x0000000091900000| Untracked 
| 282|0x0000000091a00000, 0x0000000091b00000, 0x0000000091b00000|100%| O|  |TAMS 0x0000000091a00000, 0x0000000091a00000| Untracked 
| 283|0x0000000091b00000, 0x0000000091c00000, 0x0000000091c00000|100%| O|  |TAMS 0x0000000091b00000, 0x0000000091b00000| Untracked 
| 284|0x0000000091c00000, 0x0000000091d00000, 0x0000000091d00000|100%| O|  |TAMS 0x0000000091c00000, 0x0000000091c00000| Untracked 
| 285|0x0000000091d00000, 0x0000000091e00000, 0x0000000091e00000|100%| O|  |TAMS 0x0000000091d00000, 0x0000000091d00000| Untracked 
| 286|0x0000000091e00000, 0x0000000091f00000, 0x0000000091f00000|100%| O|  |TAMS 0x0000000091e00000, 0x0000000091e00000| Untracked 
| 287|0x0000000091f00000, 0x0000000092000000, 0x0000000092000000|100%| O|  |TAMS 0x0000000091f00000, 0x0000000091f00000| Untracked 
| 288|0x0000000092000000, 0x0000000092100000, 0x0000000092100000|100%| O|  |TAMS 0x0000000092000000, 0x0000000092000000| Untracked 
| 289|0x0000000092100000, 0x0000000092200000, 0x0000000092200000|100%| O|  |TAMS 0x0000000092100000, 0x0000000092100000| Untracked 
| 290|0x0000000092200000, 0x0000000092300000, 0x0000000092300000|100%| O|  |TAMS 0x0000000092200000, 0x0000000092200000| Untracked 
| 291|0x0000000092300000, 0x0000000092400000, 0x0000000092400000|100%| O|  |TAMS 0x0000000092300000, 0x0000000092300000| Untracked 
| 292|0x0000000092400000, 0x0000000092500000, 0x0000000092500000|100%| O|  |TAMS 0x0000000092400000, 0x0000000092400000| Untracked 
| 293|0x0000000092500000, 0x0000000092600000, 0x0000000092600000|100%| O|  |TAMS 0x0000000092500000, 0x0000000092500000| Untracked 
| 294|0x0000000092600000, 0x0000000092700000, 0x0000000092700000|100%| O|  |TAMS 0x0000000092600000, 0x0000000092600000| Untracked 
| 295|0x0000000092700000, 0x0000000092800000, 0x0000000092800000|100%| O|  |TAMS 0x0000000092700000, 0x0000000092700000| Untracked 
| 296|0x0000000092800000, 0x0000000092900000, 0x0000000092900000|100%| O|  |TAMS 0x0000000092800000, 0x0000000092800000| Untracked 
| 297|0x0000000092900000, 0x0000000092a00000, 0x0000000092a00000|100%| O|  |TAMS 0x0000000092900000, 0x0000000092900000| Untracked 
| 298|0x0000000092a00000, 0x0000000092b00000, 0x0000000092b00000|100%| O|  |TAMS 0x0000000092a00000, 0x0000000092a00000| Untracked 
| 299|0x0000000092b00000, 0x0000000092c00000, 0x0000000092c00000|100%| O|  |TAMS 0x0000000092b00000, 0x0000000092b00000| Untracked 
| 300|0x0000000092c00000, 0x0000000092d00000, 0x0000000092d00000|100%| O|  |TAMS 0x0000000092c00000, 0x0000000092c00000| Untracked 
| 301|0x0000000092d00000, 0x0000000092e00000, 0x0000000092e00000|100%| O|  |TAMS 0x0000000092d00000, 0x0000000092d00000| Untracked 
| 302|0x0000000092e00000, 0x0000000092f00000, 0x0000000092f00000|100%| O|  |TAMS 0x0000000092e00000, 0x0000000092e00000| Untracked 
| 303|0x0000000092f00000, 0x0000000093000000, 0x0000000093000000|100%| O|  |TAMS 0x0000000092f00000, 0x0000000092f00000| Untracked 
| 304|0x0000000093000000, 0x0000000093100000, 0x0000000093100000|100%| O|  |TAMS 0x0000000093000000, 0x0000000093000000| Untracked 
| 305|0x0000000093100000, 0x0000000093200000, 0x0000000093200000|100%| O|  |TAMS 0x0000000093100000, 0x0000000093100000| Untracked 
| 306|0x0000000093200000, 0x0000000093300000, 0x0000000093300000|100%| O|  |TAMS 0x0000000093200000, 0x0000000093200000| Untracked 
| 307|0x0000000093300000, 0x0000000093400000, 0x0000000093400000|100%| O|  |TAMS 0x0000000093300000, 0x0000000093300000| Untracked 
| 308|0x0000000093400000, 0x0000000093500000, 0x0000000093500000|100%| O|  |TAMS 0x0000000093400000, 0x0000000093400000| Untracked 
| 309|0x0000000093500000, 0x0000000093600000, 0x0000000093600000|100%| O|  |TAMS 0x0000000093500000, 0x0000000093500000| Untracked 
| 310|0x0000000093600000, 0x0000000093700000, 0x0000000093700000|100%| O|  |TAMS 0x0000000093600000, 0x0000000093600000| Untracked 
| 311|0x0000000093700000, 0x0000000093800000, 0x0000000093800000|100%| O|  |TAMS 0x0000000093700000, 0x0000000093700000| Untracked 
| 312|0x0000000093800000, 0x0000000093900000, 0x0000000093900000|100%| O|  |TAMS 0x0000000093800000, 0x0000000093800000| Untracked 
| 313|0x0000000093900000, 0x0000000093a00000, 0x0000000093a00000|100%| O|  |TAMS 0x0000000093900000, 0x0000000093900000| Untracked 
| 314|0x0000000093a00000, 0x0000000093b00000, 0x0000000093b00000|100%| O|  |TAMS 0x0000000093a00000, 0x0000000093a00000| Untracked 
| 315|0x0000000093b00000, 0x0000000093c00000, 0x0000000093c00000|100%| O|  |TAMS 0x0000000093b00000, 0x0000000093b00000| Untracked 
| 316|0x0000000093c00000, 0x0000000093d00000, 0x0000000093d00000|100%| O|  |TAMS 0x0000000093c00000, 0x0000000093c00000| Untracked 
| 317|0x0000000093d00000, 0x0000000093e00000, 0x0000000093e00000|100%| O|  |TAMS 0x0000000093d00000, 0x0000000093d00000| Untracked 
| 318|0x0000000093e00000, 0x0000000093f00000, 0x0000000093f00000|100%| O|  |TAMS 0x0000000093e00000, 0x0000000093e00000| Untracked 
| 319|0x0000000093f00000, 0x0000000094000000, 0x0000000094000000|100%| O|  |TAMS 0x0000000093f00000, 0x0000000093f00000| Untracked 
| 320|0x0000000094000000, 0x0000000094100000, 0x0000000094100000|100%| O|  |TAMS 0x0000000094000000, 0x0000000094000000| Untracked 
| 321|0x0000000094100000, 0x0000000094200000, 0x0000000094200000|100%| O|  |TAMS 0x0000000094100000, 0x0000000094100000| Untracked 
| 322|0x0000000094200000, 0x0000000094300000, 0x0000000094300000|100%| O|  |TAMS 0x0000000094200000, 0x0000000094200000| Untracked 
| 323|0x0000000094300000, 0x0000000094400000, 0x0000000094400000|100%| O|  |TAMS 0x0000000094300000, 0x0000000094300000| Untracked 
| 324|0x0000000094400000, 0x0000000094500000, 0x0000000094500000|100%| O|  |TAMS 0x0000000094400000, 0x0000000094400000| Untracked 
| 325|0x0000000094500000, 0x0000000094600000, 0x0000000094600000|100%| O|  |TAMS 0x0000000094500000, 0x0000000094500000| Untracked 
| 326|0x0000000094600000, 0x0000000094700000, 0x0000000094700000|100%| O|  |TAMS 0x0000000094600000, 0x0000000094600000| Untracked 
| 327|0x0000000094700000, 0x0000000094800000, 0x0000000094800000|100%| O|  |TAMS 0x0000000094700000, 0x0000000094700000| Untracked 
| 328|0x0000000094800000, 0x0000000094900000, 0x0000000094900000|100%| O|  |TAMS 0x0000000094800000, 0x0000000094800000| Untracked 
| 329|0x0000000094900000, 0x0000000094a00000, 0x0000000094a00000|100%| O|  |TAMS 0x0000000094900000, 0x0000000094900000| Untracked 
| 330|0x0000000094a00000, 0x0000000094b00000, 0x0000000094b00000|100%| O|  |TAMS 0x0000000094a00000, 0x0000000094a00000| Untracked 
| 331|0x0000000094b00000, 0x0000000094c00000, 0x0000000094c00000|100%| O|  |TAMS 0x0000000094b00000, 0x0000000094b00000| Untracked 
| 332|0x0000000094c00000, 0x0000000094d00000, 0x0000000094d00000|100%| O|  |TAMS 0x0000000094c00000, 0x0000000094c00000| Untracked 
| 333|0x0000000094d00000, 0x0000000094e00000, 0x0000000094e00000|100%| O|  |TAMS 0x0000000094d00000, 0x0000000094d00000| Untracked 
| 334|0x0000000094e00000, 0x0000000094f00000, 0x0000000094f00000|100%| O|  |TAMS 0x0000000094e00000, 0x0000000094e00000| Untracked 
| 335|0x0000000094f00000, 0x0000000095000000, 0x0000000095000000|100%| O|  |TAMS 0x0000000094f00000, 0x0000000094f00000| Untracked 
| 336|0x0000000095000000, 0x0000000095100000, 0x0000000095100000|100%| O|  |TAMS 0x0000000095000000, 0x0000000095000000| Untracked 
| 337|0x0000000095100000, 0x0000000095200000, 0x0000000095200000|100%| O|  |TAMS 0x0000000095100000, 0x0000000095100000| Untracked 
| 338|0x0000000095200000, 0x0000000095300000, 0x0000000095300000|100%| O|  |TAMS 0x0000000095200000, 0x0000000095200000| Untracked 
| 339|0x0000000095300000, 0x0000000095400000, 0x0000000095400000|100%| O|  |TAMS 0x0000000095300000, 0x0000000095300000| Untracked 
| 340|0x0000000095400000, 0x0000000095500000, 0x0000000095500000|100%| O|  |TAMS 0x0000000095400000, 0x0000000095400000| Untracked 
| 341|0x0000000095500000, 0x0000000095600000, 0x0000000095600000|100%| O|  |TAMS 0x0000000095500000, 0x0000000095500000| Untracked 
| 342|0x0000000095600000, 0x0000000095700000, 0x0000000095700000|100%| O|  |TAMS 0x0000000095600000, 0x0000000095600000| Untracked 
| 343|0x0000000095700000, 0x0000000095800000, 0x0000000095800000|100%| O|  |TAMS 0x0000000095700000, 0x0000000095700000| Untracked 
| 344|0x0000000095800000, 0x0000000095900000, 0x0000000095900000|100%| O|  |TAMS 0x0000000095800000, 0x0000000095800000| Untracked 
| 345|0x0000000095900000, 0x0000000095a00000, 0x0000000095a00000|100%| O|  |TAMS 0x0000000095900000, 0x0000000095900000| Untracked 
| 346|0x0000000095a00000, 0x0000000095b00000, 0x0000000095b00000|100%| O|  |TAMS 0x0000000095a00000, 0x0000000095a00000| Untracked 
| 347|0x0000000095b00000, 0x0000000095c00000, 0x0000000095c00000|100%| O|  |TAMS 0x0000000095b00000, 0x0000000095b00000| Untracked 
| 348|0x0000000095c00000, 0x0000000095d00000, 0x0000000095d00000|100%| O|  |TAMS 0x0000000095c00000, 0x0000000095c00000| Untracked 
| 349|0x0000000095d00000, 0x0000000095e00000, 0x0000000095e00000|100%| O|  |TAMS 0x0000000095d00000, 0x0000000095d00000| Untracked 
| 350|0x0000000095e00000, 0x0000000095f00000, 0x0000000095f00000|100%| O|  |TAMS 0x0000000095e00000, 0x0000000095e00000| Untracked 
| 351|0x0000000095f00000, 0x0000000096000000, 0x0000000096000000|100%| O|  |TAMS 0x0000000095f00000, 0x0000000095f00000| Untracked 
| 352|0x0000000096000000, 0x0000000096100000, 0x0000000096100000|100%| O|  |TAMS 0x0000000096000000, 0x0000000096000000| Untracked 
| 353|0x0000000096100000, 0x0000000096200000, 0x0000000096200000|100%| O|  |TAMS 0x0000000096100000, 0x0000000096100000| Untracked 
| 354|0x0000000096200000, 0x0000000096300000, 0x0000000096300000|100%| O|  |TAMS 0x0000000096200000, 0x0000000096200000| Untracked 
| 355|0x0000000096300000, 0x0000000096400000, 0x0000000096400000|100%| O|  |TAMS 0x0000000096300000, 0x0000000096300000| Untracked 
| 356|0x0000000096400000, 0x0000000096500000, 0x0000000096500000|100%| O|  |TAMS 0x0000000096400000, 0x0000000096400000| Untracked 
| 357|0x0000000096500000, 0x0000000096600000, 0x0000000096600000|100%| O|  |TAMS 0x0000000096500000, 0x0000000096500000| Untracked 
| 358|0x0000000096600000, 0x0000000096700000, 0x0000000096700000|100%| O|  |TAMS 0x0000000096600000, 0x0000000096600000| Untracked 
| 359|0x0000000096700000, 0x0000000096700000, 0x0000000096800000|  0%| F|  |TAMS 0x0000000096700000, 0x0000000096700000| Untracked 
| 360|0x0000000096800000, 0x0000000096800000, 0x0000000096900000|  0%| F|  |TAMS 0x0000000096800000, 0x0000000096800000| Untracked 
| 361|0x0000000096900000, 0x0000000096900000, 0x0000000096a00000|  0%| F|  |TAMS 0x0000000096900000, 0x0000000096900000| Untracked 
| 362|0x0000000096a00000, 0x0000000096a00000, 0x0000000096b00000|  0%| F|  |TAMS 0x0000000096a00000, 0x0000000096a00000| Untracked 
| 363|0x0000000096b00000, 0x0000000096b00000, 0x0000000096c00000|  0%| F|  |TAMS 0x0000000096b00000, 0x0000000096b00000| Untracked 
| 364|0x0000000096c00000, 0x0000000096c00000, 0x0000000096d00000|  0%| F|  |TAMS 0x0000000096c00000, 0x0000000096c00000| Untracked 
| 365|0x0000000096d00000, 0x0000000096d00000, 0x0000000096e00000|  0%| F|  |TAMS 0x0000000096d00000, 0x0000000096d00000| Untracked 
| 366|0x0000000096e00000, 0x0000000096e00000, 0x0000000096f00000|  0%| F|  |TAMS 0x0000000096e00000, 0x0000000096e00000| Untracked 
| 367|0x0000000096f00000, 0x0000000096f00000, 0x0000000097000000|  0%| F|  |TAMS 0x0000000096f00000, 0x0000000096f00000| Untracked 
| 368|0x0000000097000000, 0x0000000097000000, 0x0000000097100000|  0%| F|  |TAMS 0x0000000097000000, 0x0000000097000000| Untracked 
| 369|0x0000000097100000, 0x0000000097100000, 0x0000000097200000|  0%| F|  |TAMS 0x0000000097100000, 0x0000000097100000| Untracked 
| 370|0x0000000097200000, 0x0000000097200000, 0x0000000097300000|  0%| F|  |TAMS 0x0000000097200000, 0x0000000097200000| Untracked 
| 371|0x0000000097300000, 0x0000000097300000, 0x0000000097400000|  0%| F|  |TAMS 0x0000000097300000, 0x0000000097300000| Untracked 
| 372|0x0000000097400000, 0x0000000097400000, 0x0000000097500000|  0%| F|  |TAMS 0x0000000097400000, 0x0000000097400000| Untracked 
| 373|0x0000000097500000, 0x0000000097500000, 0x0000000097600000|  0%| F|  |TAMS 0x0000000097500000, 0x0000000097500000| Untracked 
| 374|0x0000000097600000, 0x0000000097600000, 0x0000000097700000|  0%| F|  |TAMS 0x0000000097600000, 0x0000000097600000| Untracked 
| 375|0x0000000097700000, 0x0000000097700000, 0x0000000097800000|  0%| F|  |TAMS 0x0000000097700000, 0x0000000097700000| Untracked 
| 376|0x0000000097800000, 0x0000000097800000, 0x0000000097900000|  0%| F|  |TAMS 0x0000000097800000, 0x0000000097800000| Untracked 
| 377|0x0000000097900000, 0x0000000097900000, 0x0000000097a00000|  0%| F|  |TAMS 0x0000000097900000, 0x0000000097900000| Untracked 
| 378|0x0000000097a00000, 0x0000000097a00000, 0x0000000097b00000|  0%| F|  |TAMS 0x0000000097a00000, 0x0000000097a00000| Untracked 
| 379|0x0000000097b00000, 0x0000000097b00000, 0x0000000097c00000|  0%| F|  |TAMS 0x0000000097b00000, 0x0000000097b00000| Untracked 
| 380|0x0000000097c00000, 0x0000000097c00000, 0x0000000097d00000|  0%| F|  |TAMS 0x0000000097c00000, 0x0000000097c00000| Untracked 
| 381|0x0000000097d00000, 0x0000000097d00000, 0x0000000097e00000|  0%| F|  |TAMS 0x0000000097d00000, 0x0000000097d00000| Untracked 
| 382|0x0000000097e00000, 0x0000000097e00000, 0x0000000097f00000|  0%| F|  |TAMS 0x0000000097e00000, 0x0000000097e00000| Untracked 
| 383|0x0000000097f00000, 0x0000000097f00000, 0x0000000098000000|  0%| F|  |TAMS 0x0000000097f00000, 0x0000000097f00000| Untracked 
| 384|0x0000000098000000, 0x0000000098000000, 0x0000000098100000|  0%| F|  |TAMS 0x0000000098000000, 0x0000000098000000| Untracked 
| 385|0x0000000098100000, 0x0000000098100000, 0x0000000098200000|  0%| F|  |TAMS 0x0000000098100000, 0x0000000098100000| Untracked 
| 386|0x0000000098200000, 0x0000000098200000, 0x0000000098300000|  0%| F|  |TAMS 0x0000000098200000, 0x0000000098200000| Untracked 
| 387|0x0000000098300000, 0x0000000098300000, 0x0000000098400000|  0%| F|  |TAMS 0x0000000098300000, 0x0000000098300000| Untracked 
| 388|0x0000000098400000, 0x0000000098400000, 0x0000000098500000|  0%| F|  |TAMS 0x0000000098400000, 0x0000000098400000| Untracked 
| 389|0x0000000098500000, 0x0000000098500000, 0x0000000098600000|  0%| F|  |TAMS 0x0000000098500000, 0x0000000098500000| Untracked 
| 390|0x0000000098600000, 0x0000000098600000, 0x0000000098700000|  0%| F|  |TAMS 0x0000000098600000, 0x0000000098600000| Untracked 
| 391|0x0000000098700000, 0x0000000098700000, 0x0000000098800000|  0%| F|  |TAMS 0x0000000098700000, 0x0000000098700000| Untracked 
| 392|0x0000000098800000, 0x0000000098800000, 0x0000000098900000|  0%| F|  |TAMS 0x0000000098800000, 0x0000000098800000| Untracked 
| 393|0x0000000098900000, 0x0000000098900000, 0x0000000098a00000|  0%| F|  |TAMS 0x0000000098900000, 0x0000000098900000| Untracked 
| 394|0x0000000098a00000, 0x0000000098a00000, 0x0000000098b00000|  0%| F|  |TAMS 0x0000000098a00000, 0x0000000098a00000| Untracked 
| 395|0x0000000098b00000, 0x0000000098b00000, 0x0000000098c00000|  0%| F|  |TAMS 0x0000000098b00000, 0x0000000098b00000| Untracked 
| 396|0x0000000098c00000, 0x0000000098c00000, 0x0000000098d00000|  0%| F|  |TAMS 0x0000000098c00000, 0x0000000098c00000| Untracked 
| 397|0x0000000098d00000, 0x0000000098d00000, 0x0000000098e00000|  0%| F|  |TAMS 0x0000000098d00000, 0x0000000098d00000| Untracked 
| 398|0x0000000098e00000, 0x0000000098e00000, 0x0000000098f00000|  0%| F|  |TAMS 0x0000000098e00000, 0x0000000098e00000| Untracked 
| 399|0x0000000098f00000, 0x0000000098f00000, 0x0000000099000000|  0%| F|  |TAMS 0x0000000098f00000, 0x0000000098f00000| Untracked 
| 400|0x0000000099000000, 0x0000000099000000, 0x0000000099100000|  0%| F|  |TAMS 0x0000000099000000, 0x0000000099000000| Untracked 
| 401|0x0000000099100000, 0x0000000099100000, 0x0000000099200000|  0%| F|  |TAMS 0x0000000099100000, 0x0000000099100000| Untracked 
| 402|0x0000000099200000, 0x0000000099200000, 0x0000000099300000|  0%| F|  |TAMS 0x0000000099200000, 0x0000000099200000| Untracked 
| 403|0x0000000099300000, 0x0000000099300000, 0x0000000099400000|  0%| F|  |TAMS 0x0000000099300000, 0x0000000099300000| Untracked 
| 404|0x0000000099400000, 0x0000000099400000, 0x0000000099500000|  0%| F|  |TAMS 0x0000000099400000, 0x0000000099400000| Untracked 
| 405|0x0000000099500000, 0x0000000099500000, 0x0000000099600000|  0%| F|  |TAMS 0x0000000099500000, 0x0000000099500000| Untracked 
| 406|0x0000000099600000, 0x0000000099600000, 0x0000000099700000|  0%| F|  |TAMS 0x0000000099600000, 0x0000000099600000| Untracked 
| 407|0x0000000099700000, 0x0000000099700000, 0x0000000099800000|  0%| F|  |TAMS 0x0000000099700000, 0x0000000099700000| Untracked 
| 408|0x0000000099800000, 0x0000000099800000, 0x0000000099900000|  0%| F|  |TAMS 0x0000000099800000, 0x0000000099800000| Untracked 
| 409|0x0000000099900000, 0x0000000099900000, 0x0000000099a00000|  0%| F|  |TAMS 0x0000000099900000, 0x0000000099900000| Untracked 
| 410|0x0000000099a00000, 0x0000000099a00000, 0x0000000099b00000|  0%| F|  |TAMS 0x0000000099a00000, 0x0000000099a00000| Untracked 
| 411|0x0000000099b00000, 0x0000000099b00000, 0x0000000099c00000|  0%| F|  |TAMS 0x0000000099b00000, 0x0000000099b00000| Untracked 
| 412|0x0000000099c00000, 0x0000000099c00000, 0x0000000099d00000|  0%| F|  |TAMS 0x0000000099c00000, 0x0000000099c00000| Untracked 
| 413|0x0000000099d00000, 0x0000000099d00000, 0x0000000099e00000|  0%| F|  |TAMS 0x0000000099d00000, 0x0000000099d00000| Untracked 
| 414|0x0000000099e00000, 0x0000000099e00000, 0x0000000099f00000|  0%| F|  |TAMS 0x0000000099e00000, 0x0000000099e00000| Untracked 
| 415|0x0000000099f00000, 0x0000000099f00000, 0x000000009a000000|  0%| F|  |TAMS 0x0000000099f00000, 0x0000000099f00000| Untracked 
| 416|0x000000009a000000, 0x000000009a000000, 0x000000009a100000|  0%| F|  |TAMS 0x000000009a000000, 0x000000009a000000| Untracked 
| 417|0x000000009a100000, 0x000000009a100000, 0x000000009a200000|  0%| F|  |TAMS 0x000000009a100000, 0x000000009a100000| Untracked 
| 418|0x000000009a200000, 0x000000009a200000, 0x000000009a300000|  0%| F|  |TAMS 0x000000009a200000, 0x000000009a200000| Untracked 
| 419|0x000000009a300000, 0x000000009a300000, 0x000000009a400000|  0%| F|  |TAMS 0x000000009a300000, 0x000000009a300000| Untracked 
| 420|0x000000009a400000, 0x000000009a400000, 0x000000009a500000|  0%| F|  |TAMS 0x000000009a400000, 0x000000009a400000| Untracked 
| 421|0x000000009a500000, 0x000000009a500000, 0x000000009a600000|  0%| F|  |TAMS 0x000000009a500000, 0x000000009a500000| Untracked 
| 422|0x000000009a600000, 0x000000009a600000, 0x000000009a700000|  0%| F|  |TAMS 0x000000009a600000, 0x000000009a600000| Untracked 
| 423|0x000000009a700000, 0x000000009a700000, 0x000000009a800000|  0%| F|  |TAMS 0x000000009a700000, 0x000000009a700000| Untracked 
| 424|0x000000009a800000, 0x000000009a800000, 0x000000009a900000|  0%| F|  |TAMS 0x000000009a800000, 0x000000009a800000| Untracked 
| 425|0x000000009a900000, 0x000000009a900000, 0x000000009aa00000|  0%| F|  |TAMS 0x000000009a900000, 0x000000009a900000| Untracked 
| 426|0x000000009aa00000, 0x000000009aa00000, 0x000000009ab00000|  0%| F|  |TAMS 0x000000009aa00000, 0x000000009aa00000| Untracked 
| 427|0x000000009ab00000, 0x000000009ab00000, 0x000000009ac00000|  0%| F|  |TAMS 0x000000009ab00000, 0x000000009ab00000| Untracked 
| 428|0x000000009ac00000, 0x000000009ac00000, 0x000000009ad00000|  0%| F|  |TAMS 0x000000009ac00000, 0x000000009ac00000| Untracked 
| 429|0x000000009ad00000, 0x000000009ad00000, 0x000000009ae00000|  0%| F|  |TAMS 0x000000009ad00000, 0x000000009ad00000| Untracked 
| 430|0x000000009ae00000, 0x000000009ae00000, 0x000000009af00000|  0%| F|  |TAMS 0x000000009ae00000, 0x000000009ae00000| Untracked 
| 431|0x000000009af00000, 0x000000009af00000, 0x000000009b000000|  0%| F|  |TAMS 0x000000009af00000, 0x000000009af00000| Untracked 
| 432|0x000000009b000000, 0x000000009b000000, 0x000000009b100000|  0%| F|  |TAMS 0x000000009b000000, 0x000000009b000000| Untracked 
| 433|0x000000009b100000, 0x000000009b100000, 0x000000009b200000|  0%| F|  |TAMS 0x000000009b100000, 0x000000009b100000| Untracked 
| 434|0x000000009b200000, 0x000000009b200000, 0x000000009b300000|  0%| F|  |TAMS 0x000000009b200000, 0x000000009b200000| Untracked 
| 435|0x000000009b300000, 0x000000009b300000, 0x000000009b400000|  0%| F|  |TAMS 0x000000009b300000, 0x000000009b300000| Untracked 
| 436|0x000000009b400000, 0x000000009b400000, 0x000000009b500000|  0%| F|  |TAMS 0x000000009b400000, 0x000000009b400000| Untracked 
| 437|0x000000009b500000, 0x000000009b500000, 0x000000009b600000|  0%| F|  |TAMS 0x000000009b500000, 0x000000009b500000| Untracked 
| 438|0x000000009b600000, 0x000000009b700000, 0x000000009b700000|100%| S|CS|TAMS 0x000000009b600000, 0x000000009b600000| Complete 
| 439|0x000000009b700000, 0x000000009b800000, 0x000000009b800000|100%| S|CS|TAMS 0x000000009b700000, 0x000000009b700000| Complete 
| 440|0x000000009b800000, 0x000000009b900000, 0x000000009b900000|100%| S|CS|TAMS 0x000000009b800000, 0x000000009b800000| Complete 
| 441|0x000000009b900000, 0x000000009ba00000, 0x000000009ba00000|100%| S|CS|TAMS 0x000000009b900000, 0x000000009b900000| Complete 
| 442|0x000000009ba00000, 0x000000009bb00000, 0x000000009bb00000|100%| S|CS|TAMS 0x000000009ba00000, 0x000000009ba00000| Complete 
| 443|0x000000009bb00000, 0x000000009bc00000, 0x000000009bc00000|100%| S|CS|TAMS 0x000000009bb00000, 0x000000009bb00000| Complete 
| 444|0x000000009bc00000, 0x000000009bd00000, 0x000000009bd00000|100%| S|CS|TAMS 0x000000009bc00000, 0x000000009bc00000| Complete 
| 445|0x000000009bd00000, 0x000000009be00000, 0x000000009be00000|100%| S|CS|TAMS 0x000000009bd00000, 0x000000009bd00000| Complete 
| 446|0x000000009be00000, 0x000000009bf00000, 0x000000009bf00000|100%| S|CS|TAMS 0x000000009be00000, 0x000000009be00000| Complete 
| 447|0x000000009bf00000, 0x000000009c000000, 0x000000009c000000|100%| S|CS|TAMS 0x000000009bf00000, 0x000000009bf00000| Complete 
| 448|0x000000009c000000, 0x000000009c100000, 0x000000009c100000|100%| S|CS|TAMS 0x000000009c000000, 0x000000009c000000| Complete 
| 449|0x000000009c100000, 0x000000009c100000, 0x000000009c200000|  0%| F|  |TAMS 0x000000009c100000, 0x000000009c100000| Untracked 
| 450|0x000000009c200000, 0x000000009c200000, 0x000000009c300000|  0%| F|  |TAMS 0x000000009c200000, 0x000000009c200000| Untracked 
| 451|0x000000009c300000, 0x000000009c300000, 0x000000009c400000|  0%| F|  |TAMS 0x000000009c300000, 0x000000009c300000| Untracked 
| 452|0x000000009c400000, 0x000000009c400000, 0x000000009c500000|  0%| F|  |TAMS 0x000000009c400000, 0x000000009c400000| Untracked 
| 453|0x000000009c500000, 0x000000009c500000, 0x000000009c600000|  0%| F|  |TAMS 0x000000009c500000, 0x000000009c500000| Untracked 
| 454|0x000000009c600000, 0x000000009c600000, 0x000000009c700000|  0%| F|  |TAMS 0x000000009c600000, 0x000000009c600000| Untracked 
| 455|0x000000009c700000, 0x000000009c700000, 0x000000009c800000|  0%| F|  |TAMS 0x000000009c700000, 0x000000009c700000| Untracked 
| 456|0x000000009c800000, 0x000000009c800000, 0x000000009c900000|  0%| F|  |TAMS 0x000000009c800000, 0x000000009c800000| Untracked 
| 457|0x000000009c900000, 0x000000009c900000, 0x000000009ca00000|  0%| F|  |TAMS 0x000000009c900000, 0x000000009c900000| Untracked 
| 458|0x000000009ca00000, 0x000000009ca00000, 0x000000009cb00000|  0%| F|  |TAMS 0x000000009ca00000, 0x000000009ca00000| Untracked 
| 459|0x000000009cb00000, 0x000000009cb00000, 0x000000009cc00000|  0%| F|  |TAMS 0x000000009cb00000, 0x000000009cb00000| Untracked 
| 460|0x000000009cc00000, 0x000000009cc00000, 0x000000009cd00000|  0%| F|  |TAMS 0x000000009cc00000, 0x000000009cc00000| Untracked 
| 461|0x000000009cd00000, 0x000000009cd00000, 0x000000009ce00000|  0%| F|  |TAMS 0x000000009cd00000, 0x000000009cd00000| Untracked 
| 462|0x000000009ce00000, 0x000000009ce00000, 0x000000009cf00000|  0%| F|  |TAMS 0x000000009ce00000, 0x000000009ce00000| Untracked 
| 463|0x000000009cf00000, 0x000000009cf00000, 0x000000009d000000|  0%| F|  |TAMS 0x000000009cf00000, 0x000000009cf00000| Untracked 
| 464|0x000000009d000000, 0x000000009d000000, 0x000000009d100000|  0%| F|  |TAMS 0x000000009d000000, 0x000000009d000000| Untracked 
| 465|0x000000009d100000, 0x000000009d100000, 0x000000009d200000|  0%| F|  |TAMS 0x000000009d100000, 0x000000009d100000| Untracked 
| 466|0x000000009d200000, 0x000000009d200000, 0x000000009d300000|  0%| F|  |TAMS 0x000000009d200000, 0x000000009d200000| Untracked 
| 467|0x000000009d300000, 0x000000009d300000, 0x000000009d400000|  0%| F|  |TAMS 0x000000009d300000, 0x000000009d300000| Untracked 
| 468|0x000000009d400000, 0x000000009d400000, 0x000000009d500000|  0%| F|  |TAMS 0x000000009d400000, 0x000000009d400000| Untracked 
| 469|0x000000009d500000, 0x000000009d500000, 0x000000009d600000|  0%| F|  |TAMS 0x000000009d500000, 0x000000009d500000| Untracked 
| 470|0x000000009d600000, 0x000000009d600000, 0x000000009d700000|  0%| F|  |TAMS 0x000000009d600000, 0x000000009d600000| Untracked 
| 471|0x000000009d700000, 0x000000009d700000, 0x000000009d800000|  0%| F|  |TAMS 0x000000009d700000, 0x000000009d700000| Untracked 
| 472|0x000000009d800000, 0x000000009d800000, 0x000000009d900000|  0%| F|  |TAMS 0x000000009d800000, 0x000000009d800000| Untracked 
| 473|0x000000009d900000, 0x000000009d900000, 0x000000009da00000|  0%| F|  |TAMS 0x000000009d900000, 0x000000009d900000| Untracked 
| 474|0x000000009da00000, 0x000000009da00000, 0x000000009db00000|  0%| F|  |TAMS 0x000000009da00000, 0x000000009da00000| Untracked 
| 475|0x000000009db00000, 0x000000009db00000, 0x000000009dc00000|  0%| F|  |TAMS 0x000000009db00000, 0x000000009db00000| Untracked 
| 476|0x000000009dc00000, 0x000000009dc00000, 0x000000009dd00000|  0%| F|  |TAMS 0x000000009dc00000, 0x000000009dc00000| Untracked 
| 477|0x000000009dd00000, 0x000000009dd00000, 0x000000009de00000|  0%| F|  |TAMS 0x000000009dd00000, 0x000000009dd00000| Untracked 
| 478|0x000000009de00000, 0x000000009de00000, 0x000000009df00000|  0%| F|  |TAMS 0x000000009de00000, 0x000000009de00000| Untracked 
| 479|0x000000009df00000, 0x000000009df00000, 0x000000009e000000|  0%| F|  |TAMS 0x000000009df00000, 0x000000009df00000| Untracked 
| 480|0x000000009e000000, 0x000000009e000000, 0x000000009e100000|  0%| F|  |TAMS 0x000000009e000000, 0x000000009e000000| Untracked 
| 481|0x000000009e100000, 0x000000009e100000, 0x000000009e200000|  0%| F|  |TAMS 0x000000009e100000, 0x000000009e100000| Untracked 
| 482|0x000000009e200000, 0x000000009e200000, 0x000000009e300000|  0%| F|  |TAMS 0x000000009e200000, 0x000000009e200000| Untracked 
| 483|0x000000009e300000, 0x000000009e300000, 0x000000009e400000|  0%| F|  |TAMS 0x000000009e300000, 0x000000009e300000| Untracked 
| 484|0x000000009e400000, 0x000000009e400000, 0x000000009e500000|  0%| F|  |TAMS 0x000000009e400000, 0x000000009e400000| Untracked 
| 485|0x000000009e500000, 0x000000009e500000, 0x000000009e600000|  0%| F|  |TAMS 0x000000009e500000, 0x000000009e500000| Untracked 
| 486|0x000000009e600000, 0x000000009e600000, 0x000000009e700000|  0%| F|  |TAMS 0x000000009e600000, 0x000000009e600000| Untracked 
| 487|0x000000009e700000, 0x000000009e700000, 0x000000009e800000|  0%| F|  |TAMS 0x000000009e700000, 0x000000009e700000| Untracked 
| 488|0x000000009e800000, 0x000000009e800000, 0x000000009e900000|  0%| F|  |TAMS 0x000000009e800000, 0x000000009e800000| Untracked 
| 489|0x000000009e900000, 0x000000009e900000, 0x000000009ea00000|  0%| F|  |TAMS 0x000000009e900000, 0x000000009e900000| Untracked 
| 490|0x000000009ea00000, 0x000000009ea00000, 0x000000009eb00000|  0%| F|  |TAMS 0x000000009ea00000, 0x000000009ea00000| Untracked 
| 491|0x000000009eb00000, 0x000000009eb00000, 0x000000009ec00000|  0%| F|  |TAMS 0x000000009eb00000, 0x000000009eb00000| Untracked 
| 492|0x000000009ec00000, 0x000000009ec00000, 0x000000009ed00000|  0%| F|  |TAMS 0x000000009ec00000, 0x000000009ec00000| Untracked 
| 493|0x000000009ed00000, 0x000000009ed00000, 0x000000009ee00000|  0%| F|  |TAMS 0x000000009ed00000, 0x000000009ed00000| Untracked 
| 494|0x000000009ee00000, 0x000000009ee00000, 0x000000009ef00000|  0%| F|  |TAMS 0x000000009ee00000, 0x000000009ee00000| Untracked 
| 495|0x000000009ef00000, 0x000000009ef00000, 0x000000009f000000|  0%| F|  |TAMS 0x000000009ef00000, 0x000000009ef00000| Untracked 
| 496|0x000000009f000000, 0x000000009f000000, 0x000000009f100000|  0%| F|  |TAMS 0x000000009f000000, 0x000000009f000000| Untracked 
| 497|0x000000009f100000, 0x000000009f100000, 0x000000009f200000|  0%| F|  |TAMS 0x000000009f100000, 0x000000009f100000| Untracked 
| 498|0x000000009f200000, 0x000000009f200000, 0x000000009f300000|  0%| F|  |TAMS 0x000000009f200000, 0x000000009f200000| Untracked 
| 499|0x000000009f300000, 0x000000009f300000, 0x000000009f400000|  0%| F|  |TAMS 0x000000009f300000, 0x000000009f300000| Untracked 
| 500|0x000000009f400000, 0x000000009f400000, 0x000000009f500000|  0%| F|  |TAMS 0x000000009f400000, 0x000000009f400000| Untracked 
| 501|0x000000009f500000, 0x000000009f500000, 0x000000009f600000|  0%| F|  |TAMS 0x000000009f500000, 0x000000009f500000| Untracked 
| 502|0x000000009f600000, 0x000000009f600000, 0x000000009f700000|  0%| F|  |TAMS 0x000000009f600000, 0x000000009f600000| Untracked 
| 503|0x000000009f700000, 0x000000009f700000, 0x000000009f800000|  0%| F|  |TAMS 0x000000009f700000, 0x000000009f700000| Untracked 
| 504|0x000000009f800000, 0x000000009f800000, 0x000000009f900000|  0%| F|  |TAMS 0x000000009f800000, 0x000000009f800000| Untracked 
| 505|0x000000009f900000, 0x000000009f900000, 0x000000009fa00000|  0%| F|  |TAMS 0x000000009f900000, 0x000000009f900000| Untracked 
| 506|0x000000009fa00000, 0x000000009fa00000, 0x000000009fb00000|  0%| F|  |TAMS 0x000000009fa00000, 0x000000009fa00000| Untracked 
| 507|0x000000009fb00000, 0x000000009fb00000, 0x000000009fc00000|  0%| F|  |TAMS 0x000000009fb00000, 0x000000009fb00000| Untracked 
| 508|0x000000009fc00000, 0x000000009fc00000, 0x000000009fd00000|  0%| F|  |TAMS 0x000000009fc00000, 0x000000009fc00000| Untracked 
| 509|0x000000009fd00000, 0x000000009fd00000, 0x000000009fe00000|  0%| F|  |TAMS 0x000000009fd00000, 0x000000009fd00000| Untracked 
| 510|0x000000009fe00000, 0x000000009fe00000, 0x000000009ff00000|  0%| F|  |TAMS 0x000000009fe00000, 0x000000009fe00000| Untracked 
| 511|0x000000009ff00000, 0x000000009ff00000, 0x00000000a0000000|  0%| F|  |TAMS 0x000000009ff00000, 0x000000009ff00000| Untracked 
| 512|0x00000000a0000000, 0x00000000a0000000, 0x00000000a0100000|  0%| F|  |TAMS 0x00000000a0000000, 0x00000000a0000000| Untracked 
| 513|0x00000000a0100000, 0x00000000a0100000, 0x00000000a0200000|  0%| F|  |TAMS 0x00000000a0100000, 0x00000000a0100000| Untracked 
| 514|0x00000000a0200000, 0x00000000a0200000, 0x00000000a0300000|  0%| F|  |TAMS 0x00000000a0200000, 0x00000000a0200000| Untracked 
| 515|0x00000000a0300000, 0x00000000a0300000, 0x00000000a0400000|  0%| F|  |TAMS 0x00000000a0300000, 0x00000000a0300000| Untracked 
| 516|0x00000000a0400000, 0x00000000a0400000, 0x00000000a0500000|  0%| F|  |TAMS 0x00000000a0400000, 0x00000000a0400000| Untracked 
| 517|0x00000000a0500000, 0x00000000a0500000, 0x00000000a0600000|  0%| F|  |TAMS 0x00000000a0500000, 0x00000000a0500000| Untracked 
| 518|0x00000000a0600000, 0x00000000a0600000, 0x00000000a0700000|  0%| F|  |TAMS 0x00000000a0600000, 0x00000000a0600000| Untracked 
| 519|0x00000000a0700000, 0x00000000a0700000, 0x00000000a0800000|  0%| F|  |TAMS 0x00000000a0700000, 0x00000000a0700000| Untracked 
| 520|0x00000000a0800000, 0x00000000a0800000, 0x00000000a0900000|  0%| F|  |TAMS 0x00000000a0800000, 0x00000000a0800000| Untracked 

Card table byte_map: [0x0000026de6d80000,0x0000026de7180000] _byte_map_base: 0x0000026de6980000

Marking Bits (Prev, Next): (CMBitMap*) 0x0000026dcfb1ac80, (CMBitMap*) 0x0000026dcfb1acc0
 Prev Bits: [0x0000026de7580000, 0x0000026de9580000)
 Next Bits: [0x0000026de9580000, 0x0000026deb580000)

Polling page: 0x0000026dcd880000

Metaspace:

Usage:
  Non-class:     93.74 MB used.
      Class:     15.47 MB used.
       Both:    109.22 MB used.

Virtual space:
  Non-class space:      128.00 MB reserved,      94.19 MB ( 74%) committed,  2 nodes.
      Class space:        1.00 GB reserved,      15.94 MB (  2%) committed,  1 nodes.
             Both:        1.12 GB reserved,     110.12 MB ( 10%) committed. 

Chunk freelists:
   Non-Class:  1.08 MB
       Class:  32.00 KB
        Both:  1.11 MB

MaxMetaspaceSize: unlimited
CompressedClassSpaceSize: 1.00 GB
Initial GC threshold: 21.00 MB
Current GC threshold: 138.69 MB
CDS: on
MetaspaceReclaimPolicy: balanced
 - commit_granule_bytes: 65536.
 - commit_granule_words: 8192.
 - virtual_space_node_default_size: 8388608.
 - enlarge_chunks_in_place: 1.
 - new_chunks_are_fully_committed: 0.
 - uncommit_free_chunks: 1.
 - use_allocation_guard: 0.
 - handle_deallocations: 1.


Internal statistics:

num_allocs_failed_limit: 6.
num_arena_births: 1474.
num_arena_deaths: 0.
num_vsnodes_births: 3.
num_vsnodes_deaths: 0.
num_space_committed: 1762.
num_space_uncommitted: 0.
num_chunks_returned_to_freelist: 6.
num_chunks_taken_from_freelist: 6331.
num_chunk_merges: 6.
num_chunk_splits: 4140.
num_chunks_enlarged: 2699.
num_inconsistent_stats: 0.

CodeHeap 'non-profiled nmethods': size=120000Kb used=7870Kb max_used=8777Kb free=112129Kb
 bounds [0x0000026ddf100000, 0x0000026ddf9a0000, 0x0000026de6630000]
CodeHeap 'profiled nmethods': size=120000Kb used=24634Kb max_used=25660Kb free=95366Kb
 bounds [0x0000026dd7630000, 0x0000026dd8f60000, 0x0000026ddeb60000]
CodeHeap 'non-nmethods': size=5760Kb used=1774Kb max_used=1839Kb free=3985Kb
 bounds [0x0000026ddeb60000, 0x0000026ddedd0000, 0x0000026ddf100000]
 total_blobs=13675 nmethods=12802 adapters=783
 compilation: enabled
              stopped_count=0, restarted_count=0
 full_count=0

Compilation events (20 events):
Event: 43.616 Thread 0x0000026dedfd3e20 15693       2       com.android.tools.r8.graph.L4::g (64 bytes)
Event: 43.627 Thread 0x0000026dedfd3e20 nmethod 15693 0x0000026dd7a92290 code [0x0000026dd7a924a0, 0x0000026dd7a927d8]
Event: 43.627 Thread 0x0000026dedfd3e20 15694       3       com.android.tools.r8.graph.q4$$Lambda$2541/0x0000026d81f35c28::run (8 bytes)
Event: 43.627 Thread 0x0000026dedfd3e20 nmethod 15694 0x0000026dd8e2f310 code [0x0000026dd8e2f4c0, 0x0000026dd8e2f608]
Event: 43.627 Thread 0x0000026dedfd3e20 15697       3       com.android.tools.r8.internal.Gd::a (43 bytes)
Event: 43.627 Thread 0x0000026dedfd3e20 nmethod 15697 0x0000026dd7ae3a10 code [0x0000026dd7ae3be0, 0x0000026dd7ae3e98]
Event: 43.627 Thread 0x0000026dedfd3e20 15698   !   3       com.android.tools.r8.graph.q4::G0 (438 bytes)
Event: 43.630 Thread 0x0000026dedfd3e20 nmethod 15698 0x0000026dd8dcc310 code [0x0000026dd8dcc660, 0x0000026dd8dcdfd8]
Event: 43.641 Thread 0x0000026dedfd3e20 15699       2       com.android.tools.r8.internal.pb$$Lambda$2233/0x0000026d81ebe540::a (5 bytes)
Event: 43.642 Thread 0x0000026dedfd3e20 nmethod 15699 0x0000026dd7c20e10 code [0x0000026dd7c20fc0, 0x0000026dd7c21138]
Event: 43.642 Thread 0x0000026dedfd3e20 15700       2       com.android.tools.r8.internal.pb::a (19 bytes)
Event: 43.642 Thread 0x0000026dedfd3e20 nmethod 15700 0x0000026dd7c20a10 code [0x0000026dd7c20bc0, 0x0000026dd7c20cf8]
Event: 43.648 Thread 0x0000026dedfd3e20 15701       3       com.android.tools.r8.graph.l4::<init> (37 bytes)
Event: 43.648 Thread 0x0000026dedfd3e20 nmethod 15701 0x0000026dd7f59f10 code [0x0000026dd7f5a0c0, 0x0000026dd7f5a4b8]
Event: 43.655 Thread 0x0000026dff8ce7e0 nmethod 15689 0x0000026ddf8aaa10 code [0x0000026ddf8aac00, 0x0000026ddf8ab238]
Event: 43.655 Thread 0x0000026dff8ce7e0 15664       4       com.android.tools.r8.internal.wX::a (177 bytes)
Event: 43.656 Thread 0x0000026dedfd3e20 15702       2       java.lang.StringBuilder::append (6 bytes)
Event: 43.656 Thread 0x0000026dedfd3e20 nmethod 15702 0x0000026dd81b9090 code [0x0000026dd81b9240, 0x0000026dd81b9368]
Event: 43.663 Thread 0x0000026dff8ce7e0 nmethod 15664 0x0000026ddf947f90 code [0x0000026ddf948180, 0x0000026ddf9485d0]
Event: 43.663 Thread 0x0000026dff8ce7e0 15665       4       com.android.tools.r8.internal.wX$$Lambda$3044/0x0000026d81fdb6b0::accept (24 bytes)

GC Heap History (20 events):
Event: 39.888 GC heap after
{Heap after GC invocations=54 (full 0):
 garbage-first heap   total 313344K, used 195903K [0x0000000080000000, 0x0000000100000000)
  region size 1024K, 10 young (10240K), 10 survivors (10240K)
 Metaspace       used 102844K, committed 103744K, reserved 1179648K
  class space    used 14395K, committed 14848K, reserved 1048576K
}
Event: 40.156 GC heap before
{Heap before GC invocations=54 (full 0):
 garbage-first heap   total 313344K, used 251199K [0x0000000080000000, 0x0000000100000000)
  region size 1024K, 64 young (65536K), 10 survivors (10240K)
 Metaspace       used 103642K, committed 104512K, reserved 1179648K
  class space    used 14531K, committed 14976K, reserved 1048576K
}
Event: 40.165 GC heap after
{Heap after GC invocations=55 (full 0):
 garbage-first heap   total 313344K, used 210068K [0x0000000080000000, 0x0000000100000000)
  region size 1024K, 8 young (8192K), 8 survivors (8192K)
 Metaspace       used 103642K, committed 104512K, reserved 1179648K
  class space    used 14531K, committed 14976K, reserved 1048576K
}
Event: 40.348 GC heap before
{Heap before GC invocations=55 (full 0):
 garbage-first heap   total 313344K, used 255124K [0x0000000080000000, 0x0000000100000000)
  region size 1024K, 52 young (53248K), 8 survivors (8192K)
 Metaspace       used 104303K, committed 105216K, reserved 1179648K
  class space    used 14659K, committed 15104K, reserved 1048576K
}
Event: 40.357 GC heap after
{Heap after GC invocations=56 (full 0):
 garbage-first heap   total 414720K, used 223019K [0x0000000080000000, 0x0000000100000000)
  region size 1024K, 7 young (7168K), 7 survivors (7168K)
 Metaspace       used 104303K, committed 105216K, reserved 1179648K
  class space    used 14659K, committed 15104K, reserved 1048576K
}
Event: 40.866 GC heap before
{Heap before GC invocations=56 (full 0):
 garbage-first heap   total 414720K, used 320299K [0x0000000080000000, 0x0000000100000000)
  region size 1024K, 102 young (104448K), 7 survivors (7168K)
 Metaspace       used 105683K, committed 106624K, reserved 1179648K
  class space    used 14816K, committed 15296K, reserved 1048576K
}
Event: 40.892 GC heap after
{Heap after GC invocations=57 (full 0):
 garbage-first heap   total 414720K, used 243424K [0x0000000080000000, 0x0000000100000000)
  region size 1024K, 13 young (13312K), 13 survivors (13312K)
 Metaspace       used 105683K, committed 106624K, reserved 1179648K
  class space    used 14816K, committed 15296K, reserved 1048576K
}
Event: 41.280 GC heap before
{Heap before GC invocations=57 (full 0):
 garbage-first heap   total 414720K, used 326368K [0x0000000080000000, 0x0000000100000000)
  region size 1024K, 95 young (97280K), 13 survivors (13312K)
 Metaspace       used 106394K, committed 107328K, reserved 1179648K
  class space    used 14935K, committed 15424K, reserved 1048576K
}
Event: 41.317 GC heap after
{Heap after GC invocations=58 (full 0):
 garbage-first heap   total 414720K, used 260526K [0x0000000080000000, 0x0000000100000000)
  region size 1024K, 12 young (12288K), 12 survivors (12288K)
 Metaspace       used 106394K, committed 107328K, reserved 1179648K
  class space    used 14935K, committed 15424K, reserved 1048576K
}
Event: 41.648 GC heap before
{Heap before GC invocations=58 (full 0):
 garbage-first heap   total 414720K, used 333230K [0x0000000080000000, 0x0000000100000000)
  region size 1024K, 83 young (84992K), 12 survivors (12288K)
 Metaspace       used 107479K, committed 108416K, reserved 1179648K
  class space    used 15139K, committed 15616K, reserved 1048576K
}
Event: 41.666 GC heap after
{Heap after GC invocations=59 (full 0):
 garbage-first heap   total 414720K, used 279740K [0x0000000080000000, 0x0000000100000000)
  region size 1024K, 11 young (11264K), 11 survivors (11264K)
 Metaspace       used 107479K, committed 108416K, reserved 1179648K
  class space    used 15139K, committed 15616K, reserved 1048576K
}
Event: 41.915 GC heap before
{Heap before GC invocations=59 (full 0):
 garbage-first heap   total 414720K, used 339132K [0x0000000080000000, 0x0000000100000000)
  region size 1024K, 69 young (70656K), 11 survivors (11264K)
 Metaspace       used 108415K, committed 109376K, reserved 1179648K
  class space    used 15262K, committed 15744K, reserved 1048576K
}
Event: 41.942 GC heap after
{Heap after GC invocations=60 (full 0):
 garbage-first heap   total 533504K, used 292651K [0x0000000080000000, 0x0000000100000000)
  region size 1024K, 9 young (9216K), 9 survivors (9216K)
 Metaspace       used 108415K, committed 109376K, reserved 1179648K
  class space    used 15262K, committed 15744K, reserved 1048576K
}
Event: 42.306 GC heap before
{Heap before GC invocations=60 (full 0):
 garbage-first heap   total 533504K, used 412459K [0x0000000080000000, 0x0000000100000000)
  region size 1024K, 127 young (130048K), 9 survivors (9216K)
 Metaspace       used 108843K, committed 109760K, reserved 1179648K
  class space    used 15330K, committed 15808K, reserved 1048576K
}
Event: 42.352 GC heap after
{Heap after GC invocations=61 (full 0):
 garbage-first heap   total 533504K, used 320679K [0x0000000080000000, 0x0000000100000000)
  region size 1024K, 16 young (16384K), 16 survivors (16384K)
 Metaspace       used 108843K, committed 109760K, reserved 1179648K
  class space    used 15330K, committed 15808K, reserved 1048576K
}
Event: 42.693 GC heap before
{Heap before GC invocations=61 (full 0):
 garbage-first heap   total 533504K, used 421031K [0x0000000080000000, 0x0000000100000000)
  region size 1024K, 115 young (117760K), 16 survivors (16384K)
 Metaspace       used 109804K, committed 110720K, reserved 1179648K
  class space    used 15425K, committed 15872K, reserved 1048576K
}
Event: 42.740 GC heap after
{Heap after GC invocations=62 (full 0):
 garbage-first heap   total 533504K, used 345899K [0x0000000080000000, 0x0000000100000000)
  region size 1024K, 15 young (15360K), 15 survivors (15360K)
 Metaspace       used 109804K, committed 110720K, reserved 1179648K
  class space    used 15425K, committed 15872K, reserved 1048576K
}
Event: 43.363 GC heap before
{Heap before GC invocations=62 (full 0):
 garbage-first heap   total 533504K, used 429867K [0x0000000080000000, 0x0000000100000000)
  region size 1024K, 98 young (100352K), 15 survivors (15360K)
 Metaspace       used 111219K, committed 112128K, reserved 1179648K
  class space    used 15744K, committed 16192K, reserved 1048576K
}
Event: 43.405 GC heap after
{Heap after GC invocations=63 (full 0):
 garbage-first heap   total 533504K, used 364843K [0x0000000080000000, 0x0000000100000000)
  region size 1024K, 13 young (13312K), 13 survivors (13312K)
 Metaspace       used 111219K, committed 112128K, reserved 1179648K
  class space    used 15744K, committed 16192K, reserved 1048576K
}
Event: 43.668 GC heap before
{Heap before GC invocations=63 (full 0):
 garbage-first heap   total 533504K, used 437547K [0x0000000080000000, 0x0000000100000000)
  region size 1024K, 85 young (87040K), 13 survivors (13312K)
 Metaspace       used 111838K, committed 112768K, reserved 1179648K
  class space    used 15844K, committed 16320K, reserved 1048576K
}

Dll operation events (16 events):
Event: 0.020 Loaded shared library C:\Users\perez\.jdks\ms-17.0.18\bin\java.dll
Event: 0.048 Loaded shared library C:\Users\perez\.jdks\ms-17.0.18\bin\jsvml.dll
Event: 0.171 Loaded shared library C:\Users\perez\.jdks\ms-17.0.18\bin\zip.dll
Event: 0.179 Loaded shared library C:\Users\perez\.jdks\ms-17.0.18\bin\instrument.dll
Event: 0.194 Loaded shared library C:\Users\perez\.jdks\ms-17.0.18\bin\net.dll
Event: 0.201 Loaded shared library C:\Users\perez\.jdks\ms-17.0.18\bin\nio.dll
Event: 0.210 Loaded shared library C:\Users\perez\.jdks\ms-17.0.18\bin\zip.dll
Event: 0.780 Loaded shared library C:\Users\perez\.jdks\ms-17.0.18\bin\jimage.dll
Event: 1.229 Loaded shared library C:\Users\perez\.jdks\ms-17.0.18\bin\verify.dll
Event: 1.458 Loaded shared library C:\Users\perez\AndroidStudioProjects\MyApplication\native\1def1411415f61bf3af743bc5b6707747c0891f09f0c88961ee8f79bc544acac\windows-amd64\native-platform.dll
Event: 1.507 Loaded shared library C:\Users\perez\AndroidStudioProjects\MyApplication\native\0.2.7\x86_64-windows-gnu\gradle-fileevents.dll
Event: 5.459 Loaded shared library C:\Users\perez\.jdks\ms-17.0.18\bin\management.dll
Event: 5.470 Loaded shared library C:\Users\perez\.jdks\ms-17.0.18\bin\management_ext.dll
Event: 6.367 Loaded shared library C:\Users\perez\.jdks\ms-17.0.18\bin\extnet.dll
Event: 7.093 Loaded shared library C:\Users\perez\.jdks\ms-17.0.18\bin\sunmscapi.dll
Event: 38.909 Loaded shared library C:\Users\perez\.jdks\ms-17.0.18\bin\rmi.dll

Deoptimization events (20 events):
Event: 42.298 Thread 0x0000026dff0feb30 DEOPT PACKING pc=0x0000026ddf92fff4 sp=0x000000bdb0cf9df0
Event: 42.298 Thread 0x0000026dff0feb30 DEOPT UNPACKING pc=0x0000026ddebb69a3 sp=0x000000bdb0cf9da8 mode 2
Event: 42.864 Thread 0x0000026dff0f9f40 Uncommon trap: trap_request=0xffffff45 fr.pc=0x0000026ddf95d5bc relative=0x000000000000009c
Event: 42.864 Thread 0x0000026dff0fe620 Uncommon trap: trap_request=0xffffff45 fr.pc=0x0000026ddf95d5bc relative=0x000000000000009c
Event: 42.864 Thread 0x0000026df96f2ab0 Uncommon trap: trap_request=0xffffff45 fr.pc=0x0000026ddf95d5bc relative=0x000000000000009c
Event: 42.864 Thread 0x0000026df96f2ab0 Uncommon trap: reason=unstable_if action=reinterpret pc=0x0000026ddf95d5bc method=com.android.tools.r8.internal.E20.d(Lcom/android/tools/r8/internal/E20;)Z @ 7 c2
Event: 42.864 Thread 0x0000026dff0f9f40 Uncommon trap: reason=unstable_if action=reinterpret pc=0x0000026ddf95d5bc method=com.android.tools.r8.internal.E20.d(Lcom/android/tools/r8/internal/E20;)Z @ 7 c2
Event: 42.864 Thread 0x0000026dff0fe620 Uncommon trap: reason=unstable_if action=reinterpret pc=0x0000026ddf95d5bc method=com.android.tools.r8.internal.E20.d(Lcom/android/tools/r8/internal/E20;)Z @ 7 c2
Event: 42.864 Thread 0x0000026dff0ffa60 Uncommon trap: trap_request=0xffffff45 fr.pc=0x0000026ddf95d5bc relative=0x000000000000009c
Event: 42.864 Thread 0x0000026dff0f9f40 DEOPT PACKING pc=0x0000026ddf95d5bc sp=0x000000bdafdf7d60
Event: 42.864 Thread 0x0000026dff0f9f40 DEOPT UNPACKING pc=0x0000026ddebb69a3 sp=0x000000bdafdf7c98 mode 2
Event: 42.864 Thread 0x0000026df96f2ab0 DEOPT PACKING pc=0x0000026ddf95d5bc sp=0x000000bdb10fb180
Event: 42.864 Thread 0x0000026dff0fe620 DEOPT PACKING pc=0x0000026ddf95d5bc sp=0x000000bdb0bfb480
Event: 42.864 Thread 0x0000026dff0ffa60 Uncommon trap: reason=unstable_if action=reinterpret pc=0x0000026ddf95d5bc method=com.android.tools.r8.internal.E20.d(Lcom/android/tools/r8/internal/E20;)Z @ 7 c2
Event: 42.864 Thread 0x0000026df96f2ab0 DEOPT UNPACKING pc=0x0000026ddebb69a3 sp=0x000000bdb10fb0b8 mode 2
Event: 42.864 Thread 0x0000026dff0fe620 DEOPT UNPACKING pc=0x0000026ddebb69a3 sp=0x000000bdb0bfb3b8 mode 2
Event: 42.864 Thread 0x0000026dff0ffa60 DEOPT PACKING pc=0x0000026ddf95d5bc sp=0x000000bdb0ffb220
Event: 42.864 Thread 0x0000026dff0ffa60 DEOPT UNPACKING pc=0x0000026ddebb69a3 sp=0x000000bdb0ffb158 mode 2
Event: 43.353 Thread 0x0000026dff0fe620 DEOPT PACKING pc=0x0000026dd8e2e4ec sp=0x000000bdb0bfa440
Event: 43.353 Thread 0x0000026dff0fe620 DEOPT UNPACKING pc=0x0000026ddebb7143 sp=0x000000bdb0bf9910 mode 0

Classes loaded (20 events):
Event: 39.702 Loading class sun/rmi/transport/tcp/TCPTransport$ConnectionHandler
Event: 39.703 Loading class sun/rmi/transport/tcp/TCPTransport$ConnectionHandler done
Event: 39.732 Loading class sun/rmi/transport/Transport$1
Event: 39.732 Loading class sun/rmi/transport/Transport$1 done
Event: 39.734 Loading class sun/rmi/transport/DGCImpl$LeaseInfo
Event: 39.734 Loading class sun/rmi/transport/DGCImpl$LeaseInfo done
Event: 39.734 Loading class sun/rmi/transport/DGCImpl$1
Event: 39.734 Loading class sun/rmi/transport/DGCImpl$1 done
Event: 39.734 Loading class sun/rmi/transport/SequenceEntry
Event: 39.734 Loading class sun/rmi/transport/SequenceEntry done
Event: 39.820 Loading class java/util/concurrent/RejectedExecutionException
Event: 39.820 Loading class java/util/concurrent/RejectedExecutionException done
Event: 40.605 Loading class java/util/concurrent/ConcurrentLinkedQueue$Itr
Event: 40.607 Loading class java/util/concurrent/ConcurrentLinkedQueue$Itr done
Event: 40.703 Loading class java/util/IdentityHashMap$EntrySet
Event: 40.704 Loading class java/util/IdentityHashMap$EntrySet done
Event: 40.704 Loading class java/util/IdentityHashMap$EntryIterator
Event: 40.705 Loading class java/util/IdentityHashMap$EntryIterator done
Event: 40.705 Loading class java/util/IdentityHashMap$EntryIterator$Entry
Event: 40.705 Loading class java/util/IdentityHashMap$EntryIterator$Entry done

Classes unloaded (0 events):
No events

Classes redefined (0 events):
No events

Internal exceptions (20 events):
Event: 41.517 Thread 0x0000026dff0f9f40 Exception <a 'java/lang/IncompatibleClassChangeError'{0x0000000096c9e1e0}: Found class java.lang.Object, but interface was expected> (0x0000000096c9e1e0) 
thrown [s\src\hotspot\share\interpreter\linkResolver.cpp, line 826]
Event: 41.520 Thread 0x0000026dff0ffa60 Exception <a 'java/lang/NoSuchMethodError'{0x0000000097642610}: 'void java.lang.invoke.DirectMethodHandle$Holder.invokeInterface(java.lang.Object, java.lang.Object, java.lang.Object, int)'> (0x0000000097642610) 
thrown [s\src\hotspot\share\interpreter\linkResolver.cpp, line 759]
Event: 41.520 Thread 0x0000026df96f2ab0 Exception <a 'java/lang/NoSuchMethodError'{0x0000000096a00f88}: 'void java.lang.invoke.DirectMethodHandle$Holder.invokeInterface(java.lang.Object, java.lang.Object, java.lang.Object, int)'> (0x0000000096a00f88) 
thrown [s\src\hotspot\share\interpreter\linkResolver.cpp, line 759]
Event: 41.521 Thread 0x0000026dff0feb30 Exception <a 'java/lang/NoSuchMethodError'{0x0000000096da34a8}: 'void java.lang.invoke.DirectMethodHandle$Holder.invokeInterface(java.lang.Object, java.lang.Object, java.lang.Object, int)'> (0x0000000096da34a8) 
thrown [s\src\hotspot\share\interpreter\linkResolver.cpp, line 759]
Event: 41.557 Thread 0x0000026df96f2ab0 Implicit null exception at 0x0000026ddf95ec23 to 0x0000026ddf964110
Event: 41.557 Thread 0x0000026dff0fe620 Implicit null exception at 0x0000026ddf95ec23 to 0x0000026ddf964110
Event: 41.557 Thread 0x0000026dff0f9f40 Implicit null exception at 0x0000026ddf95ec23 to 0x0000026ddf964110
Event: 41.557 Thread 0x0000026df96f2ab0 Implicit null exception at 0x0000026ddf97b70d to 0x0000026ddf97ba78
Event: 41.557 Thread 0x0000026dff0fe620 Implicit null exception at 0x0000026ddf97b70d to 0x0000026ddf97ba78
Event: 41.557 Thread 0x0000026dff0f9f40 Implicit null exception at 0x0000026ddf97b70d to 0x0000026ddf97ba78
Event: 41.559 Thread 0x0000026dff0fe620 Implicit null exception at 0x0000026ddf97b70d to 0x0000026ddf97ba78
Event: 41.559 Thread 0x0000026df96f2ab0 Implicit null exception at 0x0000026ddf97b70d to 0x0000026ddf97ba78
Event: 41.559 Thread 0x0000026dff0f9f40 Implicit null exception at 0x0000026ddf97b70d to 0x0000026ddf97ba78
Event: 42.798 Thread 0x0000026dff0fe620 Exception <a 'java/lang/NoSuchMethodError'{0x000000009f990cc8}: 'java.lang.Object java.lang.invoke.DirectMethodHandle$Holder.invokeStatic(java.lang.Object, int, java.lang.Object, java.lang.Object)'> (0x000000009f990cc8) 
thrown [s\src\hotspot\share\interpreter\linkResolver.cpp, line 759]
Event: 42.798 Thread 0x0000026dff0ffa60 Exception <a 'java/lang/NoSuchMethodError'{0x000000009fbc4980}: 'java.lang.Object java.lang.invoke.DirectMethodHandle$Holder.invokeStatic(java.lang.Object, int, java.lang.Object, java.lang.Object)'> (0x000000009fbc4980) 
thrown [s\src\hotspot\share\interpreter\linkResolver.cpp, line 759]
Event: 42.799 Thread 0x0000026dff0feb30 Exception <a 'java/lang/NoSuchMethodError'{0x000000009f784a40}: 'java.lang.Object java.lang.invoke.DirectMethodHandle$Holder.invokeStatic(java.lang.Object, int, java.lang.Object, java.lang.Object)'> (0x000000009f784a40) 
thrown [s\src\hotspot\share\interpreter\linkResolver.cpp, line 759]
Event: 42.801 Thread 0x0000026dff0ffa60 Exception <a 'java/lang/NoSuchMethodError'{0x000000009f624ce8}: 'java.lang.Object java.lang.invoke.DirectMethodHandle$Holder.invokeStatic(java.lang.Object, java.lang.Object, int, java.lang.Object, java.lang.Object)'> (0x000000009f624ce8) 
thrown [s\src\hotspot\share\interpreter\linkResolver.cpp, line 759]
Event: 42.801 Thread 0x0000026dff0fe620 Exception <a 'java/lang/NoSuchMethodError'{0x000000009f613f38}: 'java.lang.Object java.lang.invoke.DirectMethodHandle$Holder.invokeStatic(java.lang.Object, java.lang.Object, int, java.lang.Object, java.lang.Object)'> (0x000000009f613f38) 
thrown [s\src\hotspot\share\interpreter\linkResolver.cpp, line 759]
Event: 43.638 Thread 0x0000026dff0fe620 Exception <a 'java/lang/IncompatibleClassChangeError'{0x000000009cf0ce88}: Found class java.lang.Object, but interface was expected> (0x000000009cf0ce88) 
thrown [s\src\hotspot\share\interpreter\linkResolver.cpp, line 826]
Event: 43.639 Thread 0x0000026dff0fe620 Exception <a 'java/lang/IncompatibleClassChangeError'{0x000000009ce81cf8}: Found class java.lang.Object, but interface was expected> (0x000000009ce81cf8) 
thrown [s\src\hotspot\share\interpreter\linkResolver.cpp, line 826]

VM Operations (20 events):
Event: 42.223 Executing VM operation: HandshakeAllThreads done
Event: 42.283 Executing VM operation: HandshakeAllThreads
Event: 42.287 Executing VM operation: HandshakeAllThreads done
Event: 42.294 Executing VM operation: HandshakeAllThreads
Event: 42.297 Executing VM operation: HandshakeAllThreads done
Event: 42.306 Executing VM operation: G1CollectForAllocation
Event: 42.352 Executing VM operation: G1CollectForAllocation done
Event: 42.690 Executing VM operation: G1CollectForAllocation
Event: 42.740 Executing VM operation: G1CollectForAllocation done
Event: 43.246 Executing VM operation: HandshakeAllThreads
Event: 43.247 Executing VM operation: HandshakeAllThreads done
Event: 43.363 Executing VM operation: G1CollectForAllocation
Event: 43.405 Executing VM operation: G1CollectForAllocation done
Event: 43.590 Executing VM operation: HandshakeAllThreads
Event: 43.598 Executing VM operation: HandshakeAllThreads done
Event: 43.618 Executing VM operation: HandshakeAllThreads
Event: 43.626 Executing VM operation: HandshakeAllThreads done
Event: 43.634 Executing VM operation: HandshakeAllThreads
Event: 43.635 Executing VM operation: HandshakeAllThreads done
Event: 43.668 Executing VM operation: G1CollectForAllocation

Memory protections (0 events):
No events

Nmethod flushes (20 events):
Event: 42.046 Thread 0x0000026dedfe4ef0 flushing  nmethod 0x0000026dd8e5af90
Event: 42.046 Thread 0x0000026dedfe4ef0 flushing  nmethod 0x0000026dd8e5b890
Event: 42.046 Thread 0x0000026dedfe4ef0 flushing  nmethod 0x0000026dd8e5c110
Event: 42.046 Thread 0x0000026dedfe4ef0 flushing  nmethod 0x0000026dd8e5c490
Event: 42.046 Thread 0x0000026dedfe4ef0 flushing  nmethod 0x0000026dd8e5d010
Event: 42.046 Thread 0x0000026dedfe4ef0 flushing  nmethod 0x0000026dd8e5d890
Event: 42.046 Thread 0x0000026dedfe4ef0 flushing  nmethod 0x0000026dd8e62f90
Event: 42.046 Thread 0x0000026dedfe4ef0 flushing  nmethod 0x0000026dd8e63610
Event: 42.046 Thread 0x0000026dedfe4ef0 flushing  nmethod 0x0000026dd8e64410
Event: 42.046 Thread 0x0000026dedfe4ef0 flushing  nmethod 0x0000026dd8e64c10
Event: 42.046 Thread 0x0000026dedfe4ef0 flushing  nmethod 0x0000026dd8e64f90
Event: 42.046 Thread 0x0000026dedfe4ef0 flushing  nmethod 0x0000026dd8e65b90
Event: 42.046 Thread 0x0000026dedfe4ef0 flushing  nmethod 0x0000026dd8e66790
Event: 42.046 Thread 0x0000026dedfe4ef0 flushing  nmethod 0x0000026dd8e67590
Event: 42.046 Thread 0x0000026dedfe4ef0 flushing  nmethod 0x0000026dd8e67d90
Event: 42.046 Thread 0x0000026dedfe4ef0 flushing  nmethod 0x0000026dd8e68690
Event: 42.046 Thread 0x0000026dedfe4ef0 flushing  nmethod 0x0000026dd8e77490
Event: 42.046 Thread 0x0000026dedfe4ef0 flushing  nmethod 0x0000026dd8e8b810
Event: 42.046 Thread 0x0000026dedfe4ef0 flushing  nmethod 0x0000026dd8ea6d90
Event: 42.046 Thread 0x0000026dedfe4ef0 flushing  nmethod 0x0000026dd8ebd210

Events (20 events):
Event: 35.499 Thread 0x0000026dff0fbda0 Thread added: 0x0000026df8de88c0
Event: 35.714 Thread 0x0000026dff0fbda0 Thread added: 0x0000026df8de8dd0
Event: 35.715 Thread 0x0000026dff0fbda0 Thread added: 0x0000026df8de6040
Event: 35.715 Thread 0x0000026dff0fbda0 Thread added: 0x0000026df8de92e0
Event: 35.715 Thread 0x0000026dff0fbda0 Thread added: 0x0000026df8de9d00
Event: 35.716 Thread 0x0000026dff0fbda0 Thread added: 0x0000026df8dea210
Event: 35.716 Thread 0x0000026dff0fbda0 Thread added: 0x0000026df8de6a60
Event: 35.716 Thread 0x0000026dff0fbda0 Thread added: 0x0000026df8deb650
Event: 35.863 Thread 0x0000026dff0fbda0 Thread added: 0x0000026df8dea720
Event: 36.969 Thread 0x0000026df358e5b0 Thread exited: 0x0000026df358e5b0
Event: 37.141 Thread 0x0000026dedfd3e20 Thread added: 0x0000026dff8cd7f0
Event: 38.067 Thread 0x0000026dff0fbda0 Thread added: 0x0000026df8deb140
Event: 38.845 Thread 0x0000026df8deb140 Thread added: 0x0000026df8dec070
Event: 38.871 Thread 0x0000026df8deb140 Thread added: 0x0000026df68fbae0
Event: 38.913 Thread 0x0000026df8deb140 Thread added: 0x0000026df4dca1c0
Event: 39.431 Thread 0x0000026df8deb140 Thread added: 0x0000026df4dca6d0
Event: 39.432 Thread 0x0000026df8deb140 Thread added: 0x0000026df4dcb0f0
Event: 39.703 Thread 0x0000026df4dca6d0 Thread added: 0x0000026df4dcbb10
Event: 40.204 Thread 0x0000026dff8cd7f0 Thread exited: 0x0000026dff8cd7f0
Event: 40.468 Thread 0x0000026dedfd3e20 Thread added: 0x0000026dff8ce7e0


Dynamic libraries:
0x00007ff6a3520000 - 0x00007ff6a352e000 	C:\Users\perez\.jdks\ms-17.0.18\bin\java.exe
0x00007ffcc1c40000 - 0x00007ffcc1ea7000 	C:\WINDOWS\SYSTEM32\ntdll.dll
0x00007ffcc1440000 - 0x00007ffcc1509000 	C:\WINDOWS\System32\KERNEL32.DLL
0x00007ffcbf5e0000 - 0x00007ffcbf9d1000 	C:\WINDOWS\System32\KERNELBASE.dll
0x00007ffcbf1c0000 - 0x00007ffcbf30b000 	C:\WINDOWS\System32\ucrtbase.dll
0x00007ffc78410000 - 0x00007ffc7842e000 	C:\Users\perez\.jdks\ms-17.0.18\bin\VCRUNTIME140.dll
0x00007ffc78bd0000 - 0x00007ffc78be8000 	C:\Users\perez\.jdks\ms-17.0.18\bin\jli.dll
0x00007ffcc04a0000 - 0x00007ffcc0665000 	C:\WINDOWS\System32\USER32.dll
0x00007ffca1900000 - 0x00007ffca1b93000 	C:\WINDOWS\WinSxS\amd64_microsoft.windows.common-controls_6595b64144ccf1df_6.0.26100.8037_none_3e092faae333b53b\COMCTL32.dll
0x00007ffcbf440000 - 0x00007ffcbf467000 	C:\WINDOWS\System32\win32u.dll
0x00007ffcbffb0000 - 0x00007ffcc0059000 	C:\WINDOWS\System32\msvcrt.dll
0x00007ffcbff00000 - 0x00007ffcbff2b000 	C:\WINDOWS\System32\GDI32.dll
0x00007ffcbf310000 - 0x00007ffcbf43b000 	C:\WINDOWS\System32\gdi32full.dll
0x00007ffcbf530000 - 0x00007ffcbf5d3000 	C:\WINDOWS\System32\msvcp_win.dll
0x00007ffcc01d0000 - 0x00007ffcc0201000 	C:\WINDOWS\System32\IMM32.DLL
0x00007ffc78710000 - 0x00007ffc7871c000 	C:\Users\perez\.jdks\ms-17.0.18\bin\vcruntime140_1.dll
0x00007ffc65c00000 - 0x00007ffc65c89000 	C:\Users\perez\.jdks\ms-17.0.18\bin\msvcp140.dll
0x00007ffb979a0000 - 0x00007ffb9861a000 	C:\Users\perez\.jdks\ms-17.0.18\bin\server\jvm.dll
0x00007ffcc1590000 - 0x00007ffcc164b000 	C:\WINDOWS\System32\ADVAPI32.dll
0x00007ffcbfa90000 - 0x00007ffcbfb37000 	C:\WINDOWS\System32\sechost.dll
0x00007ffcbfc00000 - 0x00007ffcbfd18000 	C:\WINDOWS\System32\RPCRT4.dll
0x00007ffcbff30000 - 0x00007ffcbffa4000 	C:\WINDOWS\System32\WS2_32.dll
0x00007ffcb8930000 - 0x00007ffcb8965000 	C:\WINDOWS\SYSTEM32\WINMM.dll
0x00007ffcb8970000 - 0x00007ffcb897b000 	C:\WINDOWS\SYSTEM32\VERSION.dll
0x00007ffcbe380000 - 0x00007ffcbe3de000 	C:\WINDOWS\SYSTEM32\POWRPROF.dll
0x00007ffcbe360000 - 0x00007ffcbe374000 	C:\WINDOWS\SYSTEM32\UMPDC.dll
0x00007ffcbd2b0000 - 0x00007ffcbd2cb000 	C:\WINDOWS\SYSTEM32\kernel.appcore.dll
0x00007ffc784e0000 - 0x00007ffc784ea000 	C:\Users\perez\.jdks\ms-17.0.18\bin\jimage.dll
0x00007ffcb32c0000 - 0x00007ffcb3502000 	C:\WINDOWS\SYSTEM32\DBGHELP.DLL
0x00007ffcc1650000 - 0x00007ffcc19d2000 	C:\WINDOWS\System32\combase.dll
0x00007ffcc0210000 - 0x00007ffcc02e7000 	C:\WINDOWS\System32\OLEAUT32.dll
0x00007ffca0680000 - 0x00007ffca06bb000 	C:\WINDOWS\SYSTEM32\dbgcore.DLL
0x00007ffcbe5b0000 - 0x00007ffcbe655000 	C:\WINDOWS\System32\bcryptPrimitives.dll
0x00007ffc870d0000 - 0x00007ffc870df000 	C:\Users\perez\.jdks\ms-17.0.18\bin\instrument.dll
0x00007ffc783d0000 - 0x00007ffc783f6000 	C:\Users\perez\.jdks\ms-17.0.18\bin\java.dll
0x00007ffc46e80000 - 0x00007ffc46f56000 	C:\Users\perez\.jdks\ms-17.0.18\bin\jsvml.dll
0x00007ffcc0cc0000 - 0x00007ffcc141f000 	C:\WINDOWS\System32\SHELL32.dll
0x00007ffcbeed0000 - 0x00007ffcbf03a000 	C:\WINDOWS\System32\wintypes.dll
0x00007ffcbe660000 - 0x00007ffcbeec4000 	C:\WINDOWS\System32\windows.storage.dll
0x00007ffcc00d0000 - 0x00007ffcc01c7000 	C:\WINDOWS\System32\SHCORE.dll
0x00007ffcc0060000 - 0x00007ffcc00c7000 	C:\WINDOWS\System32\shlwapi.dll
0x00007ffcbe440000 - 0x00007ffcbe469000 	C:\WINDOWS\SYSTEM32\profapi.dll
0x00007ffc783b0000 - 0x00007ffc783c8000 	C:\Users\perez\.jdks\ms-17.0.18\bin\zip.dll
0x00007ffc78390000 - 0x00007ffc783ab000 	C:\Users\perez\.jdks\ms-17.0.18\bin\net.dll
0x00007ffcb5ad0000 - 0x00007ffcb5bf7000 	C:\WINDOWS\SYSTEM32\WINHTTP.dll
0x00007ffcbd820000 - 0x00007ffcbd88b000 	C:\WINDOWS\system32\mswsock.dll
0x00007ffc76ac0000 - 0x00007ffc76ad6000 	C:\Users\perez\.jdks\ms-17.0.18\bin\nio.dll
0x00007ffc65e60000 - 0x00007ffc65e70000 	C:\Users\perez\.jdks\ms-17.0.18\bin\verify.dll
0x00007ffc76b00000 - 0x00007ffc76b27000 	C:\Users\perez\AndroidStudioProjects\MyApplication\native\1def1411415f61bf3af743bc5b6707747c0891f09f0c88961ee8f79bc544acac\windows-amd64\native-platform.dll
0x00007ffc628b0000 - 0x00007ffc62928000 	C:\Users\perez\AndroidStudioProjects\MyApplication\native\0.2.7\x86_64-windows-gnu\gradle-fileevents.dll
0x00007ffc65e50000 - 0x00007ffc65e5a000 	C:\Users\perez\.jdks\ms-17.0.18\bin\management.dll
0x00007ffc65e40000 - 0x00007ffc65e4c000 	C:\Users\perez\.jdks\ms-17.0.18\bin\management_ext.dll
0x00007ffcc02f0000 - 0x00007ffcc02f8000 	C:\WINDOWS\System32\PSAPI.DLL
0x00007ffcbcc80000 - 0x00007ffcbccb3000 	C:\WINDOWS\SYSTEM32\IPHLPAPI.DLL
0x00007ffcc0cb0000 - 0x00007ffcc0cba000 	C:\WINDOWS\System32\NSI.dll
0x00007ffcb8910000 - 0x00007ffcb892d000 	C:\WINDOWS\SYSTEM32\dhcpcsvc6.DLL
0x00007ffcb8840000 - 0x00007ffcb8863000 	C:\WINDOWS\SYSTEM32\dhcpcsvc.DLL
0x00007ffcbcce0000 - 0x00007ffcbce0a000 	C:\WINDOWS\SYSTEM32\DNSAPI.dll
0x00007ffc65bf0000 - 0x00007ffc65bf9000 	C:\Users\perez\.jdks\ms-17.0.18\bin\extnet.dll
0x00007ffcbdb00000 - 0x00007ffcbdb1b000 	C:\WINDOWS\SYSTEM32\CRYPTSP.dll
0x00007ffcbd210000 - 0x00007ffcbd249000 	C:\WINDOWS\system32\rsaenh.dll
0x00007ffcbd8d0000 - 0x00007ffcbd902000 	C:\WINDOWS\SYSTEM32\USERENV.dll
0x00007ffcbe410000 - 0x00007ffcbe43a000 	C:\WINDOWS\SYSTEM32\bcrypt.dll
0x00007ffcbdb20000 - 0x00007ffcbdb2c000 	C:\WINDOWS\SYSTEM32\CRYPTBASE.dll
0x00007ffc78df0000 - 0x00007ffc78dfe000 	C:\Users\perez\.jdks\ms-17.0.18\bin\sunmscapi.dll
0x00007ffcbf040000 - 0x00007ffcbf1b7000 	C:\WINDOWS\System32\CRYPT32.dll
0x00007ffcbdd20000 - 0x00007ffcbdd50000 	C:\WINDOWS\SYSTEM32\ncrypt.dll
0x00007ffcbdcd0000 - 0x00007ffcbdd0f000 	C:\WINDOWS\SYSTEM32\NTASN1.dll
0x00007ffc94b60000 - 0x00007ffc94b68000 	C:\WINDOWS\system32\wshunix.dll
0x00007ffc96cd0000 - 0x00007ffc96ce8000 	C:\WINDOWS\system32\napinsp.dll
0x00007ffc96cb0000 - 0x00007ffc96cc2000 	C:\WINDOWS\System32\winrnr.dll
0x00007ffc96c80000 - 0x00007ffc96ca2000 	C:\WINDOWS\system32\nlansp_c.dll
0x00007ffc96c00000 - 0x00007ffc96c16000 	C:\WINDOWS\system32\wshbth.dll
0x00007ffcb4c20000 - 0x00007ffcb4c2b000 	C:\Windows\System32\rasadhlp.dll
0x00007ffcb91b0000 - 0x00007ffcb9236000 	C:\WINDOWS\System32\fwpuclnt.dll
0x00007ffc5b610000 - 0x00007ffc5b617000 	C:\Users\perez\.jdks\ms-17.0.18\bin\rmi.dll

dbghelp: loaded successfully - version: 4.0.5 - missing functions: none
symbol engine: initialized successfully - sym options: 0x614 - pdb path: .;C:\Users\perez\.jdks\ms-17.0.18\bin;C:\WINDOWS\SYSTEM32;C:\WINDOWS\WinSxS\amd64_microsoft.windows.common-controls_6595b64144ccf1df_6.0.26100.8037_none_3e092faae333b53b;C:\Users\perez\.jdks\ms-17.0.18\bin\server;C:\Users\perez\AndroidStudioProjects\MyApplication\native\1def1411415f61bf3af743bc5b6707747c0891f09f0c88961ee8f79bc544acac\windows-amd64;C:\Users\perez\AndroidStudioProjects\MyApplication\native\0.2.7\x86_64-windows-gnu

VM Arguments:
jvm_args: --add-opens=java.base/java.lang=ALL-UNNAMED --add-opens=java.base/java.lang.invoke=ALL-UNNAMED --add-opens=java.base/java.util=ALL-UNNAMED --add-opens=java.prefs/java.util.prefs=ALL-UNNAMED --add-exports=jdk.compiler/com.sun.tools.javac.api=ALL-UNNAMED --add-exports=jdk.compiler/com.sun.tools.javac.util=ALL-UNNAMED --add-opens=java.base/java.util=ALL-UNNAMED --add-opens=java.prefs/java.util.prefs=ALL-UNNAMED --add-opens=java.base/java.nio.charset=ALL-UNNAMED --add-opens=java.base/java.net=ALL-UNNAMED --add-opens=java.base/java.util.concurrent.atomic=ALL-UNNAMED --add-opens=java.xml/javax.xml.namespace=ALL-UNNAMED -Xmx2048m -Dfile.encoding=UTF-8 -Duser.country=CO -Duser.language=es -Duser.variant -javaagent:C:\Users\perez\AndroidStudioProjects\MyApplication\wrapper\dists\gradle-8.13-bin\5xuhj0ry160q40clulazy9h7d\gradle-8.13\lib\agents\gradle-instrumentation-agent-8.13.jar 
java_command: org.gradle.launcher.daemon.bootstrap.GradleDaemon 8.13
java_class_path (initial): C:\Users\perez\AndroidStudioProjects\MyApplication\wrapper\dists\gradle-8.13-bin\5xuhj0ry160q40clulazy9h7d\gradle-8.13\lib\gradle-daemon-main-8.13.jar
Launcher Type: SUN_STANDARD

[Global flags]
     intx CICompilerCount                          = 4                                         {product} {ergonomic}
     uint ConcGCThreads                            = 2                                         {product} {ergonomic}
     uint G1ConcRefinementThreads                  = 8                                         {product} {ergonomic}
   size_t G1HeapRegionSize                         = 1048576                                   {product} {ergonomic}
    uintx GCDrainStackTargetSize                   = 64                                        {product} {ergonomic}
   size_t InitialHeapSize                          = 123731968                                 {product} {ergonomic}
   size_t MarkStackSize                            = 4194304                                   {product} {ergonomic}
   size_t MaxHeapSize                              = 2147483648                                {product} {command line}
   size_t MaxNewSize                               = 1287651328                                {product} {ergonomic}
   size_t MinHeapDeltaBytes                        = 1048576                                   {product} {ergonomic}
   size_t MinHeapSize                              = 8388608                                   {product} {ergonomic}
    uintx NonNMethodCodeHeapSize                   = 5839372                                {pd product} {ergonomic}
    uintx NonProfiledCodeHeapSize                  = 122909434                              {pd product} {ergonomic}
    uintx ProfiledCodeHeapSize                     = 122909434                              {pd product} {ergonomic}
    uintx ReservedCodeCacheSize                    = 251658240                              {pd product} {ergonomic}
     bool SegmentedCodeCache                       = true                                      {product} {ergonomic}
   size_t SoftMaxHeapSize                          = 2147483648                             {manageable} {ergonomic}
     bool UseCompressedClassPointers               = true                           {product lp64_product} {ergonomic}
     bool UseCompressedOops                        = true                           {product lp64_product} {ergonomic}
     bool UseG1GC                                  = true                                      {product} {ergonomic}
     bool UseLargePagesIndividualAllocation        = false                                  {pd product} {ergonomic}

Logging:
Log output configuration:
 #0: stdout all=warning uptime,level,tags
 #1: stderr all=off uptime,level,tags

Environment Variables:
PATH=C:\Program Files\dotnet\;C:\ORECLE\dbhomeXE\bin;C:\app\perez\product\21c\dbhomeXE\bin;C:\Program Files\Common Files\Oracle\Java\javapath;C:\Program Files (x86)\Common Files\Oracle\Java\javapath;C:\WINDOWS\system32;C:\WINDOWS;C:\WINDOWS\System32\Wbem;C:\WINDOWS\System32\WindowsPowerShell\v1.0\;C:\WINDOWS\System32\OpenSSH\;C:\Program Files\HP\HP One Agent;C:\Program Files (x86)\Microsoft SQL Server\160\Tools\Binn\;C:\Program Files\Microsoft SQL Server\160\Tools\Binn\;C:\Program Files\Microsoft SQL Server\Client SDK\ODBC\170\Tools\Binn\;C:\Program Files\Microsoft SQL Server\160\DTS\Binn\;C:\Program Files (x86)\Microsoft SQL Server\160\DTS\Binn\;C:\Program Files\Microsoft SQL Server\150\Tools\Binn\;C:\xampp\php;C:\ProgramData\ComposerSetup\bin;C:\flutter\bin;C:\Users\perez\AppData\Local\Android\Sdk\platform-tools;C:\Program Files\Git\cmd;C:\Program Files\nodejs\;C:\WINDOWS\system32;C:\WINDOWS;C:\WINDOWS\System32\Wbem;C:\WINDOWS\System32\WindowsPowerShell\v1.0\;C:\WINDOWS\System32\OpenSSH\;C:\Program Files\ngrok;C:\Program Files\cursor\resources\app\bin;C:\Users\perez\.config\herd\bin\nvm;C:\Program Files\nodejs;C:\Users\perez\.config\herd\bin;C:\Users\perez\AppData\Local\Programs\Python\Python313\Scripts\;C:\Users\perez\AppData\Local\Programs\Python\Python313\;C:\Users\perez\AppData\Local\Programs\oh-my-posh\bin\;C:\Program Files\MySQL\MySQL Shell 8.0\bin\;C:\xampp\php\php.exe;C:\Users\perez\AppData\Local\Programs\Microsoft VS Code\bin;C:\Users\perez\AppData\Roaming\Composer\vendor\bin;C:\Users\perez\AppData\Local\GitHubDesktop\bin;C:\Users\perez\.dotnet\tools;C:\Users\perez\.deno\bin;C:\Users\perez\AppData\Roaming\npm;C:\Users\perez\AppData\Local\Microsoft\WindowsApps;C:\ngrok;C:\Users\perez\AppData\Local\Programs\Antigravity\bin;C:\Users\perez\AppData\Local\Programs\Ollama
USERNAME=perez
OS=Windows_NT
PROCESSOR_IDENTIFIER=AMD64 Family 23 Model 104 Stepping 1, AuthenticAMD
TMP=C:\Users\perez\AppData\Local\Temp
TEMP=C:\Users\perez\AppData\Local\Temp



Periodic native trim disabled


---------------  S Y S T E M  ---------------

OS:
 Windows 11 , 64 bit Build 26100 (10.0.26100.7920)
OS uptime: 0 days 5:22 hours
Hyper-V role detected

CPU: total 8 (initial active 8) (8 cores per cpu, 2 threads per core) family 23 model 104 stepping 1 microcode 0x8608107, cx8, cmov, fxsr, ht, mmx, 3dnowpref, sse, sse2, sse3, ssse3, sse4a, sse4.1, sse4.2, popcnt, lzcnt, tsc, tscinvbit, avx, avx2, aes, clmul, bmi1, bmi2, adx, sha, fma, vzeroupper, clflush, clflushopt, hv
Processor Information for the first 8 processors :
  Max Mhz: 2600, Current Mhz: 2600, Mhz Limit: 2600

Memory: 4k page, system-wide physical 7502M (652M free)
TotalPageFile size 30030M (AvailPageFile size 58M)
current process WorkingSet (physical memory assigned to process): 467M, peak: 563M
current process commit charge ("private bytes"): 898M, peak: 1128M

vm_info: OpenJDK 64-Bit Server VM (17.0.18+8-LTS) for windows-amd64 JRE (17.0.18+8-LTS), built on Jan 15 2026 18:50:45 by "MicrosoftCorporation" with MS VC++ 17.14 (VS2022)

END.
