#
# There is insufficient memory for the Java Runtime Environment to continue.
# Native memory allocation (mmap) failed to map 525336576 bytes. Error detail: G1 virtual space
# Possible reasons:
#   The system is out of physical RAM or swap space
#   This process is running with CompressedOops enabled, and the Java Heap may be blocking the growth of the native heap
# Possible solutions:
#   Reduce memory load on the system
#   Increase physical memory or swap space
#   Check if swap backing store is full
#   Decrease Java heap size (-Xmx/-Xms)
#   Decrease number of Java threads
#   Decrease Java thread stack sizes (-Xss)
#   Set larger code cache with -XX:ReservedCodeCacheSize=
#   JVM is running with Unscaled Compressed Oops mode in which the Java heap is
#     placed in the first 4GB address space. The Java Heap base address is the
#     maximum limit for the native heap growth. Please use -XX:HeapBaseMinAddress
#     to set the Java Heap base and to place the Java Heap above 4GB virtual address.
# This output file may be truncated or incomplete.
#
#  Out of Memory Error (os_windows.cpp:3815), pid=28152, tid=29992
#
# JRE version: OpenJDK Runtime Environment (21.0.3) (build 21.0.3+-12282718-b509.11)
# Java VM: OpenJDK 64-Bit Server VM (21.0.3+-12282718-b509.11, mixed mode, tiered, compressed oops, compressed class ptrs, g1 gc, windows-amd64)
# No core dump will be written. Minidumps are not enabled by default on client versions of Windows
#

---------------  S U M M A R Y ------------

Command Line: --add-opens=java.base/java.lang=ALL-UNNAMED --add-opens=java.base/java.lang.invoke=ALL-UNNAMED --add-opens=java.base/java.util=ALL-UNNAMED --add-opens=java.prefs/java.util.prefs=ALL-UNNAMED --add-exports=jdk.compiler/com.sun.tools.javac.api=ALL-UNNAMED --add-exports=jdk.compiler/com.sun.tools.javac.util=ALL-UNNAMED --add-opens=java.base/java.util=ALL-UNNAMED --add-opens=java.prefs/java.util.prefs=ALL-UNNAMED --add-opens=java.base/java.nio.charset=ALL-UNNAMED --add-opens=java.base/java.net=ALL-UNNAMED --add-opens=java.base/java.util.concurrent.atomic=ALL-UNNAMED --add-opens=java.xml/javax.xml.namespace=ALL-UNNAMED -Xmx2048m -Dfile.encoding=UTF-8 -Duser.country=CO -Duser.language=es -Duser.variant -javaagent:C:\Users\perez\AndroidStudioProjects\MyApplication\wrapper\dists\gradle-8.13-bin\5xuhj0ry160q40clulazy9h7d\gradle-8.13\lib\agents\gradle-instrumentation-agent-8.13.jar org.gradle.launcher.daemon.bootstrap.GradleDaemon 8.13

Host: AMD Ryzen 3 5300U with Radeon Graphics         , 8 cores, 7G,  Windows 11 , 64 bit Build 26100 (10.0.26100.7705)
Time: Thu Feb 19 15:12:07 2026 Hora est. Pacífico, Sudamérica elapsed time: 3346.945449 seconds (0d 0h 55m 46s)

---------------  T H R E A D  ---------------

Current thread (0x000001ed2261c870):  VMThread "VM Thread"          [id=29992, stack(0x000000aa26b00000,0x000000aa26c00000) (1024K)]

Stack: [0x000000aa26b00000,0x000000aa26c00000]
Native frames: (J=compiled Java code, j=interpreted, Vv=VM code, C=native code)
V  [jvm.dll+0x6cafb9]
V  [jvm.dll+0x858523]
V  [jvm.dll+0x85aa7e]
V  [jvm.dll+0x85b163]
V  [jvm.dll+0x27d356]
V  [jvm.dll+0x6c7865]
V  [jvm.dll+0x6bbd3a]
V  [jvm.dll+0x35199b]
V  [jvm.dll+0x3595d6]
V  [jvm.dll+0x3aa826]
V  [jvm.dll+0x3aaaf8]
V  [jvm.dll+0x3240bc]
V  [jvm.dll+0x324147]
V  [jvm.dll+0x36a00c]
V  [jvm.dll+0x36879e]
V  [jvm.dll+0x3237c1]
V  [jvm.dll+0x3681c8]
V  [jvm.dll+0x860ac8]
V  [jvm.dll+0x861bc4]
V  [jvm.dll+0x862100]
V  [jvm.dll+0x862393]
V  [jvm.dll+0x800d78]
V  [jvm.dll+0x6c98cd]
C  [ucrtbase.dll+0x37b0]
C  [KERNEL32.DLL+0x2e8d7]
C  [ntdll.dll+0x8c40c]

VM_Operation (0x000000aa2eefc4e0): G1TryInitiateConcMark, mode: safepoint, requested by thread 0x000001ed28ddbe50


---------------  P R O C E S S  ---------------

Threads class SMR info:
_java_thread_list=0x000001ed356c4f70, length=124, elements={
0x000001ed08c37670, 0x000001ed227a7720, 0x000001ed227aad00, 0x000001ed227aefc0,
0x000001ed227ace00, 0x000001ed227ad860, 0x000001ed227ae2c0, 0x000001ed227afd50,
0x000001ed2282f9a0, 0x000001ed228e6220, 0x000001ed27041170, 0x000001ed278ff6f0,
0x000001ed27362e00, 0x000001ed27f89aa0, 0x000001ed288cd380, 0x000001ed288cccf0,
0x000001ed288cda10, 0x000001ed293716e0, 0x000001ed29372400, 0x000001ed29374b60,
0x000001ed2c6e1130, 0x000001ed34dac7d0, 0x000001ed34dae210, 0x000001ed34dae8a0,
0x000001ed34dab420, 0x000001ed2cc83f90, 0x000001ed35215990, 0x000001ed35218780,
0x000001ed35215300, 0x000001ed35218e10, 0x000001ed29cebae0, 0x000001ed29cec800,
0x000001ed29ced520, 0x000001ed29cece90, 0x000001ed29cea0a0, 0x000001ed29ceb450,
0x000001ed284f6820, 0x000001ed284f4de0, 0x000001ed3aadb730, 0x000001ed3558e280,
0x000001ed3558e910, 0x000001ed3558efa0, 0x000001ed3558fcc0, 0x000001ed3558f630,
0x000001ed3558d560, 0x000001ed284f5470, 0x000001ed284f6190, 0x000001ed377937c0,
0x000001ed37793e50, 0x000001ed377944e0, 0x000001ed3303cdf0, 0x000001ed33039970,
0x000001ed32554300, 0x000001ed3558dbf0, 0x000001ed35590350, 0x000001ed3303a000,
0x000001ed3303a690, 0x000001ed3303ba40, 0x000001ed3303ad20, 0x000001ed3303b3b0,
0x000001ed3303c0d0, 0x000001ed3303c760, 0x000001ed2d8a5d20, 0x000001ed2d8a4970,
0x000001ed355909e0, 0x000001ed3aadb0a0, 0x000001ed3aadbdc0, 0x000001ed3aadc450,
0x000001ed35010220, 0x000001ed3500e150, 0x000001ed350108b0, 0x000001ed36b64900,
0x000001ed398cc8e0, 0x000001ed398ccf70, 0x000001ed398cbbc0, 0x000001ed3988b8d0,
0x000001ed3988bf60, 0x000001ed36b61b10, 0x000001ed36b62830, 0x000001ed36b64f90,
0x000001ed36b621a0, 0x000001ed36b62ec0, 0x000001ed36b63550, 0x000001ed2d8a3c50,
0x000001ed2d8a5000, 0x000001ed2d8a5690, 0x000001ed2d8a42e0, 0x000001ed2d8a63b0,
0x000001ed2d8a6a40, 0x000001ed2d8a35c0, 0x000001ed32554990, 0x000001ed32553c70,
0x000001ed32555020, 0x000001ed3500dac0, 0x000001ed3500d430, 0x000001ed3988cc80,
0x000001ed3988abb0, 0x000001ed3988d310, 0x000001ed36f38cd0, 0x000001ed36f399f0,
0x000001ed36f37920, 0x000001ed2a0d9dc0, 0x000001ed3988d9a0, 0x000001ed3988b240,
0x000001ed3988e030, 0x000001ed3382c0b0, 0x000001ed3500e7e0, 0x000001ed33829950,
0x000001ed3382ba20, 0x000001ed325556b0, 0x000001ed32552230, 0x000001ed2adadf50,
0x000001ed2adaec70, 0x000001ed3500ee70, 0x000001ed3500f500, 0x000001ed3500fb90,
0x000001ed3960b9e0, 0x000001ed396e2270, 0x000001ed33829fe0, 0x000001ed3382c740,
0x000001ed28dd9060, 0x000001ed28ddaaa0, 0x000001ed28dd96f0, 0x000001ed28ddbe50
}

Java Threads: ( => current thread )
  0x000001ed08c37670 JavaThread "main"                              [_thread_blocked, id=2924, stack(0x000000aa26400000,0x000000aa26500000) (1024K)]
  0x000001ed227a7720 JavaThread "Reference Handler"          daemon [_thread_blocked, id=23796, stack(0x000000aa26c00000,0x000000aa26d00000) (1024K)]
  0x000001ed227aad00 JavaThread "Finalizer"                  daemon [_thread_blocked, id=19788, stack(0x000000aa26d00000,0x000000aa26e00000) (1024K)]
  0x000001ed227aefc0 JavaThread "Signal Dispatcher"          daemon [_thread_blocked, id=25776, stack(0x000000aa26e00000,0x000000aa26f00000) (1024K)]
  0x000001ed227ace00 JavaThread "Attach Listener"            daemon [_thread_blocked, id=27520, stack(0x000000aa26f00000,0x000000aa27000000) (1024K)]
  0x000001ed227ad860 JavaThread "Service Thread"             daemon [_thread_blocked, id=21924, stack(0x000000aa27000000,0x000000aa27100000) (1024K)]
  0x000001ed227ae2c0 JavaThread "Monitor Deflation Thread"   daemon [_thread_blocked, id=29236, stack(0x000000aa27100000,0x000000aa27200000) (1024K)]
  0x000001ed227afd50 JavaThread "C2 CompilerThread0"         daemon [_thread_blocked, id=24388, stack(0x000000aa27200000,0x000000aa27300000) (1024K)]
  0x000001ed2282f9a0 JavaThread "C1 CompilerThread0"         daemon [_thread_blocked, id=26528, stack(0x000000aa27300000,0x000000aa27400000) (1024K)]
  0x000001ed228e6220 JavaThread "Common-Cleaner"             daemon [_thread_blocked, id=30712, stack(0x000000aa27400000,0x000000aa27500000) (1024K)]
  0x000001ed27041170 JavaThread "Notification Thread"        daemon [_thread_blocked, id=28208, stack(0x000000aa27500000,0x000000aa27600000) (1024K)]
  0x000001ed278ff6f0 JavaThread "Daemon health stats"               [_thread_blocked, id=27536, stack(0x000000aa27a00000,0x000000aa27b00000) (1024K)]
  0x000001ed27362e00 JavaThread "Incoming local TCP Connector on port 59641"        [_thread_in_native, id=24820, stack(0x000000aa27b00000,0x000000aa27c00000) (1024K)]
  0x000001ed27f89aa0 JavaThread "Daemon periodic checks"            [_thread_blocked, id=26208, stack(0x000000aa28000000,0x000000aa28100000) (1024K)]
  0x000001ed288cd380 JavaThread "Cache worker for journal cache (C:\Users\perez\AndroidStudioProjects\MyApplication\caches\journal-1)"        [_thread_blocked, id=11172, stack(0x000000aa28800000,0x000000aa28900000) (1024K)]
  0x000001ed288cccf0 JavaThread "File lock request listener"        [_thread_in_native, id=22164, stack(0x000000aa28900000,0x000000aa28a00000) (1024K)]
  0x000001ed288cda10 JavaThread "Cache worker for file hash cache (C:\Users\perez\AndroidStudioProjects\MyApplication\caches\8.13\fileHashes)"        [_thread_blocked, id=20796, stack(0x000000aa28a00000,0x000000aa28b00000) (1024K)]
  0x000001ed293716e0 JavaThread "File watcher server"        daemon [_thread_blocked, id=25348, stack(0x000000aa28d00000,0x000000aa28e00000) (1024K)]
  0x000001ed29372400 JavaThread "File watcher consumer"      daemon [_thread_blocked, id=30328, stack(0x000000aa28e00000,0x000000aa28f00000) (1024K)]
  0x000001ed29374b60 JavaThread "Cache worker for file content cache (C:\Users\perez\AndroidStudioProjects\MyApplication\caches\8.13\fileContent)"        [_thread_blocked, id=1392, stack(0x000000aa29000000,0x000000aa29100000) (1024K)]
  0x000001ed2c6e1130 JavaThread "Memory manager"                    [_thread_blocked, id=29676, stack(0x000000aa2a600000,0x000000aa2a700000) (1024K)]
  0x000001ed34dac7d0 JavaThread "RMI Scheduler(0)"           daemon [_thread_blocked, id=19412, stack(0x000000aa2a000000,0x000000aa2a100000) (1024K)]
  0x000001ed34dae210 JavaThread "RMI GC Daemon"              daemon [_thread_blocked, id=22840, stack(0x000000aa2d300000,0x000000aa2d400000) (1024K)]
  0x000001ed34dae8a0 JavaThread "RMI TCP Accept-0"           daemon [_thread_in_native, id=19720, stack(0x000000aa2d400000,0x000000aa2d500000) (1024K)]
  0x000001ed34dab420 JavaThread "RMI Reaper"                        [_thread_blocked, id=29252, stack(0x000000aa2d500000,0x000000aa2d600000) (1024K)]
  0x000001ed2cc83f90 JavaThread "Cache worker for Java compile cache (C:\Users\perez\AndroidStudioProjects\MyApplication\caches\8.13\javaCompile)"        [_thread_blocked, id=12572, stack(0x000000aa2b500000,0x000000aa2b600000) (1024K)]
  0x000001ed35215990 JavaThread "Daemon Thread 5"                   [_thread_blocked, id=16356, stack(0x000000aa26200000,0x000000aa26300000) (1024K)]
  0x000001ed35218780 JavaThread "Handler for socket connection from /127.0.0.1:59641 to /127.0.0.1:51402"        [_thread_in_native, id=25876, stack(0x000000aa26300000,0x000000aa26400000) (1024K)]
  0x000001ed35215300 JavaThread "Cancel handler"                    [_thread_blocked, id=30668, stack(0x000000aa27f00000,0x000000aa28000000) (1024K)]
  0x000001ed35218e10 JavaThread "Daemon worker Thread 5"            [_thread_in_vm, id=6248, stack(0x000000aa28100000,0x000000aa28200000) (1024K)]
  0x000001ed29cebae0 JavaThread "Asynchronous log dispatcher for DefaultDaemonConnection: socket connection from /127.0.0.1:59641 to /127.0.0.1:51402"        [_thread_blocked, id=24332, stack(0x000000aa28200000,0x000000aa28300000) (1024K)]
  0x000001ed29cec800 JavaThread "Stdin handler"                     [_thread_blocked, id=30716, stack(0x000000aa28300000,0x000000aa28400000) (1024K)]
  0x000001ed29ced520 JavaThread "Daemon client event forwarder"        [_thread_blocked, id=26520, stack(0x000000aa28400000,0x000000aa28500000) (1024K)]
  0x000001ed29cece90 JavaThread "Cache worker for file hash cache (C:\Users\perez\Downloads\Movil_chicamocha\MobileApp_UsoChicamocha\.gradle\8.13\fileHashes)"        [_thread_blocked, id=27736, stack(0x000000aa28500000,0x000000aa28600000) (1024K)]
  0x000001ed29cea0a0 JavaThread "Cache worker for Build Output Cleanup Cache (C:\Users\perez\Downloads\Movil_chicamocha\MobileApp_UsoChicamocha\.gradle\buildOutputCleanup)"        [_thread_blocked, id=356, stack(0x000000aa28600000,0x000000aa28700000) (1024K)]
  0x000001ed29ceb450 JavaThread "Cache worker for checksums cache (C:\Users\perez\Downloads\Movil_chicamocha\MobileApp_UsoChicamocha\.gradle\8.13\checksums)"        [_thread_blocked, id=8528, stack(0x000000aa28b00000,0x000000aa28c00000) (1024K)]
  0x000001ed284f6820 JavaThread "Cache worker for cache directory md-supplier (C:\Users\perez\AndroidStudioProjects\MyApplication\caches\8.13\md-supplier)"        [_thread_blocked, id=29340, stack(0x000000aa28c00000,0x000000aa28d00000) (1024K)]
  0x000001ed284f4de0 JavaThread "Cache worker for cache directory md-rule (C:\Users\perez\AndroidStudioProjects\MyApplication\caches\8.13\md-rule)"        [_thread_blocked, id=21940, stack(0x000000aa28f00000,0x000000aa29000000) (1024K)]
  0x000001ed3aadb730 JavaThread "Unconstrained build operations"        [_thread_blocked, id=18036, stack(0x000000aa29100000,0x000000aa29200000) (1024K)]
  0x000001ed3558e280 JavaThread "Unconstrained build operations Thread 2"        [_thread_blocked, id=10872, stack(0x000000aa29200000,0x000000aa29300000) (1024K)]
  0x000001ed3558e910 JavaThread "Unconstrained build operations Thread 3"        [_thread_blocked, id=22216, stack(0x000000aa29300000,0x000000aa29400000) (1024K)]
  0x000001ed3558efa0 JavaThread "Unconstrained build operations Thread 4"        [_thread_blocked, id=29096, stack(0x000000aa29400000,0x000000aa29500000) (1024K)]
  0x000001ed3558fcc0 JavaThread "Unconstrained build operations Thread 5"        [_thread_blocked, id=28680, stack(0x000000aa29500000,0x000000aa29600000) (1024K)]
  0x000001ed3558f630 JavaThread "Unconstrained build operations Thread 6"        [_thread_blocked, id=26356, stack(0x000000aa29600000,0x000000aa29700000) (1024K)]
  0x000001ed3558d560 JavaThread "Unconstrained build operations Thread 7"        [_thread_blocked, id=30336, stack(0x000000aa29700000,0x000000aa29800000) (1024K)]
  0x000001ed284f5470 JavaThread "Unconstrained build operations Thread 8"        [_thread_blocked, id=8380, stack(0x000000aa29800000,0x000000aa29900000) (1024K)]
  0x000001ed284f6190 JavaThread "Unconstrained build operations Thread 9"        [_thread_blocked, id=26844, stack(0x000000aa29900000,0x000000aa29a00000) (1024K)]
  0x000001ed377937c0 JavaThread "Unconstrained build operations Thread 10"        [_thread_blocked, id=23512, stack(0x000000aa29a00000,0x000000aa29b00000) (1024K)]
  0x000001ed37793e50 JavaThread "Unconstrained build operations Thread 11"        [_thread_blocked, id=13068, stack(0x000000aa29b00000,0x000000aa29c00000) (1024K)]
  0x000001ed377944e0 JavaThread "Unconstrained build operations Thread 12"        [_thread_blocked, id=3784, stack(0x000000aa29c00000,0x000000aa29d00000) (1024K)]
  0x000001ed3303cdf0 JavaThread "Unconstrained build operations Thread 13"        [_thread_blocked, id=29284, stack(0x000000aa29d00000,0x000000aa29e00000) (1024K)]
  0x000001ed33039970 JavaThread "Unconstrained build operations Thread 14"        [_thread_blocked, id=28024, stack(0x000000aa29e00000,0x000000aa29f00000) (1024K)]
  0x000001ed32554300 JavaThread "build event listener"              [_thread_blocked, id=25304, stack(0x000000aa29f00000,0x000000aa2a000000) (1024K)]
  0x000001ed3558dbf0 JavaThread "build event listener"              [_thread_blocked, id=29772, stack(0x000000aa2a100000,0x000000aa2a200000) (1024K)]
  0x000001ed35590350 JavaThread "Problems report writer"            [_thread_blocked, id=25724, stack(0x000000aa2a200000,0x000000aa2a300000) (1024K)]
  0x000001ed3303a000 JavaThread "included builds"                   [_thread_blocked, id=19992, stack(0x000000aa2a300000,0x000000aa2a400000) (1024K)]
  0x000001ed3303a690 JavaThread "Execution worker"                  [_thread_blocked, id=3708, stack(0x000000aa2a400000,0x000000aa2a500000) (1024K)]
  0x000001ed3303ba40 JavaThread "Execution worker Thread 2"         [_thread_blocked, id=30028, stack(0x000000aa2a500000,0x000000aa2a600000) (1024K)]
  0x000001ed3303ad20 JavaThread "Execution worker Thread 3"         [_thread_blocked, id=22732, stack(0x000000aa2a700000,0x000000aa2a800000) (1024K)]
  0x000001ed3303b3b0 JavaThread "Execution worker Thread 4"         [_thread_blocked, id=25656, stack(0x000000aa2a800000,0x000000aa2a900000) (1024K)]
  0x000001ed3303c0d0 JavaThread "Execution worker Thread 5"         [_thread_blocked, id=20752, stack(0x000000aa2a900000,0x000000aa2aa00000) (1024K)]
  0x000001ed3303c760 JavaThread "Execution worker Thread 6"         [_thread_blocked, id=17924, stack(0x000000aa2aa00000,0x000000aa2ab00000) (1024K)]
  0x000001ed2d8a5d20 JavaThread "Execution worker Thread 7"         [_thread_blocked, id=15532, stack(0x000000aa2ab00000,0x000000aa2ac00000) (1024K)]
  0x000001ed2d8a4970 JavaThread "Cache worker for execution history cache (C:\Users\perez\Downloads\Movil_chicamocha\MobileApp_UsoChicamocha\.gradle\8.13\executionHistory)"        [_thread_blocked, id=12776, stack(0x000000aa2ac00000,0x000000aa2ad00000) (1024K)]
  0x000001ed355909e0 JavaThread "Unconstrained build operations Thread 15"        [_thread_blocked, id=26452, stack(0x000000aa2ad00000,0x000000aa2ae00000) (1024K)]
  0x000001ed3aadb0a0 JavaThread "Unconstrained build operations Thread 16"        [_thread_blocked, id=24896, stack(0x000000aa2ae00000,0x000000aa2af00000) (1024K)]
  0x000001ed3aadbdc0 JavaThread "Unconstrained build operations Thread 17"        [_thread_blocked, id=29224, stack(0x000000aa2af00000,0x000000aa2b000000) (1024K)]
  0x000001ed3aadc450 JavaThread "Unconstrained build operations Thread 18"        [_thread_blocked, id=12380, stack(0x000000aa2b000000,0x000000aa2b100000) (1024K)]
  0x000001ed35010220 JavaThread "Unconstrained build operations Thread 19"        [_thread_blocked, id=23444, stack(0x000000aa2b100000,0x000000aa2b200000) (1024K)]
  0x000001ed3500e150 JavaThread "Unconstrained build operations Thread 20"        [_thread_blocked, id=22636, stack(0x000000aa2b200000,0x000000aa2b300000) (1024K)]
  0x000001ed350108b0 JavaThread "Unconstrained build operations Thread 21"        [_thread_blocked, id=29580, stack(0x000000aa2b300000,0x000000aa2b400000) (1024K)]
  0x000001ed36b64900 JavaThread "Unconstrained build operations Thread 22"        [_thread_blocked, id=2788, stack(0x000000aa2b400000,0x000000aa2b500000) (1024K)]
  0x000001ed398cc8e0 JavaThread "Unconstrained build operations Thread 23"        [_thread_blocked, id=13904, stack(0x000000aa2b600000,0x000000aa2b700000) (1024K)]
  0x000001ed398ccf70 JavaThread "Unconstrained build operations Thread 24"        [_thread_blocked, id=22664, stack(0x000000aa2b700000,0x000000aa2b800000) (1024K)]
  0x000001ed398cbbc0 JavaThread "Unconstrained build operations Thread 25"        [_thread_blocked, id=24260, stack(0x000000aa2b800000,0x000000aa2b900000) (1024K)]
  0x000001ed3988b8d0 JavaThread "Unconstrained build operations Thread 26"        [_thread_blocked, id=21792, stack(0x000000aa2b900000,0x000000aa2ba00000) (1024K)]
  0x000001ed3988bf60 JavaThread "Unconstrained build operations Thread 27"        [_thread_blocked, id=29464, stack(0x000000aa2ba00000,0x000000aa2bb00000) (1024K)]
  0x000001ed36b61b10 JavaThread "Unconstrained build operations Thread 28"        [_thread_blocked, id=18448, stack(0x000000aa2bb00000,0x000000aa2bc00000) (1024K)]
  0x000001ed36b62830 JavaThread "Unconstrained build operations Thread 29"        [_thread_blocked, id=24536, stack(0x000000aa2bc00000,0x000000aa2bd00000) (1024K)]
  0x000001ed36b64f90 JavaThread "Unconstrained build operations Thread 30"        [_thread_blocked, id=30284, stack(0x000000aa2bd00000,0x000000aa2be00000) (1024K)]
  0x000001ed36b621a0 JavaThread "Unconstrained build operations Thread 31"        [_thread_blocked, id=9604, stack(0x000000aa2be00000,0x000000aa2bf00000) (1024K)]
  0x000001ed36b62ec0 JavaThread "Unconstrained build operations Thread 32"        [_thread_blocked, id=30584, stack(0x000000aa2bf00000,0x000000aa2c000000) (1024K)]
  0x000001ed36b63550 JavaThread "Unconstrained build operations Thread 33"        [_thread_blocked, id=21340, stack(0x000000aa2c000000,0x000000aa2c100000) (1024K)]
  0x000001ed2d8a3c50 JavaThread "Unconstrained build operations Thread 34"        [_thread_blocked, id=30640, stack(0x000000aa2c100000,0x000000aa2c200000) (1024K)]
  0x000001ed2d8a5000 JavaThread "Unconstrained build operations Thread 35"        [_thread_blocked, id=29840, stack(0x000000aa2c200000,0x000000aa2c300000) (1024K)]
  0x000001ed2d8a5690 JavaThread "Unconstrained build operations Thread 36"        [_thread_blocked, id=28560, stack(0x000000aa2c300000,0x000000aa2c400000) (1024K)]
  0x000001ed2d8a42e0 JavaThread "Unconstrained build operations Thread 37"        [_thread_blocked, id=29996, stack(0x000000aa2c400000,0x000000aa2c500000) (1024K)]
  0x000001ed2d8a63b0 JavaThread "Unconstrained build operations Thread 38"        [_thread_blocked, id=1600, stack(0x000000aa2c500000,0x000000aa2c600000) (1024K)]
  0x000001ed2d8a6a40 JavaThread "Unconstrained build operations Thread 39"        [_thread_blocked, id=10548, stack(0x000000aa2c600000,0x000000aa2c700000) (1024K)]
  0x000001ed2d8a35c0 JavaThread "Unconstrained build operations Thread 40"        [_thread_blocked, id=3936, stack(0x000000aa2c700000,0x000000aa2c800000) (1024K)]
  0x000001ed32554990 JavaThread "Unconstrained build operations Thread 41"        [_thread_blocked, id=19952, stack(0x000000aa2c800000,0x000000aa2c900000) (1024K)]
  0x000001ed32553c70 JavaThread "Unconstrained build operations Thread 42"        [_thread_blocked, id=26764, stack(0x000000aa2c900000,0x000000aa2ca00000) (1024K)]
  0x000001ed32555020 JavaThread "Unconstrained build operations Thread 43"        [_thread_blocked, id=21976, stack(0x000000aa2ca00000,0x000000aa2cb00000) (1024K)]
  0x000001ed3500dac0 JavaThread "Unconstrained build operations Thread 44"        [_thread_blocked, id=26344, stack(0x000000aa2cb00000,0x000000aa2cc00000) (1024K)]
  0x000001ed3500d430 JavaThread "Unconstrained build operations Thread 45"        [_thread_blocked, id=25884, stack(0x000000aa2cc00000,0x000000aa2cd00000) (1024K)]
  0x000001ed3988cc80 JavaThread "WorkerExecutor Queue"              [_thread_blocked, id=23184, stack(0x000000aa26100000,0x000000aa26200000) (1024K)]
  0x000001ed3988abb0 JavaThread "Unconstrained build operations Thread 46"        [_thread_blocked, id=9856, stack(0x000000aa2cd00000,0x000000aa2ce00000) (1024K)]
  0x000001ed3988d310 JavaThread "Unconstrained build operations Thread 47"        [_thread_blocked, id=968, stack(0x000000aa2ce00000,0x000000aa2cf00000) (1024K)]
  0x000001ed36f38cd0 JavaThread "Unconstrained build operations Thread 48"        [_thread_blocked, id=27920, stack(0x000000aa2cf00000,0x000000aa2d000000) (1024K)]
  0x000001ed36f399f0 JavaThread "Unconstrained build operations Thread 49"        [_thread_blocked, id=26912, stack(0x000000aa2d000000,0x000000aa2d100000) (1024K)]
  0x000001ed36f37920 JavaThread "Unconstrained build operations Thread 50"        [_thread_blocked, id=23928, stack(0x000000aa2d100000,0x000000aa2d200000) (1024K)]
  0x000001ed2a0d9dc0 JavaThread "WorkerExecutor Queue Thread 2"        [_thread_blocked, id=22564, stack(0x000000aa2d800000,0x000000aa2d900000) (1024K)]
  0x000001ed3988d9a0 JavaThread "Build operations"                  [_thread_blocked, id=28020, stack(0x000000aa2da00000,0x000000aa2db00000) (1024K)]
  0x000001ed3988b240 JavaThread "Build operations Thread 2"         [_thread_blocked, id=25920, stack(0x000000aa2db00000,0x000000aa2dc00000) (1024K)]
  0x000001ed3988e030 JavaThread "Build operations Thread 3"         [_thread_blocked, id=24028, stack(0x000000aa2dc00000,0x000000aa2dd00000) (1024K)]
  0x000001ed3382c0b0 JavaThread "Build operations Thread 4"         [_thread_blocked, id=28216, stack(0x000000aa2dd00000,0x000000aa2de00000) (1024K)]
  0x000001ed3500e7e0 JavaThread "Build operations Thread 5"         [_thread_blocked, id=26532, stack(0x000000aa2de00000,0x000000aa2df00000) (1024K)]
  0x000001ed33829950 JavaThread "Build operations Thread 6"         [_thread_blocked, id=6588, stack(0x000000aa2df00000,0x000000aa2e000000) (1024K)]
  0x000001ed3382ba20 JavaThread "Build operations Thread 7"         [_thread_blocked, id=27532, stack(0x000000aa2e000000,0x000000aa2e100000) (1024K)]
  0x000001ed325556b0 JavaThread "Unconstrained build operations Thread 51"        [_thread_blocked, id=28604, stack(0x000000aa2e100000,0x000000aa2e200000) (1024K)]
  0x000001ed32552230 JavaThread "Unconstrained build operations Thread 52"        [_thread_blocked, id=2600, stack(0x000000aa2e200000,0x000000aa2e300000) (1024K)]
  0x000001ed2adadf50 JavaThread "Unconstrained build operations Thread 53"        [_thread_blocked, id=26840, stack(0x000000aa2e300000,0x000000aa2e400000) (1024K)]
  0x000001ed2adaec70 JavaThread "Unconstrained build operations Thread 54"        [_thread_blocked, id=29388, stack(0x000000aa2e400000,0x000000aa2e500000) (1024K)]
  0x000001ed3500ee70 JavaThread "Unconstrained build operations Thread 55"        [_thread_blocked, id=29904, stack(0x000000aa2e500000,0x000000aa2e600000) (1024K)]
  0x000001ed3500f500 JavaThread "Unconstrained build operations Thread 56"        [_thread_blocked, id=23612, stack(0x000000aa2e600000,0x000000aa2e700000) (1024K)]
  0x000001ed3500fb90 JavaThread "Unconstrained build operations Thread 57"        [_thread_blocked, id=20244, stack(0x000000aa2e700000,0x000000aa2e800000) (1024K)]
  0x000001ed3960b9e0 JavaThread "Unconstrained build operations Thread 58"        [_thread_blocked, id=29392, stack(0x000000aa2e800000,0x000000aa2e900000) (1024K)]
  0x000001ed396e2270 JavaThread "Build operations Thread 8"         [_thread_blocked, id=13100, stack(0x000000aa2d200000,0x000000aa2d300000) (1024K)]
  0x000001ed33829fe0 JavaThread "WorkerExecutor Queue Thread 3"        [_thread_blocked, id=29636, stack(0x000000aa2d900000,0x000000aa2da00000) (1024K)]
  0x000001ed3382c740 JavaThread "WorkerExecutor Queue Thread 4"        [_thread_blocked, id=25740, stack(0x000000aa2e900000,0x000000aa2ea00000) (1024K)]
  0x000001ed28dd9060 JavaThread "WorkerExecutor Queue Thread 6"        [_thread_blocked, id=26288, stack(0x000000aa2eb00000,0x000000aa2ec00000) (1024K)]
  0x000001ed28ddaaa0 JavaThread "WorkerExecutor Queue Thread 7"        [_thread_blocked, id=26060, stack(0x000000aa2ec00000,0x000000aa2ed00000) (1024K)]
  0x000001ed28dd96f0 JavaThread "WorkerExecutor Queue Thread 8"        [_thread_blocked, id=27064, stack(0x000000aa2ed00000,0x000000aa2ee00000) (1024K)]
  0x000001ed28ddbe50 JavaThread "WorkerExecutor Queue Thread 9"        [_thread_blocked, id=13420, stack(0x000000aa2ee00000,0x000000aa2ef00000) (1024K)]
Total: 124

Other Threads:
=>0x000001ed2261c870 VMThread "VM Thread"                           [id=29992, stack(0x000000aa26b00000,0x000000aa26c00000) (1024K)]
  0x000001ed225825f0 WatcherThread "VM Periodic Task Thread"        [id=30004, stack(0x000000aa26a00000,0x000000aa26b00000) (1024K)]
  0x000001ed08fd2d60 WorkerThread "GC Thread#0"                     [id=14788, stack(0x000000aa26500000,0x000000aa26600000) (1024K)]
  0x000001ed27069c80 WorkerThread "GC Thread#1"                     [id=30168, stack(0x000000aa27700000,0x000000aa27800000) (1024K)]
  0x000001ed27189c20 WorkerThread "GC Thread#2"                     [id=28452, stack(0x000000aa27800000,0x000000aa27900000) (1024K)]
  0x000001ed27eb5c90 WorkerThread "GC Thread#3"                     [id=26752, stack(0x000000aa27600000,0x000000aa27700000) (1024K)]
  0x000001ed27eb6030 WorkerThread "GC Thread#4"                     [id=29240, stack(0x000000aa27900000,0x000000aa27a00000) (1024K)]
  0x000001ed285c4dd0 WorkerThread "GC Thread#5"                     [id=29484, stack(0x000000aa27c00000,0x000000aa27d00000) (1024K)]
  0x000001ed285c5170 WorkerThread "GC Thread#6"                     [id=27048, stack(0x000000aa27d00000,0x000000aa27e00000) (1024K)]
  0x000001ed285c42f0 WorkerThread "GC Thread#7"                     [id=22436, stack(0x000000aa27e00000,0x000000aa27f00000) (1024K)]
  0x000001ed08fe3cd0 ConcurrentGCThread "G1 Main Marker"            [id=9212, stack(0x000000aa26600000,0x000000aa26700000) (1024K)]
  0x000001ed08fe46e0 WorkerThread "G1 Conc#0"                       [id=28608, stack(0x000000aa26700000,0x000000aa26800000) (1024K)]
  0x000001ed285c3bb0 WorkerThread "G1 Conc#1"                       [id=29700, stack(0x000000aa28700000,0x000000aa28800000) (1024K)]
  0x000001ed0903e080 ConcurrentGCThread "G1 Refine#0"               [id=24032, stack(0x000000aa26800000,0x000000aa26900000) (1024K)]
  0x000001ed0903eb00 ConcurrentGCThread "G1 Service"                [id=26720, stack(0x000000aa26900000,0x000000aa26a00000) (1024K)]
Total: 15

Threads with active compile tasks:
Total: 0

VM state: at safepoint (normal execution)

VM Mutex/Monitor currently owned by a thread:  ([mutex/lock_event])
[0x00007ff8ac5020c8] Threads_lock - owner thread: 0x000001ed2261c870
[0x00007ff8ac5021c8] Heap_lock - owner thread: 0x000001ed28ddbe50

Heap address: 0x0000000080000000, size: 2048 MB, Compressed Oops mode: 32-bit

CDS archive(s) not mapped
Compressed class space mapped at: 0x0000000100000000-0x0000000140000000, reserved size: 1073741824
Narrow klass base: 0x0000000000000000, Narrow klass shift: 3, Narrow klass range: 0x140000000

GC Precious Log:
 CardTable entry size: 512
 Card Set container configuration: InlinePtr #cards 5 size 8 Array Of Cards #cards 12 size 40 Howl #buckets 4 coarsen threshold 1843 Howl Bitmap #cards 512 size 80 coarsen threshold 460 Card regions per heap region 1 cards per card region 2048
 CPUs: 8 total, 8 available
 Memory: 7502M
 Large Page Support: Disabled
 NUMA Support: Disabled
 Compressed Oops: Enabled (32-bit)
 Heap Region Size: 1M
 Heap Min Capacity: 8M
 Heap Initial Capacity: 118M
 Heap Max Capacity: 2G
 Pre-touch: Disabled
 Parallel Workers: 8
 Concurrent Workers: 2
 Concurrent Refinement Workers: 8
 Periodic GC: Disabled

Heap:
 garbage-first heap   total 483328K, used 230561K [0x0000000080000000, 0x0000000100000000)
  region size 1024K, 7 young (7168K), 7 survivors (7168K)
 Metaspace       used 218423K, committed 222400K, reserved 1245184K
  class space    used 28332K, committed 30080K, reserved 1048576K

Heap Regions: E=young(eden), S=young(survivor), O=old, HS=humongous(starts), HC=humongous(continues), CS=collection set, F=free, TAMS=top-at-mark-start, PB=parsable bottom
|   0|0x0000000080000000, 0x0000000080100000, 0x0000000080100000|100%|HS|  |TAMS 0x0000000080100000| PB 0x0000000080000000| Complete 
|   1|0x0000000080100000, 0x0000000080200000, 0x0000000080200000|100%|HC|  |TAMS 0x0000000080200000| PB 0x0000000080100000| Complete 
|   2|0x0000000080200000, 0x0000000080300000, 0x0000000080300000|100%|HC|  |TAMS 0x0000000080300000| PB 0x0000000080200000| Complete 
|   3|0x0000000080300000, 0x0000000080400000, 0x0000000080400000|100%| O|  |TAMS 0x0000000080400000| PB 0x0000000080300000| Untracked 
|   4|0x0000000080400000, 0x0000000080500000, 0x0000000080500000|100%| O|  |TAMS 0x0000000080500000| PB 0x0000000080400000| Untracked 
|   5|0x0000000080500000, 0x0000000080600000, 0x0000000080600000|100%| O|  |TAMS 0x0000000080600000| PB 0x0000000080500000| Untracked 
|   6|0x0000000080600000, 0x0000000080700000, 0x0000000080700000|100%|HS|  |TAMS 0x0000000080700000| PB 0x0000000080600000| Complete 
|   7|0x0000000080700000, 0x0000000080800000, 0x0000000080800000|100%| O|  |TAMS 0x0000000080800000| PB 0x0000000080700000| Untracked 
|   8|0x0000000080800000, 0x0000000080900000, 0x0000000080900000|100%| O|  |TAMS 0x0000000080900000| PB 0x0000000080800000| Untracked 
|   9|0x0000000080900000, 0x0000000080a00000, 0x0000000080a00000|100%| O|  |TAMS 0x0000000080a00000| PB 0x0000000080900000| Untracked 
|  10|0x0000000080a00000, 0x0000000080b00000, 0x0000000080b00000|100%| O|  |TAMS 0x0000000080b00000| PB 0x0000000080a00000| Untracked 
|  11|0x0000000080b00000, 0x0000000080c00000, 0x0000000080c00000|100%| O|  |TAMS 0x0000000080c00000| PB 0x0000000080b00000| Untracked 
|  12|0x0000000080c00000, 0x0000000080d00000, 0x0000000080d00000|100%| O|  |TAMS 0x0000000080d00000| PB 0x0000000080c00000| Untracked 
|  13|0x0000000080d00000, 0x0000000080e00000, 0x0000000080e00000|100%| O|  |TAMS 0x0000000080e00000| PB 0x0000000080d00000| Untracked 
|  14|0x0000000080e00000, 0x0000000080f00000, 0x0000000080f00000|100%| O|  |TAMS 0x0000000080f00000| PB 0x0000000080e00000| Untracked 
|  15|0x0000000080f00000, 0x0000000081000000, 0x0000000081000000|100%| O|  |TAMS 0x0000000081000000| PB 0x0000000080f00000| Untracked 
|  16|0x0000000081000000, 0x0000000081100000, 0x0000000081100000|100%| O|  |TAMS 0x0000000081100000| PB 0x0000000081000000| Untracked 
|  17|0x0000000081100000, 0x0000000081200000, 0x0000000081200000|100%| O|  |TAMS 0x0000000081200000| PB 0x0000000081100000| Untracked 
|  18|0x0000000081200000, 0x0000000081300000, 0x0000000081300000|100%| O|  |TAMS 0x0000000081300000| PB 0x0000000081200000| Untracked 
|  19|0x0000000081300000, 0x0000000081400000, 0x0000000081400000|100%| O|  |TAMS 0x0000000081400000| PB 0x0000000081300000| Untracked 
|  20|0x0000000081400000, 0x0000000081500000, 0x0000000081500000|100%| O|  |TAMS 0x0000000081500000| PB 0x0000000081400000| Untracked 
|  21|0x0000000081500000, 0x0000000081600000, 0x0000000081600000|100%| O|  |TAMS 0x0000000081600000| PB 0x0000000081500000| Untracked 
|  22|0x0000000081600000, 0x0000000081700000, 0x0000000081700000|100%| O|  |TAMS 0x0000000081700000| PB 0x0000000081600000| Untracked 
|  23|0x0000000081700000, 0x0000000081800000, 0x0000000081800000|100%| O|  |TAMS 0x0000000081800000| PB 0x0000000081700000| Untracked 
|  24|0x0000000081800000, 0x0000000081900000, 0x0000000081900000|100%| O|  |TAMS 0x0000000081900000| PB 0x0000000081800000| Untracked 
|  25|0x0000000081900000, 0x0000000081a00000, 0x0000000081a00000|100%| O|  |TAMS 0x0000000081a00000| PB 0x0000000081900000| Untracked 
|  26|0x0000000081a00000, 0x0000000081b00000, 0x0000000081b00000|100%| O|  |TAMS 0x0000000081b00000| PB 0x0000000081a00000| Untracked 
|  27|0x0000000081b00000, 0x0000000081c00000, 0x0000000081c00000|100%| O|  |TAMS 0x0000000081c00000| PB 0x0000000081b00000| Untracked 
|  28|0x0000000081c00000, 0x0000000081d00000, 0x0000000081d00000|100%| O|  |TAMS 0x0000000081d00000| PB 0x0000000081c00000| Untracked 
|  29|0x0000000081d00000, 0x0000000081e00000, 0x0000000081e00000|100%| O|  |TAMS 0x0000000081e00000| PB 0x0000000081d00000| Untracked 
|  30|0x0000000081e00000, 0x0000000081f00000, 0x0000000081f00000|100%| O|  |TAMS 0x0000000081f00000| PB 0x0000000081e00000| Untracked 
|  31|0x0000000081f00000, 0x0000000082000000, 0x0000000082000000|100%| O|  |TAMS 0x0000000082000000| PB 0x0000000081f00000| Untracked 
|  32|0x0000000082000000, 0x0000000082100000, 0x0000000082100000|100%| O|  |TAMS 0x0000000082100000| PB 0x0000000082000000| Untracked 
|  33|0x0000000082100000, 0x0000000082200000, 0x0000000082200000|100%| O|  |TAMS 0x0000000082200000| PB 0x0000000082100000| Untracked 
|  34|0x0000000082200000, 0x0000000082300000, 0x0000000082300000|100%| O|  |TAMS 0x0000000082300000| PB 0x0000000082200000| Untracked 
|  35|0x0000000082300000, 0x0000000082400000, 0x0000000082400000|100%| O|  |TAMS 0x0000000082400000| PB 0x0000000082300000| Untracked 
|  36|0x0000000082400000, 0x0000000082500000, 0x0000000082500000|100%| O|  |TAMS 0x0000000082500000| PB 0x0000000082400000| Untracked 
|  37|0x0000000082500000, 0x0000000082600000, 0x0000000082600000|100%| O|  |TAMS 0x0000000082600000| PB 0x0000000082500000| Untracked 
|  38|0x0000000082600000, 0x0000000082700000, 0x0000000082700000|100%| O|  |TAMS 0x0000000082700000| PB 0x0000000082600000| Untracked 
|  39|0x0000000082700000, 0x0000000082800000, 0x0000000082800000|100%| O|  |TAMS 0x0000000082800000| PB 0x0000000082700000| Untracked 
|  40|0x0000000082800000, 0x0000000082900000, 0x0000000082900000|100%| O|  |TAMS 0x0000000082900000| PB 0x0000000082800000| Untracked 
|  41|0x0000000082900000, 0x0000000082a00000, 0x0000000082a00000|100%|HS|  |TAMS 0x0000000082a00000| PB 0x0000000082900000| Complete 
|  42|0x0000000082a00000, 0x0000000082b00000, 0x0000000082b00000|100%|HS|  |TAMS 0x0000000082b00000| PB 0x0000000082a00000| Complete 
|  43|0x0000000082b00000, 0x0000000082c00000, 0x0000000082c00000|100%|HS|  |TAMS 0x0000000082c00000| PB 0x0000000082b00000| Complete 
|  44|0x0000000082c00000, 0x0000000082d00000, 0x0000000082d00000|100%| O|  |TAMS 0x0000000082d00000| PB 0x0000000082c00000| Untracked 
|  45|0x0000000082d00000, 0x0000000082e00000, 0x0000000082e00000|100%|HS|  |TAMS 0x0000000082e00000| PB 0x0000000082d00000| Complete 
|  46|0x0000000082e00000, 0x0000000082f00000, 0x0000000082f00000|100%| O|  |TAMS 0x0000000082f00000| PB 0x0000000082e00000| Untracked 
|  47|0x0000000082f00000, 0x0000000083000000, 0x0000000083000000|100%| O|  |TAMS 0x0000000083000000| PB 0x0000000082f00000| Untracked 
|  48|0x0000000083000000, 0x0000000083100000, 0x0000000083100000|100%| O|  |TAMS 0x0000000083100000| PB 0x0000000083000000| Untracked 
|  49|0x0000000083100000, 0x0000000083200000, 0x0000000083200000|100%|HS|  |TAMS 0x0000000083200000| PB 0x0000000083100000| Complete 
|  50|0x0000000083200000, 0x0000000083300000, 0x0000000083300000|100%|HC|  |TAMS 0x0000000083300000| PB 0x0000000083200000| Complete 
|  51|0x0000000083300000, 0x0000000083400000, 0x0000000083400000|100%|HS|  |TAMS 0x0000000083400000| PB 0x0000000083300000| Complete 
|  52|0x0000000083400000, 0x0000000083500000, 0x0000000083500000|100%|HC|  |TAMS 0x0000000083500000| PB 0x0000000083400000| Complete 
|  53|0x0000000083500000, 0x0000000083600000, 0x0000000083600000|100%| O|  |TAMS 0x0000000083600000| PB 0x0000000083500000| Untracked 
|  54|0x0000000083600000, 0x0000000083700000, 0x0000000083700000|100%| O|  |TAMS 0x0000000083700000| PB 0x0000000083600000| Untracked 
|  55|0x0000000083700000, 0x0000000083800000, 0x0000000083800000|100%| O|  |TAMS 0x0000000083800000| PB 0x0000000083700000| Untracked 
|  56|0x0000000083800000, 0x0000000083900000, 0x0000000083900000|100%| O|  |TAMS 0x0000000083900000| PB 0x0000000083800000| Untracked 
|  57|0x0000000083900000, 0x0000000083a00000, 0x0000000083a00000|100%|HS|  |TAMS 0x0000000083a00000| PB 0x0000000083900000| Complete 
|  58|0x0000000083a00000, 0x0000000083b00000, 0x0000000083b00000|100%|HC|  |TAMS 0x0000000083b00000| PB 0x0000000083a00000| Complete 
|  59|0x0000000083b00000, 0x0000000083c00000, 0x0000000083c00000|100%|HC|  |TAMS 0x0000000083c00000| PB 0x0000000083b00000| Complete 
|  60|0x0000000083c00000, 0x0000000083d00000, 0x0000000083d00000|100%|HS|  |TAMS 0x0000000083d00000| PB 0x0000000083c00000| Complete 
|  61|0x0000000083d00000, 0x0000000083e00000, 0x0000000083e00000|100%|HS|  |TAMS 0x0000000083e00000| PB 0x0000000083d00000| Complete 
|  62|0x0000000083e00000, 0x0000000083f00000, 0x0000000083f00000|100%| O|  |TAMS 0x0000000083f00000| PB 0x0000000083e00000| Untracked 
|  63|0x0000000083f00000, 0x0000000084000000, 0x0000000084000000|100%| O|  |TAMS 0x0000000084000000| PB 0x0000000083f00000| Untracked 
|  64|0x0000000084000000, 0x0000000084100000, 0x0000000084100000|100%| O|  |TAMS 0x0000000084100000| PB 0x0000000084000000| Untracked 
|  65|0x0000000084100000, 0x0000000084200000, 0x0000000084200000|100%|HS|  |TAMS 0x0000000084200000| PB 0x0000000084100000| Complete 
|  66|0x0000000084200000, 0x0000000084300000, 0x0000000084300000|100%| O|  |TAMS 0x0000000084300000| PB 0x0000000084200000| Untracked 
|  67|0x0000000084300000, 0x0000000084400000, 0x0000000084400000|100%| O|  |TAMS 0x0000000084400000| PB 0x0000000084300000| Untracked 
|  68|0x0000000084400000, 0x0000000084500000, 0x0000000084500000|100%| O|  |TAMS 0x0000000084500000| PB 0x0000000084400000| Untracked 
|  69|0x0000000084500000, 0x0000000084600000, 0x0000000084600000|100%| O|  |TAMS 0x0000000084600000| PB 0x0000000084500000| Untracked 
|  70|0x0000000084600000, 0x0000000084700000, 0x0000000084700000|100%| O|  |TAMS 0x0000000084700000| PB 0x0000000084600000| Untracked 
|  71|0x0000000084700000, 0x0000000084800000, 0x0000000084800000|100%| O|  |TAMS 0x0000000084800000| PB 0x0000000084700000| Untracked 
|  72|0x0000000084800000, 0x0000000084900000, 0x0000000084900000|100%|HS|  |TAMS 0x0000000084900000| PB 0x0000000084800000| Complete 
|  73|0x0000000084900000, 0x0000000084a00000, 0x0000000084a00000|100%|HC|  |TAMS 0x0000000084a00000| PB 0x0000000084900000| Complete 
|  74|0x0000000084a00000, 0x0000000084b00000, 0x0000000084b00000|100%|HC|  |TAMS 0x0000000084b00000| PB 0x0000000084a00000| Complete 
|  75|0x0000000084b00000, 0x0000000084c00000, 0x0000000084c00000|100%| O|  |TAMS 0x0000000084c00000| PB 0x0000000084b00000| Untracked 
|  76|0x0000000084c00000, 0x0000000084d00000, 0x0000000084d00000|100%| O|  |TAMS 0x0000000084d00000| PB 0x0000000084c00000| Untracked 
|  77|0x0000000084d00000, 0x0000000084e00000, 0x0000000084e00000|100%| O|  |TAMS 0x0000000084e00000| PB 0x0000000084d00000| Untracked 
|  78|0x0000000084e00000, 0x0000000084f00000, 0x0000000084f00000|100%| O|  |TAMS 0x0000000084f00000| PB 0x0000000084e00000| Untracked 
|  79|0x0000000084f00000, 0x0000000085000000, 0x0000000085000000|100%| O|  |TAMS 0x0000000085000000| PB 0x0000000084f00000| Untracked 
|  80|0x0000000085000000, 0x0000000085100000, 0x0000000085100000|100%| O|  |TAMS 0x0000000085100000| PB 0x0000000085000000| Untracked 
|  81|0x0000000085100000, 0x0000000085200000, 0x0000000085200000|100%| O|  |TAMS 0x0000000085200000| PB 0x0000000085100000| Untracked 
|  82|0x0000000085200000, 0x0000000085300000, 0x0000000085300000|100%| O|  |TAMS 0x0000000085300000| PB 0x0000000085200000| Untracked 
|  83|0x0000000085300000, 0x0000000085400000, 0x0000000085400000|100%| O|  |TAMS 0x0000000085400000| PB 0x0000000085300000| Untracked 
|  84|0x0000000085400000, 0x0000000085500000, 0x0000000085500000|100%| O|  |TAMS 0x0000000085500000| PB 0x0000000085400000| Untracked 
|  85|0x0000000085500000, 0x0000000085600000, 0x0000000085600000|100%| O|  |TAMS 0x0000000085600000| PB 0x0000000085500000| Untracked 
|  86|0x0000000085600000, 0x0000000085700000, 0x0000000085700000|100%| O|  |TAMS 0x0000000085700000| PB 0x0000000085600000| Untracked 
|  87|0x0000000085700000, 0x0000000085800000, 0x0000000085800000|100%| O|  |TAMS 0x0000000085800000| PB 0x0000000085700000| Untracked 
|  88|0x0000000085800000, 0x0000000085900000, 0x0000000085900000|100%| O|  |TAMS 0x0000000085900000| PB 0x0000000085800000| Untracked 
|  89|0x0000000085900000, 0x0000000085a00000, 0x0000000085a00000|100%| O|  |TAMS 0x0000000085a00000| PB 0x0000000085900000| Untracked 
|  90|0x0000000085a00000, 0x0000000085b00000, 0x0000000085b00000|100%| O|  |TAMS 0x0000000085b00000| PB 0x0000000085a00000| Untracked 
|  91|0x0000000085b00000, 0x0000000085c00000, 0x0000000085c00000|100%| O|  |TAMS 0x0000000085c00000| PB 0x0000000085b00000| Untracked 
|  92|0x0000000085c00000, 0x0000000085d00000, 0x0000000085d00000|100%| O|  |TAMS 0x0000000085d00000| PB 0x0000000085c00000| Untracked 
|  93|0x0000000085d00000, 0x0000000085e00000, 0x0000000085e00000|100%| O|  |TAMS 0x0000000085e00000| PB 0x0000000085d00000| Untracked 
|  94|0x0000000085e00000, 0x0000000085f00000, 0x0000000085f00000|100%| O|  |TAMS 0x0000000085f00000| PB 0x0000000085e00000| Untracked 
|  95|0x0000000085f00000, 0x0000000086000000, 0x0000000086000000|100%| O|  |TAMS 0x0000000086000000| PB 0x0000000085f00000| Untracked 
|  96|0x0000000086000000, 0x0000000086100000, 0x0000000086100000|100%| O|  |TAMS 0x0000000086100000| PB 0x0000000086000000| Untracked 
|  97|0x0000000086100000, 0x0000000086200000, 0x0000000086200000|100%| O|  |TAMS 0x0000000086200000| PB 0x0000000086100000| Untracked 
|  98|0x0000000086200000, 0x0000000086300000, 0x0000000086300000|100%| O|  |TAMS 0x0000000086300000| PB 0x0000000086200000| Untracked 
|  99|0x0000000086300000, 0x0000000086400000, 0x0000000086400000|100%| O|  |TAMS 0x0000000086400000| PB 0x0000000086300000| Untracked 
| 100|0x0000000086400000, 0x0000000086500000, 0x0000000086500000|100%|HS|  |TAMS 0x0000000086500000| PB 0x0000000086400000| Complete 
| 101|0x0000000086500000, 0x0000000086600000, 0x0000000086600000|100%|HS|  |TAMS 0x0000000086600000| PB 0x0000000086500000| Complete 
| 102|0x0000000086600000, 0x0000000086700000, 0x0000000086700000|100%| O|  |TAMS 0x0000000086700000| PB 0x0000000086600000| Untracked 
| 103|0x0000000086700000, 0x0000000086800000, 0x0000000086800000|100%| O|  |TAMS 0x0000000086800000| PB 0x0000000086700000| Untracked 
| 104|0x0000000086800000, 0x0000000086900000, 0x0000000086900000|100%| O|  |TAMS 0x0000000086900000| PB 0x0000000086800000| Untracked 
| 105|0x0000000086900000, 0x0000000086a00000, 0x0000000086a00000|100%| O|  |TAMS 0x0000000086a00000| PB 0x0000000086900000| Untracked 
| 106|0x0000000086a00000, 0x0000000086b00000, 0x0000000086b00000|100%| O|  |TAMS 0x0000000086b00000| PB 0x0000000086a00000| Untracked 
| 107|0x0000000086b00000, 0x0000000086c00000, 0x0000000086c00000|100%| O|  |TAMS 0x0000000086c00000| PB 0x0000000086b00000| Untracked 
| 108|0x0000000086c00000, 0x0000000086d00000, 0x0000000086d00000|100%| O|  |TAMS 0x0000000086d00000| PB 0x0000000086c00000| Untracked 
| 109|0x0000000086d00000, 0x0000000086e00000, 0x0000000086e00000|100%| O|  |TAMS 0x0000000086e00000| PB 0x0000000086d00000| Untracked 
| 110|0x0000000086e00000, 0x0000000086f00000, 0x0000000086f00000|100%| O|  |TAMS 0x0000000086f00000| PB 0x0000000086e00000| Untracked 
| 111|0x0000000086f00000, 0x0000000087000000, 0x0000000087000000|100%| O|  |TAMS 0x0000000087000000| PB 0x0000000086f00000| Untracked 
| 112|0x0000000087000000, 0x0000000087000000, 0x0000000087100000|  0%| F|  |TAMS 0x0000000087000000| PB 0x0000000087000000| Untracked 
| 113|0x0000000087100000, 0x0000000087200000, 0x0000000087200000|100%| O|  |TAMS 0x0000000087200000| PB 0x0000000087100000| Untracked 
| 114|0x0000000087200000, 0x0000000087300000, 0x0000000087300000|100%| O|  |TAMS 0x0000000087300000| PB 0x0000000087200000| Untracked 
| 115|0x0000000087300000, 0x0000000087400000, 0x0000000087400000|100%| O|  |TAMS 0x0000000087400000| PB 0x0000000087300000| Untracked 
| 116|0x0000000087400000, 0x0000000087500000, 0x0000000087500000|100%| O|  |TAMS 0x0000000087500000| PB 0x0000000087400000| Untracked 
| 117|0x0000000087500000, 0x0000000087600000, 0x0000000087600000|100%| O|  |TAMS 0x0000000087600000| PB 0x0000000087500000| Untracked 
| 118|0x0000000087600000, 0x0000000087700000, 0x0000000087700000|100%| O|  |TAMS 0x0000000087700000| PB 0x0000000087600000| Untracked 
| 119|0x0000000087700000, 0x0000000087800000, 0x0000000087800000|100%| O|  |TAMS 0x0000000087800000| PB 0x0000000087700000| Untracked 
| 120|0x0000000087800000, 0x0000000087900000, 0x0000000087900000|100%| O|  |TAMS 0x0000000087900000| PB 0x0000000087800000| Untracked 
| 121|0x0000000087900000, 0x0000000087a00000, 0x0000000087a00000|100%| O|  |TAMS 0x0000000087a00000| PB 0x0000000087900000| Untracked 
| 122|0x0000000087a00000, 0x0000000087b00000, 0x0000000087b00000|100%| O|  |TAMS 0x0000000087b00000| PB 0x0000000087a00000| Untracked 
| 123|0x0000000087b00000, 0x0000000087c00000, 0x0000000087c00000|100%| O|  |TAMS 0x0000000087c00000| PB 0x0000000087b00000| Untracked 
| 124|0x0000000087c00000, 0x0000000087d00000, 0x0000000087d00000|100%| O|  |TAMS 0x0000000087d00000| PB 0x0000000087c00000| Untracked 
| 125|0x0000000087d00000, 0x0000000087e00000, 0x0000000087e00000|100%| O|  |TAMS 0x0000000087e00000| PB 0x0000000087d00000| Untracked 
| 126|0x0000000087e00000, 0x0000000087f00000, 0x0000000087f00000|100%| O|  |TAMS 0x0000000087f00000| PB 0x0000000087e00000| Untracked 
| 127|0x0000000087f00000, 0x0000000088000000, 0x0000000088000000|100%| O|  |TAMS 0x0000000088000000| PB 0x0000000087f00000| Untracked 
| 128|0x0000000088000000, 0x0000000088100000, 0x0000000088100000|100%| O|  |TAMS 0x0000000088100000| PB 0x0000000088000000| Untracked 
| 129|0x0000000088100000, 0x0000000088200000, 0x0000000088200000|100%| O|  |TAMS 0x0000000088200000| PB 0x0000000088100000| Untracked 
| 130|0x0000000088200000, 0x0000000088300000, 0x0000000088300000|100%| O|  |TAMS 0x0000000088300000| PB 0x0000000088200000| Untracked 
| 131|0x0000000088300000, 0x0000000088400000, 0x0000000088400000|100%| O|  |TAMS 0x0000000088400000| PB 0x0000000088300000| Untracked 
| 132|0x0000000088400000, 0x0000000088500000, 0x0000000088500000|100%| O|  |TAMS 0x0000000088500000| PB 0x0000000088400000| Untracked 
| 133|0x0000000088500000, 0x0000000088600000, 0x0000000088600000|100%| O|  |TAMS 0x0000000088600000| PB 0x0000000088500000| Untracked 
| 134|0x0000000088600000, 0x0000000088700000, 0x0000000088700000|100%| O|  |TAMS 0x0000000088700000| PB 0x0000000088600000| Untracked 
| 135|0x0000000088700000, 0x0000000088800000, 0x0000000088800000|100%| O|  |TAMS 0x0000000088800000| PB 0x0000000088700000| Untracked 
| 136|0x0000000088800000, 0x0000000088900000, 0x0000000088900000|100%| O|  |TAMS 0x0000000088900000| PB 0x0000000088800000| Untracked 
| 137|0x0000000088900000, 0x0000000088a00000, 0x0000000088a00000|100%| O|  |TAMS 0x0000000088a00000| PB 0x0000000088900000| Untracked 
| 138|0x0000000088a00000, 0x0000000088b00000, 0x0000000088b00000|100%| O|  |TAMS 0x0000000088b00000| PB 0x0000000088a00000| Untracked 
| 139|0x0000000088b00000, 0x0000000088c00000, 0x0000000088c00000|100%| O|  |TAMS 0x0000000088c00000| PB 0x0000000088b00000| Untracked 
| 140|0x0000000088c00000, 0x0000000088d00000, 0x0000000088d00000|100%| O|  |TAMS 0x0000000088d00000| PB 0x0000000088c00000| Untracked 
| 141|0x0000000088d00000, 0x0000000088e00000, 0x0000000088e00000|100%| O|  |TAMS 0x0000000088e00000| PB 0x0000000088d00000| Untracked 
| 142|0x0000000088e00000, 0x0000000088f00000, 0x0000000088f00000|100%| O|  |TAMS 0x0000000088f00000| PB 0x0000000088e00000| Untracked 
| 143|0x0000000088f00000, 0x0000000089000000, 0x0000000089000000|100%| O|  |TAMS 0x0000000089000000| PB 0x0000000088f00000| Untracked 
| 144|0x0000000089000000, 0x0000000089100000, 0x0000000089100000|100%| O|  |TAMS 0x0000000089100000| PB 0x0000000089000000| Untracked 
| 145|0x0000000089100000, 0x0000000089200000, 0x0000000089200000|100%| O|  |TAMS 0x0000000089200000| PB 0x0000000089100000| Untracked 
| 146|0x0000000089200000, 0x0000000089300000, 0x0000000089300000|100%| O|  |TAMS 0x0000000089300000| PB 0x0000000089200000| Untracked 
| 147|0x0000000089300000, 0x0000000089400000, 0x0000000089400000|100%| O|  |TAMS 0x0000000089400000| PB 0x0000000089300000| Untracked 
| 148|0x0000000089400000, 0x0000000089400000, 0x0000000089500000|  0%| F|  |TAMS 0x0000000089400000| PB 0x0000000089400000| Untracked 
| 149|0x0000000089500000, 0x0000000089600000, 0x0000000089600000|100%|HS|  |TAMS 0x0000000089600000| PB 0x0000000089500000| Complete 
| 150|0x0000000089600000, 0x0000000089700000, 0x0000000089700000|100%|HC|  |TAMS 0x0000000089700000| PB 0x0000000089600000| Complete 
| 151|0x0000000089700000, 0x0000000089800000, 0x0000000089800000|100%|HS|  |TAMS 0x0000000089800000| PB 0x0000000089700000| Complete 
| 152|0x0000000089800000, 0x0000000089900000, 0x0000000089900000|100%|HC|  |TAMS 0x0000000089900000| PB 0x0000000089800000| Complete 
| 153|0x0000000089900000, 0x0000000089a00000, 0x0000000089a00000|100%| O|  |TAMS 0x0000000089a00000| PB 0x0000000089900000| Untracked 
| 154|0x0000000089a00000, 0x0000000089b00000, 0x0000000089b00000|100%| O|  |TAMS 0x0000000089b00000| PB 0x0000000089a00000| Untracked 
| 155|0x0000000089b00000, 0x0000000089b00000, 0x0000000089c00000|  0%| F|  |TAMS 0x0000000089b00000| PB 0x0000000089b00000| Untracked 
| 156|0x0000000089c00000, 0x0000000089d00000, 0x0000000089d00000|100%| O|  |TAMS 0x0000000089d00000| PB 0x0000000089c00000| Untracked 
| 157|0x0000000089d00000, 0x0000000089e00000, 0x0000000089e00000|100%| O|  |TAMS 0x0000000089e00000| PB 0x0000000089d00000| Untracked 
| 158|0x0000000089e00000, 0x0000000089f00000, 0x0000000089f00000|100%| O|  |TAMS 0x0000000089f00000| PB 0x0000000089e00000| Untracked 
| 159|0x0000000089f00000, 0x0000000089f00000, 0x000000008a000000|  0%| F|  |TAMS 0x0000000089f00000| PB 0x0000000089f00000| Untracked 
| 160|0x000000008a000000, 0x000000008a100000, 0x000000008a100000|100%| O|  |TAMS 0x000000008a100000| PB 0x000000008a000000| Untracked 
| 161|0x000000008a100000, 0x000000008a200000, 0x000000008a200000|100%| O|  |TAMS 0x000000008a200000| PB 0x000000008a100000| Untracked 
| 162|0x000000008a200000, 0x000000008a300000, 0x000000008a300000|100%| O|  |TAMS 0x000000008a300000| PB 0x000000008a200000| Untracked 
| 163|0x000000008a300000, 0x000000008a400000, 0x000000008a400000|100%| O|  |TAMS 0x000000008a400000| PB 0x000000008a300000| Untracked 
| 164|0x000000008a400000, 0x000000008a500000, 0x000000008a500000|100%| O|  |TAMS 0x000000008a500000| PB 0x000000008a400000| Untracked 
| 165|0x000000008a500000, 0x000000008a600000, 0x000000008a600000|100%| O|  |TAMS 0x000000008a600000| PB 0x000000008a500000| Untracked 
| 166|0x000000008a600000, 0x000000008a700000, 0x000000008a700000|100%| O|  |TAMS 0x000000008a700000| PB 0x000000008a600000| Untracked 
| 167|0x000000008a700000, 0x000000008a800000, 0x000000008a800000|100%| O|  |TAMS 0x000000008a800000| PB 0x000000008a700000| Untracked 
| 168|0x000000008a800000, 0x000000008a900000, 0x000000008a900000|100%| O|  |TAMS 0x000000008a900000| PB 0x000000008a800000| Untracked 
| 169|0x000000008a900000, 0x000000008aa00000, 0x000000008aa00000|100%| O|  |TAMS 0x000000008aa00000| PB 0x000000008a900000| Untracked 
| 170|0x000000008aa00000, 0x000000008ab00000, 0x000000008ab00000|100%| O|  |TAMS 0x000000008ab00000| PB 0x000000008aa00000| Untracked 
| 171|0x000000008ab00000, 0x000000008ac00000, 0x000000008ac00000|100%| O|  |TAMS 0x000000008ac00000| PB 0x000000008ab00000| Untracked 
| 172|0x000000008ac00000, 0x000000008ad00000, 0x000000008ad00000|100%| O|  |TAMS 0x000000008ad00000| PB 0x000000008ac00000| Untracked 
| 173|0x000000008ad00000, 0x000000008ae00000, 0x000000008ae00000|100%| O|  |TAMS 0x000000008ae00000| PB 0x000000008ad00000| Untracked 
| 174|0x000000008ae00000, 0x000000008af00000, 0x000000008af00000|100%| O|  |TAMS 0x000000008af00000| PB 0x000000008ae00000| Untracked 
| 175|0x000000008af00000, 0x000000008b000000, 0x000000008b000000|100%| O|  |TAMS 0x000000008b000000| PB 0x000000008af00000| Untracked 
| 176|0x000000008b000000, 0x000000008b100000, 0x000000008b100000|100%| O|  |TAMS 0x000000008b100000| PB 0x000000008b000000| Untracked 
| 177|0x000000008b100000, 0x000000008b200000, 0x000000008b200000|100%| O|  |TAMS 0x000000008b200000| PB 0x000000008b100000| Untracked 
| 178|0x000000008b200000, 0x000000008b300000, 0x000000008b300000|100%| O|  |TAMS 0x000000008b300000| PB 0x000000008b200000| Untracked 
| 179|0x000000008b300000, 0x000000008b400000, 0x000000008b400000|100%| O|  |TAMS 0x000000008b400000| PB 0x000000008b300000| Untracked 
| 180|0x000000008b400000, 0x000000008b500000, 0x000000008b500000|100%| O|  |TAMS 0x000000008b500000| PB 0x000000008b400000| Untracked 
| 181|0x000000008b500000, 0x000000008b600000, 0x000000008b600000|100%| O|  |TAMS 0x000000008b600000| PB 0x000000008b500000| Untracked 
| 182|0x000000008b600000, 0x000000008b700000, 0x000000008b700000|100%| O|  |TAMS 0x000000008b700000| PB 0x000000008b600000| Untracked 
| 183|0x000000008b700000, 0x000000008b800000, 0x000000008b800000|100%| O|  |TAMS 0x000000008b800000| PB 0x000000008b700000| Untracked 
| 184|0x000000008b800000, 0x000000008b900000, 0x000000008b900000|100%| O|  |TAMS 0x000000008b900000| PB 0x000000008b800000| Untracked 
| 185|0x000000008b900000, 0x000000008ba00000, 0x000000008ba00000|100%| O|  |TAMS 0x000000008ba00000| PB 0x000000008b900000| Untracked 
| 186|0x000000008ba00000, 0x000000008bb00000, 0x000000008bb00000|100%| O|  |TAMS 0x000000008bb00000| PB 0x000000008ba00000| Untracked 
| 187|0x000000008bb00000, 0x000000008bc00000, 0x000000008bc00000|100%| O|  |TAMS 0x000000008bc00000| PB 0x000000008bb00000| Untracked 
| 188|0x000000008bc00000, 0x000000008bd00000, 0x000000008bd00000|100%| O|  |TAMS 0x000000008bd00000| PB 0x000000008bc00000| Untracked 
| 189|0x000000008bd00000, 0x000000008be00000, 0x000000008be00000|100%| O|  |TAMS 0x000000008be00000| PB 0x000000008bd00000| Untracked 
| 190|0x000000008be00000, 0x000000008be00000, 0x000000008bf00000|  0%| F|  |TAMS 0x000000008be00000| PB 0x000000008be00000| Untracked 
| 191|0x000000008bf00000, 0x000000008c000000, 0x000000008c000000|100%| O|  |TAMS 0x000000008c000000| PB 0x000000008bf00000| Untracked 
| 192|0x000000008c000000, 0x000000008c100000, 0x000000008c100000|100%| O|  |TAMS 0x000000008c100000| PB 0x000000008c000000| Untracked 
| 193|0x000000008c100000, 0x000000008c200000, 0x000000008c200000|100%| O|  |TAMS 0x000000008c200000| PB 0x000000008c100000| Untracked 
| 194|0x000000008c200000, 0x000000008c300000, 0x000000008c300000|100%| O|  |TAMS 0x000000008c300000| PB 0x000000008c200000| Untracked 
| 195|0x000000008c300000, 0x000000008c400000, 0x000000008c400000|100%| O|  |TAMS 0x000000008c400000| PB 0x000000008c300000| Untracked 
| 196|0x000000008c400000, 0x000000008c500000, 0x000000008c500000|100%| O|  |TAMS 0x000000008c500000| PB 0x000000008c400000| Untracked 
| 197|0x000000008c500000, 0x000000008c600000, 0x000000008c600000|100%| O|  |TAMS 0x000000008c600000| PB 0x000000008c500000| Untracked 
| 198|0x000000008c600000, 0x000000008c700000, 0x000000008c700000|100%| O|  |TAMS 0x000000008c700000| PB 0x000000008c600000| Untracked 
| 199|0x000000008c700000, 0x000000008c800000, 0x000000008c800000|100%| O|  |TAMS 0x000000008c800000| PB 0x000000008c700000| Untracked 
| 200|0x000000008c800000, 0x000000008c900000, 0x000000008c900000|100%| O|  |TAMS 0x000000008c900000| PB 0x000000008c800000| Untracked 
| 201|0x000000008c900000, 0x000000008ca00000, 0x000000008ca00000|100%| O|  |TAMS 0x000000008ca00000| PB 0x000000008c900000| Untracked 
| 202|0x000000008ca00000, 0x000000008cb00000, 0x000000008cb00000|100%| O|  |TAMS 0x000000008cb00000| PB 0x000000008ca00000| Untracked 
| 203|0x000000008cb00000, 0x000000008cb00000, 0x000000008cc00000|  0%| F|  |TAMS 0x000000008cb00000| PB 0x000000008cb00000| Untracked 
| 204|0x000000008cc00000, 0x000000008cc00000, 0x000000008cd00000|  0%| F|  |TAMS 0x000000008cc00000| PB 0x000000008cc00000| Untracked 
| 205|0x000000008cd00000, 0x000000008cd00000, 0x000000008ce00000|  0%| F|  |TAMS 0x000000008cd00000| PB 0x000000008cd00000| Untracked 
| 206|0x000000008ce00000, 0x000000008ce00000, 0x000000008cf00000|  0%| F|  |TAMS 0x000000008ce00000| PB 0x000000008ce00000| Untracked 
| 207|0x000000008cf00000, 0x000000008cf00000, 0x000000008d000000|  0%| F|  |TAMS 0x000000008cf00000| PB 0x000000008cf00000| Untracked 
| 208|0x000000008d000000, 0x000000008d000000, 0x000000008d100000|  0%| F|  |TAMS 0x000000008d000000| PB 0x000000008d000000| Untracked 
| 209|0x000000008d100000, 0x000000008d100000, 0x000000008d200000|  0%| F|  |TAMS 0x000000008d100000| PB 0x000000008d100000| Untracked 
| 210|0x000000008d200000, 0x000000008d200000, 0x000000008d300000|  0%| F|  |TAMS 0x000000008d200000| PB 0x000000008d200000| Untracked 
| 211|0x000000008d300000, 0x000000008d300000, 0x000000008d400000|  0%| F|  |TAMS 0x000000008d300000| PB 0x000000008d300000| Untracked 
| 212|0x000000008d400000, 0x000000008d400000, 0x000000008d500000|  0%| F|  |TAMS 0x000000008d400000| PB 0x000000008d400000| Untracked 
| 213|0x000000008d500000, 0x000000008d500000, 0x000000008d600000|  0%| F|  |TAMS 0x000000008d500000| PB 0x000000008d500000| Untracked 
| 214|0x000000008d600000, 0x000000008d600000, 0x000000008d700000|  0%| F|  |TAMS 0x000000008d600000| PB 0x000000008d600000| Untracked 
| 215|0x000000008d700000, 0x000000008d800000, 0x000000008d800000|100%| O|  |TAMS 0x000000008d800000| PB 0x000000008d700000| Untracked 
| 216|0x000000008d800000, 0x000000008d900000, 0x000000008d900000|100%| O|  |TAMS 0x000000008d900000| PB 0x000000008d800000| Untracked 
| 217|0x000000008d900000, 0x000000008da00000, 0x000000008da00000|100%| O|  |TAMS 0x000000008da00000| PB 0x000000008d900000| Untracked 
| 218|0x000000008da00000, 0x000000008da00000, 0x000000008db00000|  0%| F|  |TAMS 0x000000008da00000| PB 0x000000008da00000| Untracked 
| 219|0x000000008db00000, 0x000000008db00000, 0x000000008dc00000|  0%| F|  |TAMS 0x000000008db00000| PB 0x000000008db00000| Untracked 
| 220|0x000000008dc00000, 0x000000008dc00000, 0x000000008dd00000|  0%| F|  |TAMS 0x000000008dc00000| PB 0x000000008dc00000| Untracked 
| 221|0x000000008dd00000, 0x000000008de00000, 0x000000008de00000|100%| O|  |TAMS 0x000000008de00000| PB 0x000000008dd00000| Untracked 
| 222|0x000000008de00000, 0x000000008df00000, 0x000000008df00000|100%| O|  |TAMS 0x000000008df00000| PB 0x000000008de00000| Untracked 
| 223|0x000000008df00000, 0x000000008e000000, 0x000000008e000000|100%| O|  |TAMS 0x000000008e000000| PB 0x000000008df00000| Untracked 
| 224|0x000000008e000000, 0x000000008e100000, 0x000000008e100000|100%| O|  |TAMS 0x000000008e100000| PB 0x000000008e000000| Untracked 
| 225|0x000000008e100000, 0x000000008e200000, 0x000000008e200000|100%| O|  |TAMS 0x000000008e200000| PB 0x000000008e100000| Untracked 
| 226|0x000000008e200000, 0x000000008e200000, 0x000000008e300000|  0%| F|  |TAMS 0x000000008e200000| PB 0x000000008e200000| Untracked 
| 227|0x000000008e300000, 0x000000008e300000, 0x000000008e400000|  0%| F|  |TAMS 0x000000008e300000| PB 0x000000008e300000| Untracked 
| 228|0x000000008e400000, 0x000000008e400000, 0x000000008e500000|  0%| F|  |TAMS 0x000000008e400000| PB 0x000000008e400000| Untracked 
| 229|0x000000008e500000, 0x000000008e500000, 0x000000008e600000|  0%| F|  |TAMS 0x000000008e500000| PB 0x000000008e500000| Untracked 
| 230|0x000000008e600000, 0x000000008e600000, 0x000000008e700000|  0%| F|  |TAMS 0x000000008e600000| PB 0x000000008e600000| Untracked 
| 231|0x000000008e700000, 0x000000008e800000, 0x000000008e800000|100%| O|  |TAMS 0x000000008e800000| PB 0x000000008e700000| Untracked 
| 232|0x000000008e800000, 0x000000008e900000, 0x000000008e900000|100%| O|  |TAMS 0x000000008e900000| PB 0x000000008e800000| Untracked 
| 233|0x000000008e900000, 0x000000008ea00000, 0x000000008ea00000|100%| O|  |TAMS 0x000000008ea00000| PB 0x000000008e900000| Untracked 
| 234|0x000000008ea00000, 0x000000008eb00000, 0x000000008eb00000|100%| O|  |TAMS 0x000000008eb00000| PB 0x000000008ea00000| Untracked 
| 235|0x000000008eb00000, 0x000000008eb00000, 0x000000008ec00000|  0%| F|  |TAMS 0x000000008eb00000| PB 0x000000008eb00000| Untracked 
| 236|0x000000008ec00000, 0x000000008ec00000, 0x000000008ed00000|  0%| F|  |TAMS 0x000000008ec00000| PB 0x000000008ec00000| Untracked 
| 237|0x000000008ed00000, 0x000000008ed00000, 0x000000008ee00000|  0%| F|  |TAMS 0x000000008ed00000| PB 0x000000008ed00000| Untracked 
| 238|0x000000008ee00000, 0x000000008ee00000, 0x000000008ef00000|  0%| F|  |TAMS 0x000000008ee00000| PB 0x000000008ee00000| Untracked 
| 239|0x000000008ef00000, 0x000000008ef00000, 0x000000008f000000|  0%| F|  |TAMS 0x000000008ef00000| PB 0x000000008ef00000| Untracked 
| 240|0x000000008f000000, 0x000000008f000000, 0x000000008f100000|  0%| F|  |TAMS 0x000000008f000000| PB 0x000000008f000000| Untracked 
| 241|0x000000008f100000, 0x000000008f100000, 0x000000008f200000|  0%| F|  |TAMS 0x000000008f100000| PB 0x000000008f100000| Untracked 
| 242|0x000000008f200000, 0x000000008f200000, 0x000000008f300000|  0%| F|  |TAMS 0x000000008f200000| PB 0x000000008f200000| Untracked 
| 243|0x000000008f300000, 0x000000008f300000, 0x000000008f400000|  0%| F|  |TAMS 0x000000008f300000| PB 0x000000008f300000| Untracked 
| 244|0x000000008f400000, 0x000000008f400000, 0x000000008f500000|  0%| F|  |TAMS 0x000000008f400000| PB 0x000000008f400000| Untracked 
| 245|0x000000008f500000, 0x000000008f500000, 0x000000008f600000|  0%| F|  |TAMS 0x000000008f500000| PB 0x000000008f500000| Untracked 
| 246|0x000000008f600000, 0x000000008f600000, 0x000000008f700000|  0%| F|  |TAMS 0x000000008f600000| PB 0x000000008f600000| Untracked 
| 247|0x000000008f700000, 0x000000008f700000, 0x000000008f800000|  0%| F|  |TAMS 0x000000008f700000| PB 0x000000008f700000| Untracked 
| 248|0x000000008f800000, 0x000000008f800000, 0x000000008f900000|  0%| F|  |TAMS 0x000000008f800000| PB 0x000000008f800000| Untracked 
| 249|0x000000008f900000, 0x000000008f900000, 0x000000008fa00000|  0%| F|  |TAMS 0x000000008f900000| PB 0x000000008f900000| Untracked 
| 250|0x000000008fa00000, 0x000000008fa00000, 0x000000008fb00000|  0%| F|  |TAMS 0x000000008fa00000| PB 0x000000008fa00000| Untracked 
| 251|0x000000008fb00000, 0x000000008fb00000, 0x000000008fc00000|  0%| F|  |TAMS 0x000000008fb00000| PB 0x000000008fb00000| Untracked 
| 252|0x000000008fc00000, 0x000000008fc00000, 0x000000008fd00000|  0%| F|  |TAMS 0x000000008fc00000| PB 0x000000008fc00000| Untracked 
| 253|0x000000008fd00000, 0x000000008fd00000, 0x000000008fe00000|  0%| F|  |TAMS 0x000000008fd00000| PB 0x000000008fd00000| Untracked 
| 254|0x000000008fe00000, 0x000000008ff00000, 0x000000008ff00000|100%| O|  |TAMS 0x000000008ff00000| PB 0x000000008fe00000| Untracked 
| 255|0x000000008ff00000, 0x0000000090000000, 0x0000000090000000|100%| O|  |TAMS 0x0000000090000000| PB 0x000000008ff00000| Untracked 
| 256|0x0000000090000000, 0x0000000090100000, 0x0000000090100000|100%| O|  |TAMS 0x0000000090100000| PB 0x0000000090000000| Untracked 
| 257|0x0000000090100000, 0x0000000090200000, 0x0000000090200000|100%| O|  |TAMS 0x0000000090200000| PB 0x0000000090100000| Untracked 
| 258|0x0000000090200000, 0x0000000090300000, 0x0000000090300000|100%| O|  |TAMS 0x0000000090300000| PB 0x0000000090200000| Untracked 
| 259|0x0000000090300000, 0x0000000090300000, 0x0000000090400000|  0%| F|  |TAMS 0x0000000090300000| PB 0x0000000090300000| Untracked 
| 260|0x0000000090400000, 0x0000000090400000, 0x0000000090500000|  0%| F|  |TAMS 0x0000000090400000| PB 0x0000000090400000| Untracked 
| 261|0x0000000090500000, 0x0000000090500000, 0x0000000090600000|  0%| F|  |TAMS 0x0000000090500000| PB 0x0000000090500000| Untracked 
| 262|0x0000000090600000, 0x0000000090600000, 0x0000000090700000|  0%| F|  |TAMS 0x0000000090600000| PB 0x0000000090600000| Untracked 
| 263|0x0000000090700000, 0x0000000090700000, 0x0000000090800000|  0%| F|  |TAMS 0x0000000090700000| PB 0x0000000090700000| Untracked 
| 264|0x0000000090800000, 0x0000000090800000, 0x0000000090900000|  0%| F|  |TAMS 0x0000000090800000| PB 0x0000000090800000| Untracked 
| 265|0x0000000090900000, 0x0000000090900000, 0x0000000090a00000|  0%| F|  |TAMS 0x0000000090900000| PB 0x0000000090900000| Untracked 
| 266|0x0000000090a00000, 0x0000000090a00000, 0x0000000090b00000|  0%| F|  |TAMS 0x0000000090a00000| PB 0x0000000090a00000| Untracked 
| 267|0x0000000090b00000, 0x0000000090b00000, 0x0000000090c00000|  0%| F|  |TAMS 0x0000000090b00000| PB 0x0000000090b00000| Untracked 
| 268|0x0000000090c00000, 0x0000000090c00000, 0x0000000090d00000|  0%| F|  |TAMS 0x0000000090c00000| PB 0x0000000090c00000| Untracked 
| 269|0x0000000090d00000, 0x0000000090d00000, 0x0000000090e00000|  0%| F|  |TAMS 0x0000000090d00000| PB 0x0000000090d00000| Untracked 
| 270|0x0000000090e00000, 0x0000000090e00000, 0x0000000090f00000|  0%| F|  |TAMS 0x0000000090e00000| PB 0x0000000090e00000| Untracked 
| 271|0x0000000090f00000, 0x0000000090f00000, 0x0000000091000000|  0%| F|  |TAMS 0x0000000090f00000| PB 0x0000000090f00000| Untracked 
| 272|0x0000000091000000, 0x0000000091000000, 0x0000000091100000|  0%| F|  |TAMS 0x0000000091000000| PB 0x0000000091000000| Untracked 
| 273|0x0000000091100000, 0x0000000091100000, 0x0000000091200000|  0%| F|  |TAMS 0x0000000091100000| PB 0x0000000091100000| Untracked 
| 274|0x0000000091200000, 0x0000000091200000, 0x0000000091300000|  0%| F|  |TAMS 0x0000000091200000| PB 0x0000000091200000| Untracked 
| 275|0x0000000091300000, 0x0000000091300000, 0x0000000091400000|  0%| F|  |TAMS 0x0000000091300000| PB 0x0000000091300000| Untracked 
| 276|0x0000000091400000, 0x0000000091400000, 0x0000000091500000|  0%| F|  |TAMS 0x0000000091400000| PB 0x0000000091400000| Untracked 
| 277|0x0000000091500000, 0x0000000091500000, 0x0000000091600000|  0%| F|  |TAMS 0x0000000091500000| PB 0x0000000091500000| Untracked 
| 278|0x0000000091600000, 0x0000000091600000, 0x0000000091700000|  0%| F|  |TAMS 0x0000000091600000| PB 0x0000000091600000| Untracked 
| 279|0x0000000091700000, 0x0000000091700000, 0x0000000091800000|  0%| F|  |TAMS 0x0000000091700000| PB 0x0000000091700000| Untracked 
| 280|0x0000000091800000, 0x0000000091800000, 0x0000000091900000|  0%| F|  |TAMS 0x0000000091800000| PB 0x0000000091800000| Untracked 
| 281|0x0000000091900000, 0x0000000091900000, 0x0000000091a00000|  0%| F|  |TAMS 0x0000000091900000| PB 0x0000000091900000| Untracked 
| 282|0x0000000091a00000, 0x0000000091a00000, 0x0000000091b00000|  0%| F|  |TAMS 0x0000000091a00000| PB 0x0000000091a00000| Untracked 
| 283|0x0000000091b00000, 0x0000000091b00000, 0x0000000091c00000|  0%| F|  |TAMS 0x0000000091b00000| PB 0x0000000091b00000| Untracked 
| 284|0x0000000091c00000, 0x0000000091c00000, 0x0000000091d00000|  0%| F|  |TAMS 0x0000000091c00000| PB 0x0000000091c00000| Untracked 
| 285|0x0000000091d00000, 0x0000000091d00000, 0x0000000091e00000|  0%| F|  |TAMS 0x0000000091d00000| PB 0x0000000091d00000| Untracked 
| 286|0x0000000091e00000, 0x0000000091e00000, 0x0000000091f00000|  0%| F|  |TAMS 0x0000000091e00000| PB 0x0000000091e00000| Untracked 
| 287|0x0000000091f00000, 0x0000000091f00000, 0x0000000092000000|  0%| F|  |TAMS 0x0000000091f00000| PB 0x0000000091f00000| Untracked 
| 288|0x0000000092000000, 0x0000000092000000, 0x0000000092100000|  0%| F|  |TAMS 0x0000000092000000| PB 0x0000000092000000| Untracked 
| 289|0x0000000092100000, 0x0000000092100000, 0x0000000092200000|  0%| F|  |TAMS 0x0000000092100000| PB 0x0000000092100000| Untracked 
| 290|0x0000000092200000, 0x0000000092200000, 0x0000000092300000|  0%| F|  |TAMS 0x0000000092200000| PB 0x0000000092200000| Untracked 
| 291|0x0000000092300000, 0x0000000092300000, 0x0000000092400000|  0%| F|  |TAMS 0x0000000092300000| PB 0x0000000092300000| Untracked 
| 292|0x0000000092400000, 0x0000000092400000, 0x0000000092500000|  0%| F|  |TAMS 0x0000000092400000| PB 0x0000000092400000| Untracked 
| 293|0x0000000092500000, 0x0000000092500000, 0x0000000092600000|  0%| F|  |TAMS 0x0000000092500000| PB 0x0000000092500000| Untracked 
| 294|0x0000000092600000, 0x0000000092600000, 0x0000000092700000|  0%| F|  |TAMS 0x0000000092600000| PB 0x0000000092600000| Untracked 
| 295|0x0000000092700000, 0x0000000092700000, 0x0000000092800000|  0%| F|  |TAMS 0x0000000092700000| PB 0x0000000092700000| Untracked 
| 296|0x0000000092800000, 0x0000000092800000, 0x0000000092900000|  0%| F|  |TAMS 0x0000000092800000| PB 0x0000000092800000| Untracked 
| 297|0x0000000092900000, 0x0000000092900000, 0x0000000092a00000|  0%| F|  |TAMS 0x0000000092900000| PB 0x0000000092900000| Untracked 
| 298|0x0000000092a00000, 0x0000000092a00000, 0x0000000092b00000|  0%| F|  |TAMS 0x0000000092a00000| PB 0x0000000092a00000| Untracked 
| 299|0x0000000092b00000, 0x0000000092b00000, 0x0000000092c00000|  0%| F|  |TAMS 0x0000000092b00000| PB 0x0000000092b00000| Untracked 
| 300|0x0000000092c00000, 0x0000000092c00000, 0x0000000092d00000|  0%| F|  |TAMS 0x0000000092c00000| PB 0x0000000092c00000| Untracked 
| 301|0x0000000092d00000, 0x0000000092d00000, 0x0000000092e00000|  0%| F|  |TAMS 0x0000000092d00000| PB 0x0000000092d00000| Untracked 
| 302|0x0000000092e00000, 0x0000000092e00000, 0x0000000092f00000|  0%| F|  |TAMS 0x0000000092e00000| PB 0x0000000092e00000| Untracked 
| 303|0x0000000092f00000, 0x0000000092f00000, 0x0000000093000000|  0%| F|  |TAMS 0x0000000092f00000| PB 0x0000000092f00000| Untracked 
| 304|0x0000000093000000, 0x0000000093000000, 0x0000000093100000|  0%| F|  |TAMS 0x0000000093000000| PB 0x0000000093000000| Untracked 
| 305|0x0000000093100000, 0x0000000093100000, 0x0000000093200000|  0%| F|  |TAMS 0x0000000093100000| PB 0x0000000093100000| Untracked 
| 306|0x0000000093200000, 0x00000000932287b8, 0x0000000093300000| 15%| S|CS|TAMS 0x0000000093200000| PB 0x0000000093200000| Complete 
| 307|0x0000000093300000, 0x0000000093400000, 0x0000000093400000|100%| S|CS|TAMS 0x0000000093300000| PB 0x0000000093300000| Complete 
| 308|0x0000000093400000, 0x0000000093500000, 0x0000000093500000|100%| S|CS|TAMS 0x0000000093400000| PB 0x0000000093400000| Complete 
| 309|0x0000000093500000, 0x0000000093600000, 0x0000000093600000|100%| S|CS|TAMS 0x0000000093500000| PB 0x0000000093500000| Complete 
| 310|0x0000000093600000, 0x0000000093700000, 0x0000000093700000|100%| S|CS|TAMS 0x0000000093600000| PB 0x0000000093600000| Complete 
| 311|0x0000000093700000, 0x0000000093800000, 0x0000000093800000|100%| S|CS|TAMS 0x0000000093700000| PB 0x0000000093700000| Complete 
| 312|0x0000000093800000, 0x0000000093900000, 0x0000000093900000|100%| S|CS|TAMS 0x0000000093800000| PB 0x0000000093800000| Complete 
| 313|0x0000000093900000, 0x0000000093900000, 0x0000000093a00000|  0%| F|  |TAMS 0x0000000093900000| PB 0x0000000093900000| Untracked 
| 314|0x0000000093a00000, 0x0000000093a00000, 0x0000000093b00000|  0%| F|  |TAMS 0x0000000093a00000| PB 0x0000000093a00000| Untracked 
| 315|0x0000000093b00000, 0x0000000093b00000, 0x0000000093c00000|  0%| F|  |TAMS 0x0000000093b00000| PB 0x0000000093b00000| Untracked 
| 316|0x0000000093c00000, 0x0000000093c00000, 0x0000000093d00000|  0%| F|  |TAMS 0x0000000093c00000| PB 0x0000000093c00000| Untracked 
| 317|0x0000000093d00000, 0x0000000093d00000, 0x0000000093e00000|  0%| F|  |TAMS 0x0000000093d00000| PB 0x0000000093d00000| Untracked 
| 318|0x0000000093e00000, 0x0000000093e00000, 0x0000000093f00000|  0%| F|  |TAMS 0x0000000093e00000| PB 0x0000000093e00000| Untracked 
| 319|0x0000000093f00000, 0x0000000093f00000, 0x0000000094000000|  0%| F|  |TAMS 0x0000000093f00000| PB 0x0000000093f00000| Untracked 
| 320|0x0000000094000000, 0x0000000094000000, 0x0000000094100000|  0%| F|  |TAMS 0x0000000094000000| PB 0x0000000094000000| Untracked 
| 321|0x0000000094100000, 0x0000000094100000, 0x0000000094200000|  0%| F|  |TAMS 0x0000000094100000| PB 0x0000000094100000| Untracked 
| 322|0x0000000094200000, 0x0000000094200000, 0x0000000094300000|  0%| F|  |TAMS 0x0000000094200000| PB 0x0000000094200000| Untracked 
| 323|0x0000000094300000, 0x0000000094300000, 0x0000000094400000|  0%| F|  |TAMS 0x0000000094300000| PB 0x0000000094300000| Untracked 
| 324|0x0000000094400000, 0x0000000094400000, 0x0000000094500000|  0%| F|  |TAMS 0x0000000094400000| PB 0x0000000094400000| Untracked 
| 325|0x0000000094500000, 0x0000000094500000, 0x0000000094600000|  0%| F|  |TAMS 0x0000000094500000| PB 0x0000000094500000| Untracked 
| 326|0x0000000094600000, 0x0000000094600000, 0x0000000094700000|  0%| F|  |TAMS 0x0000000094600000| PB 0x0000000094600000| Untracked 
| 327|0x0000000094700000, 0x0000000094700000, 0x0000000094800000|  0%| F|  |TAMS 0x0000000094700000| PB 0x0000000094700000| Untracked 
| 328|0x0000000094800000, 0x0000000094800000, 0x0000000094900000|  0%| F|  |TAMS 0x0000000094800000| PB 0x0000000094800000| Untracked 
| 329|0x0000000094900000, 0x0000000094900000, 0x0000000094a00000|  0%| F|  |TAMS 0x0000000094900000| PB 0x0000000094900000| Untracked 
| 330|0x0000000094a00000, 0x0000000094a00000, 0x0000000094b00000|  0%| F|  |TAMS 0x0000000094a00000| PB 0x0000000094a00000| Untracked 
| 331|0x0000000094b00000, 0x0000000094b00000, 0x0000000094c00000|  0%| F|  |TAMS 0x0000000094b00000| PB 0x0000000094b00000| Untracked 
| 332|0x0000000094c00000, 0x0000000094c00000, 0x0000000094d00000|  0%| F|  |TAMS 0x0000000094c00000| PB 0x0000000094c00000| Untracked 
| 333|0x0000000094d00000, 0x0000000094d00000, 0x0000000094e00000|  0%| F|  |TAMS 0x0000000094d00000| PB 0x0000000094d00000| Untracked 
| 334|0x0000000094e00000, 0x0000000094e00000, 0x0000000094f00000|  0%| F|  |TAMS 0x0000000094e00000| PB 0x0000000094e00000| Untracked 
| 335|0x0000000094f00000, 0x0000000094f00000, 0x0000000095000000|  0%| F|  |TAMS 0x0000000094f00000| PB 0x0000000094f00000| Untracked 
| 336|0x0000000095000000, 0x0000000095000000, 0x0000000095100000|  0%| F|  |TAMS 0x0000000095000000| PB 0x0000000095000000| Untracked 
| 337|0x0000000095100000, 0x0000000095100000, 0x0000000095200000|  0%| F|  |TAMS 0x0000000095100000| PB 0x0000000095100000| Untracked 
| 338|0x0000000095200000, 0x0000000095200000, 0x0000000095300000|  0%| F|  |TAMS 0x0000000095200000| PB 0x0000000095200000| Untracked 
| 339|0x0000000095300000, 0x0000000095300000, 0x0000000095400000|  0%| F|  |TAMS 0x0000000095300000| PB 0x0000000095300000| Untracked 
| 340|0x0000000095400000, 0x0000000095400000, 0x0000000095500000|  0%| F|  |TAMS 0x0000000095400000| PB 0x0000000095400000| Untracked 
| 341|0x0000000095500000, 0x0000000095500000, 0x0000000095600000|  0%| F|  |TAMS 0x0000000095500000| PB 0x0000000095500000| Untracked 
| 342|0x0000000095600000, 0x0000000095600000, 0x0000000095700000|  0%| F|  |TAMS 0x0000000095600000| PB 0x0000000095600000| Untracked 
| 343|0x0000000095700000, 0x0000000095700000, 0x0000000095800000|  0%| F|  |TAMS 0x0000000095700000| PB 0x0000000095700000| Untracked 
| 344|0x0000000095800000, 0x0000000095800000, 0x0000000095900000|  0%| F|  |TAMS 0x0000000095800000| PB 0x0000000095800000| Untracked 
| 345|0x0000000095900000, 0x0000000095900000, 0x0000000095a00000|  0%| F|  |TAMS 0x0000000095900000| PB 0x0000000095900000| Untracked 
| 346|0x0000000095a00000, 0x0000000095a00000, 0x0000000095b00000|  0%| F|  |TAMS 0x0000000095a00000| PB 0x0000000095a00000| Untracked 
| 347|0x0000000095b00000, 0x0000000095b00000, 0x0000000095c00000|  0%| F|  |TAMS 0x0000000095b00000| PB 0x0000000095b00000| Untracked 
| 348|0x0000000095c00000, 0x0000000095c00000, 0x0000000095d00000|  0%| F|  |TAMS 0x0000000095c00000| PB 0x0000000095c00000| Untracked 
| 349|0x0000000095d00000, 0x0000000095d00000, 0x0000000095e00000|  0%| F|  |TAMS 0x0000000095d00000| PB 0x0000000095d00000| Untracked 
| 350|0x0000000095e00000, 0x0000000095e00000, 0x0000000095f00000|  0%| F|  |TAMS 0x0000000095e00000| PB 0x0000000095e00000| Untracked 
| 351|0x0000000095f00000, 0x0000000095f00000, 0x0000000096000000|  0%| F|  |TAMS 0x0000000095f00000| PB 0x0000000095f00000| Untracked 
| 352|0x0000000096000000, 0x0000000096000000, 0x0000000096100000|  0%| F|  |TAMS 0x0000000096000000| PB 0x0000000096000000| Untracked 
| 353|0x0000000096100000, 0x0000000096100000, 0x0000000096200000|  0%| F|  |TAMS 0x0000000096100000| PB 0x0000000096100000| Untracked 
| 354|0x0000000096200000, 0x0000000096200000, 0x0000000096300000|  0%| F|  |TAMS 0x0000000096200000| PB 0x0000000096200000| Untracked 
| 355|0x0000000096300000, 0x0000000096300000, 0x0000000096400000|  0%| F|  |TAMS 0x0000000096300000| PB 0x0000000096300000| Untracked 
| 356|0x0000000096400000, 0x0000000096400000, 0x0000000096500000|  0%| F|  |TAMS 0x0000000096400000| PB 0x0000000096400000| Untracked 
| 357|0x0000000096500000, 0x0000000096500000, 0x0000000096600000|  0%| F|  |TAMS 0x0000000096500000| PB 0x0000000096500000| Untracked 
| 358|0x0000000096600000, 0x0000000096600000, 0x0000000096700000|  0%| F|  |TAMS 0x0000000096600000| PB 0x0000000096600000| Untracked 
| 359|0x0000000096700000, 0x0000000096700000, 0x0000000096800000|  0%| F|  |TAMS 0x0000000096700000| PB 0x0000000096700000| Untracked 
| 360|0x0000000096800000, 0x0000000096800000, 0x0000000096900000|  0%| F|  |TAMS 0x0000000096800000| PB 0x0000000096800000| Untracked 
| 361|0x0000000096900000, 0x0000000096900000, 0x0000000096a00000|  0%| F|  |TAMS 0x0000000096900000| PB 0x0000000096900000| Untracked 
| 362|0x0000000096a00000, 0x0000000096a00000, 0x0000000096b00000|  0%| F|  |TAMS 0x0000000096a00000| PB 0x0000000096a00000| Untracked 
| 363|0x0000000096b00000, 0x0000000096b00000, 0x0000000096c00000|  0%| F|  |TAMS 0x0000000096b00000| PB 0x0000000096b00000| Untracked 
| 364|0x0000000096c00000, 0x0000000096c00000, 0x0000000096d00000|  0%| F|  |TAMS 0x0000000096c00000| PB 0x0000000096c00000| Untracked 
| 365|0x0000000096d00000, 0x0000000096d00000, 0x0000000096e00000|  0%| F|  |TAMS 0x0000000096d00000| PB 0x0000000096d00000| Untracked 
| 366|0x0000000096e00000, 0x0000000096e00000, 0x0000000096f00000|  0%| F|  |TAMS 0x0000000096e00000| PB 0x0000000096e00000| Untracked 
| 367|0x0000000096f00000, 0x0000000096f00000, 0x0000000097000000|  0%| F|  |TAMS 0x0000000096f00000| PB 0x0000000096f00000| Untracked 
| 368|0x0000000097000000, 0x0000000097000000, 0x0000000097100000|  0%| F|  |TAMS 0x0000000097000000| PB 0x0000000097000000| Untracked 
| 369|0x0000000097100000, 0x0000000097100000, 0x0000000097200000|  0%| F|  |TAMS 0x0000000097100000| PB 0x0000000097100000| Untracked 
| 370|0x0000000097200000, 0x0000000097200000, 0x0000000097300000|  0%| F|  |TAMS 0x0000000097200000| PB 0x0000000097200000| Untracked 
| 371|0x0000000097300000, 0x0000000097300000, 0x0000000097400000|  0%| F|  |TAMS 0x0000000097300000| PB 0x0000000097300000| Untracked 
| 372|0x0000000097400000, 0x0000000097400000, 0x0000000097500000|  0%| F|  |TAMS 0x0000000097400000| PB 0x0000000097400000| Untracked 
| 373|0x0000000097500000, 0x0000000097500000, 0x0000000097600000|  0%| F|  |TAMS 0x0000000097500000| PB 0x0000000097500000| Untracked 
| 374|0x0000000097600000, 0x0000000097600000, 0x0000000097700000|  0%| F|  |TAMS 0x0000000097600000| PB 0x0000000097600000| Untracked 
| 375|0x0000000097700000, 0x0000000097700000, 0x0000000097800000|  0%| F|  |TAMS 0x0000000097700000| PB 0x0000000097700000| Untracked 
| 376|0x0000000097800000, 0x0000000097800000, 0x0000000097900000|  0%| F|  |TAMS 0x0000000097800000| PB 0x0000000097800000| Untracked 
| 377|0x0000000097900000, 0x0000000097900000, 0x0000000097a00000|  0%| F|  |TAMS 0x0000000097900000| PB 0x0000000097900000| Untracked 
| 378|0x0000000097a00000, 0x0000000097a00000, 0x0000000097b00000|  0%| F|  |TAMS 0x0000000097a00000| PB 0x0000000097a00000| Untracked 
| 379|0x0000000097b00000, 0x0000000097b00000, 0x0000000097c00000|  0%| F|  |TAMS 0x0000000097b00000| PB 0x0000000097b00000| Untracked 
| 380|0x0000000097c00000, 0x0000000097c00000, 0x0000000097d00000|  0%| F|  |TAMS 0x0000000097c00000| PB 0x0000000097c00000| Untracked 
| 381|0x0000000097d00000, 0x0000000097d00000, 0x0000000097e00000|  0%| F|  |TAMS 0x0000000097d00000| PB 0x0000000097d00000| Untracked 
| 382|0x0000000097e00000, 0x0000000097e00000, 0x0000000097f00000|  0%| F|  |TAMS 0x0000000097e00000| PB 0x0000000097e00000| Untracked 
| 383|0x0000000097f00000, 0x0000000097f00000, 0x0000000098000000|  0%| F|  |TAMS 0x0000000097f00000| PB 0x0000000097f00000| Untracked 
| 384|0x0000000098000000, 0x0000000098000000, 0x0000000098100000|  0%| F|  |TAMS 0x0000000098000000| PB 0x0000000098000000| Untracked 
| 385|0x0000000098100000, 0x0000000098100000, 0x0000000098200000|  0%| F|  |TAMS 0x0000000098100000| PB 0x0000000098100000| Untracked 
| 386|0x0000000098200000, 0x0000000098200000, 0x0000000098300000|  0%| F|  |TAMS 0x0000000098200000| PB 0x0000000098200000| Untracked 
| 387|0x0000000098300000, 0x0000000098300000, 0x0000000098400000|  0%| F|  |TAMS 0x0000000098300000| PB 0x0000000098300000| Untracked 
| 388|0x0000000098400000, 0x0000000098400000, 0x0000000098500000|  0%| F|  |TAMS 0x0000000098400000| PB 0x0000000098400000| Untracked 
| 389|0x0000000098500000, 0x0000000098500000, 0x0000000098600000|  0%| F|  |TAMS 0x0000000098500000| PB 0x0000000098500000| Untracked 
| 390|0x0000000098600000, 0x0000000098600000, 0x0000000098700000|  0%| F|  |TAMS 0x0000000098600000| PB 0x0000000098600000| Untracked 
| 391|0x0000000098700000, 0x0000000098700000, 0x0000000098800000|  0%| F|  |TAMS 0x0000000098700000| PB 0x0000000098700000| Untracked 
| 392|0x0000000098800000, 0x0000000098800000, 0x0000000098900000|  0%| F|  |TAMS 0x0000000098800000| PB 0x0000000098800000| Untracked 
| 393|0x0000000098900000, 0x0000000098900000, 0x0000000098a00000|  0%| F|  |TAMS 0x0000000098900000| PB 0x0000000098900000| Untracked 
| 394|0x0000000098a00000, 0x0000000098a00000, 0x0000000098b00000|  0%| F|  |TAMS 0x0000000098a00000| PB 0x0000000098a00000| Untracked 
| 395|0x0000000098b00000, 0x0000000098b00000, 0x0000000098c00000|  0%| F|  |TAMS 0x0000000098b00000| PB 0x0000000098b00000| Untracked 
| 396|0x0000000098c00000, 0x0000000098c00000, 0x0000000098d00000|  0%| F|  |TAMS 0x0000000098c00000| PB 0x0000000098c00000| Untracked 
| 397|0x0000000098d00000, 0x0000000098d00000, 0x0000000098e00000|  0%| F|  |TAMS 0x0000000098d00000| PB 0x0000000098d00000| Untracked 
| 398|0x0000000098e00000, 0x0000000098e00000, 0x0000000098f00000|  0%| F|  |TAMS 0x0000000098e00000| PB 0x0000000098e00000| Untracked 
| 399|0x0000000098f00000, 0x0000000098f00000, 0x0000000099000000|  0%| F|  |TAMS 0x0000000098f00000| PB 0x0000000098f00000| Untracked 
| 400|0x0000000099000000, 0x0000000099000000, 0x0000000099100000|  0%| F|  |TAMS 0x0000000099000000| PB 0x0000000099000000| Untracked 
| 401|0x0000000099100000, 0x0000000099100000, 0x0000000099200000|  0%| F|  |TAMS 0x0000000099100000| PB 0x0000000099100000| Untracked 
| 402|0x0000000099200000, 0x0000000099200000, 0x0000000099300000|  0%| F|  |TAMS 0x0000000099200000| PB 0x0000000099200000| Untracked 
| 403|0x0000000099300000, 0x0000000099300000, 0x0000000099400000|  0%| F|  |TAMS 0x0000000099300000| PB 0x0000000099300000| Untracked 
| 404|0x0000000099400000, 0x0000000099400000, 0x0000000099500000|  0%| F|  |TAMS 0x0000000099400000| PB 0x0000000099400000| Untracked 
| 405|0x0000000099500000, 0x0000000099500000, 0x0000000099600000|  0%| F|  |TAMS 0x0000000099500000| PB 0x0000000099500000| Untracked 
| 406|0x0000000099600000, 0x0000000099600000, 0x0000000099700000|  0%| F|  |TAMS 0x0000000099600000| PB 0x0000000099600000| Untracked 
| 407|0x0000000099700000, 0x0000000099700000, 0x0000000099800000|  0%| F|  |TAMS 0x0000000099700000| PB 0x0000000099700000| Untracked 
| 408|0x0000000099800000, 0x0000000099800000, 0x0000000099900000|  0%| F|  |TAMS 0x0000000099800000| PB 0x0000000099800000| Untracked 
| 409|0x0000000099900000, 0x0000000099900000, 0x0000000099a00000|  0%| F|  |TAMS 0x0000000099900000| PB 0x0000000099900000| Untracked 
| 410|0x0000000099a00000, 0x0000000099a00000, 0x0000000099b00000|  0%| F|  |TAMS 0x0000000099a00000| PB 0x0000000099a00000| Untracked 
| 411|0x0000000099b00000, 0x0000000099b00000, 0x0000000099c00000|  0%| F|  |TAMS 0x0000000099b00000| PB 0x0000000099b00000| Untracked 
| 412|0x0000000099c00000, 0x0000000099c00000, 0x0000000099d00000|  0%| F|  |TAMS 0x0000000099c00000| PB 0x0000000099c00000| Untracked 
| 413|0x0000000099d00000, 0x0000000099d00000, 0x0000000099e00000|  0%| F|  |TAMS 0x0000000099d00000| PB 0x0000000099d00000| Untracked 
| 414|0x0000000099e00000, 0x0000000099e00000, 0x0000000099f00000|  0%| F|  |TAMS 0x0000000099e00000| PB 0x0000000099e00000| Untracked 
| 415|0x0000000099f00000, 0x0000000099f00000, 0x000000009a000000|  0%| F|  |TAMS 0x0000000099f00000| PB 0x0000000099f00000| Untracked 
| 416|0x000000009a000000, 0x000000009a000000, 0x000000009a100000|  0%| F|  |TAMS 0x000000009a000000| PB 0x000000009a000000| Untracked 
| 417|0x000000009a100000, 0x000000009a100000, 0x000000009a200000|  0%| F|  |TAMS 0x000000009a100000| PB 0x000000009a100000| Untracked 
| 418|0x000000009a200000, 0x000000009a200000, 0x000000009a300000|  0%| F|  |TAMS 0x000000009a200000| PB 0x000000009a200000| Untracked 
| 419|0x000000009a300000, 0x000000009a300000, 0x000000009a400000|  0%| F|  |TAMS 0x000000009a300000| PB 0x000000009a300000| Untracked 
| 420|0x000000009a400000, 0x000000009a400000, 0x000000009a500000|  0%| F|  |TAMS 0x000000009a400000| PB 0x000000009a400000| Untracked 
| 421|0x000000009a500000, 0x000000009a500000, 0x000000009a600000|  0%| F|  |TAMS 0x000000009a500000| PB 0x000000009a500000| Untracked 
| 422|0x000000009a600000, 0x000000009a600000, 0x000000009a700000|  0%| F|  |TAMS 0x000000009a600000| PB 0x000000009a600000| Untracked 
| 423|0x000000009a700000, 0x000000009a700000, 0x000000009a800000|  0%| F|  |TAMS 0x000000009a700000| PB 0x000000009a700000| Untracked 
| 424|0x000000009a800000, 0x000000009a800000, 0x000000009a900000|  0%| F|  |TAMS 0x000000009a800000| PB 0x000000009a800000| Untracked 
| 425|0x000000009a900000, 0x000000009a900000, 0x000000009aa00000|  0%| F|  |TAMS 0x000000009a900000| PB 0x000000009a900000| Untracked 
| 426|0x000000009aa00000, 0x000000009aa00000, 0x000000009ab00000|  0%| F|  |TAMS 0x000000009aa00000| PB 0x000000009aa00000| Untracked 
| 427|0x000000009ab00000, 0x000000009ab00000, 0x000000009ac00000|  0%| F|  |TAMS 0x000000009ab00000| PB 0x000000009ab00000| Untracked 
| 428|0x000000009ac00000, 0x000000009ac00000, 0x000000009ad00000|  0%| F|  |TAMS 0x000000009ac00000| PB 0x000000009ac00000| Untracked 
| 429|0x000000009ad00000, 0x000000009ad00000, 0x000000009ae00000|  0%| F|  |TAMS 0x000000009ad00000| PB 0x000000009ad00000| Untracked 
| 430|0x000000009ae00000, 0x000000009ae00000, 0x000000009af00000|  0%| F|  |TAMS 0x000000009ae00000| PB 0x000000009ae00000| Untracked 
| 431|0x000000009af00000, 0x000000009af00000, 0x000000009b000000|  0%| F|  |TAMS 0x000000009af00000| PB 0x000000009af00000| Untracked 
| 432|0x000000009b000000, 0x000000009b000000, 0x000000009b100000|  0%| F|  |TAMS 0x000000009b000000| PB 0x000000009b000000| Untracked 
| 433|0x000000009b100000, 0x000000009b100000, 0x000000009b200000|  0%| F|  |TAMS 0x000000009b100000| PB 0x000000009b100000| Untracked 
| 434|0x000000009b200000, 0x000000009b200000, 0x000000009b300000|  0%| F|  |TAMS 0x000000009b200000| PB 0x000000009b200000| Untracked 
| 435|0x000000009b300000, 0x000000009b300000, 0x000000009b400000|  0%| F|  |TAMS 0x000000009b300000| PB 0x000000009b300000| Untracked 
| 436|0x000000009b400000, 0x000000009b400000, 0x000000009b500000|  0%| F|  |TAMS 0x000000009b400000| PB 0x000000009b400000| Untracked 
| 437|0x000000009b500000, 0x000000009b500000, 0x000000009b600000|  0%| F|  |TAMS 0x000000009b500000| PB 0x000000009b500000| Untracked 
| 438|0x000000009b600000, 0x000000009b600000, 0x000000009b700000|  0%| F|  |TAMS 0x000000009b600000| PB 0x000000009b600000| Untracked 
| 439|0x000000009b700000, 0x000000009b700000, 0x000000009b800000|  0%| F|  |TAMS 0x000000009b700000| PB 0x000000009b700000| Untracked 
| 440|0x000000009b800000, 0x000000009b800000, 0x000000009b900000|  0%| F|  |TAMS 0x000000009b800000| PB 0x000000009b800000| Untracked 
| 441|0x000000009b900000, 0x000000009b900000, 0x000000009ba00000|  0%| F|  |TAMS 0x000000009b900000| PB 0x000000009b900000| Untracked 
| 442|0x000000009ba00000, 0x000000009ba00000, 0x000000009bb00000|  0%| F|  |TAMS 0x000000009ba00000| PB 0x000000009ba00000| Untracked 
| 443|0x000000009bb00000, 0x000000009bb00000, 0x000000009bc00000|  0%| F|  |TAMS 0x000000009bb00000| PB 0x000000009bb00000| Untracked 
| 444|0x000000009bc00000, 0x000000009bc00000, 0x000000009bd00000|  0%| F|  |TAMS 0x000000009bc00000| PB 0x000000009bc00000| Untracked 
|2021|0x00000000fe500000, 0x00000000fe500000, 0x00000000fe600000|  0%| F|  |TAMS 0x00000000fe500000| PB 0x00000000fe500000| Untracked 
|2022|0x00000000fe600000, 0x00000000fe600000, 0x00000000fe700000|  0%| F|  |TAMS 0x00000000fe600000| PB 0x00000000fe600000| Untracked 
|2023|0x00000000fe700000, 0x00000000fe700000, 0x00000000fe800000|  0%| F|  |TAMS 0x00000000fe700000| PB 0x00000000fe700000| Untracked 
|2024|0x00000000fe800000, 0x00000000fe800000, 0x00000000fe900000|  0%| F|  |TAMS 0x00000000fe800000| PB 0x00000000fe800000| Untracked 
|2025|0x00000000fe900000, 0x00000000fe900000, 0x00000000fea00000|  0%| F|  |TAMS 0x00000000fe900000| PB 0x00000000fe900000| Untracked 
|2026|0x00000000fea00000, 0x00000000fea00000, 0x00000000feb00000|  0%| F|  |TAMS 0x00000000fea00000| PB 0x00000000fea00000| Untracked 
|2027|0x00000000feb00000, 0x00000000feb00000, 0x00000000fec00000|  0%| F|  |TAMS 0x00000000feb00000| PB 0x00000000feb00000| Untracked 
|2028|0x00000000fec00000, 0x00000000fec00000, 0x00000000fed00000|  0%| F|  |TAMS 0x00000000fec00000| PB 0x00000000fec00000| Untracked 
|2029|0x00000000fed00000, 0x00000000fed00000, 0x00000000fee00000|  0%| F|  |TAMS 0x00000000fed00000| PB 0x00000000fed00000| Untracked 
|2030|0x00000000fee00000, 0x00000000fee00000, 0x00000000fef00000|  0%| F|  |TAMS 0x00000000fee00000| PB 0x00000000fee00000| Untracked 
|2031|0x00000000fef00000, 0x00000000fef00000, 0x00000000ff000000|  0%| F|  |TAMS 0x00000000fef00000| PB 0x00000000fef00000| Untracked 
|2032|0x00000000ff000000, 0x00000000ff000000, 0x00000000ff100000|  0%| F|  |TAMS 0x00000000ff000000| PB 0x00000000ff000000| Untracked 
|2033|0x00000000ff100000, 0x00000000ff100000, 0x00000000ff200000|  0%| F|  |TAMS 0x00000000ff100000| PB 0x00000000ff100000| Untracked 
|2034|0x00000000ff200000, 0x00000000ff200000, 0x00000000ff300000|  0%| F|  |TAMS 0x00000000ff200000| PB 0x00000000ff200000| Untracked 
|2035|0x00000000ff300000, 0x00000000ff300000, 0x00000000ff400000|  0%| F|  |TAMS 0x00000000ff300000| PB 0x00000000ff300000| Untracked 
|2036|0x00000000ff400000, 0x00000000ff400000, 0x00000000ff500000|  0%| F|  |TAMS 0x00000000ff400000| PB 0x00000000ff400000| Untracked 
|2037|0x00000000ff500000, 0x00000000ff500000, 0x00000000ff600000|  0%| F|  |TAMS 0x00000000ff500000| PB 0x00000000ff500000| Untracked 
|2038|0x00000000ff600000, 0x00000000ff600000, 0x00000000ff700000|  0%| F|  |TAMS 0x00000000ff600000| PB 0x00000000ff600000| Untracked 
|2039|0x00000000ff700000, 0x00000000ff700000, 0x00000000ff800000|  0%| F|  |TAMS 0x00000000ff700000| PB 0x00000000ff700000| Untracked 
|2040|0x00000000ff800000, 0x00000000ff800000, 0x00000000ff900000|  0%| F|  |TAMS 0x00000000ff800000| PB 0x00000000ff800000| Untracked 
|2041|0x00000000ff900000, 0x00000000ff900000, 0x00000000ffa00000|  0%| F|  |TAMS 0x00000000ff900000| PB 0x00000000ff900000| Untracked 
|2042|0x00000000ffa00000, 0x00000000ffb00000, 0x00000000ffb00000|100%| O|  |TAMS 0x00000000ffb00000| PB 0x00000000ffa00000| Untracked 
|2043|0x00000000ffb00000, 0x00000000ffb00000, 0x00000000ffc00000|  0%| F|  |TAMS 0x00000000ffb00000| PB 0x00000000ffb00000| Untracked 
|2044|0x00000000ffc00000, 0x00000000ffd00000, 0x00000000ffd00000|100%| O|  |TAMS 0x00000000ffd00000| PB 0x00000000ffc00000| Untracked 
|2045|0x00000000ffd00000, 0x00000000ffe00000, 0x00000000ffe00000|100%| O|  |TAMS 0x00000000ffe00000| PB 0x00000000ffd00000| Untracked 
|2046|0x00000000ffe00000, 0x00000000fff00000, 0x00000000fff00000|100%| O|  |TAMS 0x00000000fff00000| PB 0x00000000ffe00000| Untracked 
|2047|0x00000000fff00000, 0x00000000fff00000, 0x0000000100000000|  0%| F|  |TAMS 0x00000000fff00000| PB 0x00000000fff00000| Untracked 

Card table byte_map: [0x000001ed1d6e0000,0x000001ed1dae0000] _byte_map_base: 0x000001ed1d2e0000

Marking Bits: (CMBitMap*) 0x000001ed08fd3370
 Bits: [0x000001ed1dae0000, 0x000001ed1fae0000)

Polling page: 0x000001ed08f10000

Metaspace:

Usage:
  Non-class:    185.64 MB used.
      Class:     27.67 MB used.
       Both:    213.30 MB used.

Virtual space:
  Non-class space:      192.00 MB reserved,     187.81 MB ( 98%) committed,  3 nodes.
      Class space:        1.00 GB reserved,      29.38 MB (  3%) committed,  1 nodes.
             Both:        1.19 GB reserved,     217.19 MB ( 18%) committed. 

Chunk freelists:
   Non-Class:  5.29 MB
       Class:  3.25 MB
        Both:  8.54 MB

MaxMetaspaceSize: unlimited
CompressedClassSpaceSize: 1.00 GB
Initial GC threshold: 21.00 MB
Current GC threshold: 361.81 MB
CDS: off
 - commit_granule_bytes: 65536.
 - commit_granule_words: 8192.
 - virtual_space_node_default_size: 8388608.
 - enlarge_chunks_in_place: 1.
 - use_allocation_guard: 0.


Internal statistics:

num_allocs_failed_limit: 9.
num_arena_births: 5102.
num_arena_deaths: 1556.
num_vsnodes_births: 4.
num_vsnodes_deaths: 0.
num_space_committed: 3491.
num_space_uncommitted: 11.
num_chunks_returned_to_freelist: 1909.
num_chunks_taken_from_freelist: 14217.
num_chunk_merges: 643.
num_chunk_splits: 9805.
num_chunks_enlarged: 6831.
num_inconsistent_stats: 0.

CodeHeap 'non-profiled nmethods': size=120000Kb used=24383Kb max_used=24383Kb free=95616Kb
 bounds [0x000001ed15350000, 0x000001ed16b20000, 0x000001ed1c880000]
CodeHeap 'profiled nmethods': size=120000Kb used=53076Kb max_used=53076Kb free=66923Kb
 bounds [0x000001ed0d880000, 0x000001ed10c60000, 0x000001ed14db0000]
CodeHeap 'non-nmethods': size=5760Kb used=2285Kb max_used=2399Kb free=3474Kb
 bounds [0x000001ed14db0000, 0x000001ed15020000, 0x000001ed15350000]
 total_blobs=25085 nmethods=24103 adapters=881
 compilation: enabled
              stopped_count=0, restarted_count=0
 full_count=0

Compilation events (20 events):
Event: 3344.822 Thread 0x000001ed227afd50 41980       4       com.android.tools.r8.graph.J0::a (154 bytes)
Event: 3344.831 Thread 0x000001ed227afd50 nmethod 41980 0x000001ed16b1c490 code [0x000001ed16b1c660, 0x000001ed16b1c9d0]
Event: 3344.831 Thread 0x000001ed227afd50 41979       4       com.android.tools.r8.internal.hr::getField (8 bytes)
Event: 3344.832 Thread 0x000001ed227afd50 nmethod 41979 0x000001ed16b1cd90 code [0x000001ed16b1cf20, 0x000001ed16b1cfe8]
Event: 3344.845 Thread 0x000001ed227afd50 41981       4       java.nio.ShortBuffer::limit (6 bytes)
Event: 3344.847 Thread 0x000001ed227afd50 nmethod 41981 0x000001ed16b1d090 code [0x000001ed16b1d220, 0x000001ed16b1d330]
Event: 3344.847 Thread 0x000001ed227afd50 41982       4       java.nio.ShortBuffer::position (6 bytes)
Event: 3344.848 Thread 0x000001ed227afd50 nmethod 41982 0x000001ed16b1d410 code [0x000001ed16b1d5a0, 0x000001ed16b1d6a0]
Event: 3344.849 Thread 0x000001ed2282f9a0 41983       3       com.android.tools.r8.graph.O0$b::b (16 bytes)
Event: 3344.849 Thread 0x000001ed2282f9a0 nmethod 41983 0x000001ed10c53b10 code [0x000001ed10c53ce0, 0x000001ed10c54080]
Event: 3344.860 Thread 0x000001ed227afd50 41984       4       com.android.tools.r8.internal.qo::a (25 bytes)
Event: 3344.866 Thread 0x000001ed227afd50 nmethod 41984 0x000001ed16b1d790 code [0x000001ed16b1d940, 0x000001ed16b1db88]
Event: 3344.869 Thread 0x000001ed227afd50 41985       4       com.android.tools.r8.internal.Uo::a (38 bytes)
Event: 3344.880 Thread 0x000001ed2282f9a0 41986       3       com.android.tools.r8.internal.oo::a (33 bytes)
Event: 3344.881 Thread 0x000001ed2282f9a0 nmethod 41986 0x000001ed10c54210 code [0x000001ed10c543e0, 0x000001ed10c547d8]
Event: 3344.881 Thread 0x000001ed2282f9a0 41987       3       com.android.tools.r8.internal.jo::a (25 bytes)
Event: 3344.883 Thread 0x000001ed2282f9a0 nmethod 41987 0x000001ed10c54990 code [0x000001ed10c54b60, 0x000001ed10c54f48]
Event: 3344.900 Thread 0x000001ed227afd50 nmethod 41985 0x000001ed16b1df10 code [0x000001ed16b1e160, 0x000001ed16b1ea88]
Event: 3344.900 Thread 0x000001ed227afd50 41988       4       com.android.tools.r8.internal.eo::a (22 bytes)
Event: 3344.905 Thread 0x000001ed227afd50 nmethod 41988 0x000001ed16b1f890 code [0x000001ed16b1fa20, 0x000001ed16b1fbc8]

GC Heap History (20 events):
Event: 1852.491 GC heap after
{Heap after GC invocations=101 (full 0):
 garbage-first heap   total 468992K, used 271594K [0x0000000080000000, 0x0000000100000000)
  region size 1024K, 15 young (15360K), 15 survivors (15360K)
 Metaspace       used 219820K, committed 222464K, reserved 1245184K
  class space    used 28814K, committed 30144K, reserved 1048576K
}
Event: 1861.742 GC heap before
{Heap before GC invocations=101 (full 0):
 garbage-first heap   total 468992K, used 343274K [0x0000000080000000, 0x0000000100000000)
  region size 1024K, 82 young (83968K), 15 survivors (15360K)
 Metaspace       used 219858K, committed 222464K, reserved 1245184K
  class space    used 28816K, committed 30144K, reserved 1048576K
}
Event: 1861.779 GC heap after
{Heap after GC invocations=102 (full 0):
 garbage-first heap   total 468992K, used 273898K [0x0000000080000000, 0x0000000100000000)
  region size 1024K, 6 young (6144K), 6 survivors (6144K)
 Metaspace       used 219858K, committed 222464K, reserved 1245184K
  class space    used 28816K, committed 30144K, reserved 1048576K
}
Event: 1863.651 GC heap before
{Heap before GC invocations=102 (full 0):
 garbage-first heap   total 468992K, used 420330K [0x0000000080000000, 0x0000000100000000)
  region size 1024K, 150 young (153600K), 6 survivors (6144K)
 Metaspace       used 220015K, committed 222656K, reserved 1245184K
  class space    used 28816K, committed 30144K, reserved 1048576K
}
Event: 1863.716 GC heap after
{Heap after GC invocations=103 (full 0):
 garbage-first heap   total 468992K, used 278048K [0x0000000080000000, 0x0000000100000000)
  region size 1024K, 13 young (13312K), 13 survivors (13312K)
 Metaspace       used 220015K, committed 222656K, reserved 1245184K
  class space    used 28816K, committed 30144K, reserved 1048576K
}
Event: 1865.197 GC heap before
{Heap before GC invocations=103 (full 0):
 garbage-first heap   total 468992K, used 425504K [0x0000000080000000, 0x0000000100000000)
  region size 1024K, 158 young (161792K), 13 survivors (13312K)
 Metaspace       used 220096K, committed 222784K, reserved 1245184K
  class space    used 28816K, committed 30144K, reserved 1048576K
}
Event: 1865.251 GC heap after
{Heap after GC invocations=104 (full 0):
 garbage-first heap   total 468992K, used 275352K [0x0000000080000000, 0x0000000100000000)
  region size 1024K, 9 young (9216K), 9 survivors (9216K)
 Metaspace       used 220096K, committed 222784K, reserved 1245184K
  class space    used 28816K, committed 30144K, reserved 1048576K
}
Event: 1868.223 GC heap before
{Heap before GC invocations=104 (full 0):
 garbage-first heap   total 468992K, used 419736K [0x0000000080000000, 0x0000000100000000)
  region size 1024K, 152 young (155648K), 9 survivors (9216K)
 Metaspace       used 220314K, committed 222976K, reserved 1245184K
  class space    used 28816K, committed 30144K, reserved 1048576K
}
Event: 1868.253 GC heap after
{Heap after GC invocations=105 (full 0):
 garbage-first heap   total 468992K, used 273229K [0x0000000080000000, 0x0000000100000000)
  region size 1024K, 7 young (7168K), 7 survivors (7168K)
 Metaspace       used 220314K, committed 222976K, reserved 1245184K
  class space    used 28816K, committed 30144K, reserved 1048576K
}
Event: 3148.251 GC heap before
{Heap before GC invocations=106 (full 0):
 garbage-first heap   total 468992K, used 466765K [0x0000000080000000, 0x0000000100000000)
  region size 1024K, 163 young (166912K), 7 survivors (7168K)
 Metaspace       used 218100K, committed 222336K, reserved 1245184K
  class space    used 28331K, committed 30080K, reserved 1048576K
}
Event: 3148.486 GC heap after
{Heap after GC invocations=107 (full 0):
 garbage-first heap   total 483328K, used 267851K [0x0000000080000000, 0x0000000100000000)
  region size 1024K, 14 young (14336K), 14 survivors (14336K)
 Metaspace       used 218100K, committed 222336K, reserved 1245184K
  class space    used 28331K, committed 30080K, reserved 1048576K
}
Event: 3295.647 GC heap before
{Heap before GC invocations=107 (full 0):
 garbage-first heap   total 483328K, used 440907K [0x0000000080000000, 0x0000000100000000)
  region size 1024K, 184 young (188416K), 14 survivors (14336K)
 Metaspace       used 218237K, committed 222400K, reserved 1245184K
  class space    used 28332K, committed 30080K, reserved 1048576K
}
Event: 3296.210 GC heap after
{Heap after GC invocations=108 (full 0):
 garbage-first heap   total 483328K, used 229919K [0x0000000080000000, 0x0000000100000000)
  region size 1024K, 10 young (10240K), 10 survivors (10240K)
 Metaspace       used 218237K, committed 222400K, reserved 1245184K
  class space    used 28332K, committed 30080K, reserved 1048576K
}
Event: 3297.569 GC heap before
{Heap before GC invocations=108 (full 0):
 garbage-first heap   total 483328K, used 248351K [0x0000000080000000, 0x0000000100000000)
  region size 1024K, 29 young (29696K), 10 survivors (10240K)
 Metaspace       used 218240K, committed 222400K, reserved 1245184K
  class space    used 28332K, committed 30080K, reserved 1048576K
}
Event: 3297.634 GC heap after
{Heap after GC invocations=109 (full 0):
 garbage-first heap   total 483328K, used 219792K [0x0000000080000000, 0x0000000100000000)
  region size 1024K, 2 young (2048K), 2 survivors (2048K)
 Metaspace       used 218240K, committed 222400K, reserved 1245184K
  class space    used 28332K, committed 30080K, reserved 1048576K
}
Event: 3315.975 GC heap before
{Heap before GC invocations=109 (full 0):
 garbage-first heap   total 483328K, used 354960K [0x0000000080000000, 0x0000000100000000)
  region size 1024K, 131 young (134144K), 2 survivors (2048K)
 Metaspace       used 218305K, committed 222400K, reserved 1245184K
  class space    used 28332K, committed 30080K, reserved 1048576K
}
Event: 3316.960 GC heap after
{Heap after GC invocations=110 (full 0):
 garbage-first heap   total 483328K, used 226844K [0x0000000080000000, 0x0000000100000000)
  region size 1024K, 9 young (9216K), 9 survivors (9216K)
 Metaspace       used 218305K, committed 222400K, reserved 1245184K
  class space    used 28332K, committed 30080K, reserved 1048576K
}
Event: 3317.043 GC heap before
{Heap before GC invocations=110 (full 0):
 garbage-first heap   total 483328K, used 240156K [0x0000000080000000, 0x0000000100000000)
  region size 1024K, 23 young (23552K), 9 survivors (9216K)
 Metaspace       used 218305K, committed 222400K, reserved 1245184K
  class space    used 28332K, committed 30080K, reserved 1048576K
}
Event: 3317.468 GC heap after
{Heap after GC invocations=111 (full 0):
 garbage-first heap   total 483328K, used 225969K [0x0000000080000000, 0x0000000100000000)
  region size 1024K, 2 young (2048K), 2 survivors (2048K)
 Metaspace       used 218305K, committed 222400K, reserved 1245184K
  class space    used 28332K, committed 30080K, reserved 1048576K
}
Event: 3344.908 GC heap before
{Heap before GC invocations=111 (full 0):
 garbage-first heap   total 483328K, used 380593K [0x0000000080000000, 0x0000000100000000)
  region size 1024K, 155 young (158720K), 2 survivors (2048K)
 Metaspace       used 218423K, committed 222400K, reserved 1245184K
  class space    used 28332K, committed 30080K, reserved 1048576K
}

Dll operation events (3 events):
Event: 0.250 Loaded shared library C:\Program Files\Android\Android Studio2\jbr\bin\java.dll
Event: 0.316 Loaded shared library C:\Program Files\Android\Android Studio2\jbr\bin\zip.dll
Event: 6.987 Loaded shared library C:\Program Files\Android\Android Studio2\jbr\bin\verify.dll

Deoptimization events (20 events):
Event: 3326.958 Thread 0x000001ed29cece90 Uncommon trap: trap_request=0xffffff45 fr.pc=0x000001ed1537e7dc relative=0x0000000000000f7c
Event: 3326.960 Thread 0x000001ed29cece90 Uncommon trap: reason=unstable_if action=reinterpret pc=0x000001ed1537e7dc method=java.util.concurrent.locks.AbstractQueuedSynchronizer$ConditionObject.unlinkCancelledWaiters(Ljava/util/concurrent/locks/AbstractQueuedSynchronizer$ConditionNode;)V @ 16 c2
Event: 3326.960 Thread 0x000001ed29cece90 DEOPT PACKING pc=0x000001ed1537e7dc sp=0x000000aa285febb0
Event: 3326.961 Thread 0x000001ed29cece90 DEOPT UNPACKING pc=0x000001ed14e046a2 sp=0x000000aa285feac0 mode 2
Event: 3336.393 Thread 0x000001ed28ddbe50 DEOPT PACKING pc=0x000001ed0fc3729d sp=0x000000aa2eefd210
Event: 3336.394 Thread 0x000001ed28ddbe50 DEOPT UNPACKING pc=0x000001ed14e04e42 sp=0x000000aa2eefc7a0 mode 0
Event: 3336.552 Thread 0x000001ed28ddbe50 DEOPT PACKING pc=0x000001ed0fc3729d sp=0x000000aa2eefd210
Event: 3336.552 Thread 0x000001ed28ddbe50 DEOPT UNPACKING pc=0x000001ed14e04e42 sp=0x000000aa2eefc7a0 mode 0
Event: 3336.959 Thread 0x000001ed28ddbe50 DEOPT PACKING pc=0x000001ed0fc3729d sp=0x000000aa2eefd210
Event: 3336.959 Thread 0x000001ed28ddbe50 DEOPT UNPACKING pc=0x000001ed14e04e42 sp=0x000000aa2eefc7a0 mode 0
Event: 3336.965 Thread 0x000001ed28ddbe50 DEOPT PACKING pc=0x000001ed0e0e4604 sp=0x000000aa2eefd000
Event: 3336.967 Thread 0x000001ed28ddbe50 DEOPT UNPACKING pc=0x000001ed14e04e42 sp=0x000000aa2eefc640 mode 0
Event: 3337.480 Thread 0x000001ed28ddbe50 Uncommon trap: trap_request=0xfffffff4 fr.pc=0x000001ed16aafe2c relative=0x000000000000094c
Event: 3337.480 Thread 0x000001ed28ddbe50 Uncommon trap: reason=null_check action=make_not_entrant pc=0x000001ed16aafe2c method=com.android.tools.r8.internal.ko0$$Lambda/0x0000000101963630.a(Ljava/lang/Object;Lcom/android/tools/r8/internal/mz;)V @ 1 c2
Event: 3337.480 Thread 0x000001ed28ddbe50 DEOPT PACKING pc=0x000001ed16aafe2c sp=0x000000aa2eefce80
Event: 3337.480 Thread 0x000001ed28ddbe50 DEOPT UNPACKING pc=0x000001ed14e046a2 sp=0x000000aa2eefcdc0 mode 2
Event: 3344.815 Thread 0x000001ed28ddbe50 DEOPT PACKING pc=0x000001ed0fc78731 sp=0x000000aa2eefc9c0
Event: 3344.816 Thread 0x000001ed28ddbe50 DEOPT UNPACKING pc=0x000001ed14e04e42 sp=0x000000aa2eefbe70 mode 0
Event: 3344.821 Thread 0x000001ed28ddbe50 DEOPT PACKING pc=0x000001ed0fc79a79 sp=0x000000aa2eefc9e0
Event: 3344.821 Thread 0x000001ed28ddbe50 DEOPT UNPACKING pc=0x000001ed14e04e42 sp=0x000000aa2eefbe80 mode 0

Classes loaded (20 events):
Event: 1282.133 Loading class java/lang/StackWalker$ExtendedOption
Event: 1282.176 Loading class java/lang/StackWalker$ExtendedOption done
Event: 1282.180 Loading class java/lang/StackStreamFactory$StackFrameTraverser
Event: 1282.323 Loading class java/lang/StackStreamFactory$StackFrameTraverser done
Event: 1282.327 Loading class java/lang/StackStreamFactory$WalkerState
Event: 1282.337 Loading class java/lang/StackStreamFactory$WalkerState done
Event: 1282.346 Loading class java/lang/StackStreamFactory$StackFrameTraverser$StackFrameBuffer
Event: 1282.411 Loading class java/lang/StackStreamFactory$FrameBuffer
Event: 1282.436 Loading class java/lang/StackStreamFactory$FrameBuffer done
Event: 1282.436 Loading class java/lang/StackStreamFactory$StackFrameTraverser$StackFrameBuffer done
Event: 1282.505 Loading class java/util/logging/LogRecord
Event: 1282.665 Loading class java/util/logging/LogRecord done
Event: 1575.452 Loading class java/lang/Throwable$WrappedPrintWriter
Event: 1575.621 Loading class java/lang/Throwable$PrintStreamOrWriter
Event: 1575.634 Loading class java/lang/Throwable$PrintStreamOrWriter done
Event: 1575.634 Loading class java/lang/Throwable$WrappedPrintWriter done
Event: 1589.612 Loading class java/util/Collections$EmptyListIterator
Event: 1589.696 Loading class java/util/Collections$EmptyListIterator done
Event: 1591.120 Loading class java/net/UrlDeserializedState
Event: 1591.149 Loading class java/net/UrlDeserializedState done

Classes unloaded (20 events):
Event: 1869.021 Thread 0x000001ed2261c870 Unloading class 0x0000000100204400 'java/lang/invoke/LambdaForm$MH+0x0000000100204400'
Event: 1869.022 Thread 0x000001ed2261c870 Unloading class 0x0000000100203c00 'java/lang/invoke/LambdaForm$MH+0x0000000100203c00'
Event: 1869.022 Thread 0x000001ed2261c870 Unloading class 0x0000000100203400 'java/lang/invoke/LambdaForm$MH+0x0000000100203400'
Event: 1869.022 Thread 0x000001ed2261c870 Unloading class 0x0000000100203000 'java/lang/invoke/LambdaForm$MH+0x0000000100203000'
Event: 1869.022 Thread 0x000001ed2261c870 Unloading class 0x0000000100202c00 'java/lang/invoke/LambdaForm$MH+0x0000000100202c00'
Event: 1869.022 Thread 0x000001ed2261c870 Unloading class 0x0000000100202800 'java/lang/invoke/LambdaForm$MH+0x0000000100202800'
Event: 1869.022 Thread 0x000001ed2261c870 Unloading class 0x0000000100202400 'java/lang/invoke/LambdaForm$MH+0x0000000100202400'
Event: 1869.022 Thread 0x000001ed2261c870 Unloading class 0x0000000100202000 'java/lang/invoke/LambdaForm$MH+0x0000000100202000'
Event: 1869.022 Thread 0x000001ed2261c870 Unloading class 0x0000000100201c00 'java/lang/invoke/LambdaForm$MH+0x0000000100201c00'
Event: 1869.022 Thread 0x000001ed2261c870 Unloading class 0x00000001001b0800 'java/lang/invoke/LambdaForm$MH+0x00000001001b0800'
Event: 1869.022 Thread 0x000001ed2261c870 Unloading class 0x00000001001b0000 'java/lang/invoke/LambdaForm$MH+0x00000001001b0000'
Event: 1869.022 Thread 0x000001ed2261c870 Unloading class 0x00000001001a4800 'java/lang/invoke/LambdaForm$MH+0x00000001001a4800'
Event: 1869.022 Thread 0x000001ed2261c870 Unloading class 0x00000001001a4400 'java/lang/invoke/LambdaForm$MH+0x00000001001a4400'
Event: 1869.022 Thread 0x000001ed2261c870 Unloading class 0x00000001001a4000 'java/lang/invoke/LambdaForm$BMH+0x00000001001a4000'
Event: 1869.022 Thread 0x000001ed2261c870 Unloading class 0x0000000100139000 'java/lang/invoke/LambdaForm$MH+0x0000000100139000'
Event: 1869.023 Thread 0x000001ed2261c870 Unloading class 0x0000000100138c00 'java/lang/invoke/LambdaForm$MH+0x0000000100138c00'
Event: 1869.023 Thread 0x000001ed2261c870 Unloading class 0x00000001000fa000 'java/lang/invoke/LambdaForm$MH+0x00000001000fa000'
Event: 1869.023 Thread 0x000001ed2261c870 Unloading class 0x00000001000f9c00 'java/lang/invoke/LambdaForm$MH+0x00000001000f9c00'
Event: 1869.024 Thread 0x000001ed2261c870 Unloading class 0x00000001000f8000 'java/lang/invoke/LambdaForm$MH+0x00000001000f8000'
Event: 1869.024 Thread 0x000001ed2261c870 Unloading class 0x00000001000c1c00 'java/lang/invoke/LambdaForm$MH+0x00000001000c1c00'

Classes redefined (0 events):
No events

Internal exceptions (20 events):
Event: 3321.635 Thread 0x000001ed33829fe0 Exception <a 'sun/nio/fs/WindowsException'{0x0000000096ce7400}> (0x0000000096ce7400) 
thrown [s\src\hotspot\share\prims\jni.cpp, line 535]
Event: 3321.686 Thread 0x000001ed33829fe0 Exception <a 'sun/nio/fs/WindowsException'{0x0000000096cf0898}> (0x0000000096cf0898) 
thrown [s\src\hotspot\share\prims\jni.cpp, line 535]
Event: 3321.696 Thread 0x000001ed33829fe0 Exception <a 'sun/nio/fs/WindowsException'{0x0000000096cf7a08}> (0x0000000096cf7a08) 
thrown [s\src\hotspot\share\prims\jni.cpp, line 535]
Event: 3321.710 Thread 0x000001ed33829fe0 Exception <a 'sun/nio/fs/WindowsException'{0x0000000096afd0c8}> (0x0000000096afd0c8) 
thrown [s\src\hotspot\share\prims\jni.cpp, line 535]
Event: 3321.717 Thread 0x000001ed33829fe0 Exception <a 'sun/nio/fs/WindowsException'{0x00000000969e1468}> (0x00000000969e1468) 
thrown [s\src\hotspot\share\prims\jni.cpp, line 535]
Event: 3322.021 Thread 0x000001ed3382c740 Exception <a 'sun/nio/fs/WindowsException'{0x00000000964cd198}> (0x00000000964cd198) 
thrown [s\src\hotspot\share\prims\jni.cpp, line 535]
Event: 3322.027 Thread 0x000001ed3382c740 Exception <a 'sun/nio/fs/WindowsException'{0x00000000964d8488}> (0x00000000964d8488) 
thrown [s\src\hotspot\share\prims\jni.cpp, line 535]
Event: 3322.101 Thread 0x000001ed3382c740 Exception <a 'sun/nio/fs/WindowsException'{0x00000000964edf60}> (0x00000000964edf60) 
thrown [s\src\hotspot\share\prims\jni.cpp, line 535]
Event: 3322.136 Thread 0x000001ed3382c740 Exception <a 'sun/nio/fs/WindowsException'{0x00000000964f55c8}> (0x00000000964f55c8) 
thrown [s\src\hotspot\share\prims\jni.cpp, line 535]
Event: 3322.141 Thread 0x000001ed3382c740 Exception <a 'sun/nio/fs/WindowsException'{0x00000000963cec58}> (0x00000000963cec58) 
thrown [s\src\hotspot\share\prims\jni.cpp, line 535]
Event: 3322.146 Thread 0x000001ed3382c740 Exception <a 'sun/nio/fs/WindowsException'{0x00000000963d81c8}> (0x00000000963d81c8) 
thrown [s\src\hotspot\share\prims\jni.cpp, line 535]
Event: 3322.151 Thread 0x000001ed3382c740 Exception <a 'sun/nio/fs/WindowsException'{0x00000000962c5560}> (0x00000000962c5560) 
thrown [s\src\hotspot\share\prims\jni.cpp, line 535]
Event: 3322.154 Thread 0x000001ed3382c740 Exception <a 'sun/nio/fs/WindowsException'{0x00000000962d3898}> (0x00000000962d3898) 
thrown [s\src\hotspot\share\prims\jni.cpp, line 535]
Event: 3322.167 Thread 0x000001ed3382c740 Exception <a 'sun/nio/fs/WindowsException'{0x00000000962db178}> (0x00000000962db178) 
thrown [s\src\hotspot\share\prims\jni.cpp, line 535]
Event: 3322.219 Thread 0x000001ed3382c740 Exception <a 'sun/nio/fs/WindowsException'{0x00000000962e5c10}> (0x00000000962e5c10) 
thrown [s\src\hotspot\share\prims\jni.cpp, line 535]
Event: 3322.223 Thread 0x000001ed3382c740 Exception <a 'sun/nio/fs/WindowsException'{0x00000000961c3080}> (0x00000000961c3080) 
thrown [s\src\hotspot\share\prims\jni.cpp, line 535]
Event: 3322.695 Thread 0x000001ed3382c740 Exception <a 'sun/nio/fs/WindowsException'{0x0000000095f46088}> (0x0000000095f46088) 
thrown [s\src\hotspot\share\prims\jni.cpp, line 535]
Event: 3322.714 Thread 0x000001ed3382c740 Exception <a 'sun/nio/fs/WindowsException'{0x0000000095f94108}> (0x0000000095f94108) 
thrown [s\src\hotspot\share\prims\jni.cpp, line 535]
Event: 3332.923 Thread 0x000001ed28ddaaa0 Exception <a 'sun/nio/fs/WindowsException'{0x00000000950f0390}> (0x00000000950f0390) 
thrown [s\src\hotspot\share\prims\jni.cpp, line 535]
Event: 3337.480 Thread 0x000001ed28ddbe50 Implicit null exception at 0x000001ed16aaf9a4 to 0x000001ed16aafe10

ZGC Phase Switch (0 events):
No events

VM Operations (20 events):
Event: 3330.081 Executing VM operation: HandshakeAllThreads (HandshakeForDeflation) done
Event: 3330.081 Executing VM operation: RendezvousGCThreads
Event: 3330.081 Executing VM operation: RendezvousGCThreads done
Event: 3331.082 Executing VM operation: Cleanup
Event: 3331.490 Executing VM operation: Cleanup done
Event: 3333.490 Executing VM operation: Cleanup
Event: 3333.490 Executing VM operation: Cleanup done
Event: 3335.492 Executing VM operation: Cleanup
Event: 3335.506 Executing VM operation: Cleanup done
Event: 3336.507 Executing VM operation: Cleanup
Event: 3336.526 Executing VM operation: Cleanup done
Event: 3337.528 Executing VM operation: Cleanup
Event: 3337.529 Executing VM operation: Cleanup done
Event: 3339.529 Executing VM operation: Cleanup
Event: 3339.669 Executing VM operation: Cleanup done
Event: 3341.669 Executing VM operation: Cleanup
Event: 3342.417 Executing VM operation: Cleanup done
Event: 3343.418 Executing VM operation: Cleanup
Event: 3344.359 Executing VM operation: Cleanup done
Event: 3344.907 Executing VM operation: G1TryInitiateConcMark (G1 Humongous Allocation)

Events (20 events):
Event: 3295.383 Thread 0x000001ed32552230 Thread added: 0x000001ed32552230
Event: 3295.385 Thread 0x000001ed2adadf50 Thread added: 0x000001ed2adadf50
Event: 3295.386 Thread 0x000001ed2adaec70 Thread added: 0x000001ed2adaec70
Event: 3295.387 Thread 0x000001ed3500ee70 Thread added: 0x000001ed3500ee70
Event: 3295.387 Thread 0x000001ed3500f500 Thread added: 0x000001ed3500f500
Event: 3295.388 Thread 0x000001ed3500fb90 Thread added: 0x000001ed3500fb90
Event: 3295.392 Thread 0x000001ed3960b9e0 Thread added: 0x000001ed3960b9e0
Event: 3296.398 Thread 0x000001ed3988c5f0 Thread exited: 0x000001ed3988c5f0
Event: 3296.398 Thread 0x000001ed396e2270 Thread exited: 0x000001ed396e2270
Event: 3296.457 Thread 0x000001ed396e2270 Thread added: 0x000001ed396e2270
Event: 3298.066 Thread 0x000001ed33829fe0 Thread added: 0x000001ed33829fe0
Event: 3302.836 Thread 0x000001ed3382c740 Thread added: 0x000001ed3382c740
Event: 3302.838 Thread 0x000001ed28dda410 Thread added: 0x000001ed28dda410
Event: 3302.841 Thread 0x000001ed28dd9060 Thread added: 0x000001ed28dd9060
Event: 3302.846 Thread 0x000001ed28ddaaa0 Thread added: 0x000001ed28ddaaa0
Event: 3302.911 Thread 0x000001ed28dd96f0 Thread added: 0x000001ed28dd96f0
Event: 3302.915 Thread 0x000001ed28ddbe50 Thread added: 0x000001ed28ddbe50
Event: 3305.019 Thread 0x000001ed28dda410 Thread exited: 0x000001ed28dda410
Event: 3308.310 Thread 0x000001ed396df480 Thread exited: 0x000001ed396df480
Event: 3338.932 Thread 0x000001ed396e0ec0 Thread exited: 0x000001ed396e0ec0


Dynamic libraries:
0x00007ff74d870000 - 0x00007ff74d87a000 	C:\Program Files\Android\Android Studio2\jbr\bin\java.exe
0x00007ff93b8a0000 - 0x00007ff93bb08000 	C:\WINDOWS\SYSTEM32\ntdll.dll
0x00007ff93a4c0000 - 0x00007ff93a589000 	C:\WINDOWS\System32\KERNEL32.DLL
0x00007ff938500000 - 0x00007ff9388f1000 	C:\WINDOWS\System32\KERNELBASE.dll
0x00007ff938a60000 - 0x00007ff938bab000 	C:\WINDOWS\System32\ucrtbase.dll
0x00007ff9209b0000 - 0x00007ff9209c8000 	C:\Program Files\Android\Android Studio2\jbr\bin\jli.dll
0x00007ff93b1f0000 - 0x00007ff93b3b6000 	C:\WINDOWS\System32\USER32.dll
0x00007ff939610000 - 0x00007ff939637000 	C:\WINDOWS\System32\win32u.dll
0x00007ff939640000 - 0x00007ff93966b000 	C:\WINDOWS\System32\GDI32.dll
0x00007ff938bb0000 - 0x00007ff938cdb000 	C:\WINDOWS\System32\gdi32full.dll
0x00007ff938900000 - 0x00007ff9389a3000 	C:\WINDOWS\System32\msvcp_win.dll
0x00007ff91af10000 - 0x00007ff91b1a3000 	C:\WINDOWS\WinSxS\amd64_microsoft.windows.common-controls_6595b64144ccf1df_6.0.26100.7824_none_3e0870b2e3345462\COMCTL32.dll
0x00007ff939bf0000 - 0x00007ff939c99000 	C:\WINDOWS\System32\msvcrt.dll
0x00007ff933ee0000 - 0x00007ff933efb000 	C:\Program Files\Android\Android Studio2\jbr\bin\VCRUNTIME140.dll
0x00007ff93b3c0000 - 0x00007ff93b3f1000 	C:\WINDOWS\System32\IMM32.DLL
0x00007ff933c90000 - 0x00007ff933c9c000 	C:\Program Files\Android\Android Studio2\jbr\bin\vcruntime140_1.dll
0x00007ff8f1900000 - 0x00007ff8f198d000 	C:\Program Files\Android\Android Studio2\jbr\bin\msvcp140.dll
0x00007ff8ab960000 - 0x00007ff8ac5dd000 	C:\Program Files\Android\Android Studio2\jbr\bin\server\jvm.dll
0x00007ff939820000 - 0x00007ff9398d4000 	C:\WINDOWS\System32\ADVAPI32.dll
0x00007ff9396f0000 - 0x00007ff939796000 	C:\WINDOWS\System32\sechost.dll
0x00007ff9398f0000 - 0x00007ff939a08000 	C:\WINDOWS\System32\RPCRT4.dll
0x00007ff93b7a0000 - 0x00007ff93b814000 	C:\WINDOWS\System32\WS2_32.dll
0x00007ff937fe0000 - 0x00007ff93803e000 	C:\WINDOWS\SYSTEM32\POWRPROF.dll
0x00007ff930e50000 - 0x00007ff930e85000 	C:\WINDOWS\SYSTEM32\WINMM.dll
0x00007ff930e90000 - 0x00007ff930e9b000 	C:\WINDOWS\SYSTEM32\VERSION.dll
0x00007ff937fc0000 - 0x00007ff937fd4000 	C:\WINDOWS\SYSTEM32\UMPDC.dll
0x00007ff936f20000 - 0x00007ff936f3b000 	C:\WINDOWS\SYSTEM32\kernel.appcore.dll
0x00007ff933c80000 - 0x00007ff933c8a000 	C:\Program Files\Android\Android Studio2\jbr\bin\jimage.dll
0x00007ff9302f0000 - 0x00007ff930532000 	C:\WINDOWS\SYSTEM32\DBGHELP.DLL
0x00007ff93b410000 - 0x00007ff93b796000 	C:\WINDOWS\System32\combase.dll
0x00007ff939a10000 - 0x00007ff939ae7000 	C:\WINDOWS\System32\OLEAUT32.dll
0x00007ff919480000 - 0x00007ff9194bb000 	C:\WINDOWS\SYSTEM32\dbgcore.DLL
0x00007ff9389b0000 - 0x00007ff938a55000 	C:\WINDOWS\System32\bcryptPrimitives.dll
0x00007ff921270000 - 0x00007ff92127e000 	C:\Program Files\Android\Android Studio2\jbr\bin\instrument.dll
0x00007ff932d70000 - 0x00007ff932d8f000 	C:\Program Files\Android\Android Studio2\jbr\bin\java.dll
0x00007ff932940000 - 0x00007ff932958000 	C:\Program Files\Android\Android Studio2\jbr\bin\zip.dll
0x00007ff93a590000 - 0x00007ff93ace2000 	C:\WINDOWS\System32\SHELL32.dll
0x00007ff938300000 - 0x00007ff93846a000 	C:\WINDOWS\System32\wintypes.dll
0x00007ff938ce0000 - 0x00007ff939543000 	C:\WINDOWS\System32\windows.storage.dll
0x00007ff93a370000 - 0x00007ff93a466000 	C:\WINDOWS\System32\SHCORE.dll
0x00007ff93b180000 - 0x00007ff93b1e7000 	C:\WINDOWS\System32\shlwapi.dll
0x00007ff9380a0000 - 0x00007ff9380c9000 	C:\WINDOWS\SYSTEM32\profapi.dll
0x00007ff932930000 - 0x00007ff932940000 	C:\Program Files\Android\Android Studio2\jbr\bin\net.dll
0x00007ff92e080000 - 0x00007ff92e1a7000 	C:\WINDOWS\SYSTEM32\WINHTTP.dll
0x00007ff937490000 - 0x00007ff9374fb000 	C:\WINDOWS\system32\mswsock.dll
0x00007ff932910000 - 0x00007ff932926000 	C:\Program Files\Android\Android Studio2\jbr\bin\nio.dll
0x00007ff8f2f60000 - 0x00007ff8f2f70000 	C:\Program Files\Android\Android Studio2\jbr\bin\verify.dll
0x00007ff8f2650000 - 0x00007ff8f2677000 	C:\Users\perez\AndroidStudioProjects\MyApplication\native\1def1411415f61bf3af743bc5b6707747c0891f09f0c88961ee8f79bc544acac\windows-amd64\native-platform.dll
0x00007ff8f1880000 - 0x00007ff8f18f8000 	C:\Users\perez\AndroidStudioProjects\MyApplication\native\0.2.7\x86_64-windows-gnu\gradle-fileevents.dll
0x00007ff932680000 - 0x00007ff932689000 	C:\Program Files\Android\Android Studio2\jbr\bin\management.dll
0x00007ff900540000 - 0x00007ff90054b000 	C:\Program Files\Android\Android Studio2\jbr\bin\management_ext.dll
0x00007ff93b400000 - 0x00007ff93b408000 	C:\WINDOWS\System32\PSAPI.DLL
0x00007ff936920000 - 0x00007ff936954000 	C:\WINDOWS\SYSTEM32\IPHLPAPI.DLL
0x00007ff93a140000 - 0x00007ff93a14a000 	C:\WINDOWS\System32\NSI.dll
0x00007ff9328e0000 - 0x00007ff9328e9000 	C:\Program Files\Android\Android Studio2\jbr\bin\extnet.dll
0x00007ff937760000 - 0x00007ff93777b000 	C:\WINDOWS\SYSTEM32\CRYPTSP.dll
0x00007ff936e80000 - 0x00007ff936eb9000 	C:\WINDOWS\system32\rsaenh.dll
0x00007ff937540000 - 0x00007ff93756b000 	C:\WINDOWS\SYSTEM32\USERENV.dll
0x00007ff938070000 - 0x00007ff93809a000 	C:\WINDOWS\SYSTEM32\bcrypt.dll
0x00007ff937780000 - 0x00007ff93778c000 	C:\WINDOWS\SYSTEM32\CRYPTBASE.dll
0x00007ff8f3bf0000 - 0x00007ff8f3bf8000 	C:\WINDOWS\system32\wshunix.dll
0x00007ff90f770000 - 0x00007ff90f788000 	C:\WINDOWS\system32\napinsp.dll
0x00007ff9369b0000 - 0x00007ff936adc000 	C:\WINDOWS\SYSTEM32\DNSAPI.dll
0x00007ff90f750000 - 0x00007ff90f762000 	C:\WINDOWS\System32\winrnr.dll
0x00007ff9106f0000 - 0x00007ff910712000 	C:\WINDOWS\system32\nlansp_c.dll
0x00007ff90f730000 - 0x00007ff90f746000 	C:\WINDOWS\system32\wshbth.dll
0x00007ff92dba0000 - 0x00007ff92dbab000 	C:\Windows\System32\rasadhlp.dll
0x00007ff92dff0000 - 0x00007ff92e076000 	C:\WINDOWS\System32\fwpuclnt.dll
0x00007ff920970000 - 0x00007ff92098e000 	C:\Users\perez\AppData\Local\Temp\native-platform1240107707654826535dir\native-platform.dll
0x00007ff932880000 - 0x00007ff932887000 	C:\Program Files\Android\Android Studio2\jbr\bin\rmi.dll
0x00007ff937040000 - 0x00007ff937076000 	C:\WINDOWS\SYSTEM32\ntmarta.dll

dbghelp: loaded successfully - version: 4.0.5 - missing functions: none
symbol engine: initialized successfully - sym options: 0x614 - pdb path: .;C:\Program Files\Android\Android Studio2\jbr\bin;C:\WINDOWS\SYSTEM32;C:\WINDOWS\WinSxS\amd64_microsoft.windows.common-controls_6595b64144ccf1df_6.0.26100.7824_none_3e0870b2e3345462;C:\Program Files\Android\Android Studio2\jbr\bin\server;C:\Users\perez\AndroidStudioProjects\MyApplication\native\1def1411415f61bf3af743bc5b6707747c0891f09f0c88961ee8f79bc544acac\windows-amd64;C:\Users\perez\AndroidStudioProjects\MyApplication\native\0.2.7\x86_64-windows-gnu;C:\Users\perez\AppData\Local\Temp\native-platform1240107707654826535dir

VM Arguments:
jvm_args: --add-opens=java.base/java.lang=ALL-UNNAMED --add-opens=java.base/java.lang.invoke=ALL-UNNAMED --add-opens=java.base/java.util=ALL-UNNAMED --add-opens=java.prefs/java.util.prefs=ALL-UNNAMED --add-exports=jdk.compiler/com.sun.tools.javac.api=ALL-UNNAMED --add-exports=jdk.compiler/com.sun.tools.javac.util=ALL-UNNAMED --add-opens=java.base/java.util=ALL-UNNAMED --add-opens=java.prefs/java.util.prefs=ALL-UNNAMED --add-opens=java.base/java.nio.charset=ALL-UNNAMED --add-opens=java.base/java.net=ALL-UNNAMED --add-opens=java.base/java.util.concurrent.atomic=ALL-UNNAMED --add-opens=java.xml/javax.xml.namespace=ALL-UNNAMED -Xmx2048m -Dfile.encoding=UTF-8 -Duser.country=CO -Duser.language=es -Duser.variant -javaagent:C:\Users\perez\AndroidStudioProjects\MyApplication\wrapper\dists\gradle-8.13-bin\5xuhj0ry160q40clulazy9h7d\gradle-8.13\lib\agents\gradle-instrumentation-agent-8.13.jar 
java_command: org.gradle.launcher.daemon.bootstrap.GradleDaemon 8.13
java_class_path (initial): C:\Users\perez\AndroidStudioProjects\MyApplication\wrapper\dists\gradle-8.13-bin\5xuhj0ry160q40clulazy9h7d\gradle-8.13\lib\gradle-daemon-main-8.13.jar
Launcher Type: SUN_STANDARD

[Global flags]
     intx CICompilerCount                          = 4                                         {product} {ergonomic}
     uint ConcGCThreads                            = 2                                         {product} {ergonomic}
     uint G1ConcRefinementThreads                  = 8                                         {product} {ergonomic}
   size_t G1HeapRegionSize                         = 1048576                                   {product} {ergonomic}
    uintx GCDrainStackTargetSize                   = 64                                        {product} {ergonomic}
   size_t InitialHeapSize                          = 123731968                                 {product} {ergonomic}
   size_t MarkStackSize                            = 4194304                                   {product} {ergonomic}
   size_t MaxHeapSize                              = 2147483648                                {product} {command line}
   size_t MaxNewSize                               = 1287651328                                {product} {ergonomic}
   size_t MinHeapDeltaBytes                        = 1048576                                   {product} {ergonomic}
   size_t MinHeapSize                              = 8388608                                   {product} {ergonomic}
    uintx NonNMethodCodeHeapSize                   = 5839372                                {pd product} {ergonomic}
    uintx NonProfiledCodeHeapSize                  = 122909434                              {pd product} {ergonomic}
    uintx ProfiledCodeHeapSize                     = 122909434                              {pd product} {ergonomic}
    uintx ReservedCodeCacheSize                    = 251658240                              {pd product} {ergonomic}
     bool SegmentedCodeCache                       = true                                      {product} {ergonomic}
   size_t SoftMaxHeapSize                          = 2147483648                             {manageable} {ergonomic}
     bool UseCompressedOops                        = true                           {product lp64_product} {ergonomic}
     bool UseG1GC                                  = true                                      {product} {ergonomic}
     bool UseLargePagesIndividualAllocation        = false                                  {pd product} {ergonomic}

Logging:
Log output configuration:
 #0: stdout all=warning uptime,level,tags foldmultilines=false
 #1: stderr all=off uptime,level,tags foldmultilines=false

Environment Variables:
PATH=C:\Program Files\dotnet\;C:\ORECLE\dbhomeXE\bin;C:\app\perez\product\21c\dbhomeXE\bin;C:\Program Files\Common Files\Oracle\Java\javapath;C:\Program Files (x86)\Common Files\Oracle\Java\javapath;C:\WINDOWS\system32;C:\WINDOWS;C:\WINDOWS\System32\Wbem;C:\WINDOWS\System32\WindowsPowerShell\v1.0\;C:\WINDOWS\System32\OpenSSH\;C:\Program Files\HP\HP One Agent;C:\Program Files (x86)\Microsoft SQL Server\160\Tools\Binn\;C:\Program Files\Microsoft SQL Server\160\Tools\Binn\;C:\Program Files\Microsoft SQL Server\Client SDK\ODBC\170\Tools\Binn\;C:\Program Files\Microsoft SQL Server\160\DTS\Binn\;C:\Program Files (x86)\Microsoft SQL Server\160\DTS\Binn\;C:\Program Files\Microsoft SQL Server\150\Tools\Binn\;C:\xampp\php;C:\ProgramData\ComposerSetup\bin;C:\flutter\bin;C:\Users\perez\AppData\Local\Android\Sdk\platform-tools;C:\Program Files\Git\cmd;C:\Program Files\nodejs\;C:\WINDOWS\system32;C:\WINDOWS;C:\WINDOWS\System32\Wbem;C:\WINDOWS\System32\WindowsPowerShell\v1.0\;C:\WINDOWS\System32\OpenSSH\;C:\Program Files\ngrok;C:\Program Files\cursor\resources\app\bin;C:\Users\perez\AppData\Local\Programs\Python\Python313\Scripts\;C:\Users\perez\AppData\Local\Programs\Python\Python313\;C:\Users\perez\AppData\Local\Programs\oh-my-posh\bin\;C:\Program Files\MySQL\MySQL Shell 8.0\bin\;C:\xampp\php\php.exe;C:\Users\perez\AppData\Local\Programs\Microsoft VS Code\bin;C:\Users\perez\AppData\Roaming\Composer\vendor\bin;C:\Users\perez\AppData\Local\GitHubDesktop\bin;C:\Users\perez\.dotnet\tools;C:\Users\perez\.deno\bin;C:\Users\perez\AppData\Roaming\npm;C:\Users\perez\AppData\Local\Microsoft\WindowsApps;C:\ngrok;C:\Users\perez\AppData\Local\Programs\Antigravity\bin;C:\Users\perez\AppData\Local\Programs\Ollama
USERNAME=perez
OS=Windows_NT
PROCESSOR_IDENTIFIER=AMD64 Family 23 Model 104 Stepping 1, AuthenticAMD
TMP=C:\Users\perez\AppData\Local\Temp
TEMP=C:\Users\perez\AppData\Local\Temp




Periodic native trim disabled

JNI global refs:
JNI global refs: 28, weak refs: 0

JNI global refs memory usage: 835, weak refs: 833

Process memory usage:
Resident Set Size: 130764K (1% of 7682164K total physical memory with 222144K free physical memory)

OOME stack traces (most recent first):
Classloader memory used:
Loader java.net.URLClassLoader                                                         : 57754K
Loader org.gradle.internal.classloader.VisitableURLClassLoader$InstrumentingVisitableURLClassLoader: 55822K
Loader org.gradle.internal.classloader.VisitableURLClassLoader                         : 48070K
Loader bootstrap                                                                       : 31399K
Loader org.gradle.initialization.MixInLegacyTypesClassLoader                           : 13210K
Loader jdk.internal.loader.ClassLoaders$AppClassLoader                                 : 9983K
Loader jdk.internal.loader.ClassLoaders$PlatformClassLoader                            : 967K
Loader jdk.internal.reflect.DelegatingClassLoader                                      : 863K
Loader org.gradle.internal.classloader.VisitableURLClassLoader                         : 348K
Loader sun.reflect.misc.MethodUtil                                                     : 2960B

Classes loaded by more than one classloader:
Class com.google.common.collect.Multimap                                              : loaded 6 times (x 67B)
Class kotlin.collections.SetsKt__SetsKt                                               : loaded 6 times (x 68B)
Class kotlin.ranges.IntProgression                                                    : loaded 6 times (x 78B)
Class kotlin.LazyKt                                                                   : loaded 6 times (x 68B)
Class com.google.common.collect.Sets$3$1                                              : loaded 6 times (x 79B)
Class [Lcom.google.common.collect.ImmutableEntry;                                     : loaded 6 times (x 66B)
Class kotlin.jvm.KotlinReflectionNotSupportedError                                    : loaded 6 times (x 79B)
Class com.google.common.collect.Maps$IteratorBasedAbstractMap$1                       : loaded 6 times (x 135B)
Class com.google.common.collect.Maps$IteratorBasedAbstractMap                         : loaded 6 times (x 122B)
Class kotlin.enums.EnumEntriesList                                                    : loaded 6 times (x 220B)
Class kotlin.jvm.internal.FunctionReference                                           : loaded 6 times (x 119B)
Class com.google.common.base.CharMatcher$1                                            : loaded 6 times (x 110B)
Class com.google.common.collect.Iterators$ArrayItr                                    : loaded 6 times (x 94B)
Class com.google.common.collect.RegularImmutableMap$KeySet                            : loaded 6 times (x 149B)
Class com.google.common.collect.ImmutableCollection$Builder                           : loaded 6 times (x 73B)
Class com.google.common.collect.Maps                                                  : loaded 6 times (x 68B)
Class kotlin.jvm.internal.FunctionBase                                                : loaded 6 times (x 67B)
Class com.google.common.base.Joiner$1                                                 : loaded 6 times (x 77B)
Class kotlin.collections.EmptyIterator                                                : loaded 6 times (x 86B)
Class com.google.common.base.PairwiseEquivalence                                      : loaded 6 times (x 80B)
Class com.google.common.base.Equivalence$Identity                                     : loaded 6 times (x 79B)
Class kotlin.NotImplementedError                                                      : loaded 6 times (x 79B)
Class kotlin.text.StringsKt__StringsKt                                                : loaded 6 times (x 68B)
Class kotlin.text.StringsKt__RegexExtensionsKt                                        : loaded 6 times (x 68B)
Class kotlin.SynchronizedLazyImpl                                                     : loaded 6 times (x 73B)
Class kotlin.sequences.SequencesKt__SequencesJVMKt                                    : loaded 6 times (x 68B)
Class com.google.common.base.CharMatcher                                              : loaded 6 times (x 108B)
Class com.google.common.base.CharMatcher$NamedFastMatcher                             : loaded 6 times (x 109B)
Class com.google.common.base.Joiner                                                   : loaded 6 times (x 76B)
Class com.google.common.collect.Iterables                                             : loaded 6 times (x 68B)
Class kotlin.sequences.SequencesKt__SequenceBuilderKt                                 : loaded 6 times (x 68B)
Class com.google.common.collect.SortedSetMultimap                                     : loaded 6 times (x 67B)
Class com.google.common.collect.Maps$8                                                : loaded 6 times (x 79B)
Class kotlin.collections.AbstractList                                                 : loaded 6 times (x 194B)
Class kotlin.collections.AbstractCollection                                           : loaded 6 times (x 114B)
Class com.google.common.base.Joiner$2                                                 : loaded 6 times (x 76B)
Class kotlin.collections.CollectionsKt__IteratorsJVMKt                                : loaded 6 times (x 68B)
Class com.google.common.collect.Platform                                              : loaded 6 times (x 68B)
Class com.google.common.collect.RegularImmutableList                                  : loaded 6 times (x 210B)
Class com.google.common.collect.UnmodifiableIterator                                  : loaded 6 times (x 77B)
Class kotlin.collections.ArraysKt                                                     : loaded 6 times (x 68B)
Class com.google.common.collect.Sets$SetView                                          : loaded 6 times (x 135B)
Class kotlin.text.CharsKt__CharKt                                                     : loaded 6 times (x 68B)
Class kotlin.text.StringsKt__StringBuilderJVMKt                                       : loaded 6 times (x 68B)
Class kotlin.LazyKt__LazyKt                                                           : loaded 6 times (x 68B)
Class com.google.common.base.CharMatcher$IsEither                                     : loaded 6 times (x 108B)
Class com.google.common.base.Preconditions                                            : loaded 6 times (x 68B)
Class com.google.common.base.Function                                                 : loaded 6 times (x 67B)
Class com.google.common.base.Equivalence                                              : loaded 6 times (x 79B)
Class kotlin.enums.EnumEntries                                                        : loaded 6 times (x 67B)
Class com.google.common.collect.ImmutableMapEntry$NonTerminalImmutableMapEntry        : loaded 6 times (x 82B)
Class kotlin.collections.CollectionsKt__CollectionsKt                                 : loaded 6 times (x 68B)
Class kotlin.collections.ArraysKt___ArraysJvmKt                                       : loaded 6 times (x 68B)
Class kotlin.text.StringsKt__RegexExtensionsJVMKt                                     : loaded 6 times (x 68B)
Class com.google.common.collect.Hashing                                               : loaded 6 times (x 68B)
Class com.google.common.base.Equivalence$Equals                                       : loaded 6 times (x 79B)
Class kotlin.collections.CollectionsKt__ReversedViewsKt                               : loaded 6 times (x 68B)
Class kotlin.UNINITIALIZED_VALUE                                                      : loaded 6 times (x 68B)
Class kotlin.sequences.SequencesKt__SequencesKt                                       : loaded 6 times (x 68B)
Class com.google.common.collect.MapDifference                                         : loaded 6 times (x 67B)
Class com.google.common.collect.SingletonImmutableBiMap                               : loaded 6 times (x 140B)
Class kotlin.ranges.IntRange                                                          : loaded 6 times (x 90B)
Class com.google.common.collect.RegularImmutableSet                                   : loaded 6 times (x 146B)
Class com.google.common.collect.Iterators$MergingIterator                             : loaded 6 times (x 78B)
Class com.google.common.collect.AbstractMapEntry                                      : loaded 6 times (x 78B)
Class com.google.common.collect.ImmutableMapEntry                                     : loaded 6 times (x 82B)
Class com.google.common.collect.TransformedIterator                                   : loaded 6 times (x 77B)
Class kotlin.collections.ArraysKt__ArraysJVMKt                                        : loaded 6 times (x 68B)
Class kotlin.Pair                                                                     : loaded 6 times (x 69B)
Class com.google.common.base.Ascii                                                    : loaded 6 times (x 68B)
Class com.google.common.math.IntMath                                                  : loaded 6 times (x 68B)
Class com.google.common.collect.AbstractSetMultimap                                   : loaded 6 times (x 171B)
Class com.google.common.collect.ImmutableList$Builder                                 : loaded 6 times (x 74B)
Class kotlin.collections.CollectionsKt                                                : loaded 6 times (x 68B)
Class kotlin.jvm.internal.CallableReference                                           : loaded 6 times (x 103B)
Class com.google.common.collect.Sets$ImprovedAbstractSet                              : loaded 6 times (x 132B)
Class com.google.common.collect.AbstractMultimap                                      : loaded 6 times (x 120B)
Class com.google.common.collect.RegularImmutableSortedSet                             : loaded 6 times (x 297B)
Class kotlin.collections.CollectionsKt__MutableCollectionsKt                          : loaded 6 times (x 68B)
Class com.google.common.math.IntMath$1                                                : loaded 6 times (x 68B)
Class kotlin.ranges.RangesKt___RangesKt                                               : loaded 6 times (x 68B)
Class kotlin.collections.SetsKt___SetsKt                                              : loaded 6 times (x 68B)
Class kotlin.ranges.RangesKt__RangesKt                                                : loaded 6 times (x 68B)
Class com.google.common.collect.RegularImmutableBiMap                                 : loaded 6 times (x 146B)
Class com.google.common.base.CharMatcher$Is                                           : loaded 6 times (x 108B)
Class com.google.common.base.CharMatcher$IsNot                                        : loaded 6 times (x 108B)
Class com.google.common.base.CharMatcher$Negated                                      : loaded 6 times (x 110B)
Class kotlin.collections.MapWithDefault                                               : loaded 6 times (x 67B)
Class com.google.common.collect.ImmutableEnumSet                                      : loaded 6 times (x 143B)
Class kotlin.reflect.KCallable                                                        : loaded 6 times (x 67B)
Class com.google.common.collect.RegularImmutableAsList                                : loaded 6 times (x 214B)
Class kotlin.KotlinNullPointerException                                               : loaded 6 times (x 80B)
Class kotlin.jvm.internal.CallableReference$NoReceiver                                : loaded 6 times (x 68B)
Class com.google.common.collect.ImmutableSortedSet                                    : loaded 6 times (x 297B)
Class com.google.common.collect.ImmutableList$1                                       : loaded 6 times (x 94B)
Class kotlin.ranges.OpenEndRange                                                      : loaded 6 times (x 67B)
Class kotlin.text.CharsKt__CharJVMKt                                                  : loaded 6 times (x 68B)
Class kotlin.text.StringsKt__StringNumberConversionsKt                                : loaded 6 times (x 68B)
Class com.google.common.collect.Maps$EntryTransformer                                 : loaded 6 times (x 67B)
Class com.google.common.base.Optional                                                 : loaded 6 times (x 77B)
Class com.google.common.collect.RegularImmutableMap$Values                            : loaded 6 times (x 204B)
Class com.google.common.base.CharMatcher$BitSetMatcher                                : loaded 6 times (x 109B)
Class com.google.common.collect.Iterators                                             : loaded 6 times (x 68B)
Class kotlin.text.CharsKt                                                             : loaded 6 times (x 68B)
Class kotlin.LazyKt__LazyJVMKt                                                        : loaded 6 times (x 68B)
Class kotlin.text.StringsKt__StringBuilderKt                                          : loaded 6 times (x 68B)
Class com.google.common.collect.ImmutableSet                                          : loaded 6 times (x 142B)
Class com.google.common.collect.Lists$StringAsImmutableList                           : loaded 6 times (x 204B)
Class com.google.common.collect.Multimaps                                             : loaded 6 times (x 68B)
Class kotlin.collections.CollectionsKt__IterablesKt                                   : loaded 6 times (x 68B)
Class kotlin.collections.MapsKt                                                       : loaded 6 times (x 68B)
Class com.google.common.collect.ImmutableList$SubList                                 : loaded 6 times (x 206B)
Class com.google.common.base.Suppliers$NonSerializableMemoizingSupplier               : loaded 6 times (x 76B)
Class kotlin.collections.CollectionsKt___CollectionsJvmKt                             : loaded 6 times (x 68B)
Class com.google.common.collect.ImmutableMapEntrySet$RegularEntrySet                  : loaded 6 times (x 149B)
Class kotlin.Unit                                                                     : loaded 6 times (x 68B)
Class kotlin.text.StringsKt                                                           : loaded 6 times (x 68B)
Class com.google.common.collect.ImmutableAsList                                       : loaded 6 times (x 206B)
Class com.google.common.collect.Iterators$9                                           : loaded 6 times (x 78B)
Class com.google.common.base.FunctionalEquivalence                                    : loaded 6 times (x 80B)
Class com.google.common.collect.RegularImmutableMap                                   : loaded 6 times (x 118B)
Class com.google.common.collect.AbstractMapBasedMultimap                              : loaded 6 times (x 136B)
Class kotlin.sequences.SequencesKt___SequencesJvmKt                                   : loaded 6 times (x 68B)
Class com.google.common.collect.ImmutableMap$MapViewOfValuesAsSingletonSets           : loaded 6 times (x 123B)
Class com.google.common.collect.RegularImmutableMap$BucketOverflowException           : loaded 6 times (x 79B)
Class com.google.common.collect.Sets$4                                                : loaded 6 times (x 136B)
Class kotlin.jvm.internal.Intrinsics                                                  : loaded 6 times (x 68B)
Class kotlin.ranges.IntProgression$Companion                                          : loaded 6 times (x 68B)
Class kotlin.ranges.IntRange$Companion                                                : loaded 6 times (x 68B)
Class com.google.common.base.CharMatcher$Or                                           : loaded 6 times (x 109B)
Class kotlin.TuplesKt                                                                 : loaded 6 times (x 68B)
Class kotlin.collections.CollectionsKt__IteratorsKt                                   : loaded 6 times (x 68B)
Class kotlin.collections.EmptyMap                                                     : loaded 6 times (x 106B)
Class kotlin.reflect.KAnnotatedElement                                                : loaded 6 times (x 67B)
Class com.google.common.collect.ImmutableSet$CachingAsList                            : loaded 6 times (x 145B)
Class com.google.common.base.Converter                                                : loaded 6 times (x 87B)
Class com.google.common.collect.ImmutableSet$SetBuilderImpl                           : loaded 6 times (x 73B)
Class com.google.common.collect.ImmutableBiMap$Builder                                : loaded 6 times (x 79B)
Class com.google.common.base.CharMatcher$And                                          : loaded 6 times (x 109B)
Class kotlin.collections.EmptyList                                                    : loaded 6 times (x 171B)
Class com.google.common.collect.Maps$BiMapConverter                                   : loaded 6 times (x 87B)
Class kotlin.collections.MapsKt__MapsJVMKt                                            : loaded 6 times (x 68B)
Class kotlin.Lazy                                                                     : loaded 6 times (x 67B)
Class kotlin.NoWhenBranchMatchedException                                             : loaded 6 times (x 79B)
Class com.google.common.collect.IndexedImmutableSet                                   : loaded 6 times (x 149B)
Class kotlin.sequences.SequencesKt                                                    : loaded 6 times (x 68B)
Class com.google.common.collect.Lists                                                 : loaded 6 times (x 68B)
Class kotlin.collections.CollectionsKt__CollectionsJVMKt                              : loaded 6 times (x 68B)
Class com.google.common.collect.ImmutableCollection                                   : loaded 6 times (x 122B)
Class com.google.common.base.CharMatcher$AnyOf                                        : loaded 6 times (x 109B)
Class com.google.common.base.Supplier                                                 : loaded 6 times (x 67B)
Class kotlin.ranges.RangesKt                                                          : loaded 6 times (x 68B)
Class com.google.common.collect.ImmutableMap$1                                        : loaded 6 times (x 78B)
Class com.google.common.collect.BiMap                                                 : loaded 6 times (x 67B)
Class com.google.common.collect.Sets$3                                                : loaded 6 times (x 136B)
Class com.google.common.base.CharMatcher$ForPredicate                                 : loaded 6 times (x 109B)
Class com.google.common.primitives.Ints                                               : loaded 6 times (x 68B)
Class com.google.common.collect.Iterators$6                                           : loaded 6 times (x 78B)
Class com.google.common.collect.UnmodifiableListIterator                              : loaded 6 times (x 92B)
Class com.google.common.collect.ImmutableSet$RegularSetBuilderImpl                    : loaded 6 times (x 74B)
Class com.google.common.base.Absent                                                   : loaded 6 times (x 77B)
Class com.google.common.collect.AbstractIterator                                      : loaded 6 times (x 79B)
Class kotlin.collections.ArraysUtilJVM                                                : loaded 6 times (x 68B)
Class kotlin.jvm.functions.Function0                                                  : loaded 6 times (x 67B)
Class com.google.common.base.CharMatcher$InRange                                      : loaded 6 times (x 108B)
Class com.google.common.collect.SetMultimap                                           : loaded 6 times (x 67B)
Class com.google.common.collect.Multiset                                              : loaded 6 times (x 67B)
Class com.google.common.collect.ImmutableSet$JdkBackedSetBuilderImpl                  : loaded 6 times (x 73B)
Class com.google.common.collect.Iterators$5                                           : loaded 6 times (x 79B)
Class com.google.common.base.CharMatcher$FastMatcher                                  : loaded 6 times (x 108B)
Class com.google.common.collect.Iterators$4                                           : loaded 6 times (x 79B)
Class com.google.common.collect.ImmutableSet$Builder                                  : loaded 6 times (x 82B)
Class com.google.common.collect.ArrayListMultimapGwtSerializationDependencies         : loaded 6 times (x 169B)
Class com.google.common.collect.ImmutableBiMap                                        : loaded 6 times (x 140B)
Class com.google.common.collect.AbstractListMultimap                                  : loaded 6 times (x 169B)
Class com.google.common.collect.SortedIterable                                        : loaded 6 times (x 67B)
Class com.google.common.collect.Sets                                                  : loaded 6 times (x 68B)
Class kotlin.jvm.functions.Function1                                                  : loaded 6 times (x 67B)
Class kotlin.text.StringsKt__StringNumberConversionsJVMKt                             : loaded 6 times (x 68B)
Class kotlin.sequences.Sequence                                                       : loaded 6 times (x 67B)
Class com.google.common.base.Suppliers                                                : loaded 6 times (x 68B)
Class com.google.common.collect.ObjectArrays                                          : loaded 6 times (x 68B)
Class com.google.common.collect.AbstractIndexedListIterator                           : loaded 6 times (x 93B)
Class com.google.common.collect.Sets$2                                                : loaded 6 times (x 136B)
Class com.google.common.math.MathPreconditions                                        : loaded 6 times (x 68B)
Class com.google.common.collect.Maps$EntrySet                                         : loaded 6 times (x 133B)
Class kotlin.UninitializedPropertyAccessException                                     : loaded 6 times (x 79B)
Class kotlin.collections.ArraysKt__ArraysKt                                           : loaded 6 times (x 68B)
Class com.google.common.collect.SingletonImmutableSet                                 : loaded 6 times (x 143B)
Class com.google.common.collect.ImmutableMap$IteratorBasedImmutableMap                : loaded 6 times (x 123B)
Class kotlin.Metadata                                                                 : loaded 6 times (x 67B)
Class com.google.common.collect.ImmutableMapEntrySet                                  : loaded 6 times (x 149B)
Class com.google.common.collect.ImmutableList                                         : loaded 6 times (x 203B)
Class com.google.common.collect.ImmutableSet$EmptySetBuilderImpl                      : loaded 6 times (x 73B)
Class kotlin.sequences.SequencesKt___SequencesKt                                      : loaded 6 times (x 68B)
Class kotlin.collections.SetsKt__SetsJVMKt                                            : loaded 6 times (x 68B)
Class com.google.common.collect.ImmutableMap                                          : loaded 6 times (x 117B)
Class kotlin.jvm.functions.Function2                                                  : loaded 6 times (x 67B)
Class com.google.common.base.Predicate                                                : loaded 6 times (x 67B)
Class com.google.common.collect.Iterators$1                                           : loaded 6 times (x 78B)
Class kotlin.Function                                                                 : loaded 6 times (x 67B)
Class com.google.common.base.CharMatcher$NegatedFastMatcher                           : loaded 6 times (x 110B)
Class com.google.common.collect.Sets$1                                                : loaded 6 times (x 136B)
Class kotlin.internal.ProgressionUtilKt                                               : loaded 6 times (x 68B)
Class kotlin.collections.MapsKt___MapsJvmKt                                           : loaded 6 times (x 68B)
Class kotlin.collections.CollectionsKt__MutableCollectionsJVMKt                       : loaded 6 times (x 68B)
Class kotlin.jvm.internal.Lambda                                                      : loaded 6 times (x 72B)
Class kotlin.collections.MapsKt__MapsKt                                               : loaded 6 times (x 68B)
Class kotlin.text.StringsKt___StringsKt                                               : loaded 6 times (x 68B)
Class kotlin.enums.EnumEntriesKt                                                      : loaded 6 times (x 68B)
Class com.google.common.collect.ImmutableList$ReverseImmutableList                    : loaded 6 times (x 206B)
Class kotlin.collections.AbstractList$Companion                                       : loaded 6 times (x 68B)
Class kotlin.reflect.KFunction                                                        : loaded 6 times (x 67B)
Class kotlin.collections.MapsKt__MapWithDefaultKt                                     : loaded 6 times (x 68B)
Class com.google.common.base.NullnessCasts                                            : loaded 6 times (x 68B)
Class com.google.common.collect.ArrayListMultimap                                     : loaded 6 times (x 169B)
Class com.google.common.collect.ImmutableMap$Builder                                  : loaded 6 times (x 79B)
Class [Lcom.google.common.collect.AbstractMapEntry;                                   : loaded 6 times (x 66B)
Class kotlin.collections.MapsKt___MapsKt                                              : loaded 6 times (x 68B)
Class kotlin.annotation.Target                                                        : loaded 6 times (x 67B)
Class kotlin.text.StringsKt__AppendableKt                                             : loaded 6 times (x 68B)
Class com.google.common.collect.ImmutableEntry                                        : loaded 6 times (x 79B)
Class com.google.common.base.Present                                                  : loaded 6 times (x 78B)
Class kotlin.collections.ArraysKt___ArraysKt                                          : loaded 6 times (x 68B)
Class kotlin.collections.SetsKt                                                       : loaded 6 times (x 68B)
Class kotlin.text.StringsKt__IndentKt                                                 : loaded 6 times (x 68B)
Class com.google.common.collect.SingletonImmutableList                                : loaded 6 times (x 204B)
Class com.google.common.collect.ImmutableEnumMap                                      : loaded 6 times (x 123B)
Class kotlin.collections.EmptySet                                                     : loaded 6 times (x 119B)
Class kotlin.collections.CollectionsKt___CollectionsKt                                : loaded 6 times (x 68B)
Class [Lcom.google.common.collect.ImmutableMapEntry;                                  : loaded 6 times (x 66B)
Class com.google.common.collect.SortedMapDifference                                   : loaded 6 times (x 67B)
Class kotlin.annotation.Retention                                                     : loaded 6 times (x 67B)
Class kotlin.text.StringsKt__StringsJVMKt                                             : loaded 6 times (x 68B)
Class com.google.common.collect.ListMultimap                                          : loaded 6 times (x 67B)
Class com.google.common.primitives.IntsMethodsForWeb                                  : loaded 6 times (x 68B)
Class com.google.common.collect.PeekingIterator                                       : loaded 6 times (x 67B)
Class com.google.common.collect.CollectPreconditions                                  : loaded 6 times (x 68B)
Class kotlin.reflect.KDeclarationContainer                                            : loaded 6 times (x 67B)
Class kotlin.ranges.ClosedRange                                                       : loaded 6 times (x 67B)
Class com.google.common.base.Suppliers$MemoizingSupplier                              : loaded 6 times (x 76B)
Class kotlin.jvm.internal.markers.KMappedMarker                                       : loaded 6 times (x 67B)
Class kotlin.text.StringsKt___StringsJvmKt                                            : loaded 6 times (x 68B)
Class com.google.common.collect.MultimapBuilder$4                                     : loaded 5 times (x 81B)
Class [Ldagger.hilt.processor.internal.optionvalues.GradleProjectType;                : loaded 5 times (x 66B)
Class kotlin.reflect.jvm.internal.KProperty1Impl                                      : loaded 5 times (x 125B)
Class kotlin.jvm.internal.Reflection                                                  : loaded 5 times (x 68B)
Class [Lkotlin.reflect.KProperty;                                                     : loaded 5 times (x 66B)
Class kotlin.reflect.KProperty                                                        : loaded 5 times (x 67B)
Class kotlin.jvm.JvmClassMappingKt                                                    : loaded 5 times (x 68B)
Class kotlin.reflect.jvm.internal.KPropertyImpl                                       : loaded 5 times (x 112B)
Class kotlin.annotation.AnnotationTarget                                              : loaded 5 times (x 76B)
Class kotlin.reflect.jvm.internal.impl.resolve.jvm.JvmPrimitiveType                   : loaded 5 times (x 76B)
Class com.google.common.collect.ImmutableMultimap$Keys                                : loaded 5 times (x 163B)
Class kotlin.jvm.functions.Function6                                                  : loaded 5 times (x 67B)
Class kotlin.reflect.jvm.internal.ComputableClassValue                                : loaded 5 times (x 77B)
Class com.google.common.collect.CollectSpliterators$1WithCharacteristics              : loaded 5 times (x 87B)
Class kotlin.jvm.functions.Function5                                                  : loaded 5 times (x 67B)
Class kotlin.reflect.jvm.internal.KTypeParameterOwnerImpl                             : loaded 5 times (x 67B)
Class kotlin.reflect.jvm.internal.KClassImpl$Data                                     : loaded 5 times (x 69B)
Class Program                                                                         : loaded 5 times (x 69B)
Class kotlin.reflect.jvm.internal.impl.name.FqNameUnsafe$1                            : loaded 5 times (x 71B)
Class kotlin.reflect.jvm.internal.impl.builtins.PrimitiveType$Companion               : loaded 5 times (x 68B)
Class com.google.common.collect.Ordering                                              : loaded 5 times (x 111B)
Class [Lkotlin.reflect.KAnnotatedElement;                                             : loaded 5 times (x 66B)
Class kotlin.reflect.jvm.internal.ReflectProperties$LazySoftVal                       : loaded 5 times (x 75B)
Class [Lkotlin.reflect.jvm.internal.impl.builtins.PrimitiveType;                      : loaded 5 times (x 66B)
Class kotlin.reflect.jvm.internal.impl.builtins.StandardNames                         : loaded 5 times (x 68B)
Class com.google.common.collect.Maps$TransformedEntriesMap                            : loaded 5 times (x 124B)
Class kotlin.jvm.functions.Function4                                                  : loaded 5 times (x 67B)
Class com.google.common.collect.LinkedHashMultimap                                    : loaded 5 times (x 172B)
Class com.google.common.base.Equivalence$Wrapper                                      : loaded 5 times (x 69B)
Class kotlin.collections.IndexingIterator                                             : loaded 5 times (x 76B)
Class kotlin.jvm.functions.Function7                                                  : loaded 5 times (x 67B)
Class kotlin.reflect.jvm.internal.KPackageImpl                                        : loaded 5 times (x 82B)
Class kotlin.reflect.jvm.internal.impl.name.Name                                      : loaded 5 times (x 72B)
Class com.google.common.collect.ComparatorOrdering                                    : loaded 5 times (x 112B)
Class com.google.common.collect.MultimapBuilder$3                                     : loaded 5 times (x 81B)
Class kotlin.reflect.jvm.internal.KPropertyImpl$Companion                             : loaded 5 times (x 68B)
Class [Lkotlin.reflect.jvm.internal.impl.name.FqName;                                 : loaded 5 times (x 66B)
Class com.google.common.collect.NullsLastOrdering                                     : loaded 5 times (x 112B)
Class kotlin.collections.builders.MapBuilder$Companion                                : loaded 5 times (x 68B)
Class com.google.common.collect.Maps$12                                               : loaded 5 times (x 79B)
Class kotlin.jvm.internal.PropertyReference                                           : loaded 5 times (x 112B)
Class kotlin.jvm.functions.Function8                                                  : loaded 5 times (x 67B)
Class [Lkotlin.annotation.AnnotationRetention;                                        : loaded 5 times (x 66B)
Class kotlin.reflect.jvm.internal.impl.name.FqNameUnsafe                              : loaded 5 times (x 69B)
Class com.google.common.collect.Sets$1$1                                              : loaded 5 times (x 79B)
Class [Lkotlin.reflect.KDeclarationContainer;                                         : loaded 5 times (x 66B)
Class com.google.common.collect.ImmutableMultimap$Builder                             : loaded 5 times (x 80B)
Class com.google.common.collect.MultimapBuilder$MultimapBuilderWithKeys$1             : loaded 5 times (x 73B)
Class kotlin.reflect.jvm.internal.KDeclarationContainerImpl$Data                      : loaded 5 times (x 69B)
Class kotlin.jvm.functions.Function3                                                  : loaded 5 times (x 67B)
Class kotlin.reflect.KMutableProperty                                                 : loaded 5 times (x 67B)
Class kotlin.reflect.jvm.internal.KCallableImpl                                       : loaded 5 times (x 102B)
Class kotlin.reflect.KProperty$Accessor                                               : loaded 5 times (x 67B)
Class [Lkotlin.reflect.KCallable;                                                     : loaded 5 times (x 66B)
Class kotlin.reflect.jvm.internal.KClassifierImpl                                     : loaded 5 times (x 67B)
Class com.google.common.collect.Maps$13                                               : loaded 5 times (x 82B)
Class [Lcom.google.common.collect.LinkedHashMultimap$ValueSetLink;                    : loaded 5 times (x 66B)
Class com.google.common.collect.ImmutableMapKeySet                                    : loaded 5 times (x 149B)
Class [Lcom.google.common.base.CaseFormat;                                            : loaded 5 times (x 66B)
Class com.google.common.collect.ReverseOrdering                                       : loaded 5 times (x 112B)
Class com.google.common.collect.ReverseNaturalOrdering                                : loaded 5 times (x 111B)
Class dagger.hilt.processor.internal.optionvalues.GradleProjectType                   : loaded 5 times (x 76B)
Class kotlin.reflect.jvm.internal.KotlinReflectionInternalError                       : loaded 5 times (x 79B)
Class kotlin.sequences.SequenceScope                                                  : loaded 5 times (x 70B)
Class kotlin.reflect.jvm.internal.impl.builtins.jvm.JavaToKotlinClassMap              : loaded 5 times (x 68B)
Class com.google.common.collect.NaturalOrdering                                       : loaded 5 times (x 112B)
Class com.google.common.collect.LinkedHashMultimapGwtSerializationDependencies        : loaded 5 times (x 171B)
Class com.google.common.collect.ImmutableSortedSet$Builder                            : loaded 5 times (x 83B)
Class com.google.common.collect.ImmutableSetMultimap$Builder                          : loaded 5 times (x 80B)
Class [Lkotlin.reflect.jvm.internal.impl.name.ClassId;                                : loaded 5 times (x 66B)
Class kotlin.jvm.functions.Function10                                                 : loaded 5 times (x 67B)
Class kotlin.jvm.functions.Function9                                                  : loaded 5 times (x 67B)
Class kotlin.coroutines.jvm.internal.SuspendFunction                                  : loaded 5 times (x 67B)
Class com.google.common.base.CaseFormat$1                                             : loaded 5 times (x 80B)
Class kotlin.reflect.jvm.internal.impl.builtins.jvm.JavaToKotlinClassMap$PlatformMutabilityMapping: loaded 5 times (x 69B)
Class com.google.common.collect.MultimapBuilder                                       : loaded 5 times (x 70B)
Class kotlin.jvm.internal.markers.KMutableIterator                                    : loaded 5 times (x 67B)
Class kotlin.reflect.KProperty$Getter                                                 : loaded 5 times (x 67B)
Class com.google.common.collect.MultimapBuilder$MultimapBuilderWithKeys               : loaded 5 times (x 79B)
Class com.google.common.collect.MultimapBuilder$SetMultimapBuilder                    : loaded 5 times (x 72B)
Class [Lkotlin.reflect.KClass;                                                        : loaded 5 times (x 66B)
Class kotlin.jvm.internal.PropertyReference2                                          : loaded 5 times (x 124B)
Class kotlin.collections.IndexingIterable                                             : loaded 5 times (x 76B)
Class kotlin.reflect.jvm.internal.impl.name.FqName                                    : loaded 5 times (x 69B)
Class kotlin.SafePublicationLazyImpl                                                  : loaded 5 times (x 73B)
Class com.google.common.collect.MultimapBuilder$2                                     : loaded 5 times (x 80B)
Class kotlin.reflect.jvm.internal.ReflectProperties                                   : loaded 5 times (x 68B)
Class kotlin.collections.AbstractMutableList                                          : loaded 5 times (x 203B)
Class com.google.common.collect.ImmutableMultimap$EntryCollection                     : loaded 5 times (x 125B)
Class kotlin.annotation.MustBeDocumented                                              : loaded 5 times (x 67B)
Class [Lkotlin.LazyThreadSafetyMode;                                                  : loaded 5 times (x 66B)
Class [Lkotlin.reflect.KClassifier;                                                   : loaded 5 times (x 66B)
Class kotlin.reflect.jvm.internal.EmptyContainerForLocal                              : loaded 5 times (x 81B)
Class com.google.common.collect.MultimapBuilder$ArrayListSupplier                     : loaded 5 times (x 74B)
Class kotlin.coroutines.intrinsics.IntrinsicsKt__IntrinsicsKt                         : loaded 5 times (x 68B)
Class com.google.common.collect.ImmutableSortedAsList                                 : loaded 5 times (x 218B)
Class kotlin.reflect.jvm.internal.ClassValueCache                                     : loaded 5 times (x 71B)
Class com.google.common.collect.ImmutableMultimap$Values                              : loaded 5 times (x 123B)
Class com.google.common.base.CaseFormat$2                                             : loaded 5 times (x 80B)
Class kotlin.jvm.functions.Function20                                                 : loaded 5 times (x 67B)
Class com.google.common.collect.MultimapBuilder$MultimapBuilderWithKeys$2             : loaded 5 times (x 73B)
Class kotlin.reflect.jvm.internal.KClassImpl                                          : loaded 5 times (x 112B)
Class kotlin.reflect.jvm.internal.KDeclarationContainerImpl                           : loaded 5 times (x 81B)
Class com.google.common.collect.NullsFirstOrdering                                    : loaded 5 times (x 112B)
Class kotlin.ResultKt                                                                 : loaded 5 times (x 68B)
Class kotlin.coroutines.intrinsics.IntrinsicsKt                                       : loaded 5 times (x 68B)
Class [Lkotlin.DeprecationLevel;                                                      : loaded 5 times (x 66B)
Class com.google.common.collect.Multimaps$CustomListMultimap                          : loaded 5 times (x 171B)
Class kotlin.reflect.jvm.internal.impl.builtins.StandardNames$FqNames                 : loaded 5 times (x 68B)
Class com.google.common.collect.LinkedHashMultimap$ValueSetLink                       : loaded 5 times (x 67B)
Class kotlin.jvm.internal.markers.KMutableCollection                                  : loaded 5 times (x 67B)
Class kotlin.collections.builders.ListBuilderKt                                       : loaded 5 times (x 68B)
Class com.google.common.collect.MultimapBuilder$1                                     : loaded 5 times (x 80B)
Class com.google.common.collect.ImmutableSetMultimap$EntrySet                         : loaded 5 times (x 143B)
Class kotlin.collections.builders.ListBuilder$Itr                                     : loaded 5 times (x 91B)
Class com.google.common.base.CaseFormat                                               : loaded 5 times (x 80B)
Class kotlin.jvm.functions.Function11                                                 : loaded 5 times (x 67B)
Class com.google.common.collect.MultimapBuilder$SortedSetMultimapBuilder              : loaded 5 times (x 74B)
Class kotlin.reflect.jvm.internal.impl.name.SpecialNames                              : loaded 5 times (x 68B)
Class kotlin.collections.IndexedValue                                                 : loaded 5 times (x 69B)
Class [Lcom.google.common.collect.LinkedHashMultimap$ValueEntry;                      : loaded 5 times (x 66B)
Class kotlin.reflect.jvm.internal.ReflectionFactoryImpl                               : loaded 5 times (x 88B)
Class kotlin.reflect.KMutableProperty0                                                : loaded 5 times (x 67B)
Class kotlin.reflect.KMutableProperty$Setter                                          : loaded 5 times (x 67B)
Class kotlin.DeprecationLevel                                                         : loaded 5 times (x 76B)
Class kotlin.reflect.KClassifier                                                      : loaded 5 times (x 67B)
Class kotlin.coroutines.intrinsics.IntrinsicsKt__IntrinsicsJvmKt                      : loaded 5 times (x 68B)
Class kotlin.coroutines.jvm.internal.CoroutineStackFrame                              : loaded 5 times (x 67B)
Class com.google.common.base.CaseFormat$3                                             : loaded 5 times (x 80B)
Class kotlin.jvm.functions.Function21                                                 : loaded 5 times (x 67B)
Class com.google.common.collect.ImmutableMultisetGwtSerializationDependencies         : loaded 5 times (x 122B)
Class kotlin.jvm.internal.MutablePropertyReference2                                   : loaded 5 times (x 134B)
Class kotlin.reflect.jvm.internal.ReflectProperties$Val                               : loaded 5 times (x 71B)
Class kotlin.reflect.jvm.internal.impl.name.ClassId                                   : loaded 5 times (x 69B)
Class com.google.common.collect.MultimapBuilder$MultimapBuilderWithKeys$3             : loaded 5 times (x 73B)
Class kotlin.coroutines.intrinsics.CoroutineSingletons                                : loaded 5 times (x 76B)
Class kotlin.jvm.internal.markers.KMutableIterable                                    : loaded 5 times (x 67B)
Class kotlin.jvm.functions.Function19                                                 : loaded 5 times (x 67B)
Class kotlin.collections.builders.MapBuilder                                          : loaded 5 times (x 109B)
Class kotlin.jvm.functions.Function12                                                 : loaded 5 times (x 67B)
Class kotlin.reflect.jvm.internal.KMutableProperty1Impl                               : loaded 5 times (x 132B)
Class kotlin.reflect.KMutableProperty1                                                : loaded 5 times (x 67B)
Class kotlin.reflect.jvm.internal.ReflectProperties$Val$1                             : loaded 5 times (x 68B)
Class kotlin.coroutines.jvm.internal.RestrictedContinuationImpl                       : loaded 5 times (x 84B)
Class com.google.common.collect.ExplicitOrdering                                      : loaded 5 times (x 112B)
Class com.google.common.collect.ImmutableListMultimap$Builder                         : loaded 5 times (x 80B)
Class com.google.common.collect.ImmutableMultiset                                     : loaded 5 times (x 160B)
Class com.google.common.collect.MultimapBuilder$MultimapBuilderWithKeys$4             : loaded 5 times (x 73B)
Class kotlin.sequences.SequenceBuilderIterator                                        : loaded 5 times (x 82B)
Class com.google.common.collect.ImmutableMultimap$1                                   : loaded 5 times (x 79B)
Class com.google.common.base.CaseFormat$StringConverter                               : loaded 5 times (x 87B)
Class kotlin.reflect.KType                                                            : loaded 5 times (x 67B)
Class com.google.common.collect.UsingToStringOrdering                                 : loaded 5 times (x 111B)
Class kotlin.jvm.internal.markers.KMutableList                                        : loaded 5 times (x 67B)
Class kotlin.jvm.functions.Function13                                                 : loaded 5 times (x 67B)
Class kotlin.Result$Companion                                                         : loaded 5 times (x 68B)
Class kotlin.reflect.jvm.internal.CachesKt                                            : loaded 5 times (x 68B)
Class kotlin.jvm.internal.MutablePropertyReference1Impl                               : loaded 5 times (x 134B)
Class kotlin.jvm.internal.MutablePropertyReference1                                   : loaded 5 times (x 134B)
Class com.google.common.collect.MultimapBuilder$MultimapBuilderWithKeys$5             : loaded 5 times (x 75B)
Class kotlin.jvm.internal.PropertyReference1Impl                                      : loaded 5 times (x 124B)
Class kotlin.SafePublicationLazyImpl$Companion                                        : loaded 5 times (x 68B)
Class com.google.common.collect.EmptyImmutableSetMultimap                             : loaded 5 times (x 177B)
Class com.google.common.base.CaseFormat$4                                             : loaded 5 times (x 80B)
Class kotlin.reflect.jvm.internal.CacheByClass                                        : loaded 5 times (x 70B)
Class kotlin.jvm.functions.Function22                                                 : loaded 5 times (x 67B)
Class kotlin.reflect.jvm.internal.impl.utils.CollectionsKt                            : loaded 5 times (x 68B)
Class kotlin.annotation.AnnotationRetention                                           : loaded 5 times (x 76B)
Class com.google.common.collect.ImmutableMultimap$2                                   : loaded 5 times (x 78B)
Class kotlin.comparisons.ComparisonsKt___ComparisonsKt                                : loaded 5 times (x 68B)
Class com.google.common.collect.SortedIterables                                       : loaded 5 times (x 68B)
Class kotlin.jvm.functions.Function18                                                 : loaded 5 times (x 67B)
Class kotlin.streams.jdk8.StreamsKt                                                   : loaded 5 times (x 68B)
Class kotlin.comparisons.ComparisonsKt                                                : loaded 5 times (x 68B)
Class kotlin.reflect.jvm.internal.impl.builtins.PrimitiveType                         : loaded 5 times (x 76B)
Class kotlin.jvm.functions.Function14                                                 : loaded 5 times (x 67B)
Class kotlin.coroutines.jvm.internal.BaseContinuationImpl                             : loaded 5 times (x 84B)
Class com.google.common.collect.LinkedHashMultimap$ValueEntry                         : loaded 5 times (x 86B)
Class kotlin.jvm.internal.ClassBasedDeclarationContainer                              : loaded 5 times (x 67B)
Class kotlin.reflect.KProperty2                                                       : loaded 5 times (x 67B)
Class kotlin.collections.CollectionsKt___CollectionsKt$withIndex$1                    : loaded 5 times (x 76B)
Class kotlin.reflect.KMutableProperty2                                                : loaded 5 times (x 67B)
Class com.google.common.collect.MultimapBuilder$MultimapBuilderWithKeys$6             : loaded 5 times (x 73B)
Class com.google.common.collect.AllEqualOrdering                                      : loaded 5 times (x 111B)
Class kotlin.collections.AbstractList$IteratorImpl                                    : loaded 5 times (x 79B)
Class kotlin.coroutines.CoroutineContext                                              : loaded 5 times (x 67B)
Class kotlin.coroutines.jvm.internal.DebugProbesKt                                    : loaded 5 times (x 68B)
Class kotlin.jvm.functions.Function15                                                 : loaded 5 times (x 67B)
Class [Lkotlin.reflect.jvm.internal.impl.resolve.jvm.JvmPrimitiveType;                : loaded 5 times (x 66B)
Class kotlin.comparisons.ComparisonsKt__ComparisonsKt                                 : loaded 5 times (x 68B)
Class kotlin.jvm.internal.markers.KMutableMap                                         : loaded 5 times (x 67B)
Class kotlin.reflect.jvm.internal.impl.descriptors.runtime.structure.ReflectClassUtilKt: loaded 5 times (x 68B)
Class com.google.common.base.CaseFormat$5                                             : loaded 5 times (x 80B)
Class kotlin.reflect.KProperty1                                                       : loaded 5 times (x 67B)
Class kotlin.reflect.KClass                                                           : loaded 5 times (x 67B)
Class kotlin.reflect.jvm.internal.RuntimeTypeMapper                                   : loaded 5 times (x 68B)
Class kotlin.coroutines.Continuation                                                  : loaded 5 times (x 67B)
Class com.google.common.collect.LexicographicalOrdering                               : loaded 5 times (x 112B)
Class kotlin.jvm.internal.ReflectionFactory                                           : loaded 5 times (x 88B)
Class kotlin.reflect.KTypeParameter                                                   : loaded 5 times (x 67B)
Class kotlin.jvm.internal.CollectionToArray                                           : loaded 5 times (x 68B)
Class kotlin.jvm.internal.MutablePropertyReference0                                   : loaded 5 times (x 134B)
Class com.google.common.graph.SuccessorsFunction                                      : loaded 5 times (x 67B)
Class com.google.common.collect.ImmutableMultimap                                     : loaded 5 times (x 144B)
Class kotlin.reflect.jvm.internal.impl.builtins.CompanionObjectMapping                : loaded 5 times (x 68B)
Class kotlin.text.Regex                                                               : loaded 5 times (x 69B)
Class kotlin.jvm.internal.markers.KMutableListIterator                                : loaded 5 times (x 67B)
Class com.google.common.collect.IndexedImmutableSet$1                                 : loaded 5 times (x 210B)
Class com.google.common.collect.Maps$9                                                : loaded 5 times (x 73B)
Class kotlin.reflect.KProperty0                                                       : loaded 5 times (x 67B)
Class kotlin.Result                                                                   : loaded 5 times (x 69B)
Class kotlin.coroutines.EmptyCoroutineContext                                         : loaded 5 times (x 74B)
Class com.google.common.collect.ByFunctionOrdering                                    : loaded 5 times (x 112B)
Class kotlin.sequences.SequencesKt__SequenceBuilderKt$sequence$$inlined$Sequence$1    : loaded 5 times (x 72B)
Class kotlin.reflect.jvm.internal.KDeclarationContainerImpl$Companion                 : loaded 5 times (x 68B)
Class com.google.common.collect.CompoundOrdering                                      : loaded 5 times (x 112B)
Class kotlin.jvm.functions.Function17                                                 : loaded 5 times (x 67B)
Class kotlin.coroutines.jvm.internal.RestrictedSuspendLambda                          : loaded 5 times (x 88B)
Class kotlin.reflect.jvm.internal.impl.name.StandardClassIdsKt                        : loaded 5 times (x 68B)
Class kotlin.reflect.jvm.internal.impl.name.FqNamesUtilKt                             : loaded 5 times (x 68B)
Class com.google.common.collect.BaseImmutableMultimap                                 : loaded 5 times (x 120B)
Class kotlin.comparisons.ComparisonsKt___ComparisonsJvmKt                             : loaded 5 times (x 68B)
Class kotlin.collections.builders.ListBuilder                                         : loaded 5 times (x 204B)
Class kotlin.collections.builders.ListBuilder$Companion                               : loaded 5 times (x 68B)
Class com.google.common.collect.ImmutableSetMultimap                                  : loaded 5 times (x 177B)
Class kotlin._Assertions                                                              : loaded 5 times (x 68B)
Class com.google.common.collect.EmptyImmutableListMultimap                            : loaded 5 times (x 173B)
Class kotlin.jvm.internal.PropertyReference0                                          : loaded 5 times (x 124B)
Class kotlin.jvm.functions.Function16                                                 : loaded 5 times (x 67B)
Class kotlin.jvm.internal.SpreadBuilder                                               : loaded 5 times (x 73B)
Class com.google.common.collect.CollectSpliterators                                   : loaded 5 times (x 68B)
Class kotlin.text.Regex$Companion                                                     : loaded 5 times (x 68B)
Class kotlin.reflect.full.IllegalCallableAccessException                              : loaded 5 times (x 79B)
Class kotlin.jvm.internal.DefaultConstructorMarker                                    : loaded 5 times (x 68B)
Class kotlin.jvm.internal.PropertyReference1                                          : loaded 5 times (x 124B)
Class com.google.common.collect.MultimapBuilder$ListMultimapBuilder                   : loaded 5 times (x 72B)
Class kotlin.reflect.full.IllegalPropertyDelegateAccessException                      : loaded 5 times (x 79B)
Class [Lkotlin.annotation.AnnotationTarget;                                           : loaded 5 times (x 66B)
Class kotlin.LazyThreadSafetyMode                                                     : loaded 5 times (x 76B)
Class kotlin.reflect.jvm.internal.impl.name.StandardClassIds                          : loaded 5 times (x 68B)
Class com.google.common.collect.ImmutableListMultimap                                 : loaded 5 times (x 173B)
Class [Lkotlin.reflect.jvm.internal.impl.builtins.jvm.JavaToKotlinClassMap$PlatformMutabilityMapping;: loaded 5 times (x 66B)
Class kotlin.reflect.jvm.internal.CacheByClassKt                                      : loaded 5 times (x 68B)
Class kotlin.LazyKt__LazyJVMKt$WhenMappings                                           : loaded 5 times (x 68B)
Class [Lkotlin.coroutines.intrinsics.CoroutineSingletons;                             : loaded 5 times (x 66B)
Class com.google.common.collect.LinkedHashMultimap$ValueSet                           : loaded 5 times (x 139B)
Class kotlin.jvm.internal.MutablePropertyReference                                    : loaded 5 times (x 116B)
Class kotlin.Result$Failure                                                           : loaded 5 times (x 69B)
Class com.google.common.cache.LocalCache$EntryFactory$1                               : loaded 4 times (x 80B)
Class [Lcom.squareup.javapoet.TypeSpec$Kind;                                          : loaded 4 times (x 66B)
Class dagger.spi.internal.shaded.androidx.room.compiler.processing.javac.JavacAnnotationValueKt$UNWRAP_VISITOR$1: loaded 4 times (x 100B)
Class dagger.spi.internal.shaded.androidx.room.compiler.processing.javac.kotlin.KmPropertyFunctionContainerImpl: loaded 4 times (x 106B)
Class com.google.common.cache.CacheLoader$FunctionToCacheLoader                       : loaded 4 times (x 72B)
Class dagger.internal.codegen.binding.KeyFactory                                      : loaded 4 times (x 69B)
Class dagger.spi.internal.shaded.androidx.room.jarjarred.kotlinx.metadata.internal.metadata.jvm.JvmProtoBuf$JvmPropertySignature: loaded 4 times (x 111B)
Class dagger.spi.internal.shaded.androidx.room.compiler.processing.javac.JavacConstructorElement$parameters$2: loaded 4 times (x 76B)
Class dagger.spi.internal.shaded.androidx.room.jarjarred.kotlinx.metadata.KmTypeProjection: loaded 4 times (x 69B)
Class [Lcom.google.common.cache.RemovalListener;                                      : loaded 4 times (x 66B)
Class [Ldagger.internal.codegen.base.ModuleKind;                                      : loaded 4 times (x 66B)
Class dagger.spi.internal.shaded.androidx.room.jarjarred.kotlinx.metadata.internal.metadata.ProtoBuf$MemberKind: loaded 4 times (x 79B)
Class dagger.spi.internal.shaded.androidx.room.jarjarred.kotlinx.metadata.internal.metadata.deserialization.ProtoBufUtilKt: loaded 4 times (x 68B)
Class dagger.spi.internal.shaded.androidx.room.jarjarred.kotlinx.metadata.internal.protobuf.CodedOutputStream$ByteBufferOutputStream: loaded 4 times (x 83B)
Class dagger.spi.internal.shaded.androidx.room.jarjarred.kotlinx.metadata.internal.metadata.jvm.deserialization.JvmNameResolverBase$Companion: loaded 4 times (x 68B)
Class dagger.spi.internal.shaded.androidx.room.jarjarred.kotlinx.metadata.internal.metadata.ProtoBuf$ContractOrBuilder: loaded 4 times (x 67B)
Class dagger.internal.codegen.base.DaggerSuperficialValidation$ValidationException    : loaded 4 times (x 80B)
Class kotlin.reflect.jvm.internal.KPropertyImpl$_javaField$1                          : loaded 4 times (x 76B)
Class dagger.internal.codegen.compileroption.ProcessingEnvironmentCompilerOptions$Feature: loaded 4 times (x 87B)
Class kotlin.reflect.jvm.internal.KClassImpl$data$1                                   : loaded 4 times (x 76B)
Class dagger.hilt.processor.internal.aggregateddeps.PkgPrivateMetadata                : loaded 4 times (x 72B)
Class dagger.spi.internal.shaded.auto.common.MoreElements$TypeElementVisitor          : loaded 4 times (x 90B)
Class dagger.internal.codegen.xprocessing.XElements                                   : loaded 4 times (x 68B)
Class dagger.spi.internal.shaded.androidx.room.compiler.processing.XTypeElement       : loaded 4 times (x 67B)
Class dagger.hilt.processor.internal.root.ir.InvalidRootsException                    : loaded 4 times (x 79B)
Class dagger.spi.internal.shaded.androidx.room.compiler.processing.javac.JavacBasicAnnotationProcessor$commonDelegate$2: loaded 4 times (x 76B)
Class dagger.spi.internal.shaded.auto.common.Overrides$NativeOverrides                : loaded 4 times (x 71B)
Class dagger.spi.internal.shaded.androidx.room.compiler.processing.XFiler             : loaded 4 times (x 67B)
Class dagger.spi.internal.shaded.androidx.room.compiler.processing.javac.JavacBasicAnnotationProcessor$steps$2: loaded 4 times (x 76B)
Class dagger.spi.internal.shaded.androidx.room.compiler.processing.javac.JavacType$typeName$2: loaded 4 times (x 76B)
Class dagger.spi.internal.shaded.androidx.room.jarjarred.kotlinx.metadata.internal.protobuf.RopeByteString$RopeInputStream: loaded 4 times (x 89B)
Class [Ldagger.spi.internal.shaded.androidx.room.jarjarred.kotlinx.metadata.internal.metadata.ProtoBuf$Class$Kind;: loaded 4 times (x 66B)
Class dagger.spi.internal.shaded.androidx.room.jarjarred.kotlinx.metadata.internal.metadata.jvm.deserialization.JvmMetadataVersion$Companion: loaded 4 times (x 68B)
Class dagger.spi.internal.shaded.androidx.room.jarjarred.kotlinx.metadata.internal.protobuf.WireFormat$FieldType: loaded 4 times (x 80B)
Class dagger.spi.internal.shaded.androidx.room.jarjarred.kotlinx.metadata.internal.metadata.ProtoBuf$TypeTable$1: loaded 4 times (x 141B)
Class dagger.internal.codegen.binding.KeyFactory$1                                    : loaded 4 times (x 68B)
Class dagger.spi.internal.shaded.androidx.room.jarjarred.kotlinx.metadata.internal.metadata.ProtoBuf$Class$1: loaded 4 times (x 141B)
Class dagger.spi.internal.shaded.androidx.room.compiler.processing.XVariableElement   : loaded 4 times (x 67B)
Class dagger.spi.internal.shaded.androidx.room.jarjarred.kotlinx.metadata.internal.metadata.ProtoBuf$Modality: loaded 4 times (x 79B)
Class dagger.spi.internal.shaded.androidx.room.jarjarred.kotlinx.metadata.internal.metadata.ProtoBuf$Type$ArgumentOrBuilder: loaded 4 times (x 67B)
Class dagger.spi.internal.shaded.androidx.room.compiler.processing.XTypeParameterElement: loaded 4 times (x 67B)
Class dagger.internal.codegen.binding.MethodSignatureFormatter$1                      : loaded 4 times (x 84B)
Class dagger.internal.codegen.bindinggraphvalidation.CompositeBindingGraphPlugin$Factory: loaded 4 times (x 67B)
Class dagger.internal.codegen.validation.InjectBindingRegistryImpl_Factory            : loaded 4 times (x 79B)
Class com.google.common.base.MoreObjects                                              : loaded 4 times (x 68B)
Class dagger.internal.codegen.validation.BindingElementValidator$AllowsMultibindings  : loaded 4 times (x 76B)
Class androidx.room.compiler.processing.javac.JavacProcessingEnv$typeElementStore$3   : loaded 4 times (x 76B)
Class dagger.internal.codegen.kotlin.KotlinMetadataUtil_Factory                       : loaded 4 times (x 79B)
Class com.squareup.javapoet.MethodSpec                                                : loaded 4 times (x 69B)
Class dagger.internal.codegen.processingstep.BindsInstanceProcessingStep              : loaded 4 times (x 83B)
Class dagger.spi.model.DiagnosticReporter                                             : loaded 4 times (x 72B)
Class dagger.internal.codegen.binding.$AutoValue_ProvisionBinding$Builder             : loaded 4 times (x 94B)
Class dagger.spi.internal.shaded.androidx.room.jarjarred.kotlinx.metadata.jvm.internal.JvmFunctionExtension: loaded 4 times (x 82B)
Class dagger.spi.internal.shaded.androidx.room.jarjarred.kotlinx.metadata.internal.metadata.ProtoBuf$TypeParameter$Variance$1: loaded 4 times (x 71B)
Class dagger.hilt.processor.internal.ProcessorErrors                                  : loaded 4 times (x 68B)
Class dagger.spi.internal.shaded.androidx.room.compiler.processing.InternalXAnnotationValue$kind$2: loaded 4 times (x 76B)
Class com.squareup.javapoet.TypeSpec$Builder                                          : loaded 4 times (x 69B)
Class dagger.spi.internal.shaded.androidx.room.compiler.processing.compat.XConverters : loaded 4 times (x 68B)
Class com.squareup.kotlinpoet.ClassName$Companion                                     : loaded 4 times (x 68B)
Class dagger.spi.internal.shaded.androidx.room.compiler.processing.javac.JavacAnnotation: loaded 4 times (x 136B)
Class dagger.spi.internal.shaded.androidx.room.jarjarred.kotlinx.metadata.KmClassifier$TypeParameter: loaded 4 times (x 68B)
Class dagger.spi.internal.shaded.androidx.room.compiler.processing.XProcessingStep    : loaded 4 times (x 67B)
Class dagger.internal.codegen.ProcessingEnvironmentModule_ProcessingOptionsFactory    : loaded 4 times (x 79B)
Class dagger.internal.codegen.binding.DependencyRequestFactory_Factory                : loaded 4 times (x 79B)
Class dagger.internal.codegen.model.AutoValue_DaggerExecutableElement                 : loaded 4 times (x 71B)
Class dagger.internal.codegen.binding.BindingType                                     : loaded 4 times (x 76B)
Class dagger.internal.codegen.binding.AssistedInjectionAnnotations                    : loaded 4 times (x 68B)
Class [Ldagger.internal.codegen.compileroption.ProcessingEnvironmentCompilerOptions$Validation;: loaded 4 times (x 66B)
Class dagger.internal.codegen.binding.MonitoringModules                               : loaded 4 times (x 72B)
Class dagger.internal.codegen.binding.DelegateDeclaration$Factory                     : loaded 4 times (x 69B)
Class dagger.spi.internal.shaded.androidx.room.compiler.processing.javac.kotlin.JvmDescriptorTypeVisitor: loaded 4 times (x 96B)
Class dagger.spi.internal.shaded.androidx.room.compiler.processing.javac.kotlin.KmClassContainer$constructorList$2: loaded 4 times (x 76B)
Class dagger.internal.codegen.binding.BindingGraph$TopLevelBindingGraph               : loaded 4 times (x 96B)
Class dagger.internal.codegen.validation.DiagnosticMessageGenerator$Factory           : loaded 4 times (x 69B)
Class dagger.internal.codegen.binding.BindingGraphConverter                           : loaded 4 times (x 68B)
Class dagger.internal.codegen.validation.MultibindsMethodValidator_Factory            : loaded 4 times (x 79B)
Class dagger.spi.internal.shaded.androidx.room.compiler.processing.javac.JavacConstructorElement$parameters$2$1$1: loaded 4 times (x 76B)
Class com.google.common.cache.CacheBuilder$NullListener                               : loaded 4 times (x 79B)
Class dagger.internal.codegen.model.AutoValue_DaggerTypeElement                       : loaded 4 times (x 72B)
Class dagger.spi.internal.shaded.androidx.room.jarjarred.kotlinx.metadata.Attributes$hasAnnotations$26: loaded 4 times (x 134B)
Class dagger.spi.internal.shaded.androidx.room.jarjarred.kotlinx.metadata.internal.metadata.jvm.JvmProtoBuf$JvmMethodSignature: loaded 4 times (x 105B)
Class dagger.spi.internal.shaded.androidx.room.jarjarred.kotlinx.metadata.KmPropertyExtensionVisitor: loaded 4 times (x 67B)
Class dagger.spi.internal.shaded.androidx.room.jarjarred.kotlinx.metadata.internal.extensions.KmExtension: loaded 4 times (x 67B)
Class dagger.spi.internal.shaded.androidx.room.compiler.processing.javac.JavacElement$equalityItems$2: loaded 4 times (x 76B)
Class dagger.spi.internal.shaded.androidx.room.jarjarred.kotlinx.metadata.internal.protobuf.LazyField: loaded 4 times (x 80B)
Class dagger.internal.codegen.javapoet.AnnotationSpecs                                : loaded 4 times (x 68B)
Class dagger.hilt.android.processor.internal.androidentrypoint.AndroidEntryPointProcessingStep: loaded 4 times (x 84B)
Class com.squareup.javapoet.CodeBlock$CodeBlockJoiner                                 : loaded 4 times (x 69B)
Class dagger.spi.internal.shaded.androidx.room.compiler.processing.javac.JavacAnnotationValue$value$2: loaded 4 times (x 76B)
Class dagger.spi.internal.shaded.androidx.room.compiler.codegen.XClassName$Companion  : loaded 4 times (x 68B)
Class dagger.spi.internal.shaded.androidx.room.compiler.processing.javac.JavacElement$docComment$2: loaded 4 times (x 76B)
Class dagger.spi.internal.shaded.androidx.room.compiler.processing.javac.JavacTypeElement$kotlinMetadata$2: loaded 4 times (x 76B)
Class com.google.common.cache.LocalCache$1                                            : loaded 4 times (x 86B)
Class dagger.internal.codegen.binding.FrameworkType                                   : loaded 4 times (x 81B)
Class dagger.spi.internal.shaded.androidx.room.compiler.processing.javac.JavacRoundEnv: loaded 4 times (x 74B)
Class com.squareup.kotlinpoet.Taggable                                                : loaded 4 times (x 67B)
Class com.squareup.kotlinpoet.ClassName$special$$inlined$thenBy$2                     : loaded 4 times (x 87B)
Class dagger.internal.codegen.validation.DiagnosticReporterFactory$DiagnosticReporterImpl: loaded 4 times (x 73B)
Class kotlin.reflect.jvm.internal.KClassImpl$Data$descriptor$2                        : loaded 4 times (x 76B)
Class dagger.spi.internal.shaded.androidx.room.compiler.processing.javac.JavacMethodElement$propertyName$2: loaded 4 times (x 76B)
Class dagger.spi.internal.shaded.androidx.room.jarjarred.kotlinx.metadata.internal.protobuf.LazyFieldLite: loaded 4 times (x 79B)
Class dagger.spi.internal.shaded.androidx.room.jarjarred.kotlinx.metadata.internal.metadata.ProtoBuf$TypeTableOrBuilder: loaded 4 times (x 67B)
Class dagger.spi.internal.shaded.androidx.room.jarjarred.kotlinx.metadata.jvm.JvmConstructorExtensionVisitor$Companion: loaded 4 times (x 68B)
Class dagger.spi.internal.shaded.androidx.room.jarjarred.kotlinx.metadata.Attributes$hasAnnotations$22: loaded 4 times (x 134B)
Class dagger.internal.Provider                                                        : loaded 4 times (x 67B)
Class dagger.spi.internal.shaded.androidx.room.jarjarred.kotlinx.metadata.internal.ReadersKt$WhenMappings: loaded 4 times (x 68B)
Class dagger.internal.codegen.bindinggraphvalidation.IncompatiblyScopedBindingsValidator_Factory: loaded 4 times (x 79B)
Class com.google.common.collect.Iterators$SingletonIterator                           : loaded 4 times (x 78B)
Class dagger.spi.internal.shaded.androidx.room.compiler.processing.javac.JavacProcessingEnvMessager$Companion: loaded 4 times (x 68B)
Class dagger.spi.internal.shaded.androidx.room.compiler.processing.javac.JavacBasicAnnotationProcessor: loaded 4 times (x 95B)
Class dagger.spi.internal.shaded.androidx.room.jarjarred.kotlinx.metadata.internal.metadata.ProtoBuf$TypeParameter: loaded 4 times (x 127B)
Class dagger.spi.internal.shaded.androidx.room.jarjarred.kotlinx.metadata.jvm.internal.JvmMetadataExtensions: loaded 4 times (x 100B)
Class dagger.spi.internal.shaded.androidx.room.jarjarred.kotlinx.metadata.KmDeclarationContainerExtensionVisitor: loaded 4 times (x 67B)
Class dagger.spi.internal.shaded.androidx.room.jarjarred.kotlinx.metadata.internal.metadata.deserialization.VersionRequirementTable$Companion: loaded 4 times (x 68B)
Class dagger.spi.internal.shaded.androidx.room.jarjarred.kotlinx.metadata.Attributes$hasAnnotations$14: loaded 4 times (x 134B)
Class dagger.internal.codegen.bindinggraphvalidation.BindingGraphValidationModule_ProvidePluginsFactory: loaded 4 times (x 79B)
Class com.google.common.cache.LocalCache$2                                            : loaded 4 times (x 139B)
Class [Lkotlin.reflect.jvm.internal.impl.builtins.functions.FunctionClassKind;        : loaded 4 times (x 66B)
Class dagger.internal.codegen.validation.BindingMethodValidatorsModule                : loaded 4 times (x 67B)
Class dagger.spi.internal.shaded.androidx.room.jarjarred.kotlinx.metadata.internal.metadata.ProtoBuf$VersionRequirement$VersionKind: loaded 4 times (x 79B)
Class androidx.room.compiler.processing.javac.JavacProcessingEnv$typeElementStore$2   : loaded 4 times (x 75B)
Class dagger.internal.codegen.binding.ComponentDescriptor_Factory_Factory             : loaded 4 times (x 79B)
Class dagger.internal.codegen.binding.ModuleDescriptor                                : loaded 4 times (x 78B)
Class dagger.internal.codegen.validation.ProvidesMethodValidator$Validator            : loaded 4 times (x 77B)
Class dagger.internal.codegen.writing.AnnotationCreatorGenerator                      : loaded 4 times (x 77B)
Class [Ldagger.internal.codegen.model.BindingKind;                                    : loaded 4 times (x 66B)
Class dagger.internal.codegen.binding.MethodSignatureFormatter                        : loaded 4 times (x 83B)
Class androidx.room.compiler.processing.javac.JavacProcessingEnv                      : loaded 4 times (x 112B)
Class dagger.internal.codegen.validation.MapKeyValidator_Factory                      : loaded 4 times (x 79B)
Class dagger.spi.internal.shaded.androidx.room.compiler.processing.javac.kotlin.JvmDescriptorTypeVisitor$WhenMappings: loaded 4 times (x 68B)
Class dagger.spi.internal.shaded.androidx.room.jarjarred.kotlinx.metadata.KmTypeProjection$Companion: loaded 4 times (x 68B)
Class dagger.spi.internal.shaded.androidx.room.jarjarred.kotlinx.metadata.internal.metadata.ProtoBuf$Effect$EffectType: loaded 4 times (x 79B)
Class dagger.internal.codegen.binding.SubcomponentDeclaration$Factory                 : loaded 4 times (x 70B)
Class com.google.common.cache.LocalCache$EntryFactory$2                               : loaded 4 times (x 80B)
Class dagger.spi.internal.shaded.androidx.room.compiler.processing.DeclarationCollectorKt: loaded 4 times (x 68B)
Class [Lcom.google.common.collect.Maps$EntryFunction;                                 : loaded 4 times (x 66B)
Class dagger.Lazy                                                                     : loaded 4 times (x 67B)
Class dagger.hilt.processor.internal.definecomponent.DefineComponentProcessor         : loaded 4 times (x 97B)
Class dagger.spi.internal.shaded.androidx.room.jarjarred.kotlinx.metadata.jvm.JvmTypeExtensionVisitor: loaded 4 times (x 77B)
Class dagger.spi.internal.shaded.androidx.room.compiler.processing.javac.JavacPackageElement: loaded 4 times (x 190B)
Class kotlin.reflect.jvm.internal.KClassImpl$Data$qualifiedName$2                     : loaded 4 times (x 76B)
Class dagger.internal.codegen.model.AutoValue_DaggerElement                           : loaded 4 times (x 71B)
Class dagger.spi.internal.shaded.androidx.room.compiler.processing.javac.JavacAnnotation$declaredAnnotationValues$2: loaded 4 times (x 76B)
Class com.squareup.javapoet.CodeWriter$Multiset                                       : loaded 4 times (x 69B)
Class dagger.hilt.processor.internal.HiltCompilerOptions$EnumOption                   : loaded 4 times (x 69B)
Class dagger.spi.internal.shaded.androidx.room.compiler.processing.javac.kotlin.KmPropertyContainer: loaded 4 times (x 76B)
Class com.google.common.cache.LocalCache$Strength$3                                   : loaded 4 times (x 78B)
Class com.squareup.kotlinpoet.ClassName$special$$inlined$thenBy$1                     : loaded 4 times (x 87B)
Class dagger.spi.internal.shaded.androidx.room.compiler.processing.util.NamingUtilsKt : loaded 4 times (x 68B)
Class dagger.spi.internal.shaded.androidx.room.jarjarred.kotlinx.metadata.internal.metadata.jvm.JvmProtoBuf: loaded 4 times (x 68B)
Class dagger.spi.internal.shaded.androidx.room.jarjarred.kotlinx.metadata.internal.metadata.ProtoBuf$Contract: loaded 4 times (x 104B)
Class dagger.spi.internal.shaded.androidx.room.jarjarred.kotlinx.metadata.KmTypeExtensionVisitor: loaded 4 times (x 67B)
Class dagger.spi.internal.shaded.androidx.room.jarjarred.kotlinx.metadata.Attributes$hasAnnotations$6: loaded 4 times (x 134B)
Class com.google.common.base.Splitter$1                                               : loaded 4 times (x 74B)
Class dagger.internal.codegen.base.DaggerSuperficialValidation$ValidationException$KnownErrorType: loaded 4 times (x 80B)
Class dagger.internal.codegen.binding.AutoValue_FrameworkField                        : loaded 4 times (x 71B)
Class androidx.hilt.ClassNames                                                        : loaded 4 times (x 68B)
Class dagger.spi.internal.shaded.androidx.room.jarjarred.kotlinx.metadata.internal.metadata.ProtoBuf$Modality$1: loaded 4 times (x 71B)
Class com.google.common.collect.AbstractIterator$State                                : loaded 4 times (x 76B)
Class dagger.internal.codegen.validation.ValidationReport$Builder                     : loaded 4 times (x 69B)
Class dagger.spi.model.DaggerProcessingEnv$Backend                                    : loaded 4 times (x 76B)
Class [Ldagger.internal.codegen.base.ComponentCreatorAnnotation;                      : loaded 4 times (x 66B)
Class dagger.internal.codegen.model.DiagnosticReporter                                : loaded 4 times (x 72B)
Class dagger.internal.codegen.bindinggraphvalidation.CompositeBindingGraphPlugin_Factory_Impl: loaded 4 times (x 72B)
Class dagger.internal.codegen.kotlin.KotlinMetadataFactory_Factory$InstanceHolder     : loaded 4 times (x 68B)
Class dagger.spi.internal.shaded.androidx.room.compiler.processing.javac.JavacTypeElement$xClassName$2: loaded 4 times (x 76B)
Class dagger.spi.internal.shaded.androidx.room.compiler.processing.javac.kotlin.KmClassContainer$typeParameters$2: loaded 4 times (x 76B)
Class dagger.spi.internal.shaded.androidx.room.jarjarred.kotlinx.metadata.Attributes$visibility$10: loaded 4 times (x 134B)
Class dagger.spi.internal.shaded.androidx.room.jarjarred.kotlinx.metadata.KmTypeVisitor: loaded 4 times (x 79B)
Class dagger.spi.internal.shaded.androidx.room.jarjarred.kotlinx.metadata.internal.metadata.jvm.JvmProtoBuf$JvmFieldSignature$1: loaded 4 times (x 141B)
Class dagger.internal.codegen.validation.ProducesMethodValidator                      : loaded 4 times (x 75B)
Class dagger.spi.internal.shaded.androidx.room.compiler.processing.XNullability       : loaded 4 times (x 76B)
Class com.squareup.javapoet.CodeWriter                                                : loaded 4 times (x 69B)
Class dagger.internal.codegen.componentgenerator.ComponentGenerator_Factory           : loaded 4 times (x 79B)
Class androidx.room.compiler.processing.XProcessingEnv$Companion                      : loaded 4 times (x 68B)
Class androidx.room.compiler.processing.javac.JavacProcessingEnv$typeElementStore$1   : loaded 4 times (x 76B)
Class androidx.room.DatabaseProcessingStep                                            : loaded 4 times (x 76B)
Class dagger.internal.codegen.validation.BindingMethodValidatorsModule_IndexValidatorsFactory: loaded 4 times (x 79B)
Class dagger.internal.codegen.xprocessing.XProcessingEnvs                             : loaded 4 times (x 68B)
Class [Ldagger.internal.codegen.compileroption.FeatureStatus;                         : loaded 4 times (x 66B)
Class dagger.internal.codegen.binding.InjectBindingRegistry                           : loaded 4 times (x 67B)
Class dagger.internal.codegen.model.Binding                                           : loaded 4 times (x 67B)
Class dagger.spi.internal.shaded.androidx.room.compiler.processing.ksp.KSTypeJavaPoetExtKt$typeVarNameConstructor$2: loaded 4 times (x 75B)
Class [Lcom.squareup.javapoet.TypeName;                                               : loaded 4 times (x 66B)
Class dagger.spi.internal.shaded.androidx.room.compiler.processing.javac.JavacExecutableType$parameterTypes$2: loaded 4 times (x 76B)
Class dagger.spi.internal.shaded.auto.common.AnnotationOutput                         : loaded 4 times (x 68B)
Class com.google.common.cache.LocalCache$ValueReference                               : loaded 4 times (x 67B)
Class dagger.spi.internal.shaded.androidx.room.jarjarred.kotlinx.metadata.internal.protobuf.WireFormat$FieldType$1: loaded 4 times (x 80B)
Class dagger.internal.codegen.model.DependencyRequest$Builder                         : loaded 4 times (x 73B)
Class dagger.internal.codegen.model.Key                                               : loaded 4 times (x 75B)
Class dagger.spi.internal.shaded.androidx.room.jarjarred.kotlinx.metadata.internal.protobuf.ByteString: loaded 4 times (x 105B)
Class dagger.spi.internal.shaded.androidx.room.compiler.processing.XEquality$Companion: loaded 4 times (x 68B)
Class dagger.spi.internal.shaded.androidx.room.compiler.processing.javac.JavacProcessingEnvMessager: loaded 4 times (x 70B)
Class dagger.spi.internal.shaded.androidx.room.compiler.processing.javac.JavacTypeElement$Companion$WhenMappings: loaded 4 times (x 68B)
Class dagger.internal.codegen.validation.ValidationReport                             : loaded 4 times (x 69B)
Class dagger.internal.codegen.componentgenerator.ComponentGenerator                   : loaded 4 times (x 74B)
Class dagger.internal.codegen.DelegateComponentProcessor_SourceFileGeneratorsModule_ModuleConstructorProxyGeneratorFactory: loaded 4 times (x 79B)
Class dagger.internal.codegen.validation.BindingMethodValidator$MethodValidator       : loaded 4 times (x 77B)
Class dagger.internal.codegen.validation.AnyBindingMethodValidator_Factory            : loaded 4 times (x 79B)
Class dagger.spi.internal.shaded.androidx.room.jarjarred.kotlinx.metadata.internal.metadata.jvm.deserialization.JvmProtoBufUtil: loaded 4 times (x 68B)
Class dagger.spi.internal.shaded.androidx.room.jarjarred.kotlinx.metadata.internal.metadata.ProtoBuf$Type$Argument$1: loaded 4 times (x 141B)
Class dagger.spi.internal.shaded.androidx.room.jarjarred.kotlinx.metadata.internal.FlagDelegatesImplKt$propertyBooleanFlag$1: loaded 4 times (x 134B)
Class dagger.spi.internal.shaded.androidx.room.jarjarred.kotlinx.metadata.KmPropertyAccessorAttributes: loaded 4 times (x 68B)
Class dagger.spi.internal.shaded.androidx.room.jarjarred.kotlinx.metadata.KmPropertyVisitor: loaded 4 times (x 77B)
Class dagger.spi.internal.shaded.androidx.room.jarjarred.kotlinx.metadata.internal.metadata.ProtoBuf$ValueParameterOrBuilder: loaded 4 times (x 67B)
Class dagger.spi.internal.shaded.androidx.room.jarjarred.kotlinx.metadata.internal.metadata.ProtoBuf$FunctionOrBuilder: loaded 4 times (x 67B)
Class dagger.internal.codegen.model.Key$Builder                                       : loaded 4 times (x 73B)
Class com.squareup.javapoet.TypeSpec$Kind                                             : loaded 4 times (x 76B)
Class dagger.internal.codegen.model.DaggerElement                                     : loaded 4 times (x 70B)
Class com.google.common.collect.Collections2$FilteredCollection                       : loaded 4 times (x 116B)
Class dagger.internal.codegen.extension.DaggerStreams                                 : loaded 4 times (x 68B)
Class dagger.spi.internal.shaded.auto.common.AnnotationOutput$1                       : loaded 4 times (x 104B)
Class dagger.spi.internal.shaded.androidx.room.compiler.processing.XProcessingEnvConfig$Companion: loaded 4 times (x 68B)
Class com.google.common.graph.Network                                                 : loaded 4 times (x 67B)
Class androidx.room.compiler.processing.javac.JavacBasicAnnotationProcessor$xEnv$2    : loaded 4 times (x 76B)
Class [Ldagger.internal.codegen.validation.BindingElementValidator$AllowsMultibindings;: loaded 4 times (x 66B)
Class dagger.internal.codegen.validation.BindsInstanceParameterValidator              : loaded 4 times (x 75B)
Class dagger.internal.codegen.model.BindingGraph$Edge                                 : loaded 4 times (x 67B)
Class com.google.common.cache.LocalCache$EntryFactory$3                               : loaded 4 times (x 80B)
Class com.google.common.base.Ticker$1                                                 : loaded 4 times (x 69B)
Class com.google.common.util.concurrent.UncheckedExecutionException                   : loaded 4 times (x 79B)
Class androidx.room.compiler.processing.XProcessingEnvConfig                          : loaded 4 times (x 68B)
Class com.google.common.cache.LocalCache$Strength$2                                   : loaded 4 times (x 78B)
Class dagger.internal.codegen.binding.ContributionBinding$Builder                     : loaded 4 times (x 75B)
Class dagger.internal.codegen.model.Scope                                             : loaded 4 times (x 69B)
Class dagger.hilt.android.processor.internal.viewmodel.ViewModelValidationPluginKt$WhenMappings: loaded 4 times (x 68B)
Class androidx.room.compiler.processing.XProcessingEnvConfig$Companion                : loaded 4 times (x 68B)
Class dagger.internal.codegen.processingstep.ProcessingStepsModule                    : loaded 4 times (x 67B)
Class dagger.internal.codegen.validation.ValidationBindingGraphPlugins                : loaded 4 times (x 69B)
Class dagger.hilt.processor.internal.HiltCompilerOptions                              : loaded 4 times (x 68B)
Class dagger.internal.codegen.DelegateComponentProcessor_SourceFileGeneratorsModule_MembersInjectorGeneratorFactory: loaded 4 times (x 79B)
Class dagger.internal.codegen.binding.MultibindingDeclaration$Factory                 : loaded 4 times (x 69B)
Class dagger.internal.codegen.validation.BindsInstanceMethodValidator                 : loaded 4 times (x 75B)
Class dagger.internal.codegen.processingstep.InjectProcessingStep                     : loaded 4 times (x 83B)
Class dagger.internal.codegen.writing.FactoryGenerator                                : loaded 4 times (x 74B)
Class dagger.internal.codegen.validation.BindingGraphValidator_Factory                : loaded 4 times (x 79B)
Class dagger.internal.codegen.binding.BindingGraphFactory_Factory                     : loaded 4 times (x 79B)
Class dagger.spi.internal.shaded.androidx.room.jarjarred.kotlinx.metadata.ClassKind   : loaded 4 times (x 76B)
Class dagger.spi.internal.shaded.androidx.room.jarjarred.kotlinx.metadata.Visibility  : loaded 4 times (x 76B)
Class dagger.spi.internal.shaded.androidx.room.jarjarred.kotlinx.metadata.internal.metadata.ProtoBuf$Class$Kind$1: loaded 4 times (x 71B)
Class dagger.internal.codegen.base.DaggerSuperficialValidation                        : loaded 4 times (x 69B)
Class dagger.spi.internal.shaded.androidx.room.jarjarred.kotlinx.metadata.internal.protobuf.InvalidProtocolBufferException: loaded 4 times (x 81B)
Class dagger.spi.internal.shaded.androidx.room.jarjarred.kotlinx.metadata.internal.metadata.jvm.deserialization.JvmMetadataVersion: loaded 4 times (x 71B)
Class [Ldagger.spi.internal.shaded.androidx.room.compiler.processing.XFiler$Mode;     : loaded 4 times (x 66B)
Class dagger.spi.internal.shaded.androidx.room.compiler.processing.XFiler$Mode        : loaded 4 times (x 76B)
Class dagger.spi.internal.shaded.androidx.room.compiler.processing.javac.JavacAnnotation$annotationValues$2: loaded 4 times (x 76B)
Class dagger.spi.internal.shaded.androidx.room.compiler.processing.javac.JavacDeclaredType: loaded 4 times (x 184B)
Class dagger.internal.codegen.binding.BindingFactory_Factory                          : loaded 4 times (x 79B)
Class dagger.internal.DoubleCheck                                                     : loaded 4 times (x 80B)
Class dagger.spi.internal.shaded.androidx.room.jarjarred.kotlinx.metadata.Attributes$hasAnnotations$18: loaded 4 times (x 134B)
Class com.google.common.graph.BaseGraph                                               : loaded 4 times (x 67B)
Class androidx.room.util.SimpleJavaVersion$Companion                                  : loaded 4 times (x 68B)
Class dagger.internal.codegen.binding.ProvisionBinding$Builder                        : loaded 4 times (x 77B)
Class dagger.internal.codegen.base.ElementFormatter_Factory                           : loaded 4 times (x 78B)
Class dagger.internal.codegen.validation.MapKeyValidator                              : loaded 4 times (x 69B)
Class dagger.internal.codegen.binding.AutoValue_ComponentDescriptor                   : loaded 4 times (x 97B)
Class dagger.internal.codegen.base.SourceFileHjarGenerator                            : loaded 4 times (x 74B)
Class dagger.internal.codegen.validation.ComponentHierarchyValidator_Factory          : loaded 4 times (x 79B)
Class dagger.internal.codegen.binding.BindingGraphFactory                             : loaded 4 times (x 72B)
Class dagger.internal.codegen.writing.MembersInjectorGenerator                        : loaded 4 times (x 74B)
Class com.google.common.collect.ImmutableMap$MapViewOfValuesAsSingletonSets$1         : loaded 4 times (x 79B)
Class dagger.internal.codegen.base.ClearableCache                                     : loaded 4 times (x 67B)
Class dagger.internal.codegen.binding.MonitoringModules_Factory$InstanceHolder        : loaded 4 times (x 68B)
Class dagger.internal.codegen.base.DaggerSuperficialValidation_Factory                : loaded 4 times (x 79B)
Class dagger.spi.internal.shaded.androidx.room.compiler.processing.XProcessingEnv$Companion: loaded 4 times (x 68B)
Class [Lcom.google.common.cache.Weigher;                                              : loaded 4 times (x 66B)
Class dagger.spi.internal.shaded.androidx.room.compiler.processing.javac.XTypeElementStore: loaded 4 times (x 69B)
Class dagger.spi.internal.shaded.androidx.room.jarjarred.kotlinx.metadata.Attributes  : loaded 4 times (x 68B)
Class dagger.spi.internal.shaded.androidx.room.compiler.processing.javac.JavacExecutableElement$Companion: loaded 4 times (x 68B)
Class dagger.spi.internal.shaded.androidx.room.compiler.processing.XAnnotationValue   : loaded 4 times (x 67B)
Class dagger.spi.internal.shaded.androidx.room.compiler.processing.javac.JavacType$superTypes$2: loaded 4 times (x 76B)
Class kotlin.reflect.jvm.internal.KClassImpl$Data$declaredMembers$2                   : loaded 4 times (x 76B)
Class dagger.spi.internal.shaded.auto.common.MoreTypes$AsElementVisitor               : loaded 4 times (x 98B)
Class dagger.spi.internal.shaded.androidx.room.compiler.processing.javac.JavacTypeElement$type$2: loaded 4 times (x 76B)
Class dagger.spi.internal.shaded.androidx.room.compiler.processing.javac.JavacTypeElement$_declaredFields$2: loaded 4 times (x 76B)
Class dagger.spi.internal.shaded.androidx.room.jarjarred.kotlinx.metadata.internal.metadata.ProtoBuf$Constructor: loaded 4 times (x 121B)
Class androidx.room.compiler.processing.javac.JavacBasicAnnotationProcessor$2         : loaded 4 times (x 76B)
Class dagger.spi.internal.shaded.androidx.room.compiler.processing.javac.JavacProcessingEnv$messager$2: loaded 4 times (x 76B)
Class dagger.spi.internal.shaded.androidx.room.jarjarred.kotlinx.metadata.internal.ReadUtilsKt: loaded 4 times (x 68B)
Class dagger.spi.internal.shaded.androidx.room.jarjarred.kotlinx.metadata.internal.metadata.deserialization.Flags: loaded 4 times (x 68B)
Class dagger.spi.internal.shaded.androidx.room.compiler.processing.CommonProcessorDelegate$processRound$currentElementsDeferredByStep$1$stepDeferredElementsByAnnotation$1: loaded 4 times (x 75B)
Class com.squareup.kotlinpoet.WildcardTypeName$Companion                              : loaded 4 times (x 68B)
Class dagger.internal.codegen.binding.InjectionSiteFactory_Factory                    : loaded 4 times (x 79B)
Class com.google.common.cache.CacheLoader$UnsupportedLoadingOperationException        : loaded 4 times (x 79B)
Class dagger.spi.internal.shaded.androidx.room.compiler.processing.javac.kotlin.KmConstructorContainer$parameters$2: loaded 4 times (x 76B)
Class kotlin.reflect.jvm.internal.KClassImpl$Data$sealedSubclasses$2                  : loaded 4 times (x 76B)
Class dagger.spi.internal.shaded.androidx.room.compiler.processing.javac.kotlin.KmClassContainer: loaded 4 times (x 76B)
Class dagger.spi.internal.shaded.androidx.room.jarjarred.kotlinx.metadata.internal.metadata.jvm.JvmProtoBuf$StringTableTypes$1: loaded 4 times (x 141B)
Class dagger.internal.codegen.writing.ModuleProxies_ModuleConstructorProxyGenerator_Factory: loaded 4 times (x 79B)
Class dagger.internal.codegen.validation.ModuleValidator$ModuleMethodKind             : loaded 4 times (x 76B)
Class dagger.internal.codegen.processingstep.AssistedFactoryProcessingStep_Factory    : loaded 4 times (x 79B)
Class dagger.internal.codegen.validation.ComponentCreatorValidator_Factory            : loaded 4 times (x 79B)
Class dagger.internal.codegen.binding.MonitoringModules_Factory                       : loaded 4 times (x 78B)
Class dagger.internal.codegen.binding.InjectionAnnotations_Factory                    : loaded 4 times (x 79B)
Class androidx.room.processor.Context$Companion                                       : loaded 4 times (x 68B)
Class dagger.internal.codegen.processingstep.ComponentProcessingStep_Factory          : loaded 4 times (x 79B)
Class dagger.spi.internal.shaded.androidx.room.jarjarred.kotlinx.metadata.internal.metadata.ProtoBuf$Type$Argument: loaded 4 times (x 107B)
Class com.google.common.collect.AbstractMapBasedMultimap$KeySet$1                     : loaded 4 times (x 79B)
Class dagger.spi.internal.shaded.androidx.room.jarjarred.kotlinx.metadata.internal.extensions.MetadataExtensions$Companion: loaded 4 times (x 68B)
Class dagger.spi.internal.shaded.androidx.room.jarjarred.kotlinx.metadata.KmType      : loaded 4 times (x 80B)
Class dagger.internal.Factory                                                         : loaded 4 times (x 67B)
Class dagger.spi.internal.shaded.androidx.room.jarjarred.kotlinx.metadata.Attributes$visibility$14: loaded 4 times (x 134B)
Class dagger.spi.internal.shaded.androidx.room.jarjarred.kotlinx.metadata.internal.metadata.deserialization.BinaryVersion$Companion: loaded 4 times (x 68B)
Class dagger.spi.internal.shaded.androidx.room.jarjarred.kotlinx.metadata.internal.protobuf.ExtensionRegistryLite$ObjectIntPair: loaded 4 times (x 69B)
Class dagger.spi.internal.shaded.androidx.room.jarjarred.kotlinx.metadata.internal.protobuf.WireFormat$FieldType$2: loaded 4 times (x 80B)
Class com.squareup.kotlinpoet.Annotatable                                             : loaded 4 times (x 67B)
Class kotlin.reflect.jvm.internal.KClassImpl$Data$allStaticMembers$2                  : loaded 4 times (x 76B)
Class dagger.spi.internal.shaded.androidx.room.jarjarred.kotlinx.metadata.internal.extensions.ExtensionUtilsKt: loaded 4 times (x 68B)
Class dagger.spi.internal.shaded.androidx.room.jarjarred.kotlinx.metadata.Attributes$hasAnnotations$10: loaded 4 times (x 134B)
Class androidx.room.compiler.processing.XProcessingStep                               : loaded 4 times (x 67B)
Class dagger.internal.codegen.javapoet.AnnotationSpecs$Suppression                    : loaded 4 times (x 76B)
Class com.google.common.cache.LocalCache$Strength$1                                   : loaded 4 times (x 78B)
Class dagger.internal.codegen.DaggerDelegateComponentProcessor_Injector$InjectorImpl  : loaded 4 times (x 72B)
Class dagger.internal.codegen.bindinggraphvalidation.ProvisionDependencyOnProducerBindingValidator_Factory: loaded 4 times (x 78B)
Class com.google.common.base.Objects                                                  : loaded 4 times (x 68B)
Class com.google.common.collect.FluentIterable$1                                      : loaded 4 times (x 78B)
Class [Ldagger.internal.codegen.compileroption.ProcessingEnvironmentCompilerOptions$Feature;: loaded 4 times (x 66B)
Class dagger.spi.internal.shaded.androidx.room.compiler.processing.XTypeVariableType  : loaded 4 times (x 67B)
Class dagger.spi.internal.shaded.androidx.room.compiler.processing.XConstructorType   : loaded 4 times (x 67B)
Class dagger.internal.codegen.model.AutoValue_DependencyRequest                       : loaded 4 times (x 73B)
Class dagger.spi.model.DaggerProcessingEnv                                            : loaded 4 times (x 72B)
Class [Ldagger.spi.model.DaggerProcessingEnv$Backend;                                 : loaded 4 times (x 66B)
Class com.google.common.cache.LocalCache$EntryFactory$4                               : loaded 4 times (x 80B)
Class [[Ldagger.internal.codegen.compileroption.ProcessingEnvironmentCompilerOptions$CommandLineOption;: loaded 4 times (x 66B)
Class dagger.internal.codegen.processingstep.BindingMethodProcessingStep              : loaded 4 times (x 83B)
Class androidx.room.util.SimpleJavaVersion$compareTo$$inlined$compareBy$1             : loaded 4 times (x 86B)
Class [Landroidx.room.compiler.processing.XProcessingEnv$Backend;                     : loaded 4 times (x 66B)
Class dagger.spi.internal.shaded.androidx.room.compiler.processing.javac.JavacConstructorElement$executableType$2: loaded 4 times (x 76B)
Class dagger.spi.internal.shaded.androidx.room.compiler.processing.javac.JavacFieldElement$setter$2: loaded 4 times (x 76B)
Class dagger.internal.codegen.xprocessing.XTypeElements                               : loaded 4 times (x 68B)
Class dagger.spi.internal.shaded.androidx.room.compiler.processing.javac.JavacFieldElement$enclosingElement$2: loaded 4 times (x 76B)
Class dagger.internal.codegen.validation.ComponentCreatorValidator                    : loaded 4 times (x 72B)
Class dagger.spi.internal.shaded.androidx.room.jarjarred.kotlinx.metadata.internal.metadata.ProtoBuf$ClassOrBuilder: loaded 4 times (x 67B)
Class dagger.spi.internal.shaded.androidx.room.jarjarred.kotlinx.metadata.internal.protobuf.MessageLite: loaded 4 times (x 67B)
Class dagger.internal.codegen.binding.OptionalBindingDeclaration                      : loaded 4 times (x 71B)
Class dagger.internal.codegen.binding.$AutoValue_MultibindingDeclaration              : loaded 4 times (x 76B)
Class com.squareup.javapoet.JavaFile$Builder                                          : loaded 4 times (x 69B)
Class kotlin.reflect.jvm.internal.KCallableImpl$_absentArguments$1                    : loaded 4 times (x 76B)
Class dagger.spi.internal.shaded.androidx.room.compiler.processing.InternalXAnnotation$valuesByName$2: loaded 4 times (x 76B)
Class dagger.hilt.processor.internal.aliasof.AliasOfProcessor                         : loaded 4 times (x 97B)
Class dagger.spi.internal.shaded.androidx.room.compiler.processing.javac.kotlin.KmFunctionContainerImpl: loaded 4 times (x 97B)
Class dagger.spi.internal.shaded.androidx.room.compiler.processing.javac.JavacMethodType: loaded 4 times (x 88B)
Class dagger.internal.codegen.xprocessing.XMethodElements                             : loaded 4 times (x 68B)
Class dagger.spi.internal.shaded.androidx.room.jarjarred.kotlinx.metadata.jvm.JvmTypeParameterExtensionVisitor: loaded 4 times (x 76B)
Class com.google.common.collect.FluentIterable$2                                      : loaded 4 times (x 78B)
Class dagger.internal.codegen.binding.BindsTypeChecker                                : loaded 4 times (x 69B)
Class net.ltgt.gradle.incap.IncrementalAnnotationProcessorType                        : loaded 4 times (x 76B)
Class dagger.spi.internal.shaded.androidx.room.compiler.processing.util.MemoizedSequence$CachedIterator: loaded 4 times (x 76B)
Class dagger.spi.internal.shaded.androidx.room.compiler.processing.XElementKt         : loaded 4 times (x 68B)
Class dagger.internal.codegen.binding.InjectionSiteFactory$InjectionSiteVisitor       : loaded 4 times (x 69B)
Class com.google.common.collect.FluentIterable                                        : loaded 4 times (x 78B)
Class com.google.common.cache.LoadingCache                                            : loaded 4 times (x 67B)
Class dagger.internal.codegen.model.BindingGraph$MaybeBinding                         : loaded 4 times (x 67B)
Class dagger.internal.codegen.validation.BindsOptionalOfMethodValidator$Validator     : loaded 4 times (x 77B)
Class dagger.internal.codegen.ServiceLoaders                                          : loaded 4 times (x 68B)
Class dagger.spi.internal.shaded.androidx.room.jarjarred.kotlinx.metadata.KmValueParameter: loaded 4 times (x 74B)
Class dagger.spi.internal.shaded.androidx.room.compiler.processing.javac.kotlin.KmClassContainer$functionByDescriptor$2: loaded 4 times (x 76B)
Class dagger.spi.internal.shaded.androidx.room.jarjarred.kotlinx.metadata.Attributes$kind$7: loaded 4 times (x 134B)
Class dagger.internal.codegen.binding.FrameworkField                                  : loaded 4 times (x 70B)
Class [Ldagger.spi.internal.shaded.androidx.room.compiler.processing.XProcessingEnv$Backend;: loaded 4 times (x 66B)
Class com.squareup.javapoet.LineWrapper$1                                             : loaded 4 times (x 68B)
Class dagger.spi.internal.shaded.androidx.room.jarjarred.kotlinx.metadata.Attributes$modality$2: loaded 4 times (x 134B)
Class dagger.spi.internal.shaded.androidx.room.jarjarred.kotlinx.metadata.jvm.internal.JvmTypeExtension: loaded 4 times (x 83B)
Class dagger.spi.internal.shaded.androidx.room.jarjarred.kotlinx.metadata.internal.protobuf.WireFormat: loaded 4 times (x 68B)
Class dagger.spi.internal.shaded.androidx.room.jarjarred.kotlinx.metadata.internal.metadata.jvm.JvmProtoBuf$JvmFieldSignature: loaded 4 times (x 105B)
Class dagger.internal.codegen.validation.BindingElementValidator                      : loaded 4 times (x 75B)
Class dagger.spi.internal.shaded.androidx.room.compiler.processing.javac.JavacConstructorElement$typeParameters$2: loaded 4 times (x 76B)
Class dagger.spi.internal.shaded.androidx.room.jarjarred.kotlinx.metadata.internal.metadata.ProtoBuf$Effect$InvocationKind$1: loaded 4 times (x 71B)
Class dagger.hilt.processor.internal.ProcessorErrorHandler                            : loaded 4 times (x 69B)
Class com.google.devtools.ksp.symbol.KSAnnotated                                      : loaded 4 times (x 67B)
Class com.squareup.kotlinpoet.TypeNames                                               : loaded 4 times (x 68B)
Class dagger.spi.internal.shaded.androidx.room.jarjarred.kotlinx.metadata.jvm.JvmTypeParameterExtensionVisitor$Companion: loaded 4 times (x 68B)
Class com.google.common.cache.LocalCache$LocalLoadingCache                            : loaded 4 times (x 131B)
Class com.google.common.collect.FluentIterable$3                                      : loaded 4 times (x 78B)
Class dagger.spi.internal.shaded.androidx.room.jarjarred.kotlinx.metadata.internal.protobuf.WireFormat$FieldType$3: loaded 4 times (x 80B)
Class kotlin.reflect.jvm.internal.KClassImpl$Data$allNonStaticMembers$2               : loaded 4 times (x 76B)
Class dagger.spi.internal.shaded.androidx.room.compiler.processing.javac.JavacType$rawType$2: loaded 4 times (x 76B)
Class dagger.spi.internal.shaded.androidx.room.compiler.processing.javac.kotlin.KmData: loaded 4 times (x 67B)
Class dagger.internal.codegen.validation.BindingMethodValidator$Abstractness          : loaded 4 times (x 76B)
Class dagger.internal.codegen.ProcessingEnvironmentModule_MessagerFactory             : loaded 4 times (x 79B)
Class dagger.spi.internal.shaded.androidx.room.compiler.processing.javac.JavacMethodParameter$jvmName$2: loaded 4 times (x 76B)
Class dagger.internal.codegen.writing.InjectionMethods$CheckNotNullPolicy             : loaded 4 times (x 76B)
Class androidx.room.RoomProcessor$1                                                   : loaded 4 times (x 75B)
Class com.squareup.javapoet.MethodSpec$Builder                                        : loaded 4 times (x 69B)
Class dagger.spi.internal.shaded.androidx.room.jarjarred.kotlinx.metadata.Attributes$isReified$2: loaded 4 times (x 134B)
Class dagger.spi.internal.shaded.androidx.room.jarjarred.kotlinx.metadata.KmDeclarationContainerVisitor: loaded 4 times (x 74B)
Class [Ldagger.spi.internal.shaded.androidx.room.jarjarred.kotlinx.metadata.internal.metadata.jvm.JvmProtoBuf$StringTableTypes$Record$Operation;: loaded 4 times (x 66B)
Class [Ldagger.hilt.processor.internal.root.RootType;                                 : loaded 4 times (x 66B)
Class dagger.spi.internal.shaded.androidx.room.jarjarred.kotlinx.metadata.internal.protobuf.GeneratedMessageLite$ExtendableMessage: loaded 4 times (x 110B)
Class kotlin.reflect.jvm.internal.KClassImpl$Data$inheritedStaticMembers$2            : loaded 4 times (x 76B)
Class dagger.spi.internal.shaded.androidx.room.compiler.processing.javac.JavacElement : loaded 4 times (x 176B)
Class dagger.spi.internal.shaded.androidx.room.compiler.processing.javac.JavacTypeElement$packageElement$2: loaded 4 times (x 76B)
Class dagger.spi.internal.shaded.androidx.room.compiler.processing.CommonProcessorDelegate$processRound$currentElementsDeferredByStep$1$previousRoundDeferredElementsByAnnotation$1: loaded 4 times (x 75B)
Class dagger.spi.internal.shaded.auto.common.MoreTypes$TypeEquivalence                : loaded 4 times (x 79B)
Class kotlin.reflect.jvm.internal.impl.builtins.PrimitiveType$arrayTypeFqName$2       : loaded 4 times (x 76B)
Class dagger.spi.internal.shaded.androidx.room.jarjarred.kotlinx.metadata.internal.protobuf.MessageLiteOrBuilder: loaded 4 times (x 67B)
Class com.google.common.cache.LocalCache$EntryFactory$5                               : loaded 4 times (x 80B)
Class dagger.hilt.processor.internal.aggregateddeps.AggregatedDepsProcessor           : loaded 4 times (x 97B)
Class dagger.hilt.processor.internal.BaseProcessingStep                               : loaded 4 times (x 84B)
Class dagger.spi.internal.shaded.androidx.room.jarjarred.kotlinx.metadata.Attributes$hasAnnotations$2: loaded 4 times (x 134B)
Class dagger.internal.codegen.processingstep.SuperficialValidator                     : loaded 4 times (x 72B)
Class dagger.internal.codegen.processingstep.AssistedFactoryProcessingStep            : loaded 4 times (x 83B)
Class dagger.internal.codegen.componentgenerator.ComponentGeneratorModule             : loaded 4 times (x 67B)
Class dagger.spi.internal.shaded.androidx.room.compiler.processing.javac.JavacMethodType$typeVariableNames$2: loaded 4 times (x 76B)
Class dagger.internal.codegen.binding.$AutoValue_DelegateDeclaration                  : loaded 4 times (x 80B)
Class dagger.internal.codegen.bindinggraphvalidation.MapMultibindingValidator_Factory : loaded 4 times (x 79B)
Class dagger.spi.internal.shaded.androidx.room.jarjarred.kotlinx.metadata.internal.metadata.ProtoBuf$Effect$EffectType$1: loaded 4 times (x 71B)
Class dagger.internal.codegen.model.DaggerExecutableElement                           : loaded 4 times (x 70B)
Class dagger.internal.codegen.model.DaggerAnnotation                                  : loaded 4 times (x 73B)
Class dagger.internal.codegen.xprocessing.XTypes$1                                    : loaded 4 times (x 68B)
Class dagger.spi.internal.shaded.auto.common.MoreTypes$ExecutableTypeVisitor          : loaded 4 times (x 99B)
Class dagger.spi.internal.shaded.androidx.room.jarjarred.kotlinx.metadata.Attributes$visibility$18: loaded 4 times (x 134B)
Class dagger.spi.internal.shaded.androidx.room.jarjarred.kotlinx.metadata.internal.metadata.jvm.JvmProtoBuf$JvmMethodSignature$Builder: loaded 4 times (x 131B)
Class dagger.spi.internal.shaded.androidx.room.jarjarred.kotlinx.metadata.internal.metadata.jvm.JvmProtoBuf$JvmFieldSignatureOrBuilder: loaded 4 times (x 67B)
Class dagger.spi.internal.shaded.androidx.room.jarjarred.kotlinx.metadata.internal.protobuf.WireFormat$JavaType: loaded 4 times (x 76B)
Class dagger.spi.internal.shaded.androidx.room.compiler.processing.XArrayType         : loaded 4 times (x 67B)
Class dagger.spi.internal.shaded.androidx.room.compiler.processing.InternalXAnnotationValue: loaded 4 times (x 152B)
Class com.google.common.collect.Maps$ViewCachingAbstractMap                           : loaded 4 times (x 122B)
Class com.squareup.kotlinpoet.Dynamic                                                 : loaded 4 times (x 83B)
Class com.squareup.javapoet.ParameterizedTypeName                                     : loaded 4 times (x 78B)
Class [Lcom.google.common.base.Function;                                              : loaded 4 times (x 66B)
Class dagger.internal.codegen.binding.FrameworkType$3                                 : loaded 4 times (x 68B)
Class androidx.room.compiler.processing.XProcessingEnvConfig$Builder                  : loaded 4 times (x 69B)
Class dagger.internal.codegen.langmodel.Accessibility                                 : loaded 4 times (x 68B)
Class dagger.spi.internal.shaded.androidx.room.compiler.processing.javac.JavacMethodParameter$kotlinMetadata$2: loaded 4 times (x 76B)
Class dagger.spi.internal.shaded.androidx.room.jarjarred.kotlinx.metadata.KmVariance  : loaded 4 times (x 76B)
Class androidx.room.processor.Context$Companion$ARG_OPTIONS$2                         : loaded 4 times (x 75B)
Class dagger.internal.codegen.DelegateComponentProcessor$Injector$Factory             : loaded 4 times (x 67B)
Class dagger.internal.codegen.validation.SpiModelBindingGraphConverter$DiagnosticReporterImpl: loaded 4 times (x 73B)
Class com.google.common.cache.Weigher                                                 : loaded 4 times (x 67B)
Class dagger.internal.codegen.model.BindingGraph$Node                                 : loaded 4 times (x 67B)
Class dagger.internal.codegen.writing.InaccessibleMapKeyProxyGenerator_Factory        : loaded 4 times (x 79B)
Class kotlin.reflect.jvm.internal.impl.builtins.functions.FunctionClassKind           : loaded 4 times (x 77B)
Class dagger.internal.codegen.model.$AutoValue_Key$Builder                            : loaded 4 times (x 75B)
Class dagger.spi.internal.shaded.androidx.room.compiler.processing.javac.JavacFieldElement: loaded 4 times (x 224B)
Class dagger.spi.internal.shaded.androidx.room.jarjarred.kotlinx.metadata.KmConstructorVisitor: loaded 4 times (x 73B)
Class dagger.internal.codegen.binding.SourceFiles$1                                   : loaded 4 times (x 68B)
Class dagger.internal.codegen.binding.BindingDeclaration                              : loaded 4 times (x 71B)
Class dagger.internal.codegen.binding.BindingFactory                                  : loaded 4 times (x 69B)
Class dagger.internal.codegen.validation.ExternalBindingGraphPlugins_Factory          : loaded 4 times (x 79B)
Class dagger.internal.codegen.validation.DependencyRequestValidator_Factory           : loaded 4 times (x 79B)
Class com.google.common.cache.CacheLoader$InvalidCacheLoadException                   : loaded 4 times (x 79B)
Class javax.inject.Provider                                                           : loaded 4 times (x 67B)
Class dagger.spi.internal.shaded.androidx.room.jarjarred.kotlinx.metadata.jvm.JvmMetadataVersion$Companion: loaded 4 times (x 68B)
Class dagger.spi.internal.shaded.androidx.room.jarjarred.kotlinx.metadata.internal.metadata.ProtoBuf$Class: loaded 4 times (x 177B)
Class dagger.spi.internal.shaded.androidx.room.jarjarred.kotlinx.metadata.internal.metadata.ProtoBuf$ValueParameter: loaded 4 times (x 125B)
Class dagger.spi.internal.shaded.androidx.room.jarjarred.kotlinx.metadata.internal.protobuf.SmallSortedMap$EmptySet: loaded 4 times (x 68B)
Class dagger.internal.codegen.xprocessing.XAnnotationValues                           : loaded 4 times (x 68B)
Class com.squareup.javapoet.AnnotationSpec$Builder                                    : loaded 4 times (x 69B)
Class dagger.spi.internal.shaded.androidx.room.compiler.processing.javac.JavacTypeElement$className$2: loaded 4 times (x 76B)
Class dagger.spi.internal.shaded.androidx.room.jarjarred.kotlinx.metadata.internal.protobuf.WireFormat$FieldType$4: loaded 4 times (x 80B)
Class dagger.spi.internal.shaded.androidx.room.compiler.processing.javac.JavacTypeElement$DefaultJavacTypeElement: loaded 4 times (x 297B)
Class dagger.spi.internal.shaded.androidx.room.compiler.processing.XParameterizable   : loaded 4 times (x 67B)
Class dagger.spi.internal.shaded.androidx.room.compiler.processing.javac.JavacMethodElement$executableType$2: loaded 4 times (x 76B)
Class dagger.spi.internal.shaded.androidx.room.jarjarred.kotlinx.metadata.internal.metadata.ProtoBuf$Package$1: loaded 4 times (x 141B)
Class [Ldagger.internal.codegen.javapoet.AnnotationSpecs$Suppression;                 : loaded 4 times (x 66B)
Class dagger.spi.internal.shaded.androidx.room.jarjarred.kotlinx.metadata.internal.extensions.KmConstructorExtension: loaded 4 times (x 67B)
Class [Ldagger.spi.internal.shaded.androidx.room.jarjarred.kotlinx.metadata.internal.metadata.ProtoBuf$Modality;: loaded 4 times (x 66B)
Class com.squareup.javapoet.Util                                                      : loaded 4 times (x 68B)
Class dagger.spi.internal.shaded.androidx.room.compiler.processing.javac.JavacExecutableElement$thrownTypes$2: loaded 4 times (x 76B)
Class dagger.spi.internal.shaded.androidx.room.compiler.processing.javac.JavacArrayType$equalityItems$2: loaded 4 times (x 76B)
Class com.google.common.cache.LocalCache$Strength                                     : loaded 4 times (x 78B)
Class com.google.common.cache.Cache                                                   : loaded 4 times (x 67B)
Class dagger.spi.internal.shaded.auto.common.AnnotationOutput$SourceFormVisitor       : loaded 4 times (x 114B)
Class com.squareup.javapoet.CodeBlock                                                 : loaded 4 times (x 69B)
Class dagger.internal.codegen.binding.BindsTypeChecker$1                              : loaded 4 times (x 68B)
Class dagger.spi.internal.shaded.androidx.room.jarjarred.kotlinx.metadata.InconsistentKotlinMetadataException: loaded 4 times (x 79B)
Class dagger.spi.internal.shaded.androidx.room.jarjarred.kotlinx.metadata.internal.protobuf.FieldSet: loaded 4 times (x 69B)
Class dagger.spi.internal.shaded.androidx.room.jarjarred.kotlinx.metadata.internal.protobuf.Internal$EnumLite: loaded 4 times (x 67B)
Class dagger.spi.internal.shaded.androidx.room.jarjarred.kotlinx.metadata.internal.metadata.jvm.deserialization.JvmNameResolverBase$WhenMappings: loaded 4 times (x 68B)
Class dagger.internal.codegen.binding.$AutoValue_ModuleDescriptor                     : loaded 4 times (x 83B)
Class dagger.internal.codegen.binding.DependencyRequestFactory                        : loaded 4 times (x 69B)
Class dagger.internal.codegen.bindinggraphvalidation.SetMultibindingValidator_Factory : loaded 4 times (x 78B)
Class dagger.internal.codegen.bindinggraphvalidation.DependsOnProductionExecutorValidator_Factory: loaded 4 times (x 79B)
Class dagger.spi.internal.shaded.androidx.room.jarjarred.kotlinx.metadata.jvm.JvmPropertyExtensionVisitor$Companion: loaded 4 times (x 68B)
Class com.squareup.javapoet.AnnotationSpec                                            : loaded 4 times (x 69B)
Class androidx.room.processor.Context$ProcessorOptions                                : loaded 4 times (x 76B)
Class dagger.spi.internal.shaded.androidx.room.compiler.processing.XExecutableParameterElement: loaded 4 times (x 67B)
Class dagger.internal.codegen.binding.KeyFactory_Factory                              : loaded 4 times (x 79B)
Class dagger.spi.internal.shaded.androidx.room.jarjarred.kotlinx.metadata.Attributes$modality$6: loaded 4 times (x 134B)
Class dagger.spi.internal.shaded.androidx.room.compiler.processing.javac.kotlin.KmClassContainer$functionList$2: loaded 4 times (x 76B)
Class dagger.spi.internal.shaded.androidx.room.jarjarred.kotlinx.metadata.internal.protobuf.CodedOutputStream$OutOfSpaceException: loaded 4 times (x 79B)
Class dagger.spi.internal.shaded.androidx.room.jarjarred.kotlinx.metadata.internal.metadata.ProtoBuf$TypeParameterOrBuilder: loaded 4 times (x 67B)
Class dagger.spi.internal.shaded.androidx.room.jarjarred.kotlinx.metadata.internal.protobuf.BoundedByteString: loaded 4 times (x 109B)
Class androidx.room.compiler.processing.javac.JavacProcessingEnv$messager$2           : loaded 4 times (x 76B)
Class dagger.spi.internal.shaded.androidx.room.compiler.processing.javac.JavacTypeElement$_declaredMethods$2: loaded 4 times (x 76B)
Class androidx.hilt.work.WorkerStep                                                   : loaded 4 times (x 76B)
Class dagger.hilt.processor.internal.earlyentrypoint.EarlyEntryPointProcessingStep    : loaded 4 times (x 84B)
Class dagger.internal.codegen.validation.MembersInjectionValidator                    : loaded 4 times (x 69B)
Class com.google.common.collect.ImmutableMap$MapViewOfValuesAsSingletonSets$1$1       : loaded 4 times (x 80B)
Class dagger.internal.codegen.binding.ComponentDescriptor$Factory                     : loaded 4 times (x 72B)
Class dagger.spi.model.BindingGraph$Edge                                              : loaded 4 times (x 67B)
Class com.google.common.collect.Iterables$5                                           : loaded 4 times (x 78B)
Class com.google.common.base.Splitter$1$1                                             : loaded 4 times (x 83B)
Class dagger.internal.codegen.writing.InjectionMethods$ProvisionMethod                : loaded 4 times (x 68B)
Class dagger.hilt.processor.internal.earlyentrypoint.EarlyEntryPointProcessor         : loaded 4 times (x 97B)
Class kotlin.reflect.jvm.internal.KCallableImpl$_parameters$1                         : loaded 4 times (x 76B)
Class [Ldagger.internal.codegen.validation.ModuleValidator$ModuleMethodKind;          : loaded 4 times (x 66B)
Class dagger.internal.codegen.xprocessing.XTypeElements$Visibility                    : loaded 4 times (x 76B)
Class [Ldagger.spi.internal.shaded.androidx.room.compiler.processing.XNullability;    : loaded 4 times (x 66B)
Class dagger.internal.codegen.base.MapType                                            : loaded 4 times (x 77B)
Class dagger.spi.internal.shaded.androidx.room.compiler.processing.javac.JavacExecutableElement$jvmDescriptor$2: loaded 4 times (x 76B)
Class dagger.internal.codegen.validation.BindingGraphValidator                        : loaded 4 times (x 69B)
Class dagger.internal.codegen.bindinggraphvalidation.SubcomponentFactoryMethodValidator: loaded 4 times (x 82B)
Class dagger.internal.codegen.binding.OptionalBindingDeclaration$Factory              : loaded 4 times (x 70B)
Class dagger.internal.codegen.binding.DelegateDeclaration                             : loaded 4 times (x 77B)
Class dagger.internal.codegen.processingstep.MultibindingAnnotationsProcessingStep    : loaded 4 times (x 83B)
Class androidx.room.compiler.processing.XFiler                                        : loaded 4 times (x 67B)
Class com.google.common.cache.LocalCache$EntryFactory$6                               : loaded 4 times (x 80B)
Class dagger.spi.internal.shaded.androidx.room.jarjarred.kotlinx.metadata.internal.metadata.ProtoBuf$TypeParameter$1: loaded 4 times (x 141B)
Class dagger.spi.internal.shaded.androidx.room.jarjarred.kotlinx.metadata.internal.extensions.KmPropertyExtension: loaded 4 times (x 67B)
Class dagger.internal.codegen.binding.FrameworkType$2                                 : loaded 4 times (x 81B)
Class dagger.spi.internal.shaded.androidx.room.jarjarred.kotlinx.metadata.jvm.internal.JvmPropertyExtension: loaded 4 times (x 85B)
Class dagger.internal.codegen.kotlin.KotlinMetadataFactory_Factory                    : loaded 4 times (x 78B)
Class dagger.spi.internal.shaded.androidx.room.compiler.processing.javac.JavacAnnotationValue: loaded 4 times (x 152B)
Class dagger.internal.InstanceFactory                                                 : loaded 4 times (x 82B)
Class kotlin.reflect.jvm.internal.KClassImpl$Data$nestedClasses$2                     : loaded 4 times (x 76B)
Class dagger.spi.internal.shaded.androidx.room.compiler.processing.XProcessingEnv     : loaded 4 times (x 67B)
Class dagger.internal.Preconditions                                                   : loaded 4 times (x 68B)
Class dagger.internal.codegen.validation.MembersInjectionValidator_Factory            : loaded 4 times (x 79B)
Class dagger.internal.codegen.bindinggraphvalidation.CompositeBindingGraphPlugin_Factory: loaded 4 times (x 69B)
Class dagger.internal.codegen.writing.InjectionMethods$InstanceCastPolicy             : loaded 4 times (x 76B)
Class [Ldagger.internal.codegen.model.RequestKind;                                    : loaded 4 times (x 66B)
Class dagger.internal.codegen.validation.BindsMethodValidator$Validator               : loaded 4 times (x 77B)
Class dagger.internal.codegen.binding.Nullability                                     : loaded 4 times (x 70B)
Class dagger.spi.internal.shaded.androidx.room.compiler.processing.DeclarationCollectorKt$collectAllMethods$1: loaded 4 times (x 92B)
Class dagger.spi.internal.shaded.auto.common.Visibility                               : loaded 4 times (x 76B)
Class com.google.common.cache.RemovalListener                                         : loaded 4 times (x 67B)
Class dagger.spi.internal.shaded.androidx.room.jarjarred.kotlinx.metadata.KmClassifier$TypeAlias: loaded 4 times (x 69B)
Class com.google.common.collect.Maps$EntryFunction$1                                  : loaded 4 times (x 88B)
Class com.google.common.cache.LocalCache$EntryFactory                                 : loaded 4 times (x 80B)
Class com.google.common.collect.AbstractMapBasedMultimap$WrappedCollection$WrappedIterator: loaded 4 times (x 81B)
Class dagger.spi.internal.shaded.androidx.room.compiler.processing.javac.JavacPackageElement$name$2: loaded 4 times (x 76B)
Class dagger.internal.codegen.base.ModuleKind                                         : loaded 4 times (x 76B)
Class androidx.room.compiler.processing.javac.JavacProcessingEnv$Companion            : loaded 4 times (x 68B)
Class dagger.hilt.processor.internal.generatesrootinput.GeneratesRootInputProcessingStep: loaded 4 times (x 84B)
Class com.google.common.base.Splitter                                                 : loaded 4 times (x 69B)
Class dagger.internal.codegen.base.UniqueNameSet                                      : loaded 4 times (x 69B)
Class com.google.common.collect.ImmutableMap$IteratorBasedImmutableMap$1EntrySetImpl  : loaded 4 times (x 151B)
Class dagger.internal.codegen.binding.BindsTypeChecker_Factory                        : loaded 4 times (x 79B)
Class com.google.common.graph.Traverser                                               : loaded 4 times (x 70B)
Class dagger.spi.internal.shaded.androidx.room.jarjarred.kotlinx.metadata.internal.protobuf.LiteralByteString: loaded 4 times (x 109B)
Class dagger.spi.internal.shaded.androidx.room.compiler.processing.XTypeKt            : loaded 4 times (x 68B)
Class androidx.room.compiler.processing.XProcessingEnv                                : loaded 4 times (x 67B)
Class dagger.spi.internal.shaded.androidx.room.jarjarred.kotlinx.metadata.Attributes$kind$11: loaded 4 times (x 134B)
Class kotlin.reflect.jvm.internal.KClassImpl$Data$annotations$2                       : loaded 4 times (x 76B)
Class dagger.spi.internal.shaded.androidx.room.jarjarred.kotlinx.metadata.KmClassExtensionVisitor: loaded 4 times (x 67B)
Class dagger.spi.internal.shaded.androidx.room.jarjarred.kotlinx.metadata.internal.metadata.ProtoBuf$Type: loaded 4 times (x 142B)
Class kotlin.reflect.jvm.internal.CachesKt$K_CLASS_CACHE$1                            : loaded 4 times (x 75B)
Class dagger.spi.internal.shaded.auto.common.MoreElements$CastingElementVisitor       : loaded 4 times (x 90B)
Class dagger.spi.internal.shaded.androidx.room.compiler.processing.XAnnotation        : loaded 4 times (x 67B)
Class dagger.hilt.processor.internal.generatesrootinput.GeneratesRootInputs           : loaded 4 times (x 69B)
Class dagger.hilt.processor.internal.uninstallmodules.UninstallModulesProcessingStep  : loaded 4 times (x 84B)
Class dagger.spi.internal.shaded.androidx.room.compiler.processing.XType              : loaded 4 times (x 67B)
Class dagger.spi.internal.shaded.androidx.room.compiler.codegen.XTypeName             : loaded 4 times (x 72B)
Class dagger.spi.internal.shaded.androidx.room.jarjarred.kotlinx.metadata.jvm.KotlinClassMetadata$Companion: loaded 4 times (x 68B)
Class kotlin.reflect.jvm.internal.KPropertyImpl$_descriptor$1                         : loaded 4 times (x 76B)
Class dagger.spi.internal.shaded.androidx.room.compiler.processing.javac.kotlin.KmClassContainer$propertyList$2: loaded 4 times (x 76B)
Class dagger.spi.internal.shaded.androidx.room.jarjarred.kotlinx.metadata.internal.protobuf.GeneratedMessageLite: loaded 4 times (x 98B)
Class dagger.spi.internal.shaded.androidx.room.jarjarred.kotlinx.metadata.internal.metadata.ProtoBuf$Annotation: loaded 4 times (x 106B)
Class dagger.spi.internal.shaded.androidx.room.jarjarred.kotlinx.metadata.internal.protobuf.Internal$EnumLiteMap: loaded 4 times (x 67B)
Class dagger.spi.internal.shaded.androidx.room.jarjarred.kotlinx.metadata.internal.protobuf.CodedOutputStream: loaded 4 times (x 69B)
Class com.google.common.collect.Maps$EntryFunction$2                                  : loaded 4 times (x 88B)
Class dagger.spi.internal.shaded.androidx.room.compiler.processing.javac.JavacConstructorType: loaded 4 times (x 80B)
Class dagger.spi.internal.shaded.androidx.room.compiler.processing.XConstructorElement: loaded 4 times (x 67B)
Class dagger.internal.codegen.compileroption.ProcessingEnvironmentCompilerOptions     : loaded 4 times (x 92B)
Class [Ldagger.internal.codegen.validation.BindingMethodValidator$Abstractness;       : loaded 4 times (x 66B)
Class dagger.internal.codegen.processingstep.AssistedInjectProcessingStep_Factory     : loaded 4 times (x 79B)
Class dagger.internal.codegen.model.RequestKind                                       : loaded 4 times (x 76B)
Class com.google.common.collect.AbstractIterator$1                                    : loaded 4 times (x 68B)
Class dagger.spi.internal.shaded.androidx.room.jarjarred.kotlinx.metadata.internal.protobuf.SmallSortedMap$1: loaded 4 times (x 127B)
Class dagger.internal.codegen.xprocessing.XTypes$XTypeEquivalence                     : loaded 4 times (x 81B)
Class dagger.internal.codegen.validation.DiagnosticReporterFactory                    : loaded 4 times (x 69B)
Class dagger.spi.internal.shaded.androidx.room.jarjarred.kotlinx.metadata.KmDeclarationContainer: loaded 4 times (x 67B)
Class dagger.spi.internal.shaded.androidx.room.jarjarred.kotlinx.metadata.internal.metadata.ProtoBuf$ConstructorOrBuilder: loaded 4 times (x 67B)
Class com.squareup.javapoet.CodeBlock$Builder                                         : loaded 4 times (x 69B)
Class dagger.internal.codegen.validation.InjectBindingRegistryImpl$BindingsCollection : loaded 4 times (x 69B)
Class [Ldagger.internal.codegen.base.ClearableCache;                                  : loaded 4 times (x 66B)
Class kotlin.reflect.jvm.internal.KClassImpl$Data$simpleName$2                        : loaded 4 times (x 76B)
Class dagger.internal.codegen.binding.FrameworkType$1                                 : loaded 4 times (x 81B)
Class kotlin.reflect.jvm.internal.CachesKt$CACHE_FOR_BASE_CLASSIFIERS$1               : loaded 4 times (x 75B)
Class dagger.hilt.processor.internal.ClassNames                                       : loaded 4 times (x 68B)
Class dagger.spi.internal.shaded.androidx.room.compiler.processing.javac.kotlin.JvmDescriptorTypeVisitor$visitExecutable$parameterDescriptors$1: loaded 4 times (x 76B)
Class dagger.internal.codegen.model.DaggerType                                        : loaded 4 times (x 71B)
Class com.google.common.collect.Maps$AbstractFilteredMap                              : loaded 4 times (x 124B)
Class dagger.spi.internal.shaded.auto.common.MoreTypes$PrimitiveTypeVisitor           : loaded 4 times (x 99B)
Class dagger.hilt.processor.internal.originatingelement.OriginatingElementProcessor   : loaded 4 times (x 97B)
Class dagger.spi.internal.shaded.androidx.room.compiler.processing.XProcessingEnv$Backend: loaded 4 times (x 76B)
Class dagger.hilt.android.processor.internal.customtestapplication.CustomTestApplicationProcessor: loaded 4 times (x 97B)
Class com.squareup.javapoet.LineWrapper$RecordingAppendable                           : loaded 4 times (x 74B)
Class com.google.common.base.ExtraObjectsMethodsForWeb                                : loaded 4 times (x 68B)
Class dagger.spi.internal.shaded.androidx.room.compiler.processing.javac.JavacDeclaredType$typeArguments$2: loaded 4 times (x 76B)
Class dagger.spi.internal.shaded.androidx.room.compiler.processing.javac.JavacFieldElement$syntheticMethodForAnnotations$2: loaded 4 times (x 76B)
Class dagger.internal.codegen.model.DaggerProcessingEnv                               : loaded 4 times (x 71B)
Class dagger.internal.codegen.binding.AutoValue_OptionalBindingDeclaration            : loaded 4 times (x 72B)
Class [Ldagger.internal.codegen.compileroption.ProcessingEnvironmentCompilerOptions$CommandLineOption;: loaded 4 times (x 66B)
Class dagger.internal.codegen.ProcessingEnvironmentModule_FilerFactory                : loaded 4 times (x 79B)
Class dagger.internal.codegen.binding.MethodSignatureFormatter_Factory                : loaded 4 times (x 79B)
Class com.squareup.kotlinpoet.TypeName                                                : loaded 4 times (x 83B)
Class dagger.spi.internal.shaded.androidx.room.compiler.processing.XEnumEntry         : loaded 4 times (x 67B)
Class dagger.spi.internal.shaded.androidx.room.compiler.processing.javac.JavacMethodParameter$name$2: loaded 4 times (x 76B)
Class dagger.spi.internal.shaded.androidx.room.compiler.processing.javac.kotlin.KmTypeContainer: loaded 4 times (x 73B)
Class dagger.spi.internal.shaded.androidx.room.jarjarred.kotlinx.metadata.internal.metadata.deserialization.NameResolver: loaded 4 times (x 67B)
Class dagger.spi.internal.shaded.androidx.room.jarjarred.kotlinx.metadata.internal.protobuf.GeneratedMessageLite$ExtensionDescriptor: loaded 4 times (x 81B)
Class dagger.spi.internal.shaded.androidx.room.jarjarred.kotlinx.metadata.internal.protobuf.ExtensionRegistryLite: loaded 4 times (x 71B)
Class kotlin.reflect.jvm.internal.KClassImpl$Data$objectInstance$2                    : loaded 4 times (x 76B)
Class kotlin.reflect.jvm.internal.KClassImpl$Data$declaredNonStaticMembers$2          : loaded 4 times (x 76B)
Class dagger.spi.internal.shaded.androidx.room.compiler.processing.javac.JavacMethodElement$parameters$2: loaded 4 times (x 76B)
Class dagger.spi.internal.shaded.androidx.room.jarjarred.kotlinx.metadata.internal.metadata.ProtoBuf$ValueParameter$1: loaded 4 times (x 141B)
Class dagger.internal.codegen.base.SourceFileGenerationException                      : loaded 4 times (x 79B)
Class androidx.hilt.work.WorkerStep$Companion                                         : loaded 4 times (x 68B)
Class dagger.spi.internal.shaded.androidx.room.jarjarred.kotlinx.metadata.KmFunction  : loaded 4 times (x 79B)
Class dagger.spi.internal.shaded.androidx.room.jarjarred.kotlinx.metadata.internal.metadata.deserialization.Flags$FlagField: loaded 4 times (x 70B)
Class dagger.internal.codegen.binding.OptionalBindingDeclaration_Factory_Factory      : loaded 4 times (x 79B)
Class dagger.internal.codegen.binding.Binding                                         : loaded 4 times (x 78B)
Class com.squareup.javapoet.TypeName$2                                                : loaded 4 times (x 68B)
Class dagger.internal.codegen.base.AutoValue_MapType                                  : loaded 4 times (x 77B)
Class com.google.common.cache.CacheBuilder                                            : loaded 4 times (x 69B)
Class dagger.internal.codegen.processingstep.AssistedInjectProcessingStep             : loaded 4 times (x 83B)
Class dagger.internal.codegen.bindinggraphvalidation.IncompatiblyScopedBindingsValidator: loaded 4 times (x 82B)
Class kotlin.reflect.jvm.internal.ReflectProperties$LazyVal                           : loaded 4 times (x 72B)
Class dagger.internal.codegen.componentgenerator.TopLevelImplementationComponent      : loaded 4 times (x 67B)
Class dagger.internal.codegen.bindinggraphvalidation.DependsOnProductionExecutorValidator: loaded 4 times (x 82B)
Class dagger.internal.codegen.bindinggraphvalidation.ProvisionDependencyOnProducerBindingValidator_Factory$InstanceHolder: loaded 4 times (x 68B)
Class dagger.internal.codegen.bindinggraphvalidation.MissingBindingValidator          : loaded 4 times (x 82B)
Class dagger.spi.internal.shaded.androidx.room.jarjarred.kotlinx.metadata.jvm.JvmMemberSignatureKt: loaded 4 times (x 68B)
Class dagger.spi.internal.shaded.androidx.room.jarjarred.kotlinx.metadata.internal.metadata.jvm.deserialization.JvmNameResolverBase: loaded 4 times (x 77B)
Class dagger.spi.internal.shaded.androidx.room.jarjarred.kotlinx.metadata.jvm.KotlinClassMetadata: loaded 4 times (x 73B)
Class dagger.internal.codegen.validation.ComponentDescriptorValidator                 : loaded 4 times (x 69B)
Class dagger.internal.codegen.base.ComponentCreatorAnnotation                         : loaded 4 times (x 76B)
Class dagger.internal.codegen.base.Util                                               : loaded 4 times (x 68B)
Class dagger.hilt.processor.internal.HiltProcessingEnvConfigs                         : loaded 4 times (x 68B)
Class com.google.common.cache.LocalCache$EntryFactory$7                               : loaded 4 times (x 80B)
Class kotlin.reflect.jvm.internal.KClassImpl$Data$typeParameters$2                    : loaded 4 times (x 76B)
Class [Ldagger.internal.codegen.binding.FrameworkType;                                : loaded 4 times (x 66B)
Class dagger.spi.internal.shaded.androidx.room.compiler.processing.XMethodType        : loaded 4 times (x 67B)
Class dagger.spi.internal.shaded.androidx.room.compiler.processing.javac.JavacProcessingEnv$WhenMappings: loaded 4 times (x 68B)
Class dagger.internal.codegen.base.ContributionType                                   : loaded 4 times (x 76B)
Class com.squareup.javapoet.TypeName$1                                                : loaded 4 times (x 106B)
Class dagger.internal.codegen.model.AutoValue_DependencyRequest$Builder               : loaded 4 times (x 74B)
Class dagger.spi.internal.shaded.androidx.room.compiler.processing.javac.DefaultJavacType$equalityItems$2: loaded 4 times (x 76B)
Class com.google.common.base.JdkPattern                                               : loaded 4 times (x 72B)
Class [Ldagger.internal.codegen.base.ContributionType;                                : loaded 4 times (x 66B)
Class dagger.internal.codegen.model.DaggerTypeElement                                 : loaded 4 times (x 71B)
Class dagger.internal.codegen.validation.ComponentHierarchyValidator                  : loaded 4 times (x 69B)
Class dagger.spi.internal.shaded.androidx.room.compiler.processing.KClassExtKt        : loaded 4 times (x 68B)
Class dagger.internal.codegen.validation.SpiModelBindingGraphConverter$DaggerProcessingEnvImpl: loaded 4 times (x 73B)
Class dagger.internal.codegen.validation.BindsOptionalOfMethodValidator               : loaded 4 times (x 75B)
Class dagger.internal.codegen.DelegateComponentProcessor$SourceFileGeneratorsModule   : loaded 4 times (x 67B)
Class dagger.internal.codegen.validation.ProvidesMethodValidator_Factory              : loaded 4 times (x 79B)
Class dagger.internal.codegen.DaggerDelegateComponentProcessor_Injector$Factory       : loaded 4 times (x 71B)
Class [Landroidx.room.processor.Context$BooleanProcessorOptions;                      : loaded 4 times (x 66B)
Class dagger.internal.codegen.validation.BindsInstanceMethodValidator$Validator       : loaded 4 times (x 74B)
Class dagger.spi.internal.shaded.androidx.room.jarjarred.kotlinx.metadata.jvm.JvmDeclarationContainerExtensionVisitor: loaded 4 times (x 78B)
Class dagger.spi.internal.shaded.androidx.room.jarjarred.kotlinx.metadata.internal.metadata.ProtoBuf$PropertyOrBuilder: loaded 4 times (x 67B)
Class dagger.spi.internal.shaded.androidx.room.jarjarred.kotlinx.metadata.jvm.internal.JvmExceptionUtilsKt: loaded 4 times (x 68B)
Class dagger.spi.internal.shaded.auto.common.GeneratedAnnotations                     : loaded 4 times (x 68B)
Class dagger.internal.codegen.binding.BindingGraphConverter_Factory                   : loaded 4 times (x 78B)
Class dagger.spi.internal.shaded.androidx.room.compiler.processing.javac.JavacAnnotation$defaultValues$2: loaded 4 times (x 76B)
Class kotlin.reflect.jvm.internal.KDeclarationContainerImpl$Data$moduleData$2         : loaded 4 times (x 76B)
Class dagger.hilt.android.processor.internal.viewmodel.ViewModelProcessor             : loaded 4 times (x 97B)
Class dagger.hilt.processor.internal.root.RootProcessingStep                          : loaded 4 times (x 84B)
Class dagger.internal.codegen.base.ElementFormatter_Factory$InstanceHolder            : loaded 4 times (x 68B)
Class [Ldagger.internal.codegen.compileroption.ValidationType;                        : loaded 4 times (x 66B)
Class dagger.internal.codegen.writing.AnnotationCreatorGenerator_Factory              : loaded 4 times (x 79B)
Class dagger.spi.internal.shaded.androidx.room.jarjarred.kotlinx.metadata.KmTypeParameterVisitor: loaded 4 times (x 72B)
Class dagger.internal.codegen.processingstep.MultibindingAnnotationsProcessingStep_Factory: loaded 4 times (x 79B)
Class dagger.spi.internal.shaded.androidx.room.compiler.processing.javac.kotlin.KmVisibility: loaded 4 times (x 67B)
Class dagger.internal.codegen.base.AutoValue_ComponentAnnotation                      : loaded 4 times (x 73B)
Class [Ldagger.spi.internal.shaded.androidx.room.jarjarred.kotlinx.metadata.internal.metadata.ProtoBuf$Effect$EffectType;: loaded 4 times (x 66B)
Class dagger.internal.codegen.binding.ComponentDescriptor                             : loaded 4 times (x 94B)
Class dagger.hilt.processor.internal.root.ComponentTreeDepsProcessingStep             : loaded 4 times (x 84B)
Class dagger.internal.codegen.DelegateComponentProcessor                              : loaded 4 times (x 69B)
Class com.squareup.javapoet.ParameterSpec$Builder                                     : loaded 4 times (x 69B)
Class dagger.spi.internal.shaded.androidx.room.jarjarred.kotlinx.metadata.KmFunctionExtensionVisitor: loaded 4 times (x 67B)
Class dagger.hilt.android.processor.internal.AndroidClassNames                        : loaded 4 times (x 68B)
Class kotlin.reflect.jvm.internal.KClassImpl$Data$declaredStaticMembers$2             : loaded 4 times (x 76B)
Class kotlin.reflect.jvm.internal.KProperty1Impl$delegateSource$1                     : loaded 4 times (x 76B)
Class dagger.spi.internal.shaded.androidx.room.jarjarred.kotlinx.metadata.KmExtensionType: loaded 4 times (x 69B)
Class dagger.spi.internal.shaded.androidx.room.compiler.processing.javac.JavacTypeElement$typeParameters$2: loaded 4 times (x 76B)
Class [Ldagger.hilt.processor.internal.optionvalues.BooleanValue;                     : loaded 4 times (x 66B)
Class dagger.spi.internal.shaded.androidx.room.jarjarred.kotlinx.metadata.jvm.JvmFunctionExtensionVisitor$Companion: loaded 4 times (x 68B)
Class dagger.spi.internal.shaded.androidx.room.jarjarred.kotlinx.metadata.Attributes$kind$2: loaded 4 times (x 134B)
Class dagger.spi.internal.shaded.androidx.room.compiler.processing.XProcessingEnvConfig: loaded 4 times (x 68B)
Class com.google.common.collect.Maps$KeySet                                           : loaded 4 times (x 134B)
Class [Lcom.google.common.collect.AbstractIterator$State;                             : loaded 4 times (x 66B)
Class kotlin.reflect.jvm.internal.KProperty1Impl$_getter$1                            : loaded 4 times (x 76B)
Class dagger.spi.internal.shaded.androidx.room.jarjarred.kotlinx.metadata.internal.metadata.ProtoBuf$Annotation$1: loaded 4 times (x 141B)
Class dagger.spi.internal.shaded.androidx.room.jarjarred.kotlinx.metadata.internal.FlagDelegatesImplKt$classBooleanFlag$1: loaded 4 times (x 134B)
Class dagger.spi.model.BindingGraph$Node                                              : loaded 4 times (x 67B)
Class dagger.spi.internal.shaded.androidx.room.jarjarred.kotlinx.metadata.internal.metadata.deserialization.VersionRequirementTable: loaded 4 times (x 69B)
Class dagger.internal.codegen.binding.MembersInjectionBinding                         : loaded 4 times (x 80B)
Class dagger.internal.codegen.model.BindingGraph                                      : loaded 4 times (x 90B)
Class com.google.common.base.Suppliers$SupplierOfInstance                             : loaded 4 times (x 76B)
Class dagger.spi.internal.shaded.androidx.room.jarjarred.kotlinx.metadata.KmTypeParameterExtensionVisitor: loaded 4 times (x 67B)
Class com.google.common.cache.CacheBuilder$2                                          : loaded 4 times (x 76B)
Class dagger.internal.codegen.binding.AutoValue_DelegateDeclaration                   : loaded 4 times (x 80B)
Class dagger.internal.codegen.validation.DependencyRequestValidator                   : loaded 4 times (x 69B)
Class dagger.internal.SingleCheck                                                     : loaded 4 times (x 77B)
Class com.google.common.cache.LocalCache                                              : loaded 4 times (x 184B)
Class dagger.spi.internal.shaded.androidx.room.compiler.processing.javac.JavacBasicAnnotationProcessor$2: loaded 4 times (x 76B)
Class dagger.spi.internal.shaded.androidx.room.compiler.processing.util.MemoizedSequence: loaded 4 times (x 72B)
Class dagger.spi.internal.shaded.androidx.room.compiler.processing.javac.JavacMethodElement: loaded 4 times (x 266B)
Class [Ldagger.spi.internal.shaded.androidx.room.jarjarred.kotlinx.metadata.MemberKind;: loaded 4 times (x 66B)
Class dagger.spi.internal.shaded.androidx.room.jarjarred.kotlinx.metadata.internal.protobuf.AbstractMessageLite$Builder: loaded 4 times (x 119B)
Class dagger.spi.internal.shaded.androidx.room.jarjarred.kotlinx.metadata.internal.metadata.jvm.deserialization.JvmNameResolver: loaded 4 times (x 77B)
Class dagger.internal.codegen.xprocessing.XAnnotations                                : loaded 4 times (x 68B)
Class com.squareup.kotlinpoet.TypeName$Companion                                      : loaded 4 times (x 68B)
Class dagger.spi.internal.shaded.androidx.room.compiler.codegen.XTypeName$Companion   : loaded 4 times (x 68B)
Class dagger.spi.internal.shaded.androidx.room.compiler.processing.javac.JavacTypeElement$qualifiedName$2: loaded 4 times (x 76B)
Class dagger.internal.codegen.model.AutoValue_DaggerType                              : loaded 4 times (x 72B)
Class kotlin.reflect.jvm.internal.KCallableImpl$_typeParameters$1                     : loaded 4 times (x 76B)
Class dagger.spi.internal.shaded.auto.common.AnnotationMirrors                        : loaded 4 times (x 68B)
Class com.google.common.cache.LocalCache$ComputingValueReference                      : loaded 4 times (x 94B)
Class dagger.internal.codegen.binding.$AutoValue_MembersInjectionBinding_InjectionSite: loaded 4 times (x 74B)
Class dagger.spi.internal.shaded.androidx.room.compiler.processing.XMethodElement     : loaded 4 times (x 67B)
Class dagger.spi.internal.shaded.androidx.room.compiler.processing.javac.JavacMethodElement$typeParameters$2: loaded 4 times (x 76B)
Class dagger.spi.internal.shaded.androidx.room.jarjarred.kotlinx.metadata.internal.extensions.MetadataExtensions: loaded 4 times (x 67B)
Class dagger.spi.internal.shaded.androidx.room.jarjarred.kotlinx.metadata.internal.extensions.MetadataExtensions$Companion$INSTANCES$2: loaded 4 times (x 75B)
Class dagger.hilt.processor.internal.aggregateddeps.AggregatedDepsProcessingStep      : loaded 4 times (x 84B)
Class dagger.internal.codegen.xprocessing.XTypes$TypeResolutionVisitor                : loaded 4 times (x 98B)
Class [Ldagger.internal.codegen.base.ComponentCreatorKind;                            : loaded 4 times (x 66B)
Class dagger.internal.codegen.processingstep.ProcessingStepsModule_ProcessingStepsFactory: loaded 4 times (x 79B)
Class dagger.internal.codegen.DelegateComponentProcessor_MembersInjector              : loaded 4 times (x 72B)
Class dagger.internal.codegen.compileroption.ProcessingEnvironmentCompilerOptions_Factory: loaded 4 times (x 79B)
Class kotlin.comparisons.NaturalOrderComparator                                       : loaded 4 times (x 85B)
Class androidx.room.Database                                                          : loaded 4 times (x 67B)
Class dagger.spi.internal.shaded.androidx.room.jarjarred.kotlinx.metadata.KmClassifier$Class: loaded 4 times (x 69B)
Class dagger.spi.internal.shaded.androidx.room.jarjarred.kotlinx.metadata.internal.protobuf.FieldSet$1: loaded 4 times (x 68B)
Class dagger.spi.internal.shaded.androidx.room.jarjarred.kotlinx.metadata.internal.metadata.ProtoBuf$TypeOrBuilder: loaded 4 times (x 67B)
Class dagger.spi.internal.shaded.androidx.room.jarjarred.kotlinx.metadata.internal.protobuf.AbstractParser: loaded 4 times (x 141B)
Class com.google.common.base.CharMatcher$None                                         : loaded 4 times (x 109B)
Class dagger.spi.internal.shaded.androidx.room.compiler.processing.XProcessingEnvConfig$Builder: loaded 4 times (x 69B)
Class dagger.spi.internal.shaded.androidx.room.compiler.processing.javac.JavacType$typeElement$2: loaded 4 times (x 76B)
Class dagger.hilt.android.processor.internal.viewmodel.ViewModelProcessingStep        : loaded 4 times (x 84B)
Class dagger.spi.internal.shaded.auto.common.MoreElements                             : loaded 4 times (x 68B)
Class dagger.spi.internal.shaded.androidx.room.compiler.processing.javac.JavacTypeElement$Companion: loaded 4 times (x 68B)
Class com.google.common.cache.LocalCache$EntryFactory$8                               : loaded 4 times (x 80B)
Class dagger.internal.codegen.xprocessing.XExecutableTypes                            : loaded 4 times (x 68B)
Class dagger.internal.codegen.processingstep.MapKeyProcessingStep                     : loaded 4 times (x 83B)
Class dagger.spi.internal.shaded.androidx.room.compiler.processing.javac.kotlin.KmFunctionContainer: loaded 4 times (x 67B)
Class dagger.internal.codegen.processingstep.ModuleProcessingStep                     : loaded 4 times (x 83B)
Class com.google.common.cache.LocalCache$Segment                                      : loaded 4 times (x 151B)
Class dagger.internal.codegen.bindinggraphvalidation.InjectBindingValidator           : loaded 4 times (x 82B)
Class dagger.internal.codegen.validation.DependencyRequestValidator$Validator         : loaded 4 times (x 69B)
Class dagger.spi.internal.shaded.androidx.room.compiler.processing.javac.JavacPackageElement$qualifiedName$2: loaded 4 times (x 76B)
Class dagger.internal.codegen.binding.AutoValue_Nullability                           : loaded 4 times (x 71B)
Class dagger.internal.codegen.extension.DaggerCollectors$ToOptionalState              : loaded 4 times (x 69B)
Class dagger.spi.internal.shaded.androidx.room.compiler.processing.javac.JavacFieldElement$getter$2: loaded 4 times (x 76B)
Class dagger.internal.codegen.binding.ProvisionBinding                                : loaded 4 times (x 87B)
Class dagger.internal.codegen.writing.InaccessibleMapKeyProxyGenerator                : loaded 4 times (x 74B)
Class dagger.internal.codegen.base.DaggerSuperficialValidation$ValidationException$UnexpectedException: loaded 4 times (x 80B)
Class dagger.internal.codegen.binding.InjectionSiteFactory                            : loaded 4 times (x 69B)
Class com.google.common.cache.CacheBuilder$1                                          : loaded 4 times (x 82B)
Class [Lcom.google.common.cache.LocalCache$Strength;                                  : loaded 4 times (x 66B)
Class dagger.spi.internal.shaded.androidx.room.compiler.processing.javac.JavacMethodElement$kotlinDefaultImplClass$2: loaded 4 times (x 76B)
Class kotlin.reflect.jvm.internal.KClassImpl$Data$supertypes$2                        : loaded 4 times (x 76B)
Class dagger.internal.codegen.processingstep.AssistedProcessingStep                   : loaded 4 times (x 83B)
Class com.squareup.kotlinpoet.WildcardTypeName                                        : loaded 4 times (x 83B)
Class com.squareup.kotlinpoet.ClassName                                               : loaded 4 times (x 86B)
Class dagger.hilt.processor.internal.originatingelement.OriginatingElementProcessingStep: loaded 4 times (x 84B)
Class [Lcom.google.common.cache.LocalCache$Segment;                                   : loaded 4 times (x 66B)
Class dagger.internal.codegen.componentgenerator.TopLevelImplementationComponent$Factory: loaded 4 times (x 67B)
Class dagger.spi.internal.shaded.androidx.room.compiler.processing.InternalXAnnotationValue$Companion: loaded 4 times (x 68B)
Class dagger.spi.internal.shaded.androidx.room.compiler.processing.javac.JavacProcessingEnv$Companion: loaded 4 times (x 68B)
Class dagger.hilt.processor.internal.root.RootType                                    : loaded 4 times (x 76B)
Class dagger.spi.internal.shaded.androidx.room.compiler.processing.XEquality          : loaded 4 times (x 67B)
Class com.google.common.cache.CacheLoader                                             : loaded 4 times (x 71B)
Class dagger.internal.codegen.writing.ModuleProxies                                   : loaded 4 times (x 68B)
Class dagger.spi.internal.shaded.androidx.room.jarjarred.kotlinx.metadata.internal.protobuf.ByteString$Output: loaded 4 times (x 83B)
Class dagger.spi.internal.shaded.androidx.room.jarjarred.kotlinx.metadata.internal.metadata.jvm.deserialization.UtfEncodingKt: loaded 4 times (x 68B)
Class dagger.internal.codegen.componentgenerator.ComponentHjarGenerator_Factory       : loaded 4 times (x 79B)
Class dagger.internal.codegen.validation.ValidationBindingGraphPlugin                 : loaded 4 times (x 82B)
Class dagger.internal.codegen.processingstep.MonitoringModuleProcessingStep           : loaded 4 times (x 83B)
Class dagger.internal.codegen.processingstep.InjectProcessingStep_Factory             : loaded 4 times (x 79B)
Class dagger.internal.codegen.bindinggraphvalidation.SubcomponentFactoryMethodValidator_Factory$InstanceHolder: loaded 4 times (x 68B)
Class dagger.spi.internal.shaded.androidx.room.jarjarred.kotlinx.metadata.internal.metadata.ProtoBuf$VersionRequirement$VersionKind$1: loaded 4 times (x 71B)
Class dagger.spi.internal.shaded.androidx.room.jarjarred.kotlinx.metadata.internal.protobuf.AbstractMessageLite$Builder$LimitedInputStream: loaded 4 times (x 89B)
Class dagger.spi.internal.shaded.androidx.room.jarjarred.kotlinx.metadata.internal.metadata.jvm.deserialization.JvmMemberSignature: loaded 4 times (x 71B)
Class dagger.spi.internal.shaded.androidx.room.jarjarred.kotlinx.metadata.internal.metadata.jvm.deserialization.JvmMemberSignature$Method: loaded 4 times (x 72B)
Class dagger.spi.internal.shaded.androidx.room.jarjarred.kotlinx.metadata.Attributes$modality$10: loaded 4 times (x 134B)
Class dagger.spi.internal.shaded.androidx.room.jarjarred.kotlinx.metadata.KmConstructorExtensionVisitor: loaded 4 times (x 67B)
Class dagger.spi.internal.shaded.androidx.room.jarjarred.kotlinx.metadata.internal.metadata.ProtoBuf$VersionRequirementTable$1: loaded 4 times (x 141B)
Class dagger.spi.internal.shaded.androidx.room.jarjarred.kotlinx.metadata.internal.metadata.jvm.JvmProtoBuf$JvmMethodSignatureOrBuilder: loaded 4 times (x 67B)
Class dagger.spi.internal.shaded.androidx.room.compiler.processing.javac.JavacExecutableElement$enclosingElement$2: loaded 4 times (x 76B)
Class dagger.spi.internal.shaded.androidx.room.jarjarred.kotlinx.metadata.jvm.JvmFieldSignature: loaded 4 times (x 71B)
Class [Ldagger.spi.internal.shaded.androidx.room.jarjarred.kotlinx.metadata.ClassKind;: loaded 4 times (x 66B)
Class com.google.common.graph.PredecessorsFunction                                    : loaded 4 times (x 67B)
Class dagger.spi.internal.shaded.androidx.room.compiler.processing.CommonProcessorDelegate: loaded 4 times (x 69B)
Class androidx.room.util.SimpleJavaVersion$compareTo$$inlined$thenBy$2                : loaded 4 times (x 87B)
Class dagger.spi.internal.shaded.androidx.room.jarjarred.kotlinx.metadata.jvm.JvmMethodSignature: loaded 4 times (x 71B)
Class dagger.spi.internal.shaded.androidx.room.jarjarred.kotlinx.metadata.internal.metadata.ProtoBuf$Visibility: loaded 4 times (x 79B)
Class dagger.spi.internal.shaded.androidx.room.jarjarred.kotlinx.metadata.internal.FlagDelegatesImplKt$constructorBooleanFlag$1: loaded 4 times (x 134B)
Class dagger.spi.internal.shaded.androidx.room.jarjarred.kotlinx.metadata.internal.FlagDelegatesImplKt$propertyAccessorBooleanFlag$1: loaded 4 times (x 134B)
Class com.google.common.base.Splitter$SplittingIterator                               : loaded 4 times (x 81B)
Class dagger.spi.internal.shaded.androidx.room.jarjarred.kotlinx.metadata.internal.FlagDelegatesImplKt$valueParameterBooleanFlag$1: loaded 4 times (x 134B)
Class dagger.internal.codegen.compileroption.CompilerOptions                          : loaded 4 times (x 91B)
Class com.squareup.javapoet.LineWrapper$FlushType                                     : loaded 4 times (x 76B)
Class dagger.spi.internal.shaded.androidx.room.compiler.processing.javac.JavacConstructorElement: loaded 4 times (x 253B)
Class dagger.internal.codegen.model.Key$MultibindingContributionIdentifier            : loaded 4 times (x 70B)
Class dagger.internal.codegen.binding.MapKeys                                         : loaded 4 times (x 68B)
Class dagger.spi.internal.shaded.androidx.room.compiler.processing.javac.JavacMethodType$returnType$2: loaded 4 times (x 76B)
Class dagger.internal.codegen.binding.DependencyRequestFormatter                      : loaded 4 times (x 83B)
Class dagger.internal.codegen.validation.MultibindsMethodValidator                    : loaded 4 times (x 76B)
Class com.squareup.javapoet.FieldSpec                                                 : loaded 4 times (x 69B)
Class [Ldagger.spi.internal.shaded.androidx.room.jarjarred.kotlinx.metadata.Visibility;: loaded 4 times (x 66B)
Class dagger.spi.internal.shaded.androidx.room.jarjarred.kotlinx.metadata.jvm.JvmMemberSignature: loaded 4 times (x 70B)
Class dagger.spi.internal.shaded.androidx.room.jarjarred.kotlinx.metadata.internal.metadata.jvm.JvmProtoBuf$StringTableTypes$RecordOrBuilder: loaded 4 times (x 67B)
Class [Ldagger.spi.internal.shaded.androidx.room.jarjarred.kotlinx.metadata.internal.protobuf.WireFormat$FieldType;: loaded 4 times (x 66B)
Class dagger.spi.internal.shaded.androidx.room.compiler.processing.InternalXAnnotationValue$Kind$Companion: loaded 4 times (x 68B)
Class dagger.internal.codegen.validation.BindingElementValidator$ElementValidator     : loaded 4 times (x 74B)
Class dagger.internal.codegen.processingstep.ModuleProcessingStep_Factory             : loaded 4 times (x 79B)
Class dagger.spi.internal.shaded.androidx.room.compiler.processing.javac.kotlin.KmValueParameterContainer: loaded 4 times (x 69B)
Class dagger.hilt.android.processor.internal.androidentrypoint.AndroidEntryPointProcessor: loaded 4 times (x 97B)
Class dagger.hilt.processor.internal.aliasof.AliasOfProcessingStep                    : loaded 4 times (x 84B)
Class dagger.spi.internal.shaded.androidx.room.jarjarred.kotlinx.metadata.internal.metadata.ProtoBuf$Type$Argument$Projection: loaded 4 times (x 79B)
Class dagger.spi.internal.shaded.androidx.room.compiler.processing.javac.kotlin.JvmDescriptorUtilsKt: loaded 4 times (x 68B)
Class dagger.internal.codegen.base.FrameworkTypes                                     : loaded 4 times (x 68B)
Class dagger.spi.internal.shaded.auto.common.MoreTypes$TypeVariableVisitor            : loaded 4 times (x 99B)
Class com.google.common.base.Ticker                                                   : loaded 4 times (x 69B)
Class [Lcom.google.common.cache.CacheBuilder$OneWeigher;                              : loaded 4 times (x 66B)
Class dagger.internal.codegen.binding.ContributionBinding$1                           : loaded 4 times (x 68B)
Class androidx.room.compiler.processing.javac.JavacBasicAnnotationProcessor$commonDelegate$2: loaded 4 times (x 76B)
Class dagger.spi.internal.shaded.androidx.room.compiler.processing.javac.JavacVariableElement: loaded 4 times (x 197B)
Class com.google.common.cache.LocalCache$LocalManualCache$1                           : loaded 4 times (x 72B)
Class [Lnet.ltgt.gradle.incap.IncrementalAnnotationProcessorType;                     : loaded 4 times (x 66B)
Class dagger.spi.internal.shaded.androidx.room.jarjarred.kotlinx.metadata.jvm.JvmConstructorExtensionVisitor: loaded 4 times (x 75B)
Class dagger.spi.internal.shaded.androidx.room.jarjarred.kotlinx.metadata.jvm.JvmMetadataVersion: loaded 4 times (x 71B)
Class dagger.internal.codegen.extension.Optionals                                     : loaded 4 times (x 68B)
Class dagger.internal.codegen.processingstep.ComponentHjarProcessingStep              : loaded 4 times (x 83B)
Class dagger.spi.internal.shaded.androidx.room.compiler.processing.javac.JavacTypeElement$superClass$2: loaded 4 times (x 76B)
Class dagger.internal.codegen.processingstep.MapKeyProcessingStep_Factory             : loaded 4 times (x 79B)
Class dagger.spi.internal.shaded.androidx.room.jarjarred.kotlinx.metadata.internal.metadata.jvm.JvmProtoBuf$JvmPropertySignatureOrBuilder: loaded 4 times (x 67B)
Class dagger.spi.internal.shaded.androidx.room.compiler.processing.javac.JavacTypeElement: loaded 4 times (x 297B)
Class dagger.spi.internal.shaded.auto.common.Overrides                                : loaded 4 times (x 69B)
Class dagger.spi.internal.shaded.auto.common.MoreTypes                                : loaded 4 times (x 68B)
Class dagger.spi.internal.shaded.androidx.room.compiler.processing.XFieldElement      : loaded 4 times (x 67B)
Class dagger.hilt.android.processor.internal.bindvalue.BindValueMetadata              : loaded 4 times (x 70B)
Class com.squareup.kotlinpoet.TagMap                                                  : loaded 4 times (x 76B)
Class dagger.spi.internal.shaded.androidx.room.jarjarred.kotlinx.metadata.internal.FlagDelegatesImplKt$functionBooleanFlag$1: loaded 4 times (x 134B)
Class dagger.spi.internal.shaded.androidx.room.jarjarred.kotlinx.metadata.internal.metadata.jvm.deserialization.ClassMapperLite: loaded 4 times (x 68B)
Class dagger.spi.internal.shaded.androidx.room.jarjarred.kotlinx.metadata.internal.protobuf.GeneratedMessageLite$Builder: loaded 4 times (x 125B)
Class dagger.spi.internal.shaded.androidx.room.jarjarred.kotlinx.metadata.internal.metadata.ProtoBuf$Property$1: loaded 4 times (x 141B)
Class com.squareup.javapoet.JavaFile$1                                                : loaded 4 times (x 76B)
Class dagger.spi.internal.shaded.androidx.room.jarjarred.kotlinx.metadata.jvm.KotlinClassMetadata$Class: loaded 4 times (x 74B)
Class dagger.spi.internal.shaded.androidx.room.compiler.processing.util.MemoizedSequence$delegateIterator$2: loaded 4 times (x 76B)
Class dagger.spi.internal.shaded.androidx.room.compiler.processing.javac.kotlin.KmClassContainer$type$2: loaded 4 times (x 76B)
Class dagger.spi.internal.shaded.androidx.room.jarjarred.kotlinx.metadata.MemberKind  : loaded 4 times (x 76B)
Class dagger.spi.internal.shaded.androidx.room.jarjarred.kotlinx.metadata.internal.protobuf.GeneratedMessageLite$ExtendableMessageOrBuilder: loaded 4 times (x 67B)
Class dagger.internal.codegen.javapoet.CodeBlocks                                     : loaded 4 times (x 68B)
Class dagger.spi.internal.shaded.androidx.room.jarjarred.kotlinx.metadata.internal.metadata.ProtoBuf$TypeParameter$Variance: loaded 4 times (x 79B)
Class dagger.internal.codegen.bindinggraphvalidation.SubcomponentFactoryMethodValidator_Factory: loaded 4 times (x 78B)
Class dagger.internal.codegen.bindinggraphvalidation.DependencyCycleValidator         : loaded 4 times (x 82B)
Class dagger.internal.codegen.model.AutoValue_DaggerAnnotation                        : loaded 4 times (x 74B)
Class dagger.spi.internal.shaded.androidx.room.jarjarred.kotlinx.metadata.internal.metadata.jvm.JvmProtoBuf$StringTableTypes: loaded 4 times (x 107B)
Class dagger.spi.internal.shaded.androidx.room.compiler.processing.XElement           : loaded 4 times (x 67B)
Class dagger.spi.internal.shaded.androidx.room.jarjarred.kotlinx.metadata.internal.metadata.jvm.JvmProtoBuf$StringTableTypes$Record$Operation: loaded 4 times (x 79B)
Class dagger.spi.internal.shaded.auto.common.MoreTypes$DeclaredTypeVisitor            : loaded 4 times (x 99B)
Class dagger.spi.internal.shaded.androidx.room.compiler.processing.javac.DefaultJavacType: loaded 4 times (x 184B)
Class dagger.internal.codegen.processingstep.BindingMethodProcessingStep_Factory      : loaded 4 times (x 79B)
Class [Ldagger.internal.codegen.model.BindingGraphPlugin;                             : loaded 4 times (x 66B)
Class dagger.internal.codegen.validation.BindingElementValidator$AllowsScoping        : loaded 4 times (x 76B)
Class dagger.internal.codegen.base.Formatter                                          : loaded 4 times (x 82B)
Class dagger.spi.internal.shaded.androidx.room.jarjarred.kotlinx.metadata.internal.metadata.ProtoBuf$TypeTable: loaded 4 times (x 106B)
Class dagger.spi.internal.shaded.androidx.room.jarjarred.kotlinx.metadata.internal.FlagDelegatesImplKt$typeBooleanFlag$1: loaded 4 times (x 134B)
Class [Ldagger.spi.internal.shaded.androidx.room.jarjarred.kotlinx.metadata.Modality; : loaded 4 times (x 66B)
Class dagger.spi.internal.shaded.androidx.room.jarjarred.kotlinx.metadata.internal.metadata.ProtoBuf$MemberKind$1: loaded 4 times (x 71B)
Class dagger.spi.internal.shaded.androidx.room.jarjarred.kotlinx.metadata.KmClassVisitor: loaded 4 times (x 89B)
Class dagger.spi.internal.shaded.androidx.room.compiler.processing.javac.JavacAnnotationValueKt: loaded 4 times (x 68B)
Class dagger.spi.internal.shaded.androidx.room.compiler.processing.javac.JavacMethodElement$kotlinMetadata$2: loaded 4 times (x 76B)
Class dagger.spi.internal.shaded.auto.common.MoreTypes$CastingTypeVisitor             : loaded 4 times (x 99B)
Class dagger.spi.internal.shaded.androidx.room.compiler.processing.XRoundEnv          : loaded 4 times (x 67B)
Class dagger.spi.internal.shaded.androidx.room.jarjarred.kotlinx.metadata.Attributes$visibility$6: loaded 4 times (x 134B)
Class dagger.spi.internal.shaded.androidx.room.jarjarred.kotlinx.metadata.jvm.JvmExtensionsKt: loaded 4 times (x 68B)
Class dagger.internal.codegen.ComponentProcessor                                      : loaded 4 times (x 95B)
Class dagger.spi.internal.shaded.androidx.room.jarjarred.kotlinx.metadata.Attributes$isNullCheckPredicate$2: loaded 4 times (x 134B)
Class dagger.spi.internal.shaded.androidx.room.compiler.processing.javac.JavacArrayType$componentType$2: loaded 4 times (x 76B)
Class dagger.spi.internal.shaded.androidx.room.compiler.processing.XMethodElementKt   : loaded 4 times (x 68B)
Class dagger.internal.codegen.validation.DiagnosticMessageGenerator_Factory_Factory   : loaded 4 times (x 79B)
Class dagger.internal.codegen.validation.BindsInstanceMethodValidator_Factory         : loaded 4 times (x 79B)
Class dagger.internal.codegen.validation.ComponentValidator                           : loaded 4 times (x 72B)
Class com.google.common.cache.ReferenceEntry                                          : loaded 4 times (x 67B)
Class com.google.common.collect.CompactHashing                                        : loaded 4 times (x 68B)
Class androidx.room.compiler.processing.XProcessingEnv$Backend                        : loaded 4 times (x 76B)
Class dagger.internal.codegen.validation.BindingMethodValidator$1                     : loaded 4 times (x 68B)
Class [Ldagger.internal.codegen.binding.BindingType;                                  : loaded 4 times (x 66B)
Class androidx.room.compiler.processing.javac.XTypeElementStore                       : loaded 4 times (x 69B)
Class dagger.internal.codegen.binding.AutoValue_ProvisionBinding                      : loaded 4 times (x 89B)
Class dagger.spi.internal.shaded.androidx.room.compiler.processing.javac.JavacTypeVariableType: loaded 4 times (x 208B)
Class dagger.spi.internal.shaded.androidx.room.compiler.processing.javac.JavacTypeVariableType$equalityItems$2: loaded 4 times (x 76B)
Class dagger.internal.codegen.bindinggraphvalidation.BindingGraphValidationModule     : loaded 4 times (x 67B)
Class dagger.internal.codegen.bindinggraphvalidation.MapMultibindingValidator         : loaded 4 times (x 82B)
Class dagger.internal.codegen.validation.BindsInstanceParameterValidator_Factory      : loaded 4 times (x 79B)
Class dagger.internal.codegen.compileroption.ProcessingEnvironmentCompilerOptions$KeyOnlyOption$1: loaded 4 times (x 83B)
Class dagger.spi.BindingGraphPlugin                                                   : loaded 4 times (x 67B)
Class androidx.room.util.SimpleJavaVersion                                            : loaded 4 times (x 72B)
Class androidx.room.util.SimpleJavaVersion$compareTo$$inlined$thenBy$1                : loaded 4 times (x 87B)
Class dagger.spi.internal.shaded.androidx.room.jarjarred.kotlinx.metadata.internal.protobuf.ByteString$ByteIterator: loaded 4 times (x 67B)
Class dagger.spi.internal.shaded.androidx.room.compiler.processing.javac.JavacMethodParameter$closestMemberContainer$2: loaded 4 times (x 76B)
Class dagger.spi.internal.shaded.androidx.room.jarjarred.kotlinx.metadata.internal.protobuf.Parser: loaded 4 times (x 67B)
Class dagger.spi.internal.shaded.androidx.room.jarjarred.kotlinx.metadata.Attributes$modality$14: loaded 4 times (x 134B)
Class dagger.spi.internal.shaded.androidx.room.jarjarred.kotlinx.metadata.internal.metadata.ProtoBuf$Class$Kind: loaded 4 times (x 79B)
Class dagger.spi.internal.shaded.androidx.room.jarjarred.kotlinx.metadata.internal.metadata.jvm.JvmProtoBuf$StringTableTypes$Record$1: loaded 4 times (x 141B)
Class dagger.spi.internal.shaded.androidx.room.compiler.codegen.XTypeNameKt           : loaded 4 times (x 68B)
Class com.google.common.cache.CacheLoader$1                                           : loaded 4 times (x 72B)
Class dagger.hilt.processor.internal.BadInputException                                : loaded 4 times (x 79B)
Class com.squareup.javapoet.TypeName                                                  : loaded 4 times (x 78B)
Class com.google.common.collect.ForwardingObject                                      : loaded 4 times (x 69B)
Class dagger.internal.codegen.base.ComponentAnnotation                                : loaded 4 times (x 73B)
Class dagger.hilt.android.processor.internal.bindvalue.BindValueProcessor             : loaded 4 times (x 97B)
Class dagger.spi.internal.shaded.androidx.room.compiler.processing.XMemberContainer   : loaded 4 times (x 67B)
Class dagger.internal.codegen.componentgenerator.ComponentHjarGenerator               : loaded 4 times (x 74B)
Class dagger.spi.internal.shaded.androidx.room.compiler.processing.javac.kotlin.KmConstructorContainer: loaded 4 times (x 97B)
Class dagger.spi.internal.shaded.androidx.room.compiler.processing.javac.JavacAnnotationValue$1: loaded 4 times (x 76B)
Class dagger.spi.internal.shaded.androidx.room.jarjarred.kotlinx.metadata.internal.BooleanFlagDelegate: loaded 4 times (x 69B)
Class dagger.spi.internal.shaded.androidx.room.jarjarred.kotlinx.metadata.internal.extensions.KmClassExtension: loaded 4 times (x 67B)
Class dagger.spi.internal.shaded.androidx.room.jarjarred.kotlinx.metadata.internal.protobuf.GeneratedMessageLite$GeneratedExtension: loaded 4 times (x 76B)
Class [Ldagger.spi.internal.shaded.androidx.room.jarjarred.kotlinx.metadata.internal.metadata.ProtoBuf$Expression$ConstantValue;: loaded 4 times (x 66B)
Class dagger.internal.codegen.processingstep.SuperficialValidator_Factory             : loaded 4 times (x 79B)
Class dagger.spi.internal.shaded.androidx.room.compiler.processing.XEnumTypeElement   : loaded 4 times (x 67B)
Class dagger.internal.codegen.compileroption.ProcessingEnvironmentCompilerOptions$KeyOnlyOption$2: loaded 4 times (x 83B)
Class com.google.common.collect.ImmutableMapValues                                    : loaded 4 times (x 123B)
Class com.squareup.javapoet.FieldSpec$Builder                                         : loaded 4 times (x 69B)
Class dagger.MembersInjector                                                          : loaded 4 times (x 67B)
Class kotlin.reflect.jvm.internal.impl.builtins.PrimitiveType$typeFqName$2            : loaded 4 times (x 76B)
Class dagger.internal.codegen.base.AutoValue_ModuleAnnotation                         : loaded 4 times (x 73B)
Class dagger.spi.internal.shaded.androidx.room.jarjarred.kotlinx.metadata.internal.metadata.jvm.JvmProtoBuf$JvmPropertySignature$1: loaded 4 times (x 141B)
Class dagger.spi.internal.shaded.androidx.room.jarjarred.kotlinx.metadata.jvm.JvmPropertyExtensionVisitor: loaded 4 times (x 79B)
Class com.squareup.javapoet.ParameterSpec                                             : loaded 4 times (x 69B)
Class dagger.spi.internal.shaded.androidx.room.jarjarred.kotlinx.metadata.internal.metadata.jvm.JvmProtoBuf$JvmMethodSignature$1: loaded 4 times (x 141B)
Class kotlin.reflect.jvm.internal.KClassImpl$Data$allMembers$2                        : loaded 4 times (x 76B)
Class dagger.spi.internal.shaded.androidx.room.jarjarred.kotlinx.metadata.internal.protobuf.SmallSortedMap$EmptySet$1: loaded 4 times (x 75B)
Class dagger.spi.internal.shaded.androidx.room.jarjarred.kotlinx.metadata.KmValueParameterVisitor: loaded 4 times (x 73B)
Class dagger.internal.codegen.writing.MembersInjectorGenerator_Factory                : loaded 4 times (x 79B)
Class androidx.room.compiler.processing.javac.JavacBasicAnnotationProcessor           : loaded 4 times (x 95B)
Class dagger.internal.codegen.validation.AnyBindingMethodValidator                    : loaded 4 times (x 72B)
Class dagger.hilt.android.processor.internal.bindvalue.BindValueProcessingStep        : loaded 4 times (x 84B)
Class androidx.hilt.AndroidXHiltProcessor                                             : loaded 4 times (x 95B)
Class dagger.spi.internal.shaded.androidx.room.compiler.processing.InternalXAnnotationValue$Kind: loaded 4 times (x 76B)
Class dagger.spi.internal.shaded.androidx.room.compiler.processing.XHasModifiers      : loaded 4 times (x 67B)
Class com.squareup.kotlinpoet.TagMap$Companion                                        : loaded 4 times (x 68B)
Class com.google.common.cache.AbstractCache$StatsCounter                              : loaded 4 times (x 67B)
Class dagger.spi.internal.shaded.androidx.room.compiler.processing.XExecutableElement : loaded 4 times (x 67B)
Class dagger.spi.internal.shaded.androidx.room.compiler.processing.javac.JavacArrayType$xTypeName$2: loaded 4 times (x 76B)
Class com.google.common.cache.CacheLoader$SupplierToCacheLoader                       : loaded 4 times (x 72B)
Class dagger.internal.codegen.validation.BindingMethodValidator$ExceptionSuperclass$3 : loaded 4 times (x 78B)
Class dagger.internal.codegen.binding.AutoValue_MultibindingDeclaration               : loaded 4 times (x 76B)
Class dagger.internal.codegen.binding.$AutoValue_ComponentDescriptor                  : loaded 4 times (x 96B)
Class dagger.internal.codegen.binding.BindingDeclarationFormatter                     : loaded 4 times (x 83B)
Class dagger.spi.internal.shaded.androidx.room.jarjarred.kotlinx.metadata.internal.extensions.KmTypeParameterExtension: loaded 4 times (x 67B)
Class dagger.spi.internal.shaded.androidx.room.compiler.processing.javac.JavacMethodType$typeVariables$2: loaded 4 times (x 76B)
Class com.google.common.cache.CacheStats                                              : loaded 4 times (x 68B)
Class dagger.spi.internal.shaded.androidx.room.compiler.processing.XBasicAnnotationProcessor: loaded 4 times (x 67B)
Class androidx.room.compiler.processing.XBasicAnnotationProcessor                     : loaded 4 times (x 67B)
Class dagger.internal.codegen.DelegateComponentProcessor_SourceFileGeneratorsModule_ProducerFactoryGeneratorFactory: loaded 4 times (x 79B)
Class dagger.internal.codegen.validation.BindsInstanceElementValidator                : loaded 4 times (x 75B)
Class dagger.internal.codegen.validation.BindsMethodValidator                         : loaded 4 times (x 75B)
Class dagger.internal.codegen.processingstep.TypeCheckingProcessingStep_MembersInjector: loaded 4 times (x 72B)
Class dagger.internal.codegen.bindinggraphvalidation.DuplicateBindingsValidator_Factory: loaded 4 times (x 79B)
Class dagger.internal.codegen.extension.DaggerCollectors                              : loaded 4 times (x 68B)
Class dagger.internal.codegen.bindinggraphvalidation.SetMultibindingValidator         : loaded 4 times (x 82B)
Class dagger.internal.codegen.processingstep.MonitoringModuleGenerator                : loaded 4 times (x 74B)
Class dagger.spi.internal.shaded.androidx.room.jarjarred.kotlinx.metadata.jvm.JvmTypeExtensionVisitor$Companion: loaded 4 times (x 68B)
Class dagger.spi.internal.shaded.androidx.room.jarjarred.kotlinx.metadata.jvm.JvmClassExtensionVisitor: loaded 4 times (x 84B)
Class dagger.spi.internal.shaded.androidx.room.jarjarred.kotlinx.metadata.internal.metadata.jvm.deserialization.JvmNameResolverKt: loaded 4 times (x 68B)
Class kotlin.reflect.jvm.internal.CachesKt$CACHE_FOR_NULLABLE_BASE_CLASSIFIERS$1      : loaded 4 times (x 75B)
Class dagger.spi.internal.shaded.androidx.room.compiler.processing.javac.JavacTypeElement$enclosingTypeElement$2: loaded 4 times (x 76B)
Class dagger.spi.internal.shaded.androidx.room.compiler.processing.javac.JavacProcessingEnv: loaded 4 times (x 118B)
Class dagger.internal.codegen.binding.ContributionBinding                             : loaded 4 times (x 86B)
Class dagger.spi.internal.shaded.androidx.room.compiler.processing.InternalXAnnotated : loaded 4 times (x 67B)
Class dagger.spi.internal.shaded.androidx.room.compiler.processing.javac.JavacAnnotation$type$2: loaded 4 times (x 76B)
Class kotlin.annotation.Repeatable                                                    : loaded 4 times (x 67B)
Class androidx.room.compiler.processing.javac.JavacFiler                              : loaded 4 times (x 75B)
Class com.squareup.javapoet.ClassName$1                                               : loaded 4 times (x 94B)
Class com.squareup.javapoet.JavaFile                                                  : loaded 4 times (x 69B)
Class dagger.spi.internal.shaded.androidx.room.compiler.processing.javac.JavacType$xTypeName$2: loaded 4 times (x 76B)
Class dagger.spi.internal.shaded.androidx.room.compiler.processing.javac.JavacMethodElement$returnType$2: loaded 4 times (x 76B)
Class dagger.internal.codegen.xprocessing.XAnnotationValues$1                         : loaded 4 times (x 81B)
Class [Ldagger.spi.internal.shaded.androidx.room.compiler.processing.InternalXAnnotationValue$Kind;: loaded 4 times (x 66B)
Class dagger.spi.internal.shaded.androidx.room.compiler.processing.javac.JavacMethodType$Companion: loaded 4 times (x 68B)
Class dagger.hilt.processor.internal.aggregateddeps.AggregatedDepsGenerator           : loaded 4 times (x 69B)
Class dagger.spi.internal.shaded.androidx.room.jarjarred.kotlinx.metadata.internal.metadata.ProtoBuf$Expression$ConstantValue$1: loaded 4 times (x 71B)
Class dagger.internal.codegen.base.RequestKinds                                       : loaded 4 times (x 68B)
Class [Ldagger.spi.internal.shaded.androidx.room.jarjarred.kotlinx.metadata.internal.protobuf.WireFormat$JavaType;: loaded 4 times (x 66B)
Class dagger.internal.codegen.xprocessing.XProcessingEnvs$1                           : loaded 4 times (x 68B)
Class com.google.common.collect.CompactHashSet                                        : loaded 4 times (x 147B)
Class dagger.hilt.android.processor.internal.bindvalue.AutoValue_BindValueMetadata    : loaded 4 times (x 71B)
Class dagger.spi.internal.shaded.androidx.room.jarjarred.kotlinx.metadata.internal.FlagImpl: loaded 4 times (x 68B)
Class dagger.internal.codegen.validation.SpiModelBindingGraphConverter                : loaded 4 times (x 68B)
Class dagger.internal.codegen.binding.AutoValue_ModuleDescriptor                      : loaded 4 times (x 83B)
Class dagger.internal.codegen.compileroption.ValidationType                           : loaded 4 times (x 76B)
Class dagger.spi.internal.shaded.androidx.room.jarjarred.kotlinx.metadata.internal.metadata.ProtoBuf$Type$Argument$Projection$1: loaded 4 times (x 71B)
Class dagger.spi.internal.shaded.androidx.room.jarjarred.kotlinx.metadata.internal.metadata.ProtoBuf$Expression$ConstantValue: loaded 4 times (x 79B)
Class dagger.spi.internal.shaded.androidx.room.jarjarred.kotlinx.metadata.internal.metadata.deserialization.ProtoTypeTableUtilKt: loaded 4 times (x 68B)
Class dagger.spi.internal.shaded.androidx.room.jarjarred.kotlinx.metadata.internal.metadata.ProtoBuf$VersionRequirementTable: loaded 4 times (x 104B)
Class dagger.spi.internal.shaded.androidx.room.jarjarred.kotlinx.metadata.internal.metadata.ProtoBuf$Contract$1: loaded 4 times (x 141B)
Class dagger.spi.internal.shaded.androidx.room.jarjarred.kotlinx.metadata.jvm.internal.JvmReadUtils: loaded 4 times (x 68B)
Class dagger.spi.internal.shaded.androidx.room.compiler.processing.javac.VisitorData  : loaded 4 times (x 69B)
Class dagger.spi.internal.shaded.androidx.room.jarjarred.kotlinx.metadata.internal.metadata.ProtoBuf$PackageOrBuilder: loaded 4 times (x 67B)
Class com.squareup.kotlinpoet.UtilKt                                                  : loaded 4 times (x 68B)
Class [Ldagger.spi.internal.shaded.androidx.room.jarjarred.kotlinx.metadata.internal.metadata.ProtoBuf$TypeParameter$Variance;: loaded 4 times (x 66B)
Class androidx.room.RoomProcessor                                                     : loaded 4 times (x 95B)
Class dagger.hilt.processor.internal.JavacBaseProcessingStepProcessor                 : loaded 4 times (x 97B)
Class dagger.internal.codegen.binding.BindingDeclarationFormatter_Factory             : loaded 4 times (x 79B)
Class dagger.internal.codegen.kotlin.KotlinMetadataUtil                               : loaded 4 times (x 69B)
Class dagger.internal.codegen.base.ContributionType$HasContributionType               : loaded 4 times (x 67B)
Class dagger.internal.codegen.validation.BindingMethodValidator$ExceptionSuperclass$2 : loaded 4 times (x 78B)
Class com.google.common.collect.Sets$FilteredSet                                      : loaded 4 times (x 134B)
Class dagger.internal.codegen.model.AutoValue_Key_MultibindingContributionIdentifier  : loaded 4 times (x 71B)
Class dagger.hilt.android.processor.internal.customtestapplication.CustomTestApplicationProcessingStep: loaded 4 times (x 84B)
Class dagger.spi.internal.shaded.androidx.room.compiler.processing.XAnnotated         : loaded 4 times (x 67B)
Class [Lcom.google.common.cache.LocalCache$EntryFactory;                              : loaded 4 times (x 66B)
Class com.squareup.javapoet.TypeSpec                                                  : loaded 4 times (x 69B)
Class dagger.spi.internal.shaded.androidx.room.jarjarred.kotlinx.metadata.internal.protobuf.RopeByteString: loaded 4 times (x 107B)
Class kotlin.reflect.jvm.internal.KMutableProperty1Impl$_setter$1                     : loaded 4 times (x 76B)
Class dagger.internal.codegen.validation.SpiModelBindingGraphConverter$1              : loaded 4 times (x 68B)
Class dagger.internal.codegen.writing.FactoryGenerator_Factory                        : loaded 4 times (x 79B)
Class dagger.internal.codegen.binding.InjectionAnnotations                            : loaded 4 times (x 69B)
Class dagger.internal.codegen.binding.DependencyRequestFormatter_Factory              : loaded 4 times (x 79B)
Class [Ldagger.spi.internal.shaded.androidx.room.jarjarred.kotlinx.metadata.KmVariance;: loaded 4 times (x 66B)
Class dagger.spi.internal.shaded.androidx.room.compiler.processing.javac.JavacTypeElement$allMethods$1: loaded 4 times (x 76B)
Class dagger.hilt.processor.internal.Components                                       : loaded 4 times (x 68B)
Class dagger.spi.internal.shaded.androidx.room.jarjarred.kotlinx.metadata.internal.metadata.jvm.deserialization.JvmMemberSignature$Field: loaded 4 times (x 72B)
Class dagger.spi.internal.shaded.auto.common.Overrides$ExplicitOverrides              : loaded 4 times (x 73B)
Class dagger.spi.internal.shaded.androidx.room.jarjarred.kotlinx.metadata.jvm.JvmFunctionExtensionVisitor: loaded 4 times (x 77B)
Class dagger.spi.internal.shaded.androidx.room.jarjarred.kotlinx.metadata.KmExtensionVisitor: loaded 4 times (x 67B)
Class dagger.spi.internal.shaded.androidx.room.jarjarred.kotlinx.metadata.internal.protobuf.GeneratedMessageLite$1: loaded 4 times (x 68B)
Class dagger.spi.internal.shaded.androidx.room.compiler.processing.javac.JavacDeclaredType$equalityItems$2: loaded 4 times (x 76B)
Class com.squareup.kotlinpoet.TypeName$cachedString$2                                 : loaded 4 times (x 76B)
Class com.squareup.javapoet.LineWrapper                                               : loaded 4 times (x 69B)
Class dagger.spi.internal.shaded.androidx.room.compiler.processing.javac.kotlin.KotlinClassMetadataUtilsKt: loaded 4 times (x 68B)
Class dagger.spi.internal.shaded.androidx.room.compiler.processing.javac.JavacMethodParameter: loaded 4 times (x 222B)
Class [Ldagger.spi.internal.shaded.androidx.room.jarjarred.kotlinx.metadata.internal.metadata.ProtoBuf$Type$Argument$Projection;: loaded 4 times (x 66B)
Class dagger.spi.internal.shaded.androidx.room.jarjarred.kotlinx.metadata.internal.protobuf.FieldSet$FieldDescriptorLite: loaded 4 times (x 67B)
Class dagger.spi.internal.shaded.androidx.room.jarjarred.kotlinx.metadata.Modality    : loaded 4 times (x 76B)
Class [Ldagger.internal.codegen.writing.InjectionMethods$InstanceCastPolicy;          : loaded 4 times (x 66B)
Class dagger.internal.codegen.binding.DelegateDeclaration_Factory_Factory             : loaded 4 times (x 79B)
Class dagger.internal.codegen.binding.ModuleDescriptor_Factory_Factory                : loaded 4 times (x 79B)
Class dagger.internal.codegen.bindinggraphvalidation.MissingBindingValidator_Factory  : loaded 4 times (x 79B)
Class dagger.internal.codegen.bindinggraphvalidation.SetMultibindingValidator_Factory$InstanceHolder: loaded 4 times (x 68B)
Class com.google.common.cache.LocalCache$LocalManualCache                             : loaded 4 times (x 96B)
Class dagger.spi.internal.shaded.androidx.room.compiler.processing.XExecutableType    : loaded 4 times (x 67B)
Class com.google.common.base.CommonPattern                                            : loaded 4 times (x 71B)
Class dagger.internal.codegen.model.DependencyRequest                                 : loaded 4 times (x 72B)
Class dagger.internal.codegen.writing.UnwrappedMapKeyGenerator                        : loaded 4 times (x 77B)
Class dagger.internal.codegen.validation.BindingMethodValidator$ExceptionSuperclass$1 : loaded 4 times (x 78B)
Class dagger.internal.codegen.processingstep.BindsInstanceProcessingStep_Factory      : loaded 4 times (x 79B)
Class dagger.internal.codegen.validation.ProducesMethodValidator$Validator            : loaded 4 times (x 77B)
Class dagger.internal.codegen.processingstep.MonitoringModuleGenerator_Factory        : loaded 4 times (x 79B)
Class dagger.internal.codegen.validation.InjectValidator_Factory                      : loaded 4 times (x 79B)
Class dagger.spi.model.BindingGraphPlugin                                             : loaded 4 times (x 67B)
Class [Landroidx.room.processor.Context$ProcessorOptions;                             : loaded 4 times (x 66B)
Class dagger.internal.codegen.binding.ModuleDescriptor$Factory                        : loaded 4 times (x 72B)
Class dagger.spi.internal.shaded.androidx.room.jarjarred.kotlinx.metadata.internal.EnumFlagDelegate: loaded 4 times (x 69B)
Class dagger.spi.internal.shaded.androidx.room.jarjarred.kotlinx.metadata.internal.FlagDelegatesImplKt: loaded 4 times (x 68B)
Class dagger.spi.internal.shaded.androidx.room.jarjarred.kotlinx.metadata.jvm.internal.JvmConstructorExtension: loaded 4 times (x 80B)
Class dagger.spi.internal.shaded.androidx.room.jarjarred.kotlinx.metadata.internal.metadata.ProtoBuf$VersionRequirementTableOrBuilder: loaded 4 times (x 67B)
Class dagger.spi.internal.shaded.androidx.room.jarjarred.kotlinx.metadata.internal.metadata.ProtoBuf$Function$1: loaded 4 times (x 141B)
Class com.google.common.collect.AbstractMapBasedMultimap$WrappedCollection            : loaded 4 times (x 121B)
Class dagger.spi.internal.shaded.androidx.room.compiler.codegen.XClassName            : loaded 4 times (x 72B)
Class [Ldagger.internal.codegen.validation.ValidationBindingGraphPlugin;              : loaded 4 times (x 66B)
Class dagger.internal.codegen.base.RequestKinds$1                                     : loaded 4 times (x 68B)
Class dagger.internal.codegen.base.DaggerSuperficialValidation$1                      : loaded 4 times (x 68B)
Class dagger.spi.internal.shaded.androidx.room.jarjarred.kotlinx.metadata.internal.protobuf.SmallSortedMap$EmptySet$2: loaded 4 times (x 75B)
Class com.google.common.base.AbstractIterator                                         : loaded 4 times (x 77B)
Class dagger.spi.internal.shaded.androidx.room.compiler.processing.javac.JavacType    : loaded 4 times (x 184B)
Class dagger.internal.codegen.binding.SubcomponentDeclaration_Factory_Factory         : loaded 4 times (x 79B)
Class dagger.spi.internal.shaded.androidx.room.compiler.processing.XPackageElement    : loaded 4 times (x 67B)
Class dagger.internal.codegen.binding.MembersInjectionBinding$InjectionSite$Kind      : loaded 4 times (x 76B)
Class dagger.internal.codegen.binding.AutoValue_MembersInjectionBinding_InjectionSite : loaded 4 times (x 74B)
Class dagger.internal.codegen.binding.MembersInjectionBinding$InjectionSite           : loaded 4 times (x 73B)
Class dagger.internal.codegen.bindinggraphvalidation.DependencyCycleValidator_Factory : loaded 4 times (x 79B)
Class dagger.internal.codegen.model.AutoValue_DaggerProcessingEnv                     : loaded 4 times (x 72B)
Class dagger.spi.internal.shaded.androidx.room.compiler.processing.XMessager          : loaded 4 times (x 70B)
Class [Lcom.squareup.javapoet.ClassName;                                              : loaded 4 times (x 66B)
Class dagger.internal.codegen.validation.DiagnosticReporterFactory_Factory            : loaded 4 times (x 79B)
Class dagger.spi.internal.shaded.androidx.room.compiler.processing.JavaPoetExtKt      : loaded 4 times (x 68B)
Class com.google.common.collect.AbstractMapBasedMultimap$KeySet                       : loaded 4 times (x 134B)
Class dagger.spi.internal.shaded.androidx.room.compiler.processing.javac.JavacFiler   : loaded 4 times (x 75B)
Class [Ldagger.spi.internal.shaded.androidx.room.jarjarred.kotlinx.metadata.internal.metadata.ProtoBuf$MemberKind;: loaded 4 times (x 66B)
Class dagger.spi.internal.shaded.androidx.room.jarjarred.kotlinx.metadata.jvm.JvmClassExtensionVisitor$Companion: loaded 4 times (x 68B)
Class dagger.spi.internal.shaded.androidx.room.jarjarred.kotlinx.metadata.internal.protobuf.UninitializedMessageException: loaded 4 times (x 81B)
Class com.squareup.javapoet.WildcardTypeName                                          : loaded 4 times (x 78B)
Class kotlin.reflect.jvm.internal.CachesKt$CACHE_FOR_GENERIC_CLASSIFIERS$1            : loaded 4 times (x 75B)
Class dagger.internal.codegen.model.AutoValue_Scope                                   : loaded 4 times (x 70B)
Class dagger.internal.codegen.validation.ModuleValidator                              : loaded 4 times (x 69B)
Class dagger.spi.internal.shaded.androidx.room.compiler.processing.javac.JavacProcessingEnv$typeElementStore$1: loaded 4 times (x 76B)
Class androidx.room.compiler.processing.javac.JavacBasicAnnotationProcessor$steps$2   : loaded 4 times (x 76B)
Class dagger.hilt.processor.internal.generatesrootinput.GeneratesRootInputProcessor   : loaded 4 times (x 97B)
Class dagger.hilt.processor.internal.root.RootProcessor                               : loaded 4 times (x 97B)
Class dagger.spi.internal.shaded.androidx.room.compiler.processing.javac.JavacBasicAnnotationProcessor$xEnv$2: loaded 4 times (x 76B)
Class [Ldagger.internal.codegen.writing.InjectionMethods$CheckNotNullPolicy;          : loaded 4 times (x 66B)
Class dagger.internal.codegen.kotlin.KotlinMetadataFactory                            : loaded 4 times (x 72B)
Class dagger.hilt.processor.internal.Processors                                       : loaded 4 times (x 68B)
Class dagger.spi.internal.shaded.androidx.room.jarjarred.kotlinx.metadata.KmClass     : loaded 4 times (x 95B)
Class androidx.room.processor.Context$BooleanProcessorOptions                         : loaded 4 times (x 77B)
Class dagger.spi.internal.shaded.androidx.room.jarjarred.kotlinx.metadata.internal.extensions.KmTypeExtension: loaded 4 times (x 67B)
Class dagger.internal.codegen.bindinggraphvalidation.InjectBindingValidator_Factory   : loaded 4 times (x 79B)
Class dagger.internal.codegen.model.AutoValue_Key                                     : loaded 4 times (x 77B)
Class [Ldagger.internal.codegen.compileroption.ProcessingEnvironmentCompilerOptions$EnumOption;: loaded 4 times (x 66B)
Class dagger.internal.codegen.base.DaggerSuperficialValidation$ValidationException$UnknownErrorType: loaded 4 times (x 80B)
Class dagger.spi.internal.shaded.androidx.room.jarjarred.kotlinx.metadata.internal.metadata.jvm.JvmProtoBuf$StringTableTypes$Record$Operation$1: loaded 4 times (x 71B)
Class dagger.internal.codegen.processingstep.MonitoringModuleProcessingStep_Factory   : loaded 4 times (x 79B)
Class dagger.internal.codegen.writing.ProducerFactoryGenerator                        : loaded 4 times (x 74B)
Class dagger.internal.codegen.compileroption.ProcessingEnvironmentCompilerOptions$KeyOnlyOption: loaded 4 times (x 83B)
Class [Ldagger.spi.internal.shaded.androidx.room.jarjarred.kotlinx.metadata.internal.metadata.ProtoBuf$Effect$InvocationKind;: loaded 4 times (x 66B)
Class dagger.internal.codegen.validation.BindingMethodValidator                       : loaded 4 times (x 75B)
Class com.google.common.util.concurrent.ExecutionError                                : loaded 4 times (x 79B)
Class [Ldagger.internal.codegen.validation.BindingElementValidator$AllowsScoping;     : loaded 4 times (x 66B)
Class dagger.spi.internal.shaded.androidx.room.jarjarred.kotlinx.metadata.internal.protobuf.SmallSortedMap$Entry: loaded 4 times (x 85B)
Class dagger.spi.internal.shaded.androidx.room.jarjarred.kotlinx.metadata.internal.metadata.jvm.JvmProtoBuf$StringTableTypes$Record: loaded 4 times (x 116B)
Class dagger.spi.internal.shaded.androidx.room.jarjarred.kotlinx.metadata.internal.protobuf.MessageLite$Builder: loaded 4 times (x 67B)
Class dagger.spi.internal.shaded.androidx.room.compiler.processing.javac.ElementExtKt : loaded 4 times (x 68B)
Class dagger.spi.internal.shaded.androidx.room.compiler.processing.javac.AnnotationMirrorExtKt: loaded 4 times (x 68B)
Class com.google.common.base.Splitter$Strategy                                        : loaded 4 times (x 67B)
Class dagger.spi.internal.shaded.androidx.room.compiler.processing.javac.JavacProcessingEnv$typeElementStore$2: loaded 4 times (x 75B)
Class dagger.hilt.processor.internal.definecomponent.DefineComponentProcessingStep    : loaded 4 times (x 84B)
Class dagger.spi.internal.shaded.androidx.room.compiler.processing.javac.JavacExecutableType: loaded 4 times (x 78B)
Class dagger.internal.codegen.compileroption.FeatureStatus                            : loaded 4 times (x 76B)
Class [Lcom.google.common.cache.CacheBuilder$NullListener;                            : loaded 4 times (x 66B)
Class dagger.internal.codegen.writing.InjectionMethods                                : loaded 4 times (x 68B)
Class dagger.internal.codegen.DelegateComponentProcessor$Injector                     : loaded 4 times (x 67B)
Class dagger.spi.internal.shaded.androidx.room.compiler.processing.InternalXAnnotation: loaded 4 times (x 136B)
Class dagger.spi.internal.shaded.androidx.room.compiler.processing.javac.JavacTypeElement$allFieldsIncludingPrivateSupers$1: loaded 4 times (x 76B)
Class dagger.spi.internal.shaded.androidx.room.compiler.processing.javac.JavacExecutableElement: loaded 4 times (x 220B)
Class dagger.spi.internal.shaded.androidx.room.jarjarred.kotlinx.metadata.internal.metadata.ProtoBuf$Package: loaded 4 times (x 126B)
Class dagger.spi.internal.shaded.androidx.room.jarjarred.kotlinx.metadata.internal.metadata.deserialization.Flags$EnumLiteFlagField: loaded 4 times (x 73B)
Class dagger.spi.internal.shaded.androidx.room.jarjarred.kotlinx.metadata.jvm.internal.JvmTypeParameterExtension: loaded 4 times (x 81B)
Class [Lcom.squareup.javapoet.LineWrapper$FlushType;                                  : loaded 4 times (x 66B)
Class [Ldagger.spi.internal.shaded.androidx.room.compiler.processing.XType;           : loaded 4 times (x 66B)
Class [Ldagger.spi.internal.shaded.androidx.room.compiler.processing.XAnnotated;      : loaded 4 times (x 66B)
Class com.google.common.base.Predicates                                               : loaded 4 times (x 68B)
Class kotlin.reflect.jvm.internal.KCallableImpl$_annotations$1                        : loaded 4 times (x 76B)
Class dagger.internal.codegen.validation.BindsOptionalOfMethodValidator_Factory       : loaded 4 times (x 79B)
Class dagger.internal.codegen.validation.ModuleValidator_Factory                      : loaded 4 times (x 79B)
Class dagger.spi.internal.shaded.androidx.room.compiler.processing.javac.JavacFieldElement$kotlinMetadata$2: loaded 4 times (x 76B)
Class dagger.internal.codegen.bindinggraphvalidation.NullableBindingValidator         : loaded 4 times (x 82B)
Class com.google.common.graph.Traverser$1                                             : loaded 4 times (x 71B)
Class kotlin.reflect.jvm.internal.KClassImpl$Data$inheritedNonStaticMembers$2         : loaded 4 times (x 76B)
Class dagger.spi.internal.shaded.androidx.room.compiler.processing.javac.JavacVariableElement$type$2: loaded 4 times (x 76B)
Class dagger.spi.internal.shaded.androidx.room.compiler.processing.javac.kotlin.KmClassContainer$Companion: loaded 4 times (x 68B)
Class dagger.spi.internal.shaded.androidx.room.compiler.processing.javac.kotlin.KmBaseTypeContainer: loaded 4 times (x 67B)
Class dagger.spi.internal.shaded.androidx.room.jarjarred.kotlinx.metadata.Attributes$visibility$22: loaded 4 times (x 134B)
Class dagger.spi.internal.shaded.auto.common.AnnotationMirrors$1                      : loaded 4 times (x 81B)
Class dagger.spi.internal.shaded.androidx.room.jarjarred.kotlinx.metadata.internal.metadata.deserialization.BinaryVersion: loaded 4 times (x 71B)
Class dagger.spi.internal.shaded.androidx.room.jarjarred.kotlinx.metadata.internal.ReadersKt: loaded 4 times (x 68B)
Class dagger.spi.internal.shaded.androidx.room.jarjarred.kotlinx.metadata.jvm.internal.JvmClassExtension: loaded 4 times (x 90B)
Class dagger.spi.internal.shaded.androidx.room.compiler.processing.javac.JavacProcessingEnv$typeElementStore$3: loaded 4 times (x 76B)
Class dagger.internal.codegen.javapoet.TypeNames                                      : loaded 4 times (x 68B)
Class dagger.internal.codegen.base.ComponentCreatorKind                               : loaded 4 times (x 76B)
Class dagger.spi.internal.shaded.androidx.room.compiler.processing.javac.JavacMethodElement$parameters$2$1$1: loaded 4 times (x 76B)
Class dagger.internal.codegen.bindinggraphvalidation.NullableBindingValidator_Factory : loaded 4 times (x 79B)
Class com.google.common.cache.CacheBuilder$OneWeigher                                 : loaded 4 times (x 79B)
Class dagger.spi.internal.shaded.auto.common.MoreTypes$ArrayTypeVisitor               : loaded 4 times (x 99B)
Class dagger.internal.codegen.compileroption.ProcessingEnvironmentCompilerOptions$EnumOption: loaded 4 times (x 67B)
Class dagger.internal.codegen.model.$AutoValue_Key                                    : loaded 4 times (x 77B)
Class dagger.internal.codegen.compileroption.ProcessingEnvironmentCompilerOptions$Validation$1: loaded 4 times (x 90B)
Class dagger.internal.codegen.validation.BindingMethodValidator$ExceptionSuperclass   : loaded 4 times (x 78B)
Class dagger.internal.codegen.processingstep.ComponentHjarProcessingStep_Factory      : loaded 4 times (x 79B)
Class dagger.internal.codegen.DaggerDelegateComponentProcessor_Injector$TopLevelImplementationComponentFactory: loaded 4 times (x 72B)
Class dagger.internal.codegen.base.ElementFormatter                                   : loaded 4 times (x 82B)
Class [Ldagger.internal.codegen.compileroption.ProcessingEnvironmentCompilerOptions$KeyOnlyOption;: loaded 4 times (x 66B)
Class com.google.common.graph.Traverser$2                                             : loaded 4 times (x 71B)
Class dagger.internal.codegen.validation.BindsInstanceParameterValidator$Validator    : loaded 4 times (x 74B)
Class dagger.spi.internal.shaded.androidx.room.jarjarred.kotlinx.metadata.internal.extensions.KmFunctionExtension: loaded 4 times (x 67B)
Class dagger.spi.internal.shaded.androidx.room.jarjarred.kotlinx.metadata.KmFunctionVisitor: loaded 4 times (x 78B)
Class dagger.spi.internal.shaded.androidx.room.jarjarred.kotlinx.metadata.KmConstructor: loaded 4 times (x 74B)
Class kotlin.reflect.jvm.internal.KCallableImpl$_returnType$1                         : loaded 4 times (x 76B)
Class dagger.internal.codegen.binding.$AutoValue_OptionalBindingDeclaration           : loaded 4 times (x 72B)
Class dagger.spi.internal.shaded.androidx.room.compiler.processing.javac.kotlin.KmClassContainer$superTypes$2: loaded 4 times (x 76B)
Class [Ldagger.spi.internal.shaded.androidx.room.jarjarred.kotlinx.metadata.internal.metadata.ProtoBuf$VersionRequirement$VersionKind;: loaded 4 times (x 66B)
Class dagger.internal.codegen.DaggerDelegateComponentProcessor_Injector               : loaded 4 times (x 68B)
Class dagger.spi.internal.shaded.androidx.room.jarjarred.kotlinx.metadata.KmTypeParameter: loaded 4 times (x 73B)
Class dagger.internal.codegen.binding.$AutoValue_ProvisionBinding                     : loaded 4 times (x 88B)
Class com.google.common.collect.Maps$EntryFunction                                    : loaded 4 times (x 88B)
Class dagger.internal.codegen.binding.SourceFiles                                     : loaded 4 times (x 68B)
Class dagger.internal.codegen.base.SourceFileGenerator                                : loaded 4 times (x 74B)
Class dagger.internal.codegen.bindinggraphvalidation.DuplicateBindingsValidator       : loaded 4 times (x 82B)
Class dagger.internal.codegen.processingstep.ComponentProcessingStep                  : loaded 4 times (x 83B)
Class dagger.internal.codegen.base.$AutoValue_ComponentAnnotation                     : loaded 4 times (x 73B)
Class dagger.internal.codegen.model.BindingKind                                       : loaded 4 times (x 76B)
Class dagger.internal.codegen.compileroption.ProcessingEnvironmentCompilerOptions$Validation: loaded 4 times (x 90B)
Class dagger.internal.codegen.ProcessingEnvironmentModule                             : loaded 4 times (x 67B)
Class dagger.internal.codegen.ServiceLoaders$1                                        : loaded 4 times (x 68B)
Class com.google.common.base.Predicates$CompositionPredicate                          : loaded 4 times (x 85B)
Class dagger.internal.codegen.xprocessing.XTypes                                      : loaded 4 times (x 68B)
Class [Ldagger.spi.internal.shaded.androidx.room.jarjarred.kotlinx.metadata.internal.metadata.ProtoBuf$Visibility;: loaded 4 times (x 66B)
Class dagger.spi.internal.shaded.androidx.room.jarjarred.kotlinx.metadata.KmClassifier: loaded 4 times (x 68B)
Class dagger.internal.codegen.xprocessing.XAnnotations$1                              : loaded 4 times (x 81B)
Class dagger.spi.internal.shaded.androidx.room.compiler.processing.javac.JavacAnnotationValueKt$UNWRAP_VISITOR$1$visitArray$1$1: loaded 4 times (x 76B)
Class dagger.hilt.processor.internal.optionvalues.BooleanValue                        : loaded 4 times (x 76B)
Class dagger.spi.internal.shaded.androidx.room.compiler.processing.javac.JavacTypeElement$enclosingElement$2: loaded 4 times (x 76B)
Class com.google.devtools.ksp.symbol.KSNode                                           : loaded 4 times (x 67B)
Class kotlin.reflect.jvm.internal.CachesKt$K_PACKAGE_CACHE$1                          : loaded 4 times (x 75B)
Class dagger.spi.internal.shaded.androidx.room.jarjarred.kotlinx.metadata.Attributes$isNegated$2: loaded 4 times (x 134B)
Class kotlin.reflect.jvm.internal.KPackageImpl$data$1                                 : loaded 4 times (x 76B)
Class dagger.spi.internal.shaded.androidx.room.jarjarred.kotlinx.metadata.internal.metadata.deserialization.TypeTable: loaded 4 times (x 69B)
Class dagger.spi.internal.shaded.androidx.room.jarjarred.kotlinx.metadata.internal.metadata.ProtoBuf$Function: loaded 4 times (x 146B)
Class dagger.spi.internal.shaded.androidx.room.compiler.processing.javac.JavacConstructorElement$kotlinMetadata$2: loaded 4 times (x 76B)
Class dagger.internal.codegen.DelegateComponentProcessor_SourceFileGeneratorsModule_FactoryGeneratorFactory: loaded 4 times (x 79B)
Class dagger.internal.codegen.validation.ProvidesMethodValidator                      : loaded 4 times (x 75B)
Class dagger.spi.internal.shaded.androidx.room.compiler.processing.javac.JavacMethodType$NormalMethodType: loaded 4 times (x 88B)
Class dagger.hilt.android.processor.internal.viewmodel.ViewModelValidationPluginKt    : loaded 4 times (x 68B)
Class com.squareup.kotlinpoet.ClassNames                                              : loaded 4 times (x 68B)
Class com.squareup.javapoet.ClassName                                                 : loaded 4 times (x 81B)
Class dagger.spi.internal.shaded.androidx.room.compiler.processing.javac.kotlin.JvmAbi: loaded 4 times (x 68B)
Class dagger.internal.codegen.model.BindingGraphPlugin                                : loaded 4 times (x 67B)
Class dagger.internal.codegen.validation.MultibindsMethodValidator$Validator          : loaded 4 times (x 77B)
Class dagger.internal.codegen.processingstep.AssistedProcessingStep_Factory           : loaded 4 times (x 79B)
Class dagger.hilt.android.processor.internal.viewmodel.ViewModelValidationPlugin      : loaded 4 times (x 80B)
Class androidx.room.processor.Context                                                 : loaded 4 times (x 69B)
Class dagger.spi.internal.shaded.androidx.room.jarjarred.kotlinx.metadata.internal.metadata.ProtoBuf$Effect$InvocationKind: loaded 4 times (x 79B)
Class dagger.spi.internal.shaded.androidx.room.compiler.processing.javac.JavacArrayType: loaded 4 times (x 208B)
Class dagger.spi.internal.shaded.androidx.room.jarjarred.kotlinx.metadata.internal.metadata.ProtoBuf$Visibility$1: loaded 4 times (x 71B)
Class dagger.spi.internal.shaded.androidx.room.jarjarred.kotlinx.metadata.jvm.internal.JvmExtensionNodesKt: loaded 4 times (x 68B)
Class dagger.spi.internal.shaded.androidx.room.jarjarred.kotlinx.metadata.internal.ReadContext: loaded 4 times (x 69B)
Class dagger.spi.internal.shaded.androidx.room.jarjarred.kotlinx.metadata.internal.metadata.jvm.deserialization.BitEncoding: loaded 4 times (x 68B)
Class dagger.internal.codegen.base.$AutoValue_ModuleAnnotation                        : loaded 4 times (x 73B)
Class [Ldagger.internal.codegen.validation.BindingMethodValidator$ExceptionSuperclass;: loaded 4 times (x 66B)
Class dagger.internal.codegen.base.MapKeyAccessibility                                : loaded 4 times (x 68B)
Class dagger.internal.codegen.validation.BindsMethodValidator_Factory                 : loaded 4 times (x 79B)
Class dagger.hilt.processor.internal.uninstallmodules.UninstallModulesProcessor       : loaded 4 times (x 97B)
Class com.squareup.javapoet.ArrayTypeName                                             : loaded 4 times (x 78B)
Class kotlin.collections.MapWithDefaultImpl                                           : loaded 4 times (x 123B)
Class dagger.spi.internal.shaded.androidx.room.compiler.processing.javac.JavacMethodElement$name$2: loaded 4 times (x 76B)
Class dagger.spi.internal.shaded.androidx.room.jarjarred.kotlinx.metadata.internal.protobuf.AbstractMessageLite: loaded 4 times (x 95B)
Class dagger.spi.internal.shaded.androidx.room.jarjarred.kotlinx.metadata.internal.metadata.ProtoBuf$Constructor$1: loaded 4 times (x 141B)
Class dagger.spi.internal.shaded.androidx.room.jarjarred.kotlinx.metadata.internal.metadata.ProtoBuf$Type$1: loaded 4 times (x 141B)
Class [Ldagger.spi.internal.shaded.androidx.room.jarjarred.kotlinx.metadata.internal.protobuf.Internal$EnumLite;: loaded 4 times (x 66B)
Class com.google.common.collect.AbstractMapBasedMultimap$WrappedSet                   : loaded 4 times (x 139B)
Class dagger.spi.internal.shaded.androidx.room.jarjarred.kotlinx.metadata.internal.metadata.jvm.JvmProtoBuf$JvmPropertySignature$Builder: loaded 4 times (x 138B)
Class dagger.internal.codegen.base.ModuleKind$1                                       : loaded 4 times (x 68B)
Class [Ldagger.internal.codegen.xprocessing.XTypeElements$Visibility;                 : loaded 4 times (x 66B)
Class dagger.spi.internal.shaded.androidx.room.jarjarred.kotlinx.metadata.internal.metadata.deserialization.Flags$BooleanFlagField: loaded 4 times (x 73B)
Class dagger.spi.internal.shaded.androidx.room.jarjarred.kotlinx.metadata.internal.metadata.jvm.JvmProtoBuf$StringTableTypesOrBuilder: loaded 4 times (x 67B)
Class dagger.internal.codegen.validation.ComponentValidator_Factory                   : loaded 4 times (x 79B)
Class dagger.internal.codegen.compileroption.ProcessingEnvironmentCompilerOptions$CommandLineOption: loaded 4 times (x 67B)
Class dagger.internal.codegen.writing.ModuleProxies$ModuleConstructorProxyGenerator   : loaded 4 times (x 74B)
Class dagger.internal.codegen.componentgenerator.ComponentGeneratorModule_ComponentHjarGeneratorFactory: loaded 4 times (x 79B)
Class dagger.internal.codegen.validation.ComponentDescriptorValidator_Factory         : loaded 4 times (x 79B)
Class dagger.internal.codegen.bindinggraphvalidation.ProvisionDependencyOnProducerBindingValidator: loaded 4 times (x 82B)
Class dagger.internal.codegen.processingstep.TypeCheckingProcessingStep               : loaded 4 times (x 83B)
Class dagger.internal.codegen.binding.SourceFiles_Factory                             : loaded 4 times (x 78B)
Class dagger.spi.internal.shaded.androidx.room.jarjarred.kotlinx.metadata.internal.protobuf.CodedInputStream: loaded 4 times (x 69B)
Class dagger.spi.internal.shaded.androidx.room.jarjarred.kotlinx.metadata.KmProperty  : loaded 4 times (x 78B)
Class dagger.spi.internal.shaded.androidx.room.jarjarred.kotlinx.metadata.Attributes$visibility$2: loaded 4 times (x 134B)
Class kotlin.reflect.jvm.internal.impl.builtins.functions.FunctionClassKind$Companion : loaded 4 times (x 68B)
Class dagger.internal.codegen.validation.ValidationBindingGraphPlugins_Factory        : loaded 4 times (x 79B)
Class com.squareup.kotlinpoet.ClassName$special$$inlined$compareBy$1                  : loaded 4 times (x 86B)
Class com.squareup.javapoet.TypeVariableName                                          : loaded 4 times (x 78B)
Class dagger.internal.codegen.writing.UnwrappedMapKeyGenerator_Factory                : loaded 4 times (x 79B)
Class dagger.internal.codegen.binding.MultibindingDeclaration                         : loaded 4 times (x 75B)
Class dagger.internal.codegen.validation.InjectValidator                              : loaded 4 times (x 72B)
Class dagger.internal.codegen.validation.InjectBindingRegistryImpl                    : loaded 4 times (x 78B)
Class dagger.internal.codegen.writing.ProducerFactoryGenerator_Factory                : loaded 4 times (x 79B)
Class dagger.internal.codegen.validation.BindingElementValidator$1                    : loaded 4 times (x 68B)
Class kotlin.reflect.jvm.internal.KClassImpl$Data$constructors$2                      : loaded 4 times (x 76B)
Class dagger.spi.internal.shaded.androidx.room.compiler.processing.javac.kotlin.KmClassContainer$superType$2: loaded 4 times (x 76B)
Class dagger.spi.internal.shaded.androidx.room.compiler.processing.javac.kotlin.KmClassContainer$primaryConstructorSignature$2: loaded 4 times (x 76B)
Class dagger.internal.codegen.binding.ProductionBinding                               : loaded 4 times (x 90B)
Class dagger.internal.codegen.validation.ExternalBindingGraphPlugins                  : loaded 4 times (x 69B)
Class androidx.room.DatabaseProcessingStep$Companion                                  : loaded 4 times (x 68B)
Class dagger.internal.codegen.binding.MultibindingDeclaration_Factory_Factory         : loaded 4 times (x 79B)
Class dagger.internal.codegen.validation.ProducesMethodValidator_Factory              : loaded 4 times (x 79B)
Class dagger.spi.internal.shaded.androidx.room.compiler.processing.javac.JavacTypeElement$superInterfaces$2: loaded 4 times (x 76B)
Class dagger.internal.codegen.base.ModuleAnnotation                                   : loaded 4 times (x 73B)
Class dagger.spi.internal.shaded.androidx.room.jarjarred.kotlinx.metadata.internal.metadata.ProtoBuf$AnnotationOrBuilder: loaded 4 times (x 67B)
Class dagger.spi.internal.shaded.androidx.room.jarjarred.kotlinx.metadata.internal.metadata.ProtoBuf$Property: loaded 4 times (x 145B)
Class dagger.spi.internal.shaded.androidx.room.jarjarred.kotlinx.metadata.internal.protobuf.SmallSortedMap: loaded 4 times (x 127B)
Class dagger.spi.internal.shaded.androidx.room.compiler.processing.javac.JavacTypeElement$packageName$2: loaded 4 times (x 76B)
Class dagger.hilt.processor.internal.root.ComponentTreeDepsProcessor                  : loaded 4 times (x 97B)
Class dagger.internal.DaggerGenerated                                                 : loaded 4 times (x 67B)
Class dagger.spi.internal.shaded.androidx.room.compiler.processing.ksp.KSTypeJavaPoetExtKt: loaded 4 times (x 68B)
Class com.google.common.cache.LocalCache$LoadingValueReference                        : loaded 4 times (x 94B)
Class com.google.common.collect.ForwardingCollection                                  : loaded 3 times (x 127B)
Class com.google.common.collect.AbstractMultiset$EntrySet                             : loaded 3 times (x 135B)
Class com.google.common.collect.Maps$FilteredEntryMap                                 : loaded 3 times (x 125B)
Class com.google.common.collect.Multisets$EntrySet                                    : loaded 3 times (x 133B)
Class com.google.common.collect.HashMultimap                                          : loaded 3 times (x 171B)
Class com.google.common.collect.Iterators$EmptyModifiableIterator                     : loaded 3 times (x 83B)
Class com.google.common.collect.AbstractMultiset                                      : loaded 3 times (x 156B)
Class com.google.common.collect.Table                                                 : loaded 3 times (x 67B)
Class com.google.common.collect.ImmutableMapEntry$NonTerminalImmutableBiMapEntry      : loaded 3 times (x 82B)
Class com.google.common.collect.HashMultiset                                          : loaded 3 times (x 160B)
Class com.google.common.collect.Iterators$ConcatenatedIterator                        : loaded 3 times (x 79B)
Class com.google.common.collect.FluentIterable$3$1                                    : loaded 3 times (x 95B)
Class com.google.common.collect.AbstractMapBasedMultimap$RandomAccessWrappedList      : loaded 3 times (x 202B)
Class com.google.common.collect.HashMultimapGwtSerializationDependencies              : loaded 3 times (x 171B)
Class com.google.common.collect.AbstractMapBasedMultimap$Itr                          : loaded 3 times (x 80B)
Class com.google.common.base.VerifyException                                          : loaded 3 times (x 79B)
Class com.google.common.collect.Maps$FilteredKeyMap                                   : loaded 3 times (x 125B)
Class com.google.common.collect.AbstractMultimap$Entries                              : loaded 3 times (x 117B)
Class com.google.common.collect.AbstractMapBasedMultimap$AsMap$AsMapIterator          : loaded 3 times (x 80B)
Class com.google.common.collect.AbstractMapBasedMultimap$AsMap                        : loaded 3 times (x 125B)
Class com.google.common.collect.Maps$FilteredEntryMap$EntrySet$1                      : loaded 3 times (x 79B)
Class com.google.common.collect.NullnessCasts                                         : loaded 3 times (x 68B)
Class com.google.common.collect.LinkedHashMultimap$ValueSet$1                         : loaded 3 times (x 79B)
Class com.google.common.cache.CacheBuilder$3                                          : loaded 3 times (x 69B)
Class com.google.common.collect.Count                                                 : loaded 3 times (x 68B)
Class com.google.common.base.Functions                                                : loaded 3 times (x 68B)
Class com.google.common.collect.AbstractMapBasedMultiset                              : loaded 3 times (x 160B)
Class com.google.common.collect.AbstractMapBasedMultimap$AsMap$AsMapEntries           : loaded 3 times (x 135B)
Class com.google.common.base.Verify                                                   : loaded 3 times (x 68B)
Class com.google.common.collect.Multimaps$Entries                                     : loaded 3 times (x 115B)
Class com.google.common.collect.ForwardingSet                                         : loaded 3 times (x 148B)
Class com.google.common.collect.AbstractMapBasedMultimap$2                            : loaded 3 times (x 82B)
Class com.google.common.base.Functions$ConstantFunction                               : loaded 3 times (x 81B)
Class com.google.common.collect.Maps$FilteredEntryMap$EntrySet                        : loaded 3 times (x 149B)
Class com.google.common.collect.RegularImmutableBiMap$Inverse                         : loaded 3 times (x 140B)
Class [Lcom.google.common.collect.Iterators$EmptyModifiableIterator;                  : loaded 3 times (x 66B)
Class com.google.common.collect.AbstractMapBasedMultimap$WrappedList                  : loaded 3 times (x 202B)
Class com.google.common.collect.HashBasedTable$Factory                                : loaded 2 times (x 76B)
Class dagger.internal.codegen.writing.ComponentCreatorImplementationFactory_Factory   : loaded 2 times (x 79B)
Class com.google.common.graph.Traverser$5                                             : loaded 2 times (x 77B)
Class dagger.internal.codegen.binding.MethodSignature                                 : loaded 2 times (x 71B)
Class com.google.common.util.concurrent.Uninterruptibles                              : loaded 2 times (x 68B)
Class com.google.common.base.Charsets                                                 : loaded 2 times (x 68B)
Class Build_gradle$1                                                                  : loaded 2 times (x 71B)
Class com.google.common.reflect.Invokable$MethodInvokable                             : loaded 2 times (x 104B)
Class com.google.common.base.Platform                                                 : loaded 2 times (x 68B)
Class net.rubygrapefruit.platform.internal.Platform$Unix                              : loaded 2 times (x 79B)
Class dagger.internal.codegen.binding.$AutoValue_BoundInstanceBinding                 : loaded 2 times (x 88B)
Class dagger.internal.codegen.binding.AssistedInjectionBinding$Builder                : loaded 2 times (x 77B)
Class dagger.spi.internal.shaded.androidx.room.jarjarred.kotlinx.metadata.KmVersionRequirementVersionKind: loaded 2 times (x 76B)
Class dagger.spi.internal.shaded.androidx.room.jarjarred.kotlinx.metadata.internal.metadata.deserialization.VersionRequirement$Companion$WhenMappings: loaded 2 times (x 68B)
Class kotlin.io.FileSystemException                                                   : loaded 2 times (x 79B)
Class dagger.spi.internal.shaded.kotlinx.metadata.internal.protobuf.SmallSortedMap$EmptySet$2: loaded 2 times (x 75B)
Class dagger.spi.internal.shaded.kotlinx.metadata.internal.metadata.ProtoBuf$PackageOrBuilder: loaded 2 times (x 67B)
Class dagger.spi.internal.shaded.kotlinx.metadata.KmTypeVisitor                       : loaded 2 times (x 79B)
Class dagger.spi.internal.shaded.kotlinx.metadata.internal.protobuf.WireFormat        : loaded 2 times (x 68B)
Class dagger.spi.internal.shaded.kotlinx.metadata.internal.extensions.KmClassExtension: loaded 2 times (x 67B)
Class [Ldagger.spi.internal.shaded.kotlinx.metadata.internal.metadata.ProtoBuf$Class$Kind;: loaded 2 times (x 66B)
Class com.google.common.graph.Traverser$4                                             : loaded 2 times (x 77B)
Class dagger.internal.codegen.binding.$AutoValue_AssistedInjectionBinding$Builder     : loaded 2 times (x 94B)
Class dagger.hilt.processor.internal.root.ComponentGenerator                          : loaded 2 times (x 69B)
Class dagger.internal.codegen.model.BindingGraph$SubcomponentCreatorBindingEdge       : loaded 2 times (x 67B)
Class dagger.hilt.processor.internal.aggregateddeps.ComponentDependencies$1           : loaded 2 times (x 68B)
Class dagger.internal.codegen.binding.BindingGraph                                    : loaded 2 times (x 76B)
Class com.google.common.collect.Maps$3                                                : loaded 2 times (x 79B)
Class dagger.internal.codegen.writing.MethodRequestRepresentation                     : loaded 2 times (x 75B)
Class org.gradle.internal.classloader.ClasspathUtil                                   : loaded 2 times (x 68B)
Class com.google.common.collect.ImmutableBiMapFauxverideShim                          : loaded 2 times (x 117B)
Class com.google.common.reflect.Types$ClassOwnership$1LocalClass                      : loaded 2 times (x 68B)
Class net.rubygrapefruit.platform.internal.Platform$FreeBSD32Bit                      : loaded 2 times (x 79B)
Class net.rubygrapefruit.platform.internal.Platform$Unsupported                       : loaded 2 times (x 76B)
Class kotlin.io.FilePathComponents                                                    : loaded 2 times (x 69B)
Class [Lorg.objectweb.asm.AnnotationWriter;                                           : loaded 2 times (x 66B)
Class com.google.common.primitives.Ints$IntConverter                                  : loaded 2 times (x 87B)
Class dagger.internal.codegen.binding.AssistedInjectionAnnotations$AssistedParameter  : loaded 2 times (x 71B)
Class [Ldagger.internal.codegen.writing.FrameworkFieldInitializer$InitializationState;: loaded 2 times (x 66B)
Class dagger.internal.codegen.writing.InjectionOrProvisionProviderCreationExpression_Factory_Impl: loaded 2 times (x 72B)
Class dagger.internal.codegen.writing.ProducerNodeInstanceRequestRepresentation$Factory: loaded 2 times (x 67B)
Class dagger.internal.codegen.writing.SetRequestRepresentation_Factory                : loaded 2 times (x 69B)
Class dagger.internal.codegen.writing.AssistedFactoryRequestRepresentation_Factory    : loaded 2 times (x 69B)
Class dagger.internal.codegen.DaggerDelegateComponentProcessor_Injector$CurrentImplementationSubcomponentImpl: loaded 2 times (x 72B)
Class dagger.internal.codegen.binding.AssistedFactoryBinding$Builder                  : loaded 2 times (x 76B)
Class dagger.internal.codegen.binding.ComponentDescriptor$ComponentMethodDescriptor$Builder: loaded 2 times (x 67B)
Class com.google.common.graph.Traverser$3                                             : loaded 2 times (x 77B)
Class dagger.spi.internal.shaded.kotlinx.metadata.internal.protobuf.SmallSortedMap$EmptySet$1: loaded 2 times (x 75B)
Class dagger.internal.codegen.kotlin.AutoValue_KotlinMetadata_FunctionMetadata$Builder: loaded 2 times (x 79B)
Class dagger.spi.internal.shaded.kotlinx.metadata.internal.metadata.jvm.deserialization.JvmMemberSignature: loaded 2 times (x 71B)
Class dagger.spi.internal.shaded.kotlinx.metadata.internal.protobuf.BoundedByteString : loaded 2 times (x 109B)
Class dagger.internal.codegen.binding.DelegateBinding                                 : loaded 2 times (x 88B)
Class dagger.spi.internal.shaded.kotlinx.metadata.internal.protobuf.SmallSortedMap$Entry: loaded 2 times (x 85B)
Class com.google.common.collect.Maps$2                                                : loaded 2 times (x 79B)
Class dagger.internal.codegen.writing.ComponentCreatorImplementationFactory$BuilderForCreatorDescriptor: loaded 2 times (x 79B)
Class dagger.internal.codegen.writing.ComponentRequirementRequestRepresentation       : loaded 2 times (x 71B)
Class com.google.common.graph.DirectedMultiNetworkConnections$1                       : loaded 2 times (x 134B)
Class dagger.internal.codegen.writing.FrameworkFieldInitializer                       : loaded 2 times (x 72B)
Class dagger.hilt.processor.internal.kotlin.DaggerKotlinMetadataUtils_MetadataComponent$MetadataComponentImpl: loaded 2 times (x 72B)
Class dagger.spi.internal.shaded.kotlinx.metadata.jvm.JvmClassExtensionVisitor$Companion: loaded 2 times (x 68B)
Class com.google.common.collect.Multisets$ElementSet                                  : loaded 2 times (x 133B)
Class dagger.internal.codegen.binding.BindingGraph$1                                  : loaded 2 times (x 68B)
Class dagger.internal.codegen.writing.BindingRepresentations_Factory$InstanceHolder   : loaded 2 times (x 68B)
Class dagger.spi.internal.shaded.androidx.room.compiler.processing.XProcessingEnv$Platform: loaded 2 times (x 76B)
Class dagger.internal.codegen.writing.ComponentCreatorImplementationFactory           : loaded 2 times (x 69B)
Class com.google.common.collect.Lists$ReverseList$1                                   : loaded 2 times (x 96B)
Class com.google.common.collect.ImmutableRangeSet$Builder                             : loaded 2 times (x 74B)
Class com.google.common.cache.LocalCache$StrongValueReference                         : loaded 2 times (x 87B)
Class com.google.common.util.concurrent.AbstractFuture$SynchronizedHelper             : loaded 2 times (x 75B)
Class com.google.common.base.CharMatcher$Invisible                                    : loaded 2 times (x 109B)
Class dagger.internal.codegen.writing.AssistedFactoryRequestRepresentation            : loaded 2 times (x 71B)
Class dagger.internal.codegen.writing.ComponentCreatorImplementationFactory$1         : loaded 2 times (x 68B)
Class dagger.internal.codegen.writing.ComponentImplementation_Factory                 : loaded 2 times (x 79B)
Class dagger.internal.codegen.DaggerDelegateComponentProcessor_Injector$TopLevelImplementationComponentImpl$1: loaded 2 times (x 79B)
Class dagger.internal.codegen.bindinggraphvalidation.DependencyCycleValidator$1       : loaded 2 times (x 68B)
Class dagger.internal.codegen.binding.SubcomponentCreatorBindingEdgeImpl              : loaded 2 times (x 72B)
Class dagger.internal.codegen.binding.ErrorMessages$BuilderMessages                   : loaded 2 times (x 78B)
Class dagger.spi.internal.shaded.kotlinx.metadata.internal.metadata.ProtoBuf$VersionRequirementTableOrBuilder: loaded 2 times (x 67B)
Class dagger.internal.codegen.binding.AssistedInjectionAnnotations$AssistedFactoryMetadata: loaded 2 times (x 78B)
Class dagger.internal.codegen.writing.GwtCompatibility                                : loaded 2 times (x 68B)
Class dagger.spi.internal.shaded.kotlinx.metadata.internal.metadata.jvm.JvmProtoBuf$JvmMethodSignature$1: loaded 2 times (x 141B)
Class dagger.spi.internal.shaded.kotlinx.metadata.internal.protobuf.WireFormat$FieldType$4: loaded 2 times (x 80B)
Class dagger.spi.internal.shaded.kotlinx.metadata.jvm.JvmMemberSignature              : loaded 2 times (x 71B)
Class dagger.internal.codegen.base.AutoValue_SetType                                  : loaded 2 times (x 74B)
Class dagger.internal.codegen.binding.BindingGraphConverter$Converter                 : loaded 2 times (x 69B)
Class com.google.common.graph.NetworkConnections                                      : loaded 2 times (x 67B)
Class dagger.internal.codegen.extension.DaggerGraphs                                  : loaded 2 times (x 68B)
Class dagger.internal.codegen.validation.SpiModelBindingGraphConverter$SubcomponentCreatorBindingEdgeImpl: loaded 2 times (x 73B)
Class dagger.hilt.processor.internal.DaggerModelsKt$WhenMappings                      : loaded 2 times (x 68B)
Class dagger.internal.codegen.writing.MembersInjectionBindingRepresentation           : loaded 2 times (x 72B)
Class org.objectweb.asm.Type                                                          : loaded 2 times (x 69B)
Class org.gradle.internal.classloader.VisitableURLClassLoader$InstrumentingVisitableURLClassLoader: loaded 2 times (x 120B)
Class com.google.common.base.CharMatcher$JavaDigit                                    : loaded 2 times (x 108B)
Class dagger.internal.codegen.writing.LazyClassKeyProviders                           : loaded 2 times (x 69B)
Class dagger.internal.codegen.writing.ComponentImplementation$ShardImplementation     : loaded 2 times (x 77B)
Class dagger.internal.codegen.writing.ProducerCreationExpression_Factory_Impl         : loaded 2 times (x 72B)
Class dagger.internal.codegen.writing.DependencyMethodProducerCreationExpression$Factory: loaded 2 times (x 67B)
Class dagger.internal.codegen.writing.PrivateMethodRequestRepresentation_Factory      : loaded 2 times (x 69B)
Class dagger.internal.codegen.writing.MembersInjectionMethods_Factory                 : loaded 2 times (x 79B)
Class com.google.common.collect.Iterators$10                                          : loaded 2 times (x 78B)
Class com.google.common.graph.MultiEdgesConnecting$1                                  : loaded 2 times (x 79B)
Class dagger.internal.codegen.binding.ComponentDeclarations                           : loaded 2 times (x 69B)
Class [Ldagger.internal.codegen.base.ComponentKind;                                   : loaded 2 times (x 66B)
Class com.google.common.reflect.Types$TypeVariableInvocationHandler                   : loaded 2 times (x 72B)
Class [Lcom.google.common.collect.HashBiMap$BiEntry;                                  : loaded 2 times (x 66B)
Class dagger.spi.internal.shaded.kotlinx.metadata.internal.metadata.jvm.deserialization.JvmMemberSignature$Field: loaded 2 times (x 72B)
Class dagger.spi.internal.shaded.kotlinx.metadata.KmClassExtensionVisitor             : loaded 2 times (x 67B)
Class dagger.spi.internal.shaded.androidx.room.compiler.processing.KnownTypeNames     : loaded 2 times (x 68B)
Class dagger.hilt.processor.internal.definecomponent.DefineComponentBuilderMetadatas$DefineComponentBuilderMetadata: loaded 2 times (x 71B)
Class dagger.internal.codegen.binding.AutoValue_BindingNode                           : loaded 2 times (x 105B)
Class dagger.internal.codegen.kotlin.KotlinMetadata                                   : loaded 2 times (x 75B)
Class dagger.spi.internal.shaded.kotlinx.metadata.internal.protobuf.WireFormat$FieldType$3: loaded 2 times (x 80B)
Class dagger.internal.codegen.binding.ErrorMessages$Messages                          : loaded 2 times (x 69B)
Class dagger.internal.codegen.model.BindingGraph$ComponentNode                        : loaded 2 times (x 67B)
Class dagger.internal.codegen.model.BindingGraph$MissingBinding                       : loaded 2 times (x 79B)
Class com.google.common.graph.DirectedGraphConnections$2$1                            : loaded 2 times (x 79B)
Class dagger.spi.model.Scope                                                          : loaded 2 times (x 69B)
Class dagger.internal.codegen.writing.SimpleMethodRequestRepresentation_Factory_Impl  : loaded 2 times (x 72B)
Class dagger.internal.codegen.writing.SwitchingProviderInstanceSupplier_Factory       : loaded 2 times (x 69B)
Class dagger.spi.internal.shaded.kotlinx.metadata.internal.protobuf.WireFormat$FieldType$2: loaded 2 times (x 80B)
Class dagger.spi.internal.shaded.kotlinx.metadata.internal.metadata.deserialization.Flags$BooleanFlagField: loaded 2 times (x 73B)
Class dagger.spi.internal.shaded.kotlinx.metadata.internal.metadata.ProtoBuf$Class$Kind$1: loaded 2 times (x 71B)
Class com.google.common.collect.AbstractMultimap$EntrySet                             : loaded 2 times (x 135B)
Class dagger.spi.model.BindingGraph                                                   : loaded 2 times (x 91B)
Class org.objectweb.asm.ByteVector                                                    : loaded 2 times (x 76B)
Class org.gradle.internal.classloader.VisitableURLClassLoader$Spec                    : loaded 2 times (x 71B)
Class org.gradle.internal.classpath.DefaultClassPath                                  : loaded 2 times (x 87B)
Class [Ldagger.internal.codegen.writing.ComponentImplementation$FieldSpecKind;        : loaded 2 times (x 66B)
Class dagger.internal.codegen.writing.ComponentImplementation$FieldSpecKind           : loaded 2 times (x 76B)
Class dagger.internal.codegen.validation.AutoValue_SpiModelBindingGraphConverter_BindingNodeImpl: loaded 2 times (x 102B)
Class dagger.spi.model.BindingKind                                                    : loaded 2 times (x 76B)
Class dagger.internal.codegen.binding.$AutoValue_MultiboundMapBinding                 : loaded 2 times (x 88B)
Class dagger.internal.codegen.binding.$AutoValue_AssistedFactoryBinding$Builder       : loaded 2 times (x 92B)
Class dagger.internal.codegen.binding.AutoValue_ComponentBinding                      : loaded 2 times (x 88B)
Class org.gradle.internal.service.CachingServiceLocator                               : loaded 2 times (x 79B)
Class net.rubygrapefruit.platform.internal.Platform$Linux                             : loaded 2 times (x 80B)
Class com.google.common.collect.ImmutableMap$SerializedForm                           : loaded 2 times (x 70B)
Class dagger.spi.internal.shaded.kotlinx.metadata.internal.metadata.jvm.JvmProtoBuf$StringTableTypes$RecordOrBuilder: loaded 2 times (x 67B)
Class [Ldagger.internal.codegen.writing.FactoryGenerator$FactoryCreationStrategy;     : loaded 2 times (x 66B)
Class com.google.common.base.Utf8                                                     : loaded 2 times (x 68B)
Class dagger.spi.internal.shaded.kotlinx.metadata.internal.protobuf.AbstractParser    : loaded 2 times (x 141B)
Class dagger.spi.internal.shaded.kotlinx.metadata.internal.metadata.jvm.JvmProtoBuf$JvmMethodSignatureOrBuilder: loaded 2 times (x 67B)
Class dagger.spi.internal.shaded.kotlinx.metadata.internal.protobuf.WireFormat$FieldType$1: loaded 2 times (x 80B)
Class dagger.spi.internal.shaded.kotlinx.metadata.internal.metadata.ProtoBuf$Property$Builder: loaded 2 times (x 171B)
Class com.google.devtools.ksp.symbol.KSExpectActual                                   : loaded 2 times (x 67B)
Class dagger.internal.codegen.DaggerDelegateComponentProcessor_Injector$TopLevelImplementationComponentImpl: loaded 2 times (x 72B)
Class dagger.internal.codegen.writing.ComponentMethodRequestRepresentation_Factory    : loaded 2 times (x 69B)
Class dagger.internal.codegen.writing.FrameworkInstanceBindingRepresentation_Factory_Impl: loaded 2 times (x 72B)
Class dagger.internal.codegen.writing.StaticFactoryInstanceSupplier                   : loaded 2 times (x 72B)
Class org.gradle.internal.classloader.ClassLoaderFactory                              : loaded 2 times (x 67B)
Class com.google.common.base.CharMatcher$JavaLetter                                   : loaded 2 times (x 108B)
Class com.google.common.graph.DirectedGraphConnections$2$2                            : loaded 2 times (x 79B)
Class com.google.common.collect.Lists$ReverseList                                     : loaded 2 times (x 197B)
Class dagger.hilt.processor.internal.root.ComponentTreeDepsMetadata                   : loaded 2 times (x 77B)
Class dagger.hilt.android.processor.internal.viewmodel.ViewModelModuleGenerator$Companion: loaded 2 times (x 68B)
Class dagger.spi.internal.shaded.kotlinx.metadata.KmConstructorVisitor                : loaded 2 times (x 73B)
Class dagger.internal.codegen.binding.$AutoValue_SubcomponentCreatorBinding           : loaded 2 times (x 88B)
Class com.google.common.collect.StandardTable                                         : loaded 2 times (x 121B)
Class dagger.internal.codegen.writing.OptionalRequestRepresentation_Factory_Impl      : loaded 2 times (x 72B)
Class dagger.internal.codegen.writing.OptionalFactoryInstanceCreationExpression$Factory: loaded 2 times (x 67B)
Class com.google.common.reflect.Types$ClassOwnership                                  : loaded 2 times (x 77B)
Class org.objectweb.asm.Symbol                                                        : loaded 2 times (x 70B)
Class [Ldagger.internal.codegen.writing.FrameworkInstanceKind;                        : loaded 2 times (x 66B)
Class dagger.internal.codegen.writing.ProducerNodeInstanceRequestRepresentation_Factory_Impl: loaded 2 times (x 72B)
Class dagger.internal.codegen.validation.AutoValue_SpiModelBindingGraphConverter_DaggerTypeImpl: loaded 2 times (x 73B)
Class dagger.internal.codegen.binding.ErrorMessages                                   : loaded 2 times (x 68B)
Class dagger.internal.codegen.writing.OptionalRequestRepresentation                   : loaded 2 times (x 71B)
Class dagger.internal.codegen.writing.InjectionMethods$1                              : loaded 2 times (x 68B)
Class dagger.spi.internal.shaded.kotlinx.metadata.KmClassifier                        : loaded 2 times (x 68B)
Class dagger.internal.codegen.binding.ComponentDeclarations$Factory                   : loaded 2 times (x 69B)
Class org.gradle.internal.service.ServiceLookupException                              : loaded 2 times (x 79B)
Class com.google.common.reflect.TypeResolver$TypeTable$1                              : loaded 2 times (x 70B)
Class [Lkotlin.Pair;                                                                  : loaded 2 times (x 66B)
Class kotlin.io.FilesKt__FileReadWriteKt                                              : loaded 2 times (x 68B)
Class com.google.common.graph.StandardValueGraph                                      : loaded 2 times (x 143B)
Class dagger.hilt.processor.internal.aggregateddeps.ComponentDependencies             : loaded 2 times (x 71B)
Class dagger.hilt.processor.internal.ComponentDescriptor$Builder                      : loaded 2 times (x 67B)
Class dagger.spi.internal.shaded.kotlinx.metadata.internal.metadata.jvm.JvmProtoBuf$StringTableTypes$Record$Operation: loaded 2 times (x 79B)
Class dagger.spi.internal.shaded.kotlinx.metadata.jvm.JvmConstructorExtensionVisitor  : loaded 2 times (x 75B)
Class dagger.spi.internal.shaded.kotlinx.metadata.internal.metadata.ProtoBuf$Visibility: loaded 2 times (x 79B)
Class dagger.internal.codegen.kotlin.KotlinMetadata$FunctionMetadata$Builder          : loaded 2 times (x 78B)
Class dagger.internal.codegen.base.OptionalType$OptionalKind                          : loaded 2 times (x 76B)
Class com.google.common.collect.Maps$AsMapView                                        : loaded 2 times (x 124B)
Class dagger.internal.codegen.binding.$AutoValue_BindingGraph                         : loaded 2 times (x 76B)
Class dagger.internal.codegen.writing.ProducerCreationExpression$Factory              : loaded 2 times (x 67B)
Class dagger.internal.codegen.writing.ProducerFromProviderCreationExpression_Factory  : loaded 2 times (x 68B)
Class dagger.internal.codegen.writing.DelegateRequestRepresentation                   : loaded 2 times (x 71B)
Class dagger.internal.codegen.writing.FrameworkInstanceBindingRepresentation          : loaded 2 times (x 69B)
Class dagger.internal.codegen.writing.FrameworkFieldInitializer$1                     : loaded 2 times (x 68B)
Class org.objectweb.asm.RecordComponentVisitor                                        : loaded 2 times (x 74B)
Class com.google.common.reflect.TypeResolver$TypeTable                                : loaded 2 times (x 70B)
Class dagger.hilt.processor.internal.definecomponent.AutoValue_DefineComponentClassesMetadata: loaded 2 times (x 73B)
Class dagger.spi.internal.shaded.kotlinx.metadata.internal.metadata.ProtoBuf$TypeParameter: loaded 2 times (x 127B)
Class dagger.spi.internal.shaded.kotlinx.metadata.internal.ReadersKt                  : loaded 2 times (x 68B)
Class com.google.common.io.Closer                                                     : loaded 2 times (x 75B)
Class com.google.common.base.CharMatcher$Ascii                                        : loaded 2 times (x 109B)
Class org.gradle.internal.classloader.ClassLoaderSpec                                 : loaded 2 times (x 68B)
Class dagger.internal.codegen.writing.ComponentCreatorImplementationFactory$BuilderForGeneratedRootComponentBuilder: loaded 2 times (x 79B)
Class dagger.internal.codegen.writing.ComponentImplementation$TypeSpecKind            : loaded 2 times (x 76B)
Class dagger.internal.codegen.validation.SpiModelBindingGraphConverter$ComponentNodeImpl: loaded 2 times (x 84B)
Class dagger.spi.internal.shaded.kotlinx.metadata.internal.extensions.ExtensionUtilsKt: loaded 2 times (x 68B)
Class com.google.common.collect.FilteredKeyMultimap$Entries                           : loaded 2 times (x 128B)
Class dagger.spi.internal.shaded.kotlinx.metadata.jvm.internal.JvmExtensionNodesKt    : loaded 2 times (x 68B)
Class [Ldagger.spi.internal.shaded.kotlinx.metadata.internal.protobuf.Internal$EnumLite;: loaded 2 times (x 66B)
Class dagger.spi.internal.shaded.kotlinx.metadata.internal.metadata.ProtoBuf$ValueParameter$1: loaded 2 times (x 141B)
Class dagger.spi.internal.shaded.kotlinx.metadata.internal.protobuf.ExtensionRegistryLite: loaded 2 times (x 71B)
Class dagger.internal.codegen.binding.$AutoValue_ComponentBinding                     : loaded 2 times (x 88B)
Class dagger.internal.codegen.binding.AutoValue_InjectionBinding                      : loaded 2 times (x 91B)
Class dagger.internal.codegen.binding.AutoValue_BindingRequest                        : loaded 2 times (x 72B)
Class com.google.common.collect.AbstractMultiset$ElementSet                           : loaded 2 times (x 135B)
Class dagger.spi.model.RequestKind                                                    : loaded 2 times (x 76B)
Class dagger.hilt.android.processor.internal.androidentrypoint.AndroidEntryPointMetadata$Type: loaded 2 times (x 69B)
Class dagger.spi.model.DaggerAnnotation                                               : loaded 2 times (x 72B)
Class dagger.internal.codegen.DaggerDelegateComponentProcessor_Injector$CurrentImplementationSubcomponentBuilder: loaded 2 times (x 76B)
Class dagger.internal.codegen.writing.DerivedFromFrameworkInstanceRequestRepresentation$Factory: loaded 2 times (x 67B)
Class dagger.internal.codegen.writing.InjectionOrProvisionProviderCreationExpression_Factory: loaded 2 times (x 69B)
Class dagger.internal.codegen.writing.ComponentImplementation$ChildComponentImplementationFactory: loaded 2 times (x 67B)
Class [Ldagger.internal.codegen.writing.ComponentCreatorImplementationFactory$RequirementStatus;: loaded 2 times (x 66B)
Class dagger.internal.codegen.binding.AnnotationExpression                            : loaded 2 times (x 69B)
Class kotlin.text.DelimitedRangesSequence                                             : loaded 2 times (x 72B)
Class net.rubygrapefruit.platform.internal.Platform$MacOs32Bit                        : loaded 2 times (x 79B)
Class net.rubygrapefruit.platform.internal.Platform$Linux64Bit                        : loaded 2 times (x 80B)
Class org.objectweb.asm.AnnotationWriter                                              : loaded 2 times (x 76B)
Class dagger.internal.codegen.binding.AutoValue_AssistedInjectionAnnotations_AssistedFactoryMetadata: loaded 2 times (x 79B)
Class dagger.internal.codegen.writing.MembersInjectorProviderCreationExpression$Factory: loaded 2 times (x 67B)
Class dagger.internal.codegen.writing.DependencyMethodProviderCreationExpression_Factory: loaded 2 times (x 69B)
Class dagger.internal.codegen.writing.DependencyMethodProducerCreationExpression_Factory_Impl: loaded 2 times (x 72B)
Class dagger.internal.codegen.writing.StaticFactoryInstanceSupplier_Factory_Impl      : loaded 2 times (x 72B)
Class dagger.spi.model.Key$1                                                          : loaded 2 times (x 68B)
Class dagger.internal.codegen.validation.SpiModelBindingGraphConverter$DaggerTypeElementImpl: loaded 2 times (x 72B)
Class dagger.internal.codegen.binding.$AutoValue_InjectionBinding$Builder             : loaded 2 times (x 94B)
Class com.google.common.collect.Collections2$TransformedCollection                    : loaded 2 times (x 115B)
Class com.google.common.util.concurrent.AbstractFuture                                : loaded 2 times (x 103B)
Class dagger.hilt.processor.internal.root.$AutoValue_AggregatedRootMetadata           : loaded 2 times (x 79B)
Class com.google.common.graph.MapRetrievalCache                                       : loaded 2 times (x 72B)
Class dagger.spi.internal.shaded.kotlinx.metadata.internal.metadata.ProtoBuf$Modality$1: loaded 2 times (x 71B)
Class dagger.spi.internal.shaded.kotlinx.metadata.jvm.KotlinClassMetadata$Companion   : loaded 2 times (x 68B)
Class dagger.spi.internal.shaded.kotlinx.metadata.KmValueParameter                    : loaded 2 times (x 74B)
Class dagger.hilt.processor.internal.aliasof.AutoValue_AliasOfPropagatedDataMetadata  : loaded 2 times (x 72B)
Class dagger.spi.internal.shaded.kotlinx.metadata.internal.protobuf.SmallSortedMap$1  : loaded 2 times (x 127B)
Class [Ldagger.spi.internal.shaded.kotlinx.metadata.internal.metadata.jvm.JvmProtoBuf$StringTableTypes$Record$Operation;: loaded 2 times (x 66B)
Class dagger.spi.internal.shaded.kotlinx.metadata.internal.metadata.deserialization.ProtoBufUtilKt: loaded 2 times (x 68B)
Class dagger.hilt.processor.internal.kotlin.DaggerKotlinMetadataUtils_MetadataComponent: loaded 2 times (x 68B)
Class dagger.spi.internal.shaded.kotlinx.metadata.jvm.JvmFunctionExtensionVisitor     : loaded 2 times (x 77B)
Class com.google.common.collect.FilteredEntryMultimap                                 : loaded 2 times (x 152B)
Class dagger.internal.codegen.binding.MultiboundMapBinding                            : loaded 2 times (x 87B)
Class dagger.internal.codegen.validation.AutoValue_SpiModelBindingGraphConverter_DependencyEdgeImpl: loaded 2 times (x 76B)
Class com.google.common.base.CharMatcher$Any                                          : loaded 2 times (x 109B)
Class com.google.common.util.concurrent.ListenableFuture                              : loaded 2 times (x 67B)
Class com.google.common.io.Closer$Suppressor                                          : loaded 2 times (x 67B)
Class org.objectweb.asm.RecordComponentWriter                                         : loaded 2 times (x 75B)
Class com.google.common.util.concurrent.AbstractFuture$Listener                       : loaded 2 times (x 69B)
Class Settings_gradle$1$1                                                             : loaded 2 times (x 71B)
Class [Ldagger.internal.codegen.writing.ComponentImplementation$TypeSpecKind;         : loaded 2 times (x 66B)
Class com.google.common.graph.AbstractGraphBuilder                                    : loaded 2 times (x 69B)
Class dagger.internal.codegen.writing.ProviderInstanceRequestRepresentation$Factory   : loaded 2 times (x 67B)
Class dagger.internal.codegen.writing.MapFactoryCreationExpression_Factory            : loaded 2 times (x 69B)
Class dagger.internal.codegen.writing.ComponentProvisionRequestRepresentation_Factory_Impl: loaded 2 times (x 72B)
Class dagger.internal.codegen.binding.BindingGraphFactory$LegacyBindingGraph          : loaded 2 times (x 69B)
Class dagger.internal.codegen.binding.SubcomponentCreatorBinding$Builder              : loaded 2 times (x 75B)
Class dagger.internal.codegen.binding.MultiboundMapBinding$Builder                    : loaded 2 times (x 77B)
Class dagger.spi.internal.shaded.kotlinx.metadata.internal.metadata.deserialization.BinaryVersion: loaded 2 times (x 70B)
Class dagger.spi.internal.shaded.kotlinx.metadata.internal.protobuf.ExtensionRegistryLite$ObjectIntPair: loaded 2 times (x 69B)
Class dagger.spi.internal.shaded.kotlinx.metadata.internal.metadata.jvm.JvmProtoBuf$StringTableTypes$Record$Operation$1: loaded 2 times (x 71B)
Class dagger.spi.internal.shaded.kotlinx.metadata.jvm.JvmFieldSignature               : loaded 2 times (x 72B)
Class dagger.internal.codegen.kotlin.AutoValue_KotlinMetadata_ClassMetadata           : loaded 2 times (x 76B)
Class dagger.spi.internal.shaded.kotlinx.metadata.internal.metadata.ProtoBuf$Class$1  : loaded 2 times (x 141B)
Class dagger.spi.internal.shaded.kotlinx.metadata.internal.protobuf.SmallSortedMap    : loaded 2 times (x 127B)
Class [Ldagger.spi.internal.shaded.kotlinx.metadata.Flag;                             : loaded 2 times (x 66B)
Class dagger.internal.codegen.writing.BindingRepresentations_Factory                  : loaded 2 times (x 78B)
Class org.gradle.api.internal.classpath.DefaultModuleRegistry                         : loaded 2 times (x 83B)
Class com.google.common.collect.Multimaps$CustomSetMultimap                           : loaded 2 times (x 175B)
Class net.rubygrapefruit.platform.internal.Platform$Window32Bit                       : loaded 2 times (x 76B)
Class kotlin.io.FilesKt__UtilsKt                                                      : loaded 2 times (x 68B)
Class com.google.common.collect.Lists$TransformingRandomAccessList                    : loaded 2 times (x 196B)
Class dagger.hilt.processor.internal.root.AutoValue_ComponentTreeDepsMetadata         : loaded 2 times (x 78B)
Class dagger.hilt.processor.internal.earlyentrypoint.AutoValue_AggregatedEarlyEntryPointMetadata: loaded 2 times (x 71B)
Class dagger.spi.internal.shaded.kotlinx.metadata.KmDeclarationContainer              : loaded 2 times (x 67B)
Class dagger.spi.internal.shaded.kotlinx.metadata.internal.metadata.jvm.JvmProtoBuf   : loaded 2 times (x 68B)
Class dagger.spi.internal.shaded.kotlinx.metadata.internal.metadata.jvm.JvmProtoBuf$JvmPropertySignature: loaded 2 times (x 111B)
Class dagger.spi.internal.shaded.kotlinx.metadata.internal.metadata.jvm.JvmProtoBuf$JvmFieldSignature$1: loaded 2 times (x 141B)
Class dagger.internal.codegen.writing.ProducerFactoryGenerator$FutureTransform        : loaded 2 times (x 75B)
Class [Lorg.objectweb.asm.Label;                                                      : loaded 2 times (x 66B)
Class org.objectweb.asm.Attribute                                                     : loaded 2 times (x 74B)
Class org.gradle.internal.classloader.VisitableURLClassLoader                         : loaded 2 times (x 114B)
Class [Ldagger.internal.codegen.writing.ComponentImplementation$MethodSpecKind;       : loaded 2 times (x 66B)
Class dagger.internal.codegen.validation.SpiModelBindingGraphConverter$DependencyEdgeImpl: loaded 2 times (x 75B)
Class dagger.spi.model.AutoValue_Key                                                  : loaded 2 times (x 77B)
Class dagger.internal.codegen.binding.$AutoValue_AssistedFactoryBinding               : loaded 2 times (x 89B)
Class dagger.spi.internal.shaded.kotlinx.metadata.internal.metadata.ProtoBuf$Annotation: loaded 2 times (x 106B)
Class dagger.internal.codegen.binding.ConfigurationAnnotations                        : loaded 2 times (x 68B)
Class dagger.spi.internal.shaded.kotlinx.metadata.internal.metadata.deserialization.Flags$EnumLiteFlagField: loaded 2 times (x 73B)
Class dagger.internal.codegen.kotlin.KotlinMetadata$ClassMetadata$Builder             : loaded 2 times (x 82B)
Class dagger.spi.internal.shaded.kotlinx.metadata.internal.ReadUtilsKt                : loaded 2 times (x 68B)
Class dagger.spi.internal.shaded.kotlinx.metadata.internal.metadata.jvm.JvmProtoBuf$StringTableTypes: loaded 2 times (x 107B)
Class dagger.spi.internal.shaded.kotlinx.metadata.internal.metadata.ProtoBuf$TypeTableOrBuilder: loaded 2 times (x 67B)
Class com.google.common.collect.ConsumingQueueIterator                                : loaded 2 times (x 79B)
Class dagger.internal.codegen.writing.ProductionBindingRepresentation$Factory         : loaded 2 times (x 67B)
Class com.google.common.util.concurrent.AbstractFuture$UnsafeAtomicHelper             : loaded 2 times (x 75B)
Class com.google.common.io.Closer$SuppressingSuppressor                               : loaded 2 times (x 72B)
Class com.google.common.collect.HashBiMap$Inverse                                     : loaded 2 times (x 139B)
Class com.google.common.graph.MutableValueGraph                                       : loaded 2 times (x 67B)
Class com.google.common.graph.Graphs                                                  : loaded 2 times (x 68B)
Class dagger.internal.codegen.binding.BindingNode$Factory                             : loaded 2 times (x 69B)
Class dagger.internal.codegen.validation.DiagnosticMessageGenerator                   : loaded 2 times (x 69B)
Class dagger.internal.codegen.bindinggraphvalidation.DuplicateBindingsValidator$KeyWithTypeEquivalence: loaded 2 times (x 71B)
Class dagger.internal.codegen.writing.ComponentInstanceRequestRepresentation_Factory_Impl: loaded 2 times (x 72B)
Class dagger.internal.codegen.writing.ProviderInstanceRequestRepresentation_Factory_Impl: loaded 2 times (x 72B)
Class com.google.common.collect.ImmutableList$SerializedForm                          : loaded 2 times (x 70B)
Class net.rubygrapefruit.platform.internal.FunctionResult$Failure                     : loaded 2 times (x 76B)
Class net.rubygrapefruit.platform.internal.NativeLibraryLoader                        : loaded 2 times (x 70B)
Class com.google.common.util.concurrent.AbstractFuture$Waiter                         : loaded 2 times (x 69B)
Class Settings_gradle                                                                 : loaded 2 times (x 125B)
Class org.gradle.internal.Cast                                                        : loaded 2 times (x 68B)
Class org.gradle.api.Action                                                           : loaded 2 times (x 67B)
Class dagger.internal.codegen.writing.ProviderInstanceRequestRepresentation           : loaded 2 times (x 73B)
Class dagger.internal.codegen.writing.AssistedFactoryRequestRepresentation_Factory_Impl: loaded 2 times (x 72B)
Class dagger.spi.model.$AutoValue_ComponentPath                                       : loaded 2 times (x 71B)
Class dagger.internal.codegen.xprocessing.MethodSpecs                                 : loaded 2 times (x 68B)
Class dagger.internal.codegen.binding.AutoValue_AssistedInjectionBinding              : loaded 2 times (x 91B)
Class dagger.internal.codegen.writing.UnscopedDirectInstanceRequestRepresentationFactory$1: loaded 2 times (x 68B)
Class com.google.common.collect.FilteredKeySetMultimap                                : loaded 2 times (x 199B)
Class com.google.common.collect.FilteredKeyMultimap                                   : loaded 2 times (x 151B)
Class dagger.internal.codegen.base.ComponentKind                                      : loaded 2 times (x 76B)
Class dagger.spi.internal.shaded.androidx.room.compiler.processing.XRawType           : loaded 2 times (x 67B)
Class com.google.common.util.concurrent.internal.InternalFutureFailureAccess          : loaded 2 times (x 69B)
Class dagger.internal.codegen.writing.FactoryGenerator$FactoryCreationStrategy        : loaded 2 times (x 76B)
Class dagger.hilt.processor.internal.root.AutoValue_Root                              : loaded 2 times (x 75B)
Class dagger.internal.codegen.binding.BindingGraphConverter_Factory$InstanceHolder    : loaded 2 times (x 68B)
Class dagger.hilt.processor.internal.aliasof.AliasOfs                                 : loaded 2 times (x 69B)
Class dagger.internal.codegen.binding.BoundInstanceBinding                            : loaded 2 times (x 87B)
Class dagger.internal.codegen.writing.DelegateRequestRepresentation$Factory           : loaded 2 times (x 67B)
Class dagger.internal.codegen.writing.SetFactoryCreationExpression$Factory            : loaded 2 times (x 67B)
Class dagger.internal.codegen.componentgenerator.CurrentImplementationSubcomponent$ChildComponentImplementationFactoryModule: loaded 2 times (x 67B)
Class org.gradle.api.internal.classpath.ModuleRegistry                                : loaded 2 times (x 67B)
Class org.gradle.internal.installation.GradleInstallation$1                           : loaded 2 times (x 72B)
Class [Lorg.objectweb.asm.SymbolTable$Entry;                                          : loaded 2 times (x 66B)
Class net.rubygrapefruit.platform.internal.LibraryDef                                 : loaded 2 times (x 69B)
Class dagger.hilt.processor.internal.root.AggregatedRootMetadata                      : loaded 2 times (x 74B)
Class [Ldagger.spi.internal.shaded.kotlinx.metadata.internal.protobuf.WireFormat$JavaType;: loaded 2 times (x 66B)
Class dagger.spi.internal.shaded.kotlinx.metadata.KmPropertyExtensionVisitor          : loaded 2 times (x 67B)
Class dagger.internal.codegen.bindinggraphvalidation.AutoValue_DuplicateBindingsValidator_KeyWithTypeEquivalence: loaded 2 times (x 72B)
Class com.google.devtools.ksp.symbol.KSModifierListOwner                              : loaded 2 times (x 67B)
Class dagger.internal.codegen.writing.ComponentWrapperImplementation                  : loaded 2 times (x 77B)
Class dagger.internal.codegen.writing.MembersInjectionMethods                         : loaded 2 times (x 69B)
Class com.google.common.collect.HashBiMap                                             : loaded 2 times (x 140B)
Class org.objectweb.asm.Handler                                                       : loaded 2 times (x 69B)
Class com.google.common.base.Strings                                                  : loaded 2 times (x 68B)
Class dagger.internal.codegen.writing.SwitchingProviders$SwitchingProviderBuilder     : loaded 2 times (x 69B)
Class dagger.internal.codegen.componentgenerator.CurrentImplementationSubcomponent_ChildComponentImplementationFactoryModule_ProvideChildComponentImplementationFactoryFactory: loaded 2 times (x 79B)
Class dagger.internal.codegen.writing.DelegatingFrameworkInstanceCreationExpression_Factory: loaded 2 times (x 69B)
Class dagger.internal.codegen.writing.DirectInstanceBindingRepresentation_Factory     : loaded 2 times (x 69B)
Class com.google.common.reflect.TypeToken$2                                           : loaded 2 times (x 107B)
Class com.google.common.graph.ElementOrder                                            : loaded 2 times (x 69B)
Class com.google.common.collect.Iterators$3                                           : loaded 2 times (x 79B)
Class com.google.common.graph.AbstractNetwork                                         : loaded 2 times (x 136B)
Class dagger.spi.internal.shaded.kotlinx.metadata.internal.metadata.ProtoBuf$Class    : loaded 2 times (x 177B)
Class dagger.spi.internal.shaded.kotlinx.metadata.internal.protobuf.LiteralByteString : loaded 2 times (x 109B)
Class dagger.spi.internal.shaded.kotlinx.metadata.internal.protobuf.InvalidProtocolBufferException: loaded 2 times (x 81B)
Class com.google.common.reflect.TypeToken$1                                           : loaded 2 times (x 107B)
Class dagger.internal.codegen.binding.DependencyVariableNamer$1                       : loaded 2 times (x 68B)
Class com.google.common.graph.EndpointPairIterator$Directed                           : loaded 2 times (x 79B)
Class dagger.hilt.processor.internal.root.RootGenerator                               : loaded 2 times (x 69B)
Class dagger.spi.internal.shaded.kotlinx.metadata.jvm.internal.JvmMetadataExtensions  : loaded 2 times (x 100B)
Class com.google.common.base.CharMatcher$JavaUpperCase                                : loaded 2 times (x 108B)
Class com.google.common.graph.AbstractGraph                                           : loaded 2 times (x 132B)
Class dagger.spi.internal.shaded.kotlinx.metadata.KmFunctionVisitor                   : loaded 2 times (x 78B)
Class dagger.spi.internal.shaded.kotlinx.metadata.internal.metadata.ProtoBuf$Modality : loaded 2 times (x 79B)
Class dagger.internal.codegen.binding.AutoValue_MultiboundMapBinding                  : loaded 2 times (x 88B)
Class com.google.common.graph.MultiEdgesConnecting                                    : loaded 2 times (x 134B)
Class org.gradle.api.specs.Spec                                                       : loaded 2 times (x 67B)
Class [Ldagger.spi.model.BindingKind;                                                 : loaded 2 times (x 66B)
Class dagger.internal.codegen.writing.MembersInjectionRequestRepresentation_Factory_Impl: loaded 2 times (x 72B)
Class dagger.internal.codegen.writing.BindingRepresentation                           : loaded 2 times (x 67B)
Class org.objectweb.asm.Edge                                                          : loaded 2 times (x 69B)
Class dagger.hilt.processor.internal.definecomponent.DefineComponentBuilderMetadatas  : loaded 2 times (x 69B)
Class com.google.common.graph.DirectedGraphConnections$5                              : loaded 2 times (x 68B)
Class org.gradle.internal.classpath.DefaultClassPath$ImmutableUniqueList$Builder      : loaded 2 times (x 72B)
Class dagger.internal.codegen.writing.SwitchingProviderInstanceSupplier               : loaded 2 times (x 72B)
Class dagger.internal.codegen.writing.ImmediateFutureRequestRepresentation            : loaded 2 times (x 71B)
Class dagger.internal.codegen.writing.RequestRepresentation                           : loaded 2 times (x 70B)
Class dagger.internal.codegen.writing.SimpleMethodRequestRepresentation_Factory       : loaded 2 times (x 69B)
Class dagger.hilt.processor.internal.root.TestRootMetadata                            : loaded 2 times (x 75B)
Class dagger.internal.codegen.binding.SubcomponentCreatorBinding                      : loaded 2 times (x 87B)
Class dagger.internal.codegen.kotlin.KotlinMetadata$ValueParameterMetadata            : loaded 2 times (x 71B)
Class dagger.spi.internal.shaded.androidx.room.jarjarred.kotlinx.metadata.KmVersionRequirementLevel: loaded 2 times (x 76B)
Class dagger.spi.internal.shaded.androidx.room.jarjarred.kotlinx.metadata.KmVersionRequirement: loaded 2 times (x 72B)
Class dagger.internal.codegen.kotlin.KotlinMetadata$FunctionMetadata                  : loaded 2 times (x 73B)
Class dagger.spi.internal.shaded.kotlinx.metadata.jvm.internal.JvmFunctionExtension   : loaded 2 times (x 82B)
Class dagger.spi.internal.shaded.kotlinx.metadata.internal.metadata.deserialization.VersionRequirementTable: loaded 2 times (x 69B)
Class dagger.spi.internal.shaded.kotlinx.metadata.internal.protobuf.MessageLite$Builder: loaded 2 times (x 67B)
Class dagger.spi.model.AutoValue_DependencyRequest$Builder                            : loaded 2 times (x 74B)
Class dagger.spi.model.DaggerType                                                     : loaded 2 times (x 71B)
Class dagger.hilt.android.processor.internal.androidentrypoint.Generators             : loaded 2 times (x 68B)
Class dagger.internal.codegen.validation.SpiModelBindingGraphConverter$DaggerTypeImpl : loaded 2 times (x 72B)
Class dagger.internal.codegen.writing.ComponentInstanceRequestRepresentation_Factory  : loaded 2 times (x 69B)
Class dagger.internal.codegen.componentgenerator.CurrentImplementationSubcomponent_ChildComponentImplementationFactoryModule_ProvideTopLevelImplementationFactory: loaded 2 times (x 79B)
Class com.google.common.util.concurrent.AbstractFuture$AtomicHelper                   : loaded 2 times (x 75B)
Class org.objectweb.asm.SymbolTable$Entry                                             : loaded 2 times (x 71B)
Class net.rubygrapefruit.platform.internal.Platform$Windows                           : loaded 2 times (x 76B)
Class dagger.hilt.android.processor.internal.viewmodel.ViewModelModuleGenerator       : loaded 2 times (x 69B)
Class com.google.common.graph.ForwardingGraph                                         : loaded 2 times (x 133B)
Class com.google.common.graph.StandardValueGraph$1                                    : loaded 2 times (x 133B)
Class com.google.common.collect.AbstractRangeSet                                      : loaded 2 times (x 111B)
Class dagger.internal.codegen.writing.BindingRepresentations                          : loaded 2 times (x 68B)
Class dagger.internal.codegen.writing.ComponentImplementation$MethodSpecKind          : loaded 2 times (x 76B)
Class dagger.internal.codegen.writing.MembersInjectionRequestRepresentation_Factory   : loaded 2 times (x 69B)
Class dagger.spi.model.BindingGraph$SubcomponentCreatorBindingEdge                    : loaded 2 times (x 67B)
Class com.google.common.collect.FilteredMultimapValues                                : loaded 2 times (x 115B)
Class dagger.spi.internal.shaded.kotlinx.metadata.internal.protobuf.FieldSet$FieldDescriptorLite: loaded 2 times (x 67B)
Class com.google.common.graph.MutableNetwork                                          : loaded 2 times (x 67B)
Class dagger.spi.internal.shaded.kotlinx.metadata.internal.protobuf.FieldSet$1        : loaded 2 times (x 68B)
Class com.google.common.graph.DirectedGraphConnections$4                              : loaded 2 times (x 80B)
Class dagger.spi.internal.shaded.kotlinx.metadata.internal.metadata.jvm.deserialization.JvmMetadataVersion$Companion: loaded 2 times (x 68B)
Class dagger.internal.codegen.javapoet.Expression                                     : loaded 2 times (x 69B)
Class dagger.internal.codegen.writing.MapRequestRepresentation                        : loaded 2 times (x 71B)
Class [Lcom.google.common.reflect.Types$JavaVersion;                                  : loaded 2 times (x 66B)
Class com.google.common.graph.DirectedGraphConnections$3                              : loaded 2 times (x 134B)
Class dagger.spi.internal.shaded.kotlinx.metadata.internal.metadata.jvm.JvmProtoBuf$JvmMethodSignature: loaded 2 times (x 105B)
Class dagger.spi.internal.shaded.kotlinx.metadata.internal.metadata.ProtoBuf$TypeTable: loaded 2 times (x 106B)
Class dagger.spi.internal.shaded.kotlinx.metadata.internal.metadata.ProtoBuf$VersionRequirementTable$1: loaded 2 times (x 141B)
Class [Ldagger.hilt.android.processor.internal.androidentrypoint.AndroidEntryPointMetadata$AndroidType;: loaded 2 times (x 66B)
Class dagger.internal.codegen.binding.ComponentBinding                                : loaded 2 times (x 87B)
Class dagger.internal.codegen.writing.ComponentImplementation                         : loaded 2 times (x 69B)
Class dagger.internal.codegen.writing.ComponentNames                                  : loaded 2 times (x 69B)
Class org.gradle.api.UncheckedIOException                                             : loaded 2 times (x 79B)
Class org.gradle.internal.classpath.ClassPath                                         : loaded 2 times (x 67B)
Class Settings_gradle$1                                                               : loaded 2 times (x 71B)
Class net.rubygrapefruit.platform.internal.jni.NativeLibraryFunctions                 : loaded 2 times (x 68B)
Class com.google.common.graph.DirectedGraphConnections$2                              : loaded 2 times (x 134B)
Class dagger.spi.internal.shaded.kotlinx.metadata.internal.metadata.jvm.deserialization.JvmProtoBufUtil: loaded 2 times (x 68B)
Class dagger.spi.internal.shaded.kotlinx.metadata.internal.metadata.jvm.JvmProtoBuf$JvmMethodSignature$Builder: loaded 2 times (x 131B)
Class dagger.internal.codegen.binding.AutoValue_BoundInstanceBinding                  : loaded 2 times (x 88B)
Class com.google.common.base.AbstractIterator$1                                       : loaded 2 times (x 68B)
Class com.google.common.base.CharMatcher$Digit                                        : loaded 2 times (x 109B)
Class org.gradle.api.GradleException                                                  : loaded 2 times (x 79B)
Class dagger.internal.codegen.writing.UnscopedFrameworkInstanceCreationExpressionFactory$1: loaded 2 times (x 68B)
Class dagger.internal.codegen.validation.SpiModelBindingGraphConverter$BindingGraphImpl: loaded 2 times (x 92B)
Class com.google.common.collect.HashBasedTable                                        : loaded 2 times (x 121B)
Class dagger.internal.DelegateFactory                                                 : loaded 2 times (x 79B)
Class dagger.spi.internal.shaded.kotlinx.metadata.jvm.JvmPropertyExtensionVisitor$Companion: loaded 2 times (x 68B)
Class dagger.spi.internal.shaded.kotlinx.metadata.internal.metadata.jvm.JvmProtoBuf$JvmPropertySignature$Builder: loaded 2 times (x 138B)
Class dagger.spi.internal.shaded.kotlinx.metadata.internal.metadata.ProtoBuf$Package$1: loaded 2 times (x 141B)
Class dagger.spi.internal.shaded.kotlinx.metadata.internal.protobuf.GeneratedMessageLite$GeneratedExtension: loaded 2 times (x 76B)
Class dagger.spi.internal.shaded.kotlinx.metadata.internal.extensions.MetadataExtensions$Companion$INSTANCES$2: loaded 2 times (x 75B)
Class dagger.spi.internal.shaded.kotlinx.metadata.internal.extensions.MetadataExtensions: loaded 2 times (x 67B)
Class dagger.internal.codegen.writing.AutoValue_ComponentCreatorImplementation        : loaded 2 times (x 72B)
Class com.google.common.reflect.TypeToken                                             : loaded 2 times (x 70B)
Class kotlin.jvm.internal.TypeIntrinsics                                              : loaded 2 times (x 68B)
Class [Lcom.google.common.graph.Traverser$InsertionOrder;                             : loaded 2 times (x 66B)
Class com.google.common.graph.IncidentEdgeSet                                         : loaded 2 times (x 133B)
Class kotlin.text.StringsKt__StringsKt$splitToSequence$1                              : loaded 2 times (x 76B)
Class dagger.internal.codegen.binding.FrameworkTypeMapper$3                           : loaded 2 times (x 68B)
Class dagger.spi.internal.shaded.kotlinx.metadata.internal.metadata.jvm.deserialization.UtfEncodingKt: loaded 2 times (x 68B)
Class dagger.internal.codegen.kotlin.KotlinMetadata$MethodForAnnotations              : loaded 2 times (x 69B)
Class dagger.internal.codegen.validation.SpiModelBindingGraphConverter$DaggerElementImpl: loaded 2 times (x 72B)
Class dagger.internal.codegen.writing.MembersInjectionMethods$1                       : loaded 2 times (x 68B)
Class dagger.internal.codegen.writing.UnscopedDirectInstanceRequestRepresentationFactory: loaded 2 times (x 69B)
Class org.gradle.internal.classpath.DefaultClassPath$ImmutableUniqueList              : loaded 2 times (x 196B)
Class com.google.common.base.CharMatcher$JavaIsoControl                               : loaded 2 times (x 109B)
Class com.google.common.collect.Lists$OnePlusArrayList                                : loaded 2 times (x 196B)
Class dagger.internal.codegen.writing.ComponentRequirementExpressions$ComponentParameterField: loaded 2 times (x 78B)
Class dagger.internal.codegen.writing.ComponentProvisionRequestRepresentation_Factory : loaded 2 times (x 69B)
Class dagger.internal.codegen.writing.MembersInjectionBindingRepresentation_Factory   : loaded 2 times (x 69B)
Class dagger.internal.codegen.validation.AutoValue_SpiModelBindingGraphConverter_DaggerExecutableElementImpl: loaded 2 times (x 73B)
Class dagger.spi.model.DependencyRequest                                              : loaded 2 times (x 72B)
Class dagger.internal.codegen.binding.$AutoValue_SubcomponentCreatorBinding$Builder   : loaded 2 times (x 90B)
Class org.gradle.api.internal.ClassPathRegistry                                       : loaded 2 times (x 67B)
Class com.google.common.reflect.Invokable$ConstructorInvokable                        : loaded 2 times (x 104B)
Class net.rubygrapefruit.platform.NativeIntegrationLinkageException                   : loaded 2 times (x 79B)
Class dagger.spi.internal.shaded.kotlinx.metadata.internal.protobuf.RopeByteString    : loaded 2 times (x 107B)
Class dagger.spi.internal.shaded.kotlinx.metadata.internal.metadata.ProtoBuf$TypeParameter$Variance: loaded 2 times (x 79B)
Class dagger.spi.internal.shaded.kotlinx.metadata.internal.protobuf.AbstractMessageLite: loaded 2 times (x 95B)
Class dagger.internal.codegen.binding.FrameworkTypeMapper$2                           : loaded 2 times (x 77B)
Class jakarta.inject.Provider                                                         : loaded 2 times (x 67B)
Class dagger.spi.internal.shaded.kotlinx.metadata.internal.metadata.jvm.deserialization.BitEncoding: loaded 2 times (x 68B)
Class dagger.hilt.android.processor.internal.androidentrypoint.ApplicationGenerator   : loaded 2 times (x 69B)
Class com.google.common.graph.EndpointPairIterator$Undirected                         : loaded 2 times (x 79B)
Class dagger.hilt.processor.internal.root.RootMetadata                                : loaded 2 times (x 69B)
Class dagger.hilt.processor.internal.definecomponent.AutoValue_DefineComponentBuilderMetadatas_DefineComponentBuilderMetadata: loaded 2 times (x 72B)
Class dagger.spi.internal.shaded.kotlinx.metadata.internal.metadata.jvm.JvmProtoBuf$StringTableTypes$Record: loaded 2 times (x 116B)
Class dagger.spi.internal.shaded.kotlinx.metadata.internal.metadata.jvm.deserialization.JvmNameResolverBase$Companion: loaded 2 times (x 68B)
Class dagger.internal.codegen.model.BindingGraph$DependencyEdge                       : loaded 2 times (x 67B)
Class com.google.devtools.ksp.symbol.KSDeclaration                                    : loaded 2 times (x 67B)
Class dagger.internal.codegen.validation.AutoValue_SpiModelBindingGraphConverter_SubcomponentCreatorBindingEdgeImpl: loaded 2 times (x 74B)
Class dagger.internal.codegen.writing.ProducerFromProviderCreationExpression_Factory_Impl: loaded 2 times (x 72B)
Class dagger.internal.codegen.writing.ProducerFromProviderCreationExpression          : loaded 2 times (x 73B)
Class org.gradle.api.internal.DefaultClassPathRegistry                                : loaded 2 times (x 73B)
Class net.rubygrapefruit.platform.internal.FunctionResult                             : loaded 2 times (x 74B)
Class dagger.internal.codegen.binding.FrameworkTypeMapper$1                           : loaded 2 times (x 77B)
Class dagger.spi.internal.shaded.kotlinx.metadata.internal.metadata.ProtoBuf$ConstructorOrBuilder: loaded 2 times (x 67B)
Class dagger.spi.internal.shaded.kotlinx.metadata.internal.metadata.jvm.deserialization.JvmNameResolverKt: loaded 2 times (x 68B)
Class kotlin.io.FilesKt                                                               : loaded 2 times (x 68B)
Class com.google.common.base.CharMatcher$JavaLowerCase                                : loaded 2 times (x 108B)
Class dagger.internal.codegen.writing.ComponentInstanceRequestRepresentation$Factory  : loaded 2 times (x 67B)
Class dagger.internal.codegen.binding.ComponentRequirement$Kind                       : loaded 2 times (x 76B)
Class com.google.common.collect.Maps$AsMapView$1EntrySetImpl                          : loaded 2 times (x 135B)
Class com.google.common.collect.SortedMultiset                                        : loaded 2 times (x 67B)
Class dagger.internal.codegen.binding.InjectionBinding$Builder                        : loaded 2 times (x 77B)
Class dagger.spi.internal.shaded.androidx.room.jarjarred.kotlinx.metadata.internal.metadata.ProtoBuf$VersionRequirement$1: loaded 2 times (x 141B)
Class dagger.spi.model.DaggerTypeElement                                              : loaded 2 times (x 71B)
Class dagger.internal.codegen.validation.AutoValue_SpiModelBindingGraphConverter_DaggerTypeElementImpl: loaded 2 times (x 73B)
Class dagger.internal.codegen.binding.DelegateBinding$Builder                         : loaded 2 times (x 79B)
Class dagger.internal.codegen.writing.AnonymousProviderCreationExpression$Factory     : loaded 2 times (x 67B)
Class dagger.spi.internal.shaded.kotlinx.metadata.internal.metadata.ProtoBuf$MemberKind$1: loaded 2 times (x 71B)
Class [Ldagger.internal.codegen.writing.ComponentImplementation$CompilerMode;         : loaded 2 times (x 66B)
Class dagger.internal.codegen.writing.FrameworkInstanceSupplier                       : loaded 2 times (x 67B)
Class com.google.common.collect.Lists$RandomAccessPartition                           : loaded 2 times (x 197B)
Class com.google.common.util.concurrent.AbstractFuture$Cancellation                   : loaded 2 times (x 69B)
Class dagger.hilt.processor.internal.definecomponent.DefineComponentMetadatas         : loaded 2 times (x 69B)
Class dagger.internal.codegen.binding.FrameworkTypeMapper                             : loaded 2 times (x 77B)
Class dagger.spi.internal.shaded.androidx.room.jarjarred.kotlinx.metadata.internal.metadata.ProtoBuf$VersionRequirement$Level: loaded 2 times (x 79B)
Class com.google.common.graph.Graphs$NodeVisitState                                   : loaded 2 times (x 76B)
Class com.google.common.graph.Traverser$InsertionOrder$2                              : loaded 2 times (x 77B)
Class dagger.spi.internal.shaded.kotlinx.metadata.internal.protobuf.AbstractMessageLite$Builder$LimitedInputStream: loaded 2 times (x 89B)
Class dagger.spi.internal.shaded.kotlinx.metadata.internal.metadata.jvm.JvmProtoBuf$JvmFieldSignatureOrBuilder: loaded 2 times (x 67B)
Class dagger.spi.internal.shaded.kotlinx.metadata.KmType                              : loaded 2 times (x 80B)
Class dagger.internal.codegen.binding.AutoValue_ComponentCreatorDescriptor            : loaded 2 times (x 79B)
Class dagger.internal.codegen.binding.ComponentBinding$Builder                        : loaded 2 times (x 75B)
Class dagger.internal.codegen.writing.ProducerFactoryGenerator$SingleArgFutureTransform: loaded 2 times (x 75B)
Class net.rubygrapefruit.platform.internal.NativeLibraryLocator                       : loaded 2 times (x 70B)
Class net.rubygrapefruit.platform.Process                                             : loaded 2 times (x 67B)
Class dagger.internal.codegen.binding.$AutoValue_AssistedInjectionAnnotations_AssistedFactoryMetadata: loaded 2 times (x 79B)
Class dagger.internal.codegen.binding.MultiboundSetBinding$Builder                    : loaded 2 times (x 77B)
Class dagger.spi.internal.shaded.androidx.room.jarjarred.kotlinx.metadata.internal.protobuf.GeneratedMessageLite$ExtendableBuilder: loaded 2 times (x 136B)
Class com.google.common.graph.NetworkBuilder                                          : loaded 2 times (x 69B)
Class dagger.internal.codegen.writing.ImmediateFutureRequestRepresentation$Factory    : loaded 2 times (x 67B)
Class dagger.internal.codegen.kotlin.KotlinMetadata$PropertyMetadata                  : loaded 2 times (x 74B)
Class dagger.internal.codegen.kotlin.KotlinMetadata$BaseMetadata                      : loaded 2 times (x 71B)
Class dagger.internal.codegen.writing.ComponentNames_Factory                          : loaded 2 times (x 79B)
Class dagger.internal.codegen.writing.ProvisionBindingRepresentation$1                : loaded 2 times (x 68B)
Class com.google.common.base.Stopwatch                                                : loaded 2 times (x 69B)
Class dagger.hilt.processor.internal.definecomponent.DefineComponentMetadatas$DefineComponentMetadata: loaded 2 times (x 72B)
Class com.google.common.graph.ImmutableGraph                                          : loaded 2 times (x 135B)
Class dagger.hilt.processor.internal.uninstallmodules.AutoValue_AggregatedUninstallModulesMetadata: loaded 2 times (x 72B)
Class [Lcom.google.common.graph.ElementOrder$Type;                                    : loaded 2 times (x 66B)
Class dagger.hilt.processor.internal.AutoValue_ComponentDescriptor                    : loaded 2 times (x 74B)
Class dagger.hilt.processor.internal.ComponentNames                                   : loaded 2 times (x 69B)
Class com.google.common.graph.DirectedGraphConnections$NodeConnection$Pred            : loaded 2 times (x 69B)
Class com.google.common.graph.Traverser$InsertionOrder$1                              : loaded 2 times (x 77B)
Class dagger.internal.codegen.binding.$AutoValue_BoundInstanceBinding$Builder         : loaded 2 times (x 92B)
Class dagger.spi.internal.shaded.kotlinx.metadata.KmConstructorExtensionVisitor       : loaded 2 times (x 67B)
Class dagger.spi.internal.shaded.kotlinx.metadata.jvm.JvmMemberSignatureKt            : loaded 2 times (x 68B)
Class [Ldagger.spi.internal.shaded.kotlinx.metadata.internal.metadata.ProtoBuf$Visibility;: loaded 2 times (x 66B)
Class dagger.internal.codegen.binding.ComponentRequirement                            : loaded 2 times (x 80B)
Class dagger.spi.model.ComponentPath                                                  : loaded 2 times (x 70B)
Class dagger.spi.model.DaggerElement                                                  : loaded 2 times (x 71B)
Class dagger.internal.codegen.writing.DelegateRequestRepresentation_Factory_Impl      : loaded 2 times (x 72B)
Class dagger.internal.codegen.writing.SetFactoryCreationExpression_Factory_Impl       : loaded 2 times (x 72B)
Class dagger.internal.codegen.writing.ProviderInstanceRequestRepresentation_Factory   : loaded 2 times (x 69B)
Class com.google.common.reflect.Types$NativeTypeVariableEquals                        : loaded 2 times (x 68B)
Class com.google.common.reflect.TypeParameter                                         : loaded 2 times (x 69B)
Class com.google.common.cache.LocalCache$AbstractReferenceEntry                       : loaded 2 times (x 104B)
Class com.google.common.base.CharMatcher$Whitespace                                   : loaded 2 times (x 109B)
Class org.gradle.internal.IoActions                                                   : loaded 2 times (x 68B)
Class org.gradle.api.internal.classpath.UnknownModuleException                        : loaded 2 times (x 79B)
Class dagger.internal.codegen.writing.ComponentRequirementExpression                  : loaded 2 times (x 67B)
Class kotlin.io.FileAlreadyExistsException                                            : loaded 2 times (x 79B)
Class dagger.internal.codegen.writing.FrameworkInstanceBindingRepresentation_Factory  : loaded 2 times (x 69B)
Class dagger.spi.model.Key                                                            : loaded 2 times (x 75B)
Class dagger.internal.codegen.validation.AutoValue_SpiModelBindingGraphConverter_BindingGraphImpl: loaded 2 times (x 93B)
Class com.google.common.graph.Traverser$InsertionOrder                                : loaded 2 times (x 77B)
Class dagger.internal.codegen.writing.MapRequestRepresentation_Factory                : loaded 2 times (x 69B)
Class dagger.spi.internal.shaded.kotlinx.metadata.internal.protobuf.ByteString$Output : loaded 2 times (x 83B)
Class dagger.spi.internal.shaded.kotlinx.metadata.KmValueParameterVisitor             : loaded 2 times (x 73B)
Class dagger.spi.internal.shaded.kotlinx.metadata.internal.protobuf.Internal$EnumLiteMap: loaded 2 times (x 67B)
Class dagger.spi.internal.shaded.kotlinx.metadata.internal.protobuf.GeneratedMessageLite: loaded 2 times (x 98B)
Class dagger.spi.internal.shaded.kotlinx.metadata.internal.extensions.KmExtension     : loaded 2 times (x 67B)
Class dagger.spi.internal.shaded.kotlinx.metadata.internal.protobuf.FieldSet          : loaded 2 times (x 69B)
Class dagger.spi.internal.shaded.kotlinx.metadata.internal.metadata.deserialization.VersionRequirementTable$Companion: loaded 2 times (x 68B)
Class dagger.internal.codegen.binding.$AutoValue_InjectionBinding                     : loaded 2 times (x 90B)
Class com.google.common.graph.AbstractNetwork$1                                       : loaded 2 times (x 133B)
Class dagger.internal.codegen.writing.MembersInjectorProviderCreationExpression_Factory: loaded 2 times (x 69B)
Class dagger.internal.codegen.writing.UnscopedFrameworkInstanceCreationExpressionFactory_Factory: loaded 2 times (x 79B)
Class dagger.internal.codegen.xprocessing.JavaPoetExt                                 : loaded 2 times (x 68B)
Class org.gradle.api.internal.classpath.Module                                        : loaded 2 times (x 67B)
Class dagger.hilt.processor.internal.aggregateddeps.ComponentDependencies$Builder     : loaded 2 times (x 72B)
Class com.google.common.graph.EndpointPairIterator                                    : loaded 2 times (x 79B)
Class com.google.common.graph.MapIteratorCache$1                                      : loaded 2 times (x 134B)
Class com.google.common.graph.StandardMutableGraph                                    : loaded 2 times (x 157B)
Class [Ldagger.internal.codegen.model.DependencyRequest;                              : loaded 2 times (x 66B)
Class dagger.internal.codegen.validation.ComponentDescriptorValidator$ComponentValidation: loaded 2 times (x 69B)
Class com.google.common.collect.FilteredMultimap                                      : loaded 2 times (x 67B)
Class dagger.internal.codegen.binding.$AutoValue_MultiboundMapBinding$Builder         : loaded 2 times (x 94B)
Class dagger.internal.codegen.binding.DependencyEdgeImpl                              : loaded 2 times (x 73B)
Class dagger.spi.internal.shaded.kotlinx.metadata.internal.metadata.ProtoBuf$Constructor$1: loaded 2 times (x 141B)
Class dagger.spi.internal.shaded.kotlinx.metadata.internal.metadata.ProtoBuf$Function$1: loaded 2 times (x 141B)
Class com.google.common.collect.FilteredKeySetMultimap$EntrySet                       : loaded 2 times (x 146B)
Class com.google.common.base.Predicates$InPredicate                                   : loaded 2 times (x 85B)
Class dagger.internal.codegen.validation.AutoValue_SpiModelBindingGraphConverter_DaggerAnnotationImpl: loaded 2 times (x 74B)
Class dagger.internal.codegen.writing.InjectionMethods$InjectionSiteMethod            : loaded 2 times (x 68B)
Class dagger.internal.codegen.javapoet.ExpressionType                                 : loaded 2 times (x 69B)
Class dagger.internal.MapBuilder                                                      : loaded 2 times (x 69B)
Class com.google.common.reflect.Reflection                                            : loaded 2 times (x 68B)
Class dagger.hilt.android.processor.internal.androidentrypoint.AndroidEntryPointMetadata$AndroidType: loaded 2 times (x 76B)
Class com.google.common.graph.Graph                                                   : loaded 2 times (x 67B)
Class com.google.common.collect.ImmutableRangeSet$ComplementRanges                    : loaded 2 times (x 204B)
Class org.objectweb.asm.SymbolTable                                                   : loaded 2 times (x 69B)
Class com.google.common.base.CharMatcher$SingleWidth                                  : loaded 2 times (x 109B)
Class org.gradle.internal.classloader.SystemClassLoaderSpec                           : loaded 2 times (x 68B)
Class com.google.common.graph.StandardMutableValueGraph                               : loaded 2 times (x 171B)
Class com.google.common.graph.DirectedGraphConnections$3$2                            : loaded 2 times (x 79B)
Class dagger.internal.codegen.writing.ProductionBindingRepresentation_Factory_Impl    : loaded 2 times (x 72B)
Class dagger.internal.codegen.writing.OptionalRequestRepresentation_Factory           : loaded 2 times (x 69B)
Class dagger.spi.internal.shaded.kotlinx.metadata.internal.protobuf.SmallSortedMap$EmptySet: loaded 2 times (x 68B)
Class dagger.spi.internal.shaded.kotlinx.metadata.internal.metadata.ProtoBuf$ValueParameter: loaded 2 times (x 125B)
Class com.google.common.collect.Lists$TwoPlusArrayList                                : loaded 2 times (x 196B)
Class dagger.spi.model.Key$Builder                                                    : loaded 2 times (x 73B)
Class org.gradle.api.internal.classpath.DefaultModuleRegistry$DefaultModule           : loaded 2 times (x 83B)
Class dagger.internal.codegen.binding.AutoValue_MembersInjectionBinding               : loaded 2 times (x 81B)
Class dagger.spi.internal.shaded.kotlinx.metadata.jvm.KotlinClassMetadata$Class$classData$2: loaded 2 times (x 76B)
Class org.objectweb.asm.FieldVisitor                                                  : loaded 2 times (x 74B)
Class dagger.internal.codegen.writing.ProvisionBindingRepresentation$Factory          : loaded 2 times (x 67B)
Class com.google.common.graph.DirectedGraphConnections$3$1                            : loaded 2 times (x 79B)
Class dagger.spi.internal.shaded.kotlinx.metadata.internal.metadata.ProtoBuf$Contract$1: loaded 2 times (x 141B)
Class dagger.spi.internal.shaded.kotlinx.metadata.internal.metadata.jvm.deserialization.JvmMemberSignature$Method: loaded 2 times (x 72B)
Class dagger.spi.internal.shaded.androidx.room.jarjarred.kotlinx.metadata.internal.metadata.ProtoBuf$VersionRequirement$Level$1: loaded 2 times (x 71B)
Class dagger.internal.codegen.validation.$AutoValue_SpiModelBindingGraphConverter_BindingGraphImpl: loaded 2 times (x 93B)
Class dagger.internal.codegen.writing.MembersInjectionBindingRepresentation_Factory_Impl: loaded 2 times (x 72B)
Class dagger.internal.codegen.writing.ComponentRequirementRequestRepresentation$Factory: loaded 2 times (x 69B)
Class org.gradle.internal.classloader.ClasspathUtil$1                                 : loaded 2 times (x 73B)
Class org.objectweb.asm.ClassWriter                                                   : loaded 2 times (x 103B)
Class [Lnet.rubygrapefruit.platform.internal.FunctionResult$Failure;                  : loaded 2 times (x 66B)
Class dagger.hilt.processor.internal.definecomponent.AutoValue_DefineComponentMetadatas_DefineComponentMetadata: loaded 2 times (x 73B)
Class dagger.spi.internal.shaded.kotlinx.metadata.jvm.JvmTypeExtensionVisitor$Companion: loaded 2 times (x 68B)
Class dagger.internal.codegen.kotlin.AutoValue_KotlinMetadata_ClassMetadata$Builder   : loaded 2 times (x 83B)
Class dagger.internal.codegen.writing.GeneratedImplementation                         : loaded 2 times (x 67B)
Class dagger.internal.codegen.writing.SubcomponentCreatorRequestRepresentation$Factory: loaded 2 times (x 67B)
Class dagger.internal.codegen.writing.MembersInjectorProviderCreationExpression_Factory_Impl: loaded 2 times (x 72B)
Class dagger.internal.codegen.writing.ProvisionBindingRepresentation_Factory_Impl     : loaded 2 times (x 72B)
Class org.gradle.internal.InternalTransformer                                         : loaded 2 times (x 67B)
Class com.google.common.base.CharMatcher$JavaLetterOrDigit                            : loaded 2 times (x 108B)
Class com.google.common.collect.ImmutableSortedSetFauxverideShim                      : loaded 2 times (x 144B)
Class net.rubygrapefruit.platform.NativeIntegration                                   : loaded 2 times (x 67B)
Class net.rubygrapefruit.platform.Native                                              : loaded 2 times (x 68B)
Class com.google.common.cache.LocalCache$StrongEntry                                  : loaded 2 times (x 105B)
Class com.google.common.util.concurrent.AbstractFuture$TrustedFuture                  : loaded 2 times (x 111B)
Class dagger.internal.codegen.writing.FrameworkInstanceBindingRepresentation$1        : loaded 2 times (x 68B)
Class dagger.internal.codegen.writing.DirectInstanceBindingRepresentation             : loaded 2 times (x 69B)
Class dagger.internal.codegen.writing.ComponentRequestRepresentations                 : loaded 2 times (x 69B)
Class dagger.hilt.processor.internal.kotlin.KotlinMetadataUtils                       : loaded 2 times (x 68B)
Class dagger.internal.codegen.writing.StaticFactoryInstanceSupplier_Factory           : loaded 2 times (x 69B)
Class dagger.internal.codegen.writing.ImmediateFutureRequestRepresentation_Factory_Impl: loaded 2 times (x 72B)
Class com.google.common.graph.AbstractBaseGraph                                       : loaded 2 times (x 111B)
Class com.google.common.collect.Iterables$8                                           : loaded 2 times (x 78B)
Class dagger.spi.internal.shaded.androidx.room.compiler.processing.javac.TypeMirrorExtKt: loaded 2 times (x 68B)
Class com.google.common.graph.DirectedGraphConnections$NodeConnection$Succ            : loaded 2 times (x 69B)
Class dagger.spi.internal.shaded.kotlinx.metadata.NodesKt                             : loaded 2 times (x 68B)
Class dagger.spi.internal.shaded.kotlinx.metadata.internal.protobuf.LazyFieldLite     : loaded 2 times (x 79B)
Class dagger.internal.codegen.binding.$AutoValue_DelegateBinding                      : loaded 2 times (x 90B)
Class dagger.internal.codegen.validation.ComponentValidator$ElementValidator          : loaded 2 times (x 70B)
Class dagger.internal.codegen.binding.AutoValue_ComponentRequirement                  : loaded 2 times (x 80B)
Class com.google.common.graph.StandardMutableNetwork                                  : loaded 2 times (x 171B)
Class dagger.internal.codegen.validation.AutoValue_SpiModelBindingGraphConverter_ComponentNodeImpl: loaded 2 times (x 85B)
Class dagger.spi.model.$AutoValue_Key$Builder                                         : loaded 2 times (x 75B)
Class dagger.internal.codegen.writing.ProducerNodeInstanceRequestRepresentation_Factory: loaded 2 times (x 69B)
Class net.rubygrapefruit.platform.internal.Platform$Linux32Bit                        : loaded 2 times (x 80B)
Class kotlin.text.DelimitedRangesSequence$iterator$1                                  : loaded 2 times (x 76B)
Class dagger.internal.codegen.writing.ProducerFactoryGenerator$NoArgFutureTransform   : loaded 2 times (x 75B)
Class dagger.spi.internal.shaded.kotlinx.metadata.internal.protobuf.GeneratedMessageLite$ExtendableMessage: loaded 2 times (x 110B)
Class dagger.spi.internal.shaded.kotlinx.metadata.internal.protobuf.ByteString        : loaded 2 times (x 105B)
Class dagger.spi.internal.shaded.kotlinx.metadata.internal.metadata.ProtoBuf$ClassOrBuilder: loaded 2 times (x 67B)
Class dagger.spi.internal.shaded.kotlinx.metadata.internal.metadata.ProtoBuf$Class$Kind: loaded 2 times (x 79B)
Class [Ldagger.spi.internal.shaded.kotlinx.metadata.internal.metadata.ProtoBuf$MemberKind;: loaded 2 times (x 66B)
Class dagger.spi.internal.shaded.kotlinx.metadata.internal.protobuf.GeneratedMessageLite$ExtendableBuilder: loaded 2 times (x 136B)
Class com.google.common.io.ByteStreams$LimitedInputStream                             : loaded 2 times (x 89B)
Class net.rubygrapefruit.platform.ProcessLauncher                                     : loaded 2 times (x 67B)
Class org.objectweb.asm.MethodWriter                                                  : loaded 2 times (x 103B)
Class dagger.internal.codegen.writing.SubcomponentCreatorRequestRepresentation        : loaded 2 times (x 71B)
Class dagger.internal.codegen.writing.ComponentRequestRepresentations$1               : loaded 2 times (x 68B)
Class dagger.internal.codegen.componentgenerator.CurrentImplementationSubcomponent$Builder: loaded 2 times (x 67B)
Class dagger.internal.codegen.writing.ProviderInstanceSupplier_Factory                : loaded 2 times (x 69B)
Class dagger.internal.codegen.base.OptionalType                                       : loaded 2 times (x 72B)
Class [Ldagger.internal.codegen.binding.ComponentRequirement$Kind;                    : loaded 2 times (x 66B)
Class com.google.common.graph.Traverser$Traversal$4                                   : loaded 2 times (x 79B)
Class dagger.spi.internal.shaded.kotlinx.metadata.KmProperty                          : loaded 2 times (x 78B)
Class dagger.spi.internal.shaded.kotlinx.metadata.jvm.JvmMethodSignature              : loaded 2 times (x 72B)
Class dagger.spi.internal.shaded.kotlinx.metadata.jvm.JvmClassExtensionVisitor        : loaded 2 times (x 84B)
Class dagger.internal.codegen.writing.AssistedInjectionParameters                     : loaded 2 times (x 68B)
Class com.google.common.base.CharMatcher$RangesMatcher                                : loaded 2 times (x 109B)
Class com.google.common.util.concurrent.AbstractFuture$Trusted                        : loaded 2 times (x 67B)
Class com.google.common.collect.Range                                                 : loaded 2 times (x 84B)
Class com.google.common.graph.EndpointPair$Ordered                                    : loaded 2 times (x 80B)
Class kotlin.io.LinesSequence$iterator$1                                              : loaded 2 times (x 76B)
Class com.google.common.graph.ImmutableNetwork                                        : loaded 2 times (x 137B)
Class dagger.hilt.android.processor.internal.androidentrypoint.InjectorEntryPointGenerator: loaded 2 times (x 69B)
Class dagger.hilt.android.processor.internal.androidentrypoint.AndroidEntryPointMetadata: loaded 2 times (x 88B)
Class com.google.common.graph.DirectedGraphConnections$NodeConnection                 : loaded 2 times (x 69B)
Class com.google.common.graph.Traverser$Traversal$3                                   : loaded 2 times (x 79B)
Class dagger.spi.internal.shaded.kotlinx.metadata.KmClass                             : loaded 2 times (x 95B)
Class dagger.spi.internal.shaded.kotlinx.metadata.internal.protobuf.GeneratedMessageLite$ExtensionDescriptor: loaded 2 times (x 81B)
Class dagger.spi.internal.shaded.kotlinx.metadata.internal.metadata.ProtoBuf$Type$1   : loaded 2 times (x 141B)
Class dagger.spi.internal.shaded.kotlinx.metadata.internal.extensions.KmTypeExtension : loaded 2 times (x 67B)
Class kotlin.text.Charsets                                                            : loaded 2 times (x 68B)
Class dagger.spi.internal.shaded.androidx.room.compiler.processing.javac.JavacRawType : loaded 2 times (x 76B)
Class dagger.internal.codegen.writing.SetRequestRepresentation                        : loaded 2 times (x 71B)
Class dagger.internal.codegen.javapoet.TypeSpecs                                      : loaded 2 times (x 68B)
Class dagger.internal.codegen.binding.ComponentNodeImpl                               : loaded 2 times (x 82B)
Class dagger.spi.model.AutoValue_DependencyRequest                                    : loaded 2 times (x 73B)
Class dagger.internal.codegen.model.BindingGraph$ChildFactoryMethodEdge               : loaded 2 times (x 67B)
Class dagger.internal.codegen.binding.AutoValue_SubcomponentCreatorBinding            : loaded 2 times (x 88B)
Class dagger.internal.codegen.model.AutoValue_ComponentPath                           : loaded 2 times (x 72B)
Class dagger.internal.codegen.writing.MapRequestRepresentation_Factory_Impl           : loaded 2 times (x 72B)
Class dagger.internal.codegen.writing.DerivedFromFrameworkInstanceRequestRepresentation_Factory_Impl: loaded 2 times (x 72B)
Class dagger.spi.internal.shaded.kotlinx.metadata.internal.metadata.deserialization.Flags$FlagField: loaded 2 times (x 70B)
Class dagger.spi.internal.shaded.kotlinx.metadata.internal.metadata.ProtoBuf$Property : loaded 2 times (x 145B)
Class dagger.internal.codegen.writing.SwitchingProviderInstanceSupplier_Factory_Impl  : loaded 2 times (x 72B)
Class dagger.internal.codegen.writing.DependencyMethodProducerCreationExpression_Factory: loaded 2 times (x 69B)
Class dagger.internal.codegen.writing.ProviderInstanceSupplier$Factory                : loaded 2 times (x 67B)
Class dagger.internal.codegen.writing.ProvisionBindingRepresentation_Factory          : loaded 2 times (x 69B)
Class dagger.internal.codegen.writing.PrivateMethodRequestRepresentation              : loaded 2 times (x 75B)
Class com.google.common.util.concurrent.AbstractFuture$UnsafeAtomicHelper$1           : loaded 2 times (x 73B)
Class com.google.common.collect.ImmutableRangeSet$1                                   : loaded 2 times (x 206B)
Class kotlin.io.FilesKt__FilePathComponentsKt                                         : loaded 2 times (x 68B)
Class kotlin.io.TerminateException                                                    : loaded 2 times (x 79B)
Class com.google.common.graph.Traverser$Traversal$2                                   : loaded 2 times (x 71B)
Class dagger.spi.internal.shaded.kotlinx.metadata.internal.metadata.ProtoBuf$Property$1: loaded 2 times (x 141B)
Class dagger.hilt.processor.internal.ComponentDescriptor                              : loaded 2 times (x 73B)
Class dagger.internal.codegen.binding.$AutoValue_SubcomponentDeclaration              : loaded 2 times (x 75B)
Class dagger.internal.codegen.binding.AutoValue_AssistedFactoryBinding                : loaded 2 times (x 90B)
Class dagger.spi.internal.shaded.androidx.room.jarjarred.kotlinx.metadata.internal.metadata.deserialization.VersionRequirement$Version: loaded 2 times (x 68B)
Class dagger.internal.codegen.binding.AutoValue_ComponentNodeImpl                     : loaded 2 times (x 83B)
Class dagger.internal.codegen.writing.StaticFactoryInstanceSupplier$Factory           : loaded 2 times (x 67B)
Class dagger.internal.codegen.writing.AnonymousProviderCreationExpression_Factory_Impl: loaded 2 times (x 72B)
Class dagger.internal.codegen.writing.OptionalFactories_Factory                       : loaded 2 times (x 79B)
Class com.google.common.reflect.TypeToken$SimpleTypeToken                             : loaded 2 times (x 70B)
Class kotlin.io.CloseableKt                                                           : loaded 2 times (x 68B)
Class dagger.hilt.android.processor.internal.viewmodel.ViewModelMetadata              : loaded 2 times (x 69B)
Class dagger.hilt.processor.internal.kotlin.DaggerKotlinMetadataUtils_MetadataComponent$Builder: loaded 2 times (x 68B)
Class com.google.common.reflect.Types$JavaVersion$1                                   : loaded 2 times (x 80B)
Class dagger.internal.codegen.writing.ProviderInstanceRequestRepresentation$1         : loaded 2 times (x 68B)
Class dagger.internal.codegen.binding.AutoValue_MethodSignature                       : loaded 2 times (x 72B)
Class dagger.internal.codegen.writing.ComponentImplementation$CompilerMode            : loaded 2 times (x 76B)
Class dagger.hilt.processor.internal.AggregatedElements                               : loaded 2 times (x 68B)
Class dagger.spi.model.$AutoValue_Key                                                 : loaded 2 times (x 77B)
Class dagger.spi.internal.shaded.kotlinx.metadata.internal.metadata.deserialization.TypeTable: loaded 2 times (x 69B)
Class dagger.spi.internal.shaded.androidx.room.jarjarred.kotlinx.metadata.KmVersion   : loaded 2 times (x 68B)
Class dagger.internal.codegen.base.Keys                                               : loaded 2 times (x 68B)
Class dagger.spi.internal.shaded.kotlinx.metadata.internal.metadata.ProtoBuf$Type     : loaded 2 times (x 142B)
Class dagger.spi.internal.shaded.kotlinx.metadata.internal.protobuf.Parser            : loaded 2 times (x 67B)
Class com.google.common.graph.Traverser$Traversal$1                                   : loaded 2 times (x 71B)
Class dagger.hilt.processor.internal.root.RootFileFormatter                           : loaded 2 times (x 68B)
Class dagger.spi.internal.shaded.kotlinx.metadata.internal.metadata.ProtoBuf$PropertyOrBuilder: loaded 2 times (x 67B)
Class dagger.spi.internal.shaded.kotlinx.metadata.internal.protobuf.CodedOutputStream$OutOfSpaceException: loaded 2 times (x 79B)
Class [Ldagger.spi.internal.shaded.kotlinx.metadata.internal.metadata.ProtoBuf$Modality;: loaded 2 times (x 66B)
Class dagger.internal.codegen.binding.$AutoValue_MultiboundSetBinding                 : loaded 2 times (x 88B)
Class dagger.internal.codegen.writing.OptionalRequestRepresentation$Factory           : loaded 2 times (x 67B)
Class com.google.common.collect.Lists$Partition                                       : loaded 2 times (x 197B)
Class dagger.internal.codegen.writing.ProviderInstanceSupplier                        : loaded 2 times (x 72B)
Class dagger.internal.codegen.validation.ComponentCreatorValidator$ElementValidator   : loaded 2 times (x 69B)
Class com.google.common.collect.HashBiMap$BiEntry                                     : loaded 2 times (x 80B)
Class kotlin.sequences.TransformingSequence$iterator$1                                : loaded 2 times (x 76B)
Class dagger.hilt.processor.internal.definecomponent.DefineComponentClassesMetadata   : loaded 2 times (x 72B)
Class dagger.spi.internal.shaded.kotlinx.metadata.internal.metadata.jvm.JvmProtoBuf$StringTableTypes$Record$1: loaded 2 times (x 141B)
Class dagger.internal.codegen.binding.InjectionBinding                                : loaded 2 times (x 89B)
Class dagger.spi.internal.shaded.kotlinx.metadata.KmExtensionType                     : loaded 2 times (x 69B)
Class dagger.spi.internal.shaded.kotlinx.metadata.internal.metadata.ProtoBuf$Package  : loaded 2 times (x 126B)
Class dagger.internal.codegen.binding.$AutoValue_ComponentBinding$Builder             : loaded 2 times (x 90B)
Class dagger.internal.codegen.writing.FrameworkInstanceBindingRepresentation$Factory  : loaded 2 times (x 67B)
Class dagger.internal.codegen.writing.ComponentCreatorImplementation                  : loaded 2 times (x 71B)
Class org.gradle.internal.service.ServiceLocator                                      : loaded 2 times (x 67B)
Class [Lorg.objectweb.asm.Type;                                                       : loaded 2 times (x 66B)
Class com.google.common.reflect.Types$JavaVersion$2                                   : loaded 2 times (x 80B)
Class com.google.common.reflect.Types                                                 : loaded 2 times (x 68B)
Class com.google.common.hash.PrimitiveSink                                            : loaded 2 times (x 67B)
Class com.google.common.util.concurrent.AbstractFuture$Failure                        : loaded 2 times (x 69B)
Class com.google.common.base.PatternCompiler                                          : loaded 2 times (x 67B)
Class [Lorg.objectweb.asm.Attribute;                                                  : loaded 2 times (x 66B)
Class dagger.internal.codegen.writing.SubcomponentCreatorRequestRepresentation_Factory: loaded 2 times (x 69B)
Class dagger.internal.codegen.writing.PrivateMethodRequestRepresentation_Factory_Impl : loaded 2 times (x 72B)
Class dagger.spi.model.AutoValue_ComponentPath                                        : loaded 2 times (x 72B)
Class [Ldagger.spi.internal.shaded.kotlinx.metadata.internal.metadata.ProtoBuf$TypeParameter$Variance;: loaded 2 times (x 66B)
Class com.google.common.graph.GraphConnections                                        : loaded 2 times (x 67B)
Class com.google.common.graph.DirectedGraphConnections                                : loaded 2 times (x 80B)
Class dagger.spi.internal.shaded.kotlinx.metadata.internal.protobuf.WireFormat$FieldType: loaded 2 times (x 80B)
Class [Ldagger.internal.codegen.binding.MembersInjectionBinding$InjectionSite$Kind;   : loaded 2 times (x 66B)
Class dagger.internal.codegen.binding.$AutoValue_MembersInjectionBinding$Builder      : loaded 2 times (x 77B)
Class dagger.spi.internal.shaded.kotlinx.metadata.internal.metadata.ProtoBuf$Visibility$1: loaded 2 times (x 71B)
Class dagger.spi.internal.shaded.kotlinx.metadata.internal.metadata.ProtoBuf$TypeTable$1: loaded 2 times (x 141B)
Class dagger.spi.internal.shaded.kotlinx.metadata.internal.metadata.ProtoBuf$AnnotationOrBuilder: loaded 2 times (x 67B)
Class dagger.spi.internal.shaded.kotlinx.metadata.jvm.internal.JvmConstructorExtension: loaded 2 times (x 80B)
Class dagger.spi.internal.shaded.kotlinx.metadata.internal.metadata.deserialization.Flags: loaded 2 times (x 68B)
Class dagger.internal.codegen.writing.UnscopedDirectInstanceRequestRepresentationFactory_Factory: loaded 2 times (x 79B)
Class com.google.common.reflect.TypeResolver$TypeVariableKey                          : loaded 2 times (x 69B)
Class dagger.hilt.processor.internal.definecomponent.DefineComponents                 : loaded 2 times (x 69B)
Class com.google.common.graph.AbstractBaseGraph$1                                     : loaded 2 times (x 134B)
Class dagger.spi.internal.shaded.kotlinx.metadata.internal.protobuf.MessageLiteOrBuilder: loaded 2 times (x 67B)
Class dagger.hilt.processor.internal.earlyentrypoint.AggregatedEarlyEntryPointMetadata: loaded 2 times (x 70B)
Class dagger.hilt.processor.internal.uninstallmodules.AggregatedUninstallModulesMetadata: loaded 2 times (x 71B)
Class dagger.spi.internal.shaded.kotlinx.metadata.internal.protobuf.RopeByteString$RopeInputStream: loaded 2 times (x 89B)
Class dagger.hilt.processor.internal.kotlin.KotlinMetadataFactory_Factory             : loaded 2 times (x 78B)
Class dagger.internal.codegen.binding.ErrorMessages$FactoryMessages                   : loaded 2 times (x 78B)
Class com.google.common.collect.ImmutableRangeSet$AsSet                               : loaded 2 times (x 296B)
Class com.google.common.reflect.Types$ParameterizedTypeImpl                           : loaded 2 times (x 78B)
Class kotlin.text.StringsKt__StringsKt$rangesDelimitedBy$2                            : loaded 2 times (x 76B)
Class dagger.internal.codegen.binding.BindingNode_Factory_Factory                     : loaded 2 times (x 79B)
Class dagger.spi.internal.shaded.kotlinx.metadata.internal.extensions.MetadataExtensions$Companion: loaded 2 times (x 68B)
Class dagger.spi.internal.shaded.kotlinx.metadata.internal.metadata.jvm.JvmProtoBuf$JvmFieldSignature: loaded 2 times (x 105B)
Class dagger.spi.internal.shaded.kotlinx.metadata.internal.metadata.ProtoBuf$VersionRequirementTable: loaded 2 times (x 104B)
Class dagger.spi.internal.shaded.kotlinx.metadata.internal.ReadContext                : loaded 2 times (x 69B)
Class dagger.spi.internal.shaded.kotlinx.metadata.internal.extensions.KmConstructorExtension: loaded 2 times (x 67B)
Class dagger.internal.codegen.binding.ErrorMessages$1                                 : loaded 2 times (x 68B)
Class com.google.common.reflect.Types$JavaVersion$3                                   : loaded 2 times (x 80B)
Class org.objectweb.asm.Label                                                         : loaded 2 times (x 70B)
Class org.objectweb.asm.CurrentFrame                                                  : loaded 2 times (x 70B)
Class org.objectweb.asm.ClassTooLargeException                                        : loaded 2 times (x 80B)
Class dagger.internal.codegen.writing.SwitchingProviders$1                            : loaded 2 times (x 75B)
Class dagger.internal.codegen.writing.FrameworkInstanceRequestRepresentation          : loaded 2 times (x 73B)
Class dagger.internal.codegen.writing.ComponentRequirementExpressions                 : loaded 2 times (x 69B)
Class dagger.internal.codegen.writing.InjectionOrProvisionProviderCreationExpression$Factory: loaded 2 times (x 67B)
Class dagger.internal.codegen.writing.ComponentRequirementRequestRepresentation_Factory: loaded 2 times (x 69B)
Class dagger.internal.codegen.validation.AutoValue_SpiModelBindingGraphConverter_DaggerElementImpl: loaded 2 times (x 73B)
Class dagger.internal.codegen.binding.AutoValue_ResolvedBindings                      : loaded 2 times (x 74B)
Class dagger.internal.codegen.writing.MembersInjectionBindingRepresentation$Factory   : loaded 2 times (x 67B)
Class dagger.internal.codegen.binding.ComponentDeclarations_Factory_Factory           : loaded 2 times (x 79B)
Class dagger.internal.codegen.binding.ResolvedBindings                                : loaded 2 times (x 71B)
Class dagger.internal.codegen.binding.ComponentCreatorDescriptor                      : loaded 2 times (x 76B)
Class dagger.internal.codegen.base.SetType                                            : loaded 2 times (x 74B)
Class dagger.internal.codegen.writing.ComponentProvisionRequestRepresentation$Factory : loaded 2 times (x 67B)
Class dagger.spi.internal.shaded.kotlinx.metadata.KmClassifier$Class                  : loaded 2 times (x 69B)
Class dagger.spi.internal.shaded.kotlinx.metadata.internal.metadata.ProtoBuf$Function : loaded 2 times (x 146B)
Class dagger.internal.codegen.writing.ComponentMethodRequestRepresentation            : loaded 2 times (x 75B)
Class org.gradle.internal.classloader.InstrumentingClassLoader                        : loaded 2 times (x 67B)
Class org.gradle.internal.classpath.TransformedClassPath                              : loaded 2 times (x 93B)
Class org.objectweb.asm.FieldWriter                                                   : loaded 2 times (x 75B)
Class com.google.common.graph.MapIteratorCache                                        : loaded 2 times (x 72B)
Class com.google.common.graph.MutableGraph                                            : loaded 2 times (x 67B)
Class com.google.common.reflect.Invokable                                             : loaded 2 times (x 100B)
Class dagger.spi.internal.shaded.kotlinx.metadata.internal.metadata.ProtoBuf$Constructor: loaded 2 times (x 121B)
Class dagger.spi.internal.shaded.kotlinx.metadata.internal.metadata.jvm.JvmProtoBuf$JvmPropertySignatureOrBuilder: loaded 2 times (x 67B)
Class dagger.internal.codegen.binding.ComponentDependencyProvisionBinding             : loaded 2 times (x 87B)
Class dagger.internal.codegen.binding.BindingRequest                                  : loaded 2 times (x 71B)
Class dagger.internal.codegen.bindinggraphvalidation.DuplicateBindingsValidator$BindingWithoutComponent: loaded 2 times (x 72B)
Class dagger.internal.codegen.writing.MemberSelect$LocalField                         : loaded 2 times (x 72B)
Class dagger.internal.codegen.writing.UnscopedFrameworkInstanceCreationExpressionFactory: loaded 2 times (x 69B)
Class dagger.internal.codegen.validation.ComponentCreatorValidator$1                  : loaded 2 times (x 68B)
Class net.rubygrapefruit.platform.internal.Platform$Posix                             : loaded 2 times (x 78B)
Class com.google.common.io.ByteStreams                                                : loaded 2 times (x 68B)
Class dagger.hilt.processor.internal.aggregateddeps.AutoValue_AggregatedDepsMetadata  : loaded 2 times (x 76B)
Class dagger.internal.codegen.binding.DependencyVariableNamer                         : loaded 2 times (x 68B)
Class com.google.common.reflect.Types$JavaVersion$4                                   : loaded 2 times (x 80B)
Class com.google.common.collect.RangeGwtSerializationDependencies                     : loaded 2 times (x 68B)
Class org.objectweb.asm.Frame                                                         : loaded 2 times (x 70B)
Class org.objectweb.asm.MethodVisitor                                                 : loaded 2 times (x 102B)
Class com.google.common.base.Joiner$3                                                 : loaded 2 times (x 196B)
Class dagger.internal.codegen.writing.MembersInjectionRequestRepresentation           : loaded 2 times (x 71B)
Class dagger.internal.codegen.writing.ComponentCreatorImplementationFactory$RequirementStatus: loaded 2 times (x 76B)
Class dagger.internal.codegen.writing.ProducerFromProviderCreationExpression$Factory  : loaded 2 times (x 67B)
Class dagger.spi.model.BindingGraph$DependencyEdge                                    : loaded 2 times (x 67B)
Class dagger.spi.internal.shaded.kotlinx.metadata.internal.metadata.jvm.deserialization.JvmMetadataVersion: loaded 2 times (x 70B)
Class dagger.spi.internal.shaded.androidx.room.jarjarred.kotlinx.metadata.KmVersionRequirementVisitor: loaded 2 times (x 72B)
Class dagger.internal.codegen.binding.AssistedFactoryBinding                          : loaded 2 times (x 88B)
Class dagger.internal.codegen.binding.ComponentDescriptor$ComponentMethodDescriptor   : loaded 2 times (x 71B)
Class [Ldagger.spi.internal.shaded.androidx.room.jarjarred.kotlinx.metadata.KmVersionRequirementLevel;: loaded 2 times (x 66B)
Class com.google.common.graph.StandardNetwork                                         : loaded 2 times (x 137B)
Class dagger.spi.internal.shaded.kotlinx.metadata.KmDeclarationContainerExtensionVisitor: loaded 2 times (x 67B)
Class dagger.internal.codegen.kotlin.$AutoValue_KotlinMetadata                        : loaded 2 times (x 77B)
Class dagger.hilt.android.processor.internal.androidentrypoint.AndroidEntryPointProcessingStep$1: loaded 2 times (x 68B)
Class dagger.internal.codegen.writing.MembersInjectionRequestRepresentation$Factory   : loaded 2 times (x 67B)
Class dagger.internal.codegen.writing.ComponentProvisionRequestRepresentation         : loaded 2 times (x 71B)
Class com.google.common.util.concurrent.SettableFuture                                : loaded 2 times (x 111B)
Class com.google.common.reflect.Types$ClassOwnership$3                                : loaded 2 times (x 68B)
Class net.rubygrapefruit.platform.internal.Platform$MacOs64Bit                        : loaded 2 times (x 79B)
Class dagger.hilt.processor.internal.kotlin.KotlinMetadataFactory                     : loaded 2 times (x 69B)
Class dagger.spi.internal.shaded.kotlinx.metadata.KmDeclarationContainerVisitor       : loaded 2 times (x 74B)
Class dagger.spi.internal.shaded.kotlinx.metadata.internal.metadata.jvm.deserialization.JvmNameResolverBase: loaded 2 times (x 77B)
Class dagger.spi.internal.shaded.kotlinx.metadata.internal.metadata.jvm.JvmProtoBuf$StringTableTypesOrBuilder: loaded 2 times (x 67B)
Class dagger.spi.internal.shaded.kotlinx.metadata.internal.protobuf.CodedInputStream  : loaded 2 times (x 69B)
Class dagger.spi.internal.shaded.kotlinx.metadata.internal.protobuf.GeneratedMessageLite$1: loaded 2 times (x 68B)
Class dagger.internal.codegen.model.ComponentPath                                     : loaded 2 times (x 70B)
Class dagger.spi.internal.shaded.androidx.room.jarjarred.kotlinx.metadata.internal.metadata.deserialization.VersionRequirement$Companion: loaded 2 times (x 68B)
Class com.google.common.reflect.Types$JavaVersion$5                                   : loaded 2 times (x 68B)
Class [Lcom.google.common.reflect.Types$ClassOwnership;                               : loaded 2 times (x 66B)
Class com.google.common.collect.RangeSet                                              : loaded 2 times (x 67B)
Class org.gradle.api.internal.classpath.GlobalCacheRootsProvider                      : loaded 2 times (x 67B)
Class dagger.internal.codegen.binding.AutoValue_AssistedInjectionAnnotations_AssistedParameter: loaded 2 times (x 71B)
Class dagger.internal.codegen.bindinggraphvalidation.AutoValue_DuplicateBindingsValidator_BindingWithoutComponent: loaded 2 times (x 73B)
Class com.google.common.graph.DirectedMultiNetworkConnections                         : loaded 2 times (x 95B)
Class dagger.internal.codegen.validation.DiagnosticMessageGenerator$1                 : loaded 2 times (x 84B)
Class dagger.spi.model.BindingGraph$MaybeBinding                                      : loaded 2 times (x 67B)
Class dagger.spi.internal.shaded.kotlinx.metadata.jvm.internal.JvmPropertyExtension   : loaded 2 times (x 85B)
Class dagger.spi.internal.shaded.kotlinx.metadata.internal.metadata.ProtoBuf$TypeParameter$1: loaded 2 times (x 141B)
Class dagger.spi.internal.shaded.kotlinx.metadata.internal.metadata.ProtoBuf$ValueParameterOrBuilder: loaded 2 times (x 67B)
Class dagger.spi.model.Key$MultibindingContributionIdentifier                         : loaded 2 times (x 70B)
Class dagger.spi.model.AutoValue_Key_MultibindingContributionIdentifier               : loaded 2 times (x 71B)
Class dagger.hilt.processor.internal.DaggerModelsKt                                   : loaded 2 times (x 68B)
Class dagger.internal.codegen.writing.SimpleMethodRequestRepresentation$Factory       : loaded 2 times (x 67B)
Class org.objectweb.asm.ModuleVisitor                                                 : loaded 2 times (x 78B)
Class com.google.common.reflect.TypeResolver                                          : loaded 2 times (x 69B)
Class [Lcom.google.common.graph.GraphConstants$Presence;                              : loaded 2 times (x 66B)
Class com.google.common.reflect.Types$ClassOwnership$2                                : loaded 2 times (x 77B)
Class com.google.common.io.ByteArrayDataInput                                         : loaded 2 times (x 67B)
Class dagger.internal.codegen.writing.FactoryGenerator$1                              : loaded 2 times (x 68B)
Class com.google.common.graph.ValueGraph                                              : loaded 2 times (x 67B)
Class dagger.spi.internal.shaded.kotlinx.metadata.Flag                                : loaded 2 times (x 68B)
Class dagger.spi.internal.shaded.kotlinx.metadata.jvm.internal.JvmTypeExtension       : loaded 2 times (x 83B)
Class dagger.internal.codegen.kotlin.AutoValue_KotlinMetadata_PropertyMetadata$Builder: loaded 2 times (x 79B)
Class com.google.common.collect.Collections2                                          : loaded 2 times (x 68B)
Class dagger.internal.codegen.base.AutoValue_OptionalType                             : loaded 2 times (x 72B)
Class dagger.hilt.android.processor.internal.androidentrypoint.$AutoValue_AndroidEntryPointMetadata: loaded 2 times (x 89B)
Class dagger.internal.codegen.kotlin.AutoValue_KotlinMetadata_ValueParameterMetadata  : loaded 2 times (x 72B)
Class dagger.internal.codegen.binding.BindingGraphFactory$Resolver$LegacyRequiresResolutionChecker: loaded 2 times (x 69B)
Class dagger.internal.codegen.validation.SpiModelBindingGraphConverter$BindingNodeImpl: loaded 2 times (x 101B)
Class dagger.internal.codegen.writing.ComponentMethodRequestRepresentation_Factory_Impl: loaded 2 times (x 72B)
Class com.google.common.collect.CollectCollectors                                     : loaded 2 times (x 68B)
Class org.objectweb.asm.ModuleWriter                                                  : loaded 2 times (x 79B)
Class dagger.internal.codegen.writing.InstanceFactoryCreationExpression               : loaded 2 times (x 74B)
Class dagger.internal.codegen.writing.FrameworkInstanceKind$1                         : loaded 2 times (x 68B)
Class dagger.internal.codegen.writing.SetRequestRepresentation_Factory_Impl           : loaded 2 times (x 72B)
Class dagger.internal.codegen.writing.ComponentMethodRequestRepresentation$Factory    : loaded 2 times (x 67B)
Class dagger.internal.codegen.writing.DirectInstanceBindingRepresentation$Factory     : loaded 2 times (x 67B)
Class dagger.spi.internal.shaded.androidx.room.jarjarred.kotlinx.metadata.internal.metadata.ProtoBuf$Property$Builder: loaded 2 times (x 171B)
Class dagger.internal.codegen.binding.ComponentRequirement$NullPolicy                 : loaded 2 times (x 76B)
Class dagger.internal.codegen.writing.DelegatingFrameworkInstanceCreationExpression$Factory: loaded 2 times (x 67B)
Class dagger.spi.internal.shaded.kotlinx.metadata.KmFunction                          : loaded 2 times (x 79B)
Class org.gradle.internal.service.UnknownServiceException                             : loaded 2 times (x 80B)
Class com.google.common.base.AbstractIterator$State                                   : loaded 2 times (x 76B)
Class dagger.internal.codegen.binding.BindingNode                                     : loaded 2 times (x 105B)
Class com.google.common.util.concurrent.AbstractFuture$SafeAtomicHelper               : loaded 2 times (x 76B)
Class [Lorg.objectweb.asm.AnnotationVisitor;                                          : loaded 2 times (x 66B)
Class com.google.common.reflect.Types$ClassOwnership$1                                : loaded 2 times (x 77B)
Class dagger.hilt.processor.internal.aggregateddeps.AutoValue_ComponentDependencies$Builder: loaded 2 times (x 73B)
Class dagger.internal.codegen.binding.AssistedInjectionBinding                        : loaded 2 times (x 89B)
Class dagger.spi.internal.shaded.kotlinx.metadata.internal.protobuf.MessageLite       : loaded 2 times (x 67B)
Class dagger.internal.codegen.binding.AutoValue_ComponentDescriptor_ComponentMethodDescriptor$Builder: loaded 2 times (x 75B)
Class dagger.spi.model.BindingGraph$MissingBinding                                    : loaded 2 times (x 79B)
Class dagger.internal.codegen.writing.OptionalFactoryInstanceCreationExpression_Factory: loaded 2 times (x 69B)
Class dagger.internal.codegen.writing.SimpleMethodRequestRepresentation               : loaded 2 times (x 71B)
Class org.gradle.api.internal.ClassPathProvider                                       : loaded 2 times (x 67B)
Class net.rubygrapefruit.platform.internal.Platform$MacOs                             : loaded 2 times (x 79B)
Class net.rubygrapefruit.platform.internal.Platform$Window64Bit                       : loaded 2 times (x 76B)
Class dagger.internal.codegen.writing.DirectInstanceBindingRepresentation$1           : loaded 2 times (x 68B)
Class dagger.internal.codegen.writing.ProducerEntryPointView                          : loaded 2 times (x 69B)
Class [Lorg.gradle.api.internal.ClassPathProvider;                                    : loaded 2 times (x 66B)
Class dagger.hilt.processor.internal.root.Root                                        : loaded 2 times (x 74B)
Class com.google.common.graph.ElementOrder$1                                          : loaded 2 times (x 68B)
Class dagger.internal.codegen.binding.$AutoValue_MultiboundSetBinding$Builder         : loaded 2 times (x 94B)
Class dagger.spi.internal.shaded.androidx.room.jarjarred.kotlinx.metadata.internal.metadata.ProtoBuf$VersionRequirementOrBuilder: loaded 2 times (x 67B)
Class dagger.internal.codegen.kotlin.AutoValue_KotlinMetadata                         : loaded 2 times (x 77B)
Class dagger.internal.codegen.writing.DependencyMethodProviderCreationExpression_Factory_Impl: loaded 2 times (x 72B)
Class dagger.internal.codegen.writing.ProducerCreationExpression_Factory              : loaded 2 times (x 69B)
Class dagger.spi.internal.shaded.kotlinx.metadata.internal.protobuf.ByteString$ByteIterator: loaded 2 times (x 67B)
Class org.gradle.api.internal.DefaultClassPathProvider                                : loaded 2 times (x 73B)
Class org.objectweb.asm.AnnotationVisitor                                             : loaded 2 times (x 75B)
Class com.google.common.collect.ImmutableSet$SerializedForm                           : loaded 2 times (x 70B)
Class dagger.hilt.android.processor.internal.androidentrypoint.AutoValue_AndroidEntryPointMetadata: loaded 2 times (x 89B)
Class dagger.hilt.processor.internal.kotlin.KotlinMetadataFactory_Factory$InstanceHolder: loaded 2 times (x 68B)
Class dagger.hilt.processor.internal.kotlin.KotlinMetadataUtil                        : loaded 2 times (x 69B)
Class com.google.common.graph.MapIteratorCache$1$1                                    : loaded 2 times (x 78B)
Class dagger.spi.internal.shaded.kotlinx.metadata.jvm.KotlinClassMetadata             : loaded 2 times (x 69B)
Class dagger.spi.internal.shaded.kotlinx.metadata.internal.metadata.ProtoBuf$Contract : loaded 2 times (x 104B)
Class kotlin.sequences.ConstrainedOnceSequence                                        : loaded 2 times (x 72B)
Class com.google.common.io.ByteStreams$1                                              : loaded 2 times (x 82B)
Class dagger.internal.codegen.binding.MembersInjectionBinding$Builder                 : loaded 2 times (x 72B)
Class dagger.internal.codegen.writing.SwitchingProviderInstanceSupplier$Factory       : loaded 2 times (x 67B)
Class dagger.internal.codegen.validation.SpiModelBindingGraphConverter$DaggerAnnotationImpl: loaded 2 times (x 73B)
Class [Ldagger.internal.codegen.base.OptionalType$OptionalKind;                       : loaded 2 times (x 66B)
Class dagger.internal.codegen.binding.SubcomponentDeclaration                         : loaded 2 times (x 73B)
Class com.google.common.reflect.Types$JavaVersion                                     : loaded 2 times (x 80B)
Class dagger.internal.codegen.validation.ComponentValidator$ElementValidator$ComponentMethodValidator: loaded 2 times (x 70B)
Class dagger.spi.internal.shaded.kotlinx.metadata.internal.extensions.KmFunctionExtension: loaded 2 times (x 67B)
Class dagger.spi.internal.shaded.kotlinx.metadata.jvm.internal.JvmClassExtension      : loaded 2 times (x 90B)
Class dagger.internal.codegen.validation.SpiModelBindingGraphConverter$DaggerExecutableElementImpl: loaded 2 times (x 72B)
Class dagger.internal.codegen.writing.DerivedFromFrameworkInstanceRequestRepresentation_Factory: loaded 2 times (x 69B)
Class dagger.internal.codegen.writing.MapFactoryCreationExpression$Factory            : loaded 2 times (x 67B)
Class dagger.internal.codegen.writing.FrameworkFieldInitializer$InitializationState   : loaded 2 times (x 76B)
Class dagger.internal.codegen.binding.KeyVariableNamer                                : loaded 2 times (x 68B)
Class com.google.common.collect.ImmutableRangeSet                                     : loaded 2 times (x 112B)
Class [Ldagger.internal.codegen.binding.FrameworkTypeMapper;                          : loaded 2 times (x 66B)
Class [Ldagger.hilt.processor.internal.aggregateddeps.AggregatedDepsMetadata$DependencyType;: loaded 2 times (x 66B)
Class dagger.hilt.processor.internal.aliasof.AliasOfPropagatedDataMetadata            : loaded 2 times (x 71B)
Class dagger.hilt.processor.internal.root.AggregatedRootGenerator                     : loaded 2 times (x 69B)
Class dagger.spi.internal.shaded.kotlinx.metadata.KmClassVisitor                      : loaded 2 times (x 89B)
Class dagger.spi.internal.shaded.kotlinx.metadata.internal.metadata.deserialization.ProtoTypeTableUtilKt: loaded 2 times (x 68B)
Class dagger.spi.model.DependencyRequest$Builder                                      : loaded 2 times (x 73B)
Class dagger.internal.codegen.writing.DependencyMethodProviderCreationExpression$Factory: loaded 2 times (x 67B)
Class org.gradle.api.internal.classpath.EffectiveClassPath                            : loaded 2 times (x 87B)
Class net.rubygrapefruit.platform.internal.Platform                                   : loaded 2 times (x 76B)
Class dagger.hilt.android.processor.internal.viewmodel.ViewModelMetadata$Companion    : loaded 2 times (x 68B)
Class Build_gradle                                                                    : loaded 2 times (x 127B)
Class org.gradle.internal.installation.CurrentGradleInstallationLocator               : loaded 2 times (x 68B)
Class dagger.internal.codegen.writing.ProducerNodeInstanceRequestRepresentation       : loaded 2 times (x 73B)
Class net.rubygrapefruit.platform.NativeIntegrationUnavailableException               : loaded 2 times (x 79B)
Class dagger.internal.codegen.writing.SubcomponentCreatorRequestRepresentation_Factory_Impl: loaded 2 times (x 72B)
Class dagger.internal.codegen.writing.ImmediateFutureRequestRepresentation_Factory    : loaded 2 times (x 69B)
Class dagger.internal.codegen.writing.ComponentWrapperImplementation_Factory          : loaded 2 times (x 79B)
Class dagger.spi.model.DaggerExecutableElement                                        : loaded 2 times (x 71B)
Class dagger.spi.internal.shaded.kotlinx.metadata.internal.protobuf.LazyField         : loaded 2 times (x 80B)
Class dagger.spi.internal.shaded.kotlinx.metadata.internal.metadata.ProtoBuf$TypeOrBuilder: loaded 2 times (x 67B)
Class dagger.spi.internal.shaded.kotlinx.metadata.internal.metadata.ProtoBuf$Annotation$1: loaded 2 times (x 141B)
Class com.google.common.collect.FilteredEntrySetMultimap                              : loaded 2 times (x 200B)
Class dagger.spi.internal.shaded.kotlinx.metadata.internal.extensions.KmPropertyExtension: loaded 2 times (x 67B)
Class dagger.internal.codegen.binding.$AutoValue_DelegateBinding$Builder              : loaded 2 times (x 98B)
Class dagger.spi.internal.shaded.kotlinx.metadata.KmFunctionExtensionVisitor          : loaded 2 times (x 67B)
Class dagger.spi.internal.shaded.kotlinx.metadata.jvm.JvmTypeExtensionVisitor         : loaded 2 times (x 77B)
Class dagger.spi.internal.shaded.kotlinx.metadata.internal.protobuf.GeneratedMessageLite$ExtendableMessageOrBuilder: loaded 2 times (x 67B)
Class dagger.spi.internal.shaded.kotlinx.metadata.jvm.KotlinClassMetadata$Class       : loaded 2 times (x 69B)
Class com.google.common.collect.Maps$Values                                           : loaded 2 times (x 115B)
Class com.google.common.collect.FilteredSetMultimap                                   : loaded 2 times (x 67B)
Class [Ldagger.spi.internal.shaded.androidx.room.jarjarred.kotlinx.metadata.internal.metadata.ProtoBuf$VersionRequirement$Level;: loaded 2 times (x 66B)
Class org.gradle.internal.classloader.ClassLoaderVisitor                              : loaded 2 times (x 73B)
Class dagger.hilt.processor.internal.AutoValue_ComponentDescriptor$Builder            : loaded 2 times (x 77B)
Class com.google.common.graph.AbstractValueGraph                                      : loaded 2 times (x 142B)
Class dagger.spi.internal.shaded.kotlinx.metadata.internal.metadata.deserialization.BinaryVersion$Companion: loaded 2 times (x 68B)
Class dagger.spi.internal.shaded.kotlinx.metadata.internal.protobuf.WireFormat$JavaType: loaded 2 times (x 76B)
Class dagger.spi.internal.shaded.kotlinx.metadata.internal.metadata.ProtoBuf$TypeParameter$Variance$1: loaded 2 times (x 71B)
Class dagger.internal.codegen.kotlin.KotlinMetadata$BaseMetadata$Builder              : loaded 2 times (x 67B)
Class dagger.internal.codegen.binding.BindingGraphFactory$Resolver                    : loaded 2 times (x 69B)
Class dagger.internal.codegen.model.$AutoValue_ComponentPath                          : loaded 2 times (x 71B)
Class dagger.internal.codegen.writing.ProductionBindingRepresentation_Factory         : loaded 2 times (x 69B)
Class dagger.internal.codegen.writing.SwitchingProviders                              : loaded 2 times (x 69B)
Class dagger.internal.codegen.writing.ProducerFactoryGenerator$MultiArgFutureTransform: loaded 2 times (x 75B)
Class org.objectweb.asm.ClassReader                                                   : loaded 2 times (x 90B)
Class org.gradle.internal.service.DefaultServiceLocator                               : loaded 2 times (x 80B)
Class dagger.internal.codegen.writing.AnonymousProviderCreationExpression_Factory     : loaded 2 times (x 69B)
Class dagger.internal.codegen.writing.FrameworkFieldInitializer$FrameworkInstanceCreationExpression: loaded 2 times (x 67B)
Class dagger.internal.codegen.binding.$AutoValue_BindingGraph_TopLevelBindingGraph    : loaded 2 times (x 97B)
Class [Ldagger.internal.codegen.binding.ComponentRequirement$NullPolicy;              : loaded 2 times (x 66B)
Class dagger.internal.codegen.writing.ComponentCreatorImplementationFactory$Builder   : loaded 2 times (x 79B)
Class dagger.internal.codegen.binding.AutoValue_DelegateBinding                       : loaded 2 times (x 91B)
Class dagger.internal.codegen.writing.DerivedFromFrameworkInstanceRequestRepresentation: loaded 2 times (x 71B)
Class dagger.spi.internal.shaded.kotlinx.metadata.internal.metadata.deserialization.NameResolver: loaded 2 times (x 67B)
Class dagger.internal.codegen.writing.DelegateRequestRepresentation$1                 : loaded 2 times (x 68B)
Class org.gradle.internal.classloader.DefaultClassLoaderFactory                       : loaded 2 times (x 79B)
Class com.google.common.base.Platform$JdkPatternCompiler                              : loaded 2 times (x 72B)
Class org.objectweb.asm.MethodTooLargeException                                       : loaded 2 times (x 80B)
Class kotlin.io.LinesSequence                                                         : loaded 2 times (x 72B)
Class dagger.spi.internal.shaded.kotlinx.metadata.internal.metadata.ProtoBuf$FunctionOrBuilder: loaded 2 times (x 67B)
Class dagger.spi.internal.shaded.androidx.room.jarjarred.kotlinx.metadata.internal.metadata.deserialization.VersionRequirement$Version$Companion: loaded 2 times (x 68B)
Class com.google.common.graph.EndpointPair$Unordered                                  : loaded 2 times (x 80B)
Class org.objectweb.asm.ClassVisitor                                                  : loaded 2 times (x 85B)
Class [Lorg.objectweb.asm.Symbol;                                                     : loaded 2 times (x 66B)
Class com.google.common.reflect.TypeCapture                                           : loaded 2 times (x 68B)
Class kotlin.sequences.TransformingSequence                                           : loaded 2 times (x 72B)
Class dagger.spi.internal.shaded.kotlinx.metadata.InconsistentKotlinMetadataException : loaded 2 times (x 79B)
Class [Ldagger.spi.internal.shaded.kotlinx.metadata.internal.protobuf.WireFormat$FieldType;: loaded 2 times (x 66B)
Class dagger.spi.internal.shaded.kotlinx.metadata.internal.metadata.ProtoBuf$TypeParameterOrBuilder: loaded 2 times (x 67B)
Class dagger.spi.internal.shaded.kotlinx.metadata.internal.metadata.jvm.JvmProtoBuf$StringTableTypes$1: loaded 2 times (x 141B)
Class dagger.internal.codegen.binding.ErrorMessages$ComponentCreatorMessages          : loaded 2 times (x 78B)
Class dagger.spi.model.AutoValue_Scope                                                : loaded 2 times (x 70B)
Class org.gradle.internal.installation.CurrentGradleInstallation                      : loaded 2 times (x 70B)
Class dagger.spi.internal.shaded.androidx.room.compiler.processing.javac.JavacRawType$typeName$2: loaded 2 times (x 76B)
Class dagger.internal.codegen.writing.ProvisionBindingRepresentation                  : loaded 2 times (x 72B)
Class dagger.internal.codegen.writing.PrivateMethodRequestRepresentation$Factory      : loaded 2 times (x 67B)
Class dagger.internal.codegen.writing.DelegateRequestRepresentation_Factory           : loaded 2 times (x 69B)
Class dagger.internal.codegen.writing.MapRequestRepresentation$Factory                : loaded 2 times (x 67B)
Class dagger.internal.codegen.writing.SetFactoryCreationExpression_Factory            : loaded 2 times (x 69B)
Class dagger.spi.internal.shaded.kotlinx.metadata.KmTypeExtensionVisitor              : loaded 2 times (x 67B)
Class dagger.internal.codegen.writing.MemberSelect                                    : loaded 2 times (x 72B)
Class net.rubygrapefruit.platform.NativeException                                     : loaded 2 times (x 79B)
Class com.google.common.graph.GraphConstants$Presence                                 : loaded 2 times (x 76B)
Class com.google.common.io.ByteArrayDataOutput                                        : loaded 2 times (x 67B)
Class [Ldagger.spi.internal.shaded.androidx.room.compiler.processing.XProcessingEnv$Platform;: loaded 2 times (x 66B)
Class dagger.hilt.processor.internal.root.AutoValue_AggregatedRootMetadata            : loaded 2 times (x 79B)
Class dagger.hilt.processor.internal.root.ComponentTree                               : loaded 2 times (x 69B)
Class dagger.spi.internal.shaded.kotlinx.metadata.internal.metadata.ProtoBuf$ContractOrBuilder: loaded 2 times (x 67B)
Class dagger.spi.internal.shaded.kotlinx.metadata.internal.protobuf.CodedOutputStream$ByteBufferOutputStream: loaded 2 times (x 83B)
Class dagger.spi.internal.shaded.kotlinx.metadata.internal.protobuf.GeneratedMessageLite$Builder: loaded 2 times (x 125B)
Class org.gradle.util.internal.GUtil                                                  : loaded 2 times (x 68B)
Class dagger.internal.codegen.writing.SimpleMethodRequestRepresentation$1             : loaded 2 times (x 68B)
Class dagger.internal.codegen.writing.ProviderInstanceSupplier_Factory_Impl           : loaded 2 times (x 72B)
Class dagger.internal.codegen.writing.OptionalFactoryInstanceCreationExpression_Factory_Impl: loaded 2 times (x 72B)
Class dagger.internal.codegen.writing.ComponentRequirementRequestRepresentation_Factory_Impl: loaded 2 times (x 70B)
Class dagger.internal.codegen.componentgenerator.CurrentImplementationSubcomponent    : loaded 2 times (x 67B)
Class dagger.spi.internal.shaded.kotlinx.metadata.jvm.JvmFunctionExtensionVisitor$Companion: loaded 2 times (x 68B)
Class dagger.spi.internal.shaded.kotlinx.metadata.KmPropertyVisitor                   : loaded 2 times (x 77B)
Class dagger.internal.codegen.binding.DependencyRequestFactory$1                      : loaded 2 times (x 68B)
Class dagger.internal.codegen.binding.ComponentRequirement$1                          : loaded 2 times (x 68B)
Class dagger.spi.internal.shaded.kotlinx.metadata.jvm.JvmPropertyExtensionVisitor     : loaded 2 times (x 79B)
Class dagger.spi.internal.shaded.kotlinx.metadata.KmConstructor                       : loaded 2 times (x 74B)
Class dagger.spi.internal.shaded.kotlinx.metadata.internal.protobuf.AbstractMessageLite$Builder: loaded 2 times (x 119B)
Class dagger.spi.internal.shaded.kotlinx.metadata.internal.metadata.jvm.deserialization.JvmNameResolver: loaded 2 times (x 77B)
Class dagger.spi.internal.shaded.kotlinx.metadata.FlagsKt                             : loaded 2 times (x 68B)
Class dagger.internal.codegen.binding.AutoValue_SubcomponentDeclaration               : loaded 2 times (x 75B)
Class com.google.common.collect.Multisets                                             : loaded 2 times (x 68B)
Class dagger.internal.codegen.binding.AutoValue_BindingGraph                          : loaded 2 times (x 76B)
Class dagger.internal.codegen.writing.OptionalFactories_PerGeneratedFileCache_Factory$InstanceHolder: loaded 2 times (x 68B)
Class dagger.internal.codegen.writing.ComponentRequirementExpressions$AbstractField   : loaded 2 times (x 78B)
Class org.gradle.api.internal.classpath.ManifestUtil                                  : loaded 2 times (x 68B)
Class dagger.hilt.processor.internal.aggregateddeps.AutoValue_ComponentDependencies   : loaded 2 times (x 72B)
Class dagger.hilt.processor.internal.aggregateddeps.AggregatedDepsMetadata$DependencyType: loaded 2 times (x 76B)
Class [Lcom.google.common.graph.Graphs$NodeVisitState;                                : loaded 2 times (x 66B)
Class net.rubygrapefruit.platform.internal.Platform$FreeBSD                           : loaded 2 times (x 79B)
Class com.google.common.collect.ImmutableBiMap$SerializedForm                         : loaded 2 times (x 72B)
Class dagger.hilt.android.processor.internal.viewmodel.ViewModelMetadata$Companion$create$1$1: loaded 2 times (x 75B)
Class com.google.common.graph.EndpointPair                                            : loaded 2 times (x 80B)
Class com.google.common.graph.DirectedGraphConnections$PredAndSucc                    : loaded 2 times (x 69B)
Class dagger.spi.internal.shaded.kotlinx.metadata.internal.protobuf.CodedOutputStream : loaded 2 times (x 69B)
Class dagger.spi.internal.shaded.kotlinx.metadata.internal.metadata.jvm.deserialization.JvmNameResolverBase$WhenMappings: loaded 2 times (x 68B)
Class dagger.internal.codegen.kotlin.KotlinMetadata$PropertyMetadata$Builder          : loaded 2 times (x 67B)
Class dagger.internal.codegen.compileroption.ValidationType$1                         : loaded 2 times (x 68B)
Class kotlin.io.NoSuchFileException                                                   : loaded 2 times (x 79B)
Class com.google.common.util.concurrent.AbstractFuture$SetFuture                      : loaded 2 times (x 72B)
Class dagger.internal.codegen.writing.ComponentRequestRepresentations_Factory         : loaded 2 times (x 79B)
Class dagger.internal.codegen.writing.MapFactoryCreationExpression_Factory_Impl       : loaded 2 times (x 72B)
Class com.google.common.collect.AbstractTable                                         : loaded 2 times (x 117B)
Class dagger.internal.codegen.binding.ComponentDependencyProductionBinding            : loaded 2 times (x 87B)
Class com.google.common.collect.LinkedHashMultimap$1                                  : loaded 2 times (x 80B)
Class dagger.internal.codegen.binding.$AutoValue_ResolvedBindings                     : loaded 2 times (x 74B)
Class dagger.spi.internal.shaded.kotlinx.metadata.internal.metadata.ProtoBuf$MemberKind: loaded 2 times (x 79B)
Class dagger.spi.internal.shaded.kotlinx.metadata.jvm.JvmConstructorExtensionVisitor$Companion: loaded 2 times (x 68B)
Class dagger.spi.internal.shaded.kotlinx.metadata.internal.protobuf.UninitializedMessageException: loaded 2 times (x 81B)
Class dagger.spi.internal.shaded.kotlinx.metadata.KmExtensionVisitor                  : loaded 2 times (x 67B)
Class [Ldagger.spi.internal.shaded.androidx.room.jarjarred.kotlinx.metadata.KmVersionRequirementVersionKind;: loaded 2 times (x 66B)
Class dagger.internal.codegen.binding.$AutoValue_AssistedInjectionBinding             : loaded 2 times (x 90B)
Class dagger.hilt.processor.internal.aggregateddeps.AggregatedDepsMetadata            : loaded 2 times (x 75B)
Class com.google.common.graph.ElementOrder$Type                                       : loaded 2 times (x 76B)
Class dagger.internal.codegen.binding.BoundInstanceBinding$Builder                    : loaded 2 times (x 76B)
Class com.google.common.collect.AbstractMapBasedMultiset$1                            : loaded 2 times (x 79B)
Class dagger.internal.codegen.binding.AutoValue_BindingGraph_TopLevelBindingGraph     : loaded 2 times (x 97B)
Class [Ldagger.spi.model.RequestKind;                                                 : loaded 2 times (x 66B)
Class dagger.spi.model.Scope$1                                                        : loaded 2 times (x 68B)
Class dagger.internal.codegen.writing.AssistedFactoryRequestRepresentation$Factory    : loaded 2 times (x 67B)
Class org.objectweb.asm.Context                                                       : loaded 2 times (x 69B)
Class com.google.common.reflect.Types$TypeVariableImpl                                : loaded 2 times (x 69B)
Class org.gradle.internal.installation.GradleInstallation                             : loaded 2 times (x 72B)
Class dagger.spi.internal.shaded.kotlinx.metadata.jvm.JvmMetadataUtil$annotationImpl$kotlin_Metadata$0: loaded 2 times (x 85B)
Class dagger.internal.codegen.writing.SetRequestRepresentation$Factory                : loaded 2 times (x 67B)
Class dagger.internal.codegen.writing.DelegatingFrameworkInstanceCreationExpression_Factory_Impl: loaded 2 times (x 72B)
Class dagger.internal.codegen.writing.DirectInstanceBindingRepresentation_Factory_Impl: loaded 2 times (x 72B)
Class dagger.internal.codegen.binding.ComponentDependencyBinding                      : loaded 2 times (x 87B)
Class dagger.internal.codegen.writing.ComponentRequirementExpressions_Factory         : loaded 2 times (x 79B)
Class dagger.internal.codegen.writing.OptionalFactories_PerGeneratedFileCache_Factory : loaded 2 times (x 78B)
Class dagger.spi.model.Binding                                                        : loaded 2 times (x 67B)
Class com.google.common.collect.SortedMultisetBridge                                  : loaded 2 times (x 67B)
Class com.google.common.collect.Multiset$Entry                                        : loaded 2 times (x 67B)
Class dagger.internal.codegen.binding.AutoValue_MultiboundSetBinding                  : loaded 2 times (x 88B)
Class dagger.internal.codegen.binding.$AutoValue_ComponentCreatorDescriptor           : loaded 2 times (x 79B)
Class dagger.internal.codegen.writing.ComponentInstanceRequestRepresentation          : loaded 2 times (x 71B)
Class org.gradle.internal.classloader.ClassLoaderHierarchy                            : loaded 2 times (x 67B)
Class [Lcom.google.common.base.AbstractIterator$State;                                : loaded 2 times (x 66B)
Class dagger.spi.internal.shaded.kotlinx.metadata.internal.metadata.jvm.JvmProtoBuf$JvmPropertySignature$1: loaded 2 times (x 141B)
Class dagger.spi.internal.shaded.kotlinx.metadata.jvm.JvmDeclarationContainerExtensionVisitor: loaded 2 times (x 78B)
Class net.rubygrapefruit.platform.internal.Platform$FreeBSD64Bit                      : loaded 2 times (x 79B)
Class kotlin.io.FilesKt__FileTreeWalkKt                                               : loaded 2 times (x 68B)
Class dagger.spi.internal.shaded.kotlinx.metadata.jvm.JvmMetadataUtil                 : loaded 2 times (x 68B)
Class dagger.hilt.processor.internal.kotlin.KotlinMetadataUtils$MetadataComponent     : loaded 2 times (x 67B)
Class dagger.spi.internal.shaded.kotlinx.metadata.internal.metadata.jvm.deserialization.ClassMapperLite: loaded 2 times (x 68B)
Class dagger.spi.internal.shaded.kotlinx.metadata.jvm.JvmExtensionsKt                 : loaded 2 times (x 68B)
Class dagger.internal.codegen.kotlin.AutoValue_KotlinMetadata_PropertyMetadata        : loaded 2 times (x 75B)
Class dagger.spi.internal.shaded.androidx.room.jarjarred.kotlinx.metadata.internal.metadata.ProtoBuf$VersionRequirement: loaded 2 times (x 113B)
Class dagger.spi.internal.shaded.androidx.room.jarjarred.kotlinx.metadata.internal.metadata.deserialization.VersionRequirement: loaded 2 times (x 69B)
Class dagger.internal.codegen.binding.MultiboundSetBinding                            : loaded 2 times (x 87B)
Class dagger.internal.codegen.binding.ProductionBinding$Builder                       : loaded 2 times (x 87B)
Class dagger.spi.internal.shaded.androidx.room.compiler.processing.javac.JavacRawType$xTypeName$2: loaded 2 times (x 76B)
Class com.google.common.collect.Sets$2$1                                              : loaded 2 times (x 79B)
Class dagger.spi.model.BindingGraph$ComponentNode                                     : loaded 2 times (x 67B)
Class dagger.internal.codegen.writing.FrameworkInstanceKind                           : loaded 2 times (x 76B)
Class dagger.internal.codegen.binding.$AutoValue_MembersInjectionBinding              : loaded 2 times (x 81B)
Class org.gradle.internal.classloader.FilteringClassLoader                            : loaded 2 times (x 102B)
Class kotlin.io.TextStreamsKt                                                         : loaded 2 times (x 68B)
Class com.google.common.graph.Traverser$Traversal                                     : loaded 2 times (x 70B)
Class com.google.common.graph.GraphBuilder                                            : loaded 2 times (x 69B)
Class dagger.internal.codegen.kotlin.KotlinMetadata$ClassMetadata                     : loaded 2 times (x 75B)
Class dagger.spi.internal.shaded.kotlinx.metadata.internal.protobuf.Internal$EnumLite : loaded 2 times (x 67B)
Class dagger.internal.codegen.kotlin.AutoValue_KotlinMetadata_FunctionMetadata        : loaded 2 times (x 74B)
Class dagger.spi.internal.shaded.androidx.room.compiler.processing.javac.TypeMirrorExtKt$extendsBound$1: loaded 2 times (x 98B)
Class dagger.internal.codegen.binding.AutoValue_ComponentDescriptor_ComponentMethodDescriptor: loaded 2 times (x 72B)
Class com.google.common.graph.AbstractDirectedNetworkConnections                      : loaded 2 times (x 95B)
Class com.google.common.collect.Lists$RandomAccessReverseList                         : loaded 2 times (x 197B)

---------------  S Y S T E M  ---------------

OS:
 Windows 11 , 64 bit Build 26100 (10.0.26100.7705)
OS uptime: 0 days 6:47 hours
Hyper-V role detected

CPU: total 8 (initial active 8) (8 cores per cpu, 2 threads per core) family 23 model 104 stepping 1 microcode 0x8608107, cx8, cmov, fxsr, ht, mmx, 3dnowpref, sse, sse2, sse3, ssse3, sse4a, sse4.1, sse4.2, popcnt, lzcnt, tsc, tscinvbit, avx, avx2, aes, clmul, bmi1, bmi2, adx, sha, fma, vzeroupper, clflush, clflushopt, hv, rdtscp, rdpid, f16c
Processor Information for all 8 processors :
  Max Mhz: 2600, Current Mhz: 2600, Mhz Limit: 2600

Memory: 4k page, system-wide physical 7502M (165M free)
TotalPageFile size 30030M (AvailPageFile size 235M)
current process WorkingSet (physical memory assigned to process): 172M, peak: 855M
current process commit charge ("private bytes"): 1048M, peak: 1550M

vm_info: OpenJDK 64-Bit Server VM (21.0.3+-12282718-b509.11) for windows-amd64 JRE (21.0.3+-12282718-b509.11), built on 2024-08-27T17:34:15Z by "builder" with MS VC++ 16.10 / 16.11 (VS2019)

END.
