#
# There is insufficient memory for the Java Runtime Environment to continue.
# Native memory allocation (mmap) failed to map 150994944 bytes for G1 virtual space
# Possible reasons:
#   The system is out of physical RAM or swap space
#   The process is running with CompressedOops enabled, and the Java Heap may be blocking the growth of the native heap
# Possible solutions:
#   Reduce memory load on the system
#   Increase physical memory or swap space
#   Check if swap backing store is full
#   Decrease Java heap size (-Xmx/-Xms)
#   Decrease number of Java threads
#   Decrease Java thread stack sizes (-Xss)
#   Set larger code cache with -XX:ReservedCodeCacheSize=
#   JVM is running with Zero Based Compressed Oops mode in which the Java heap is
#     placed in the first 32GB address space. The Java Heap base address is the
#     maximum limit for the native heap growth. Please use -XX:HeapBaseMinAddress
#     to set the Java Heap base and to place the Java Heap above 32GB virtual address.
# This output file may be truncated or incomplete.
#
#  Out of Memory Error (os_windows.cpp:3600), pid=25844, tid=2772
#
# JRE version: Java(TM) SE Runtime Environment (21.0.1+12) (build 21.0.1+12-LTS-29)
# Java VM: Java HotSpot(TM) 64-Bit Server VM (21.0.1+12-LTS-29, mixed mode, sharing, tiered, compressed oops, compressed class ptrs, g1 gc, windows-amd64)
# No core dump will be written. Minidumps are not enabled by default on client versions of Windows
#

---------------  S U M M A R Y ------------

Command Line: --add-opens=java.base/java.lang=ALL-UNNAMED --add-opens=java.base/java.lang.invoke=ALL-UNNAMED --add-opens=java.base/java.util=ALL-UNNAMED --add-opens=java.prefs/java.util.prefs=ALL-UNNAMED --add-exports=jdk.compiler/com.sun.tools.javac.api=ALL-UNNAMED --add-exports=jdk.compiler/com.sun.tools.javac.util=ALL-UNNAMED --add-opens=java.base/java.util=ALL-UNNAMED --add-opens=java.prefs/java.util.prefs=ALL-UNNAMED --add-opens=java.base/java.nio.charset=ALL-UNNAMED --add-opens=java.base/java.net=ALL-UNNAMED --add-opens=java.base/java.util.concurrent.atomic=ALL-UNNAMED --add-opens=java.xml/javax.xml.namespace=ALL-UNNAMED -Xmx4096m -Dfile.encoding=UTF-8 -Duser.country=CO -Duser.language=es -Duser.variant -javaagent:C:\Users\perez\.gradle\wrapper\dists\gradle-8.13-bin\5xuhj0ry160q40clulazy9h7d\gradle-8.13\lib\agents\gradle-instrumentation-agent-8.13.jar org.gradle.launcher.daemon.bootstrap.GradleDaemon 8.13

Host: AMD Ryzen 3 5300U with Radeon Graphics         , 8 cores, 7G,  Windows 11 , 64 bit Build 26100 (10.0.26100.7920)
Time: Tue Mar 24 11:27:59 2026 Hora est. Pacífico, Sudamérica elapsed time: 55.305212 seconds (0d 0h 0m 55s)

---------------  T H R E A D  ---------------

Current thread (0x00000245db1a8a60):  VMThread "VM Thread"          [id=2772, stack(0x000000dab6200000,0x000000dab6300000) (1024K)]

Stack: [0x000000dab6200000,0x000000dab6300000]
Native frames: (J=compiled Java code, j=interpreted, Vv=VM code, C=native code)
V  [jvm.dll+0x6c9029]
V  [jvm.dll+0x854b81]
V  [jvm.dll+0x856e5e]
V  [jvm.dll+0x857543]
V  [jvm.dll+0x280c06]
V  [jvm.dll+0x6c5715]
V  [jvm.dll+0x6ba10a]
V  [jvm.dll+0x3557ea]
V  [jvm.dll+0x35d436]
V  [jvm.dll+0x3ae1be]
V  [jvm.dll+0x3ae468]
V  [jvm.dll+0x3291fc]
V  [jvm.dll+0x32baa6]
V  [jvm.dll+0x3359fe]
V  [jvm.dll+0x36bc65]
V  [jvm.dll+0x85d048]
V  [jvm.dll+0x85e144]
V  [jvm.dll+0x85e680]
V  [jvm.dll+0x85e923]
V  [jvm.dll+0x7fd728]
V  [jvm.dll+0x6c777d]
C  [ucrtbase.dll+0x37b0]
C  [KERNEL32.DLL+0x2e8d7]
C  [ntdll.dll+0x8c48c]

VM_Operation (0x000000dab5dff9d0): G1PauseRemark, mode: safepoint, requested by thread 0x00000245ba0f9140


---------------  P R O C E S S  ---------------

Threads class SMR info:
_java_thread_list=0x00000246278c4220, length=153, elements={
0x00000245b9d2a7d0, 0x00000245db1c8320, 0x00000245db1cbab0, 0x00000245db1cf240,
0x00000245db1d1cb0, 0x00000245db1d2710, 0x00000245db1d3170, 0x00000245db1d3f00,
0x00000245db1de450, 0x00000245db41e820, 0x00000245db5a4ae0, 0x0000024621d6e310,
0x0000024621179450, 0x0000024621195a00, 0x00000245db3d9e50, 0x00000245db6ad820,
0x00000245db4e7820, 0x00000246212be9c0, 0x00000246212b58b0, 0x00000246212b5f40,
0x00000246212b86a0, 0x00000246212b8010, 0x00000246212b6c60, 0x00000246212b65d0,
0x00000246212b5220, 0x00000246212b72f0, 0x0000024622958380, 0x0000024622957cf0,
0x0000024622956940, 0x0000024622956fd0, 0x0000024622957660, 0x0000024622955590,
0x00000246229590a0, 0x000002462295aae0, 0x000002462295c520, 0x000002462295b170,
0x000002462295b800, 0x000002462295be90, 0x00000245db8ae760, 0x00000245db8b0830,
0x00000245db8b1550, 0x00000245db8aedf0, 0x00000245db8af480, 0x00000245db8b0ec0,
0x00000245db8afb10, 0x00000245db8b01a0, 0x00000245db8ae0d0, 0x00000245db8b3cb0,
0x00000245db8b2900, 0x00000245db8b3620, 0x00000245db8b1be0, 0x00000245db8b2f90,
0x00000245db8b4340, 0x00000245db8b49d0, 0x0000024622a03a20, 0x0000024622a04dd0,
0x0000024622a01950, 0x0000024624fc8de0, 0x0000024624fc9b00, 0x0000024624fca190,
0x0000024624fc80c0, 0x0000024624fc8750, 0x0000024624fc9470, 0x0000024626b6acf0,
0x0000024626b69fd0, 0x0000024626b6c0a0, 0x0000024626b6cdc0, 0x0000024626b6b380,
0x0000024626b6c730, 0x0000024626b6d450, 0x0000024626b6e170, 0x0000024626b6ba10,
0x0000024626b6e800, 0x0000024626b70f60, 0x0000024626b6dae0, 0x0000024626b6fbb0,
0x0000024626b70240, 0x0000024626b708d0, 0x0000024626b715f0, 0x0000024622a02d00,
0x0000024622a00c30, 0x0000024622a012c0, 0x0000024622a05460, 0x0000024622a06180,
0x0000024622a03390, 0x0000024622a07530, 0x0000024622a08250, 0x0000024622a06ea0,
0x0000024624fc3200, 0x0000024624fc6d10, 0x0000024624fc3890, 0x0000024624fc7a30,
0x0000024628250d20, 0x00000246282520d0, 0x0000024628252760, 0x0000024628250000,
0x0000024628252df0, 0x0000024628250690, 0x00000246282513b0, 0x0000024628251a40,
0x00000246270d9020, 0x00000246270d96b0, 0x00000246270d68c0, 0x00000246270d9d40,
0x00000246270d75e0, 0x00000246270da3d0, 0x00000246270d7c70, 0x00000246270d8300,
0x00000246270d8990, 0x00000246270d6f50, 0x0000024628b6d220, 0x0000024628b6aac0,
0x0000024628b6a430, 0x0000024628b6d8b0, 0x0000024628b6df40, 0x0000024628b6be70,
0x0000024628b6b150, 0x0000024628b6b7e0, 0x0000024628b6c500, 0x0000024628b6cb90,
0x0000024622e96b50, 0x0000024622e94a80, 0x0000024622e97f00, 0x0000024622e98590,
0x0000024622e957a0, 0x0000024622e98c20, 0x0000024625a39910, 0x0000024622e992b0,
0x0000024622e964c0, 0x0000024622e97870, 0x0000024624fc73a0, 0x0000024628b689f0,
0x0000024625a3a6b0, 0x0000024628b69710, 0x0000024628b67cd0, 0x0000024628b67640,
0x0000024628b68360, 0x0000024628b69080, 0x0000024628b69da0, 0x00000246270dd850,
0x00000246270db780, 0x00000246270db0f0, 0x00000246270ddee0, 0x00000246270daa60,
0x00000246270dcb30, 0x00000246270dbe10, 0x00000246270dd1c0, 0x0000024622e95e30,
0x0000024622e9acf0, 0x0000024622e99940, 0x0000024622e99fd0, 0x0000024622e9ba10,
0x0000024628b66920
}

Java Threads: ( => current thread )
  0x00000245b9d2a7d0 JavaThread "main"                              [_thread_blocked, id=12796, stack(0x000000dab5b00000,0x000000dab5c00000) (1024K)]
  0x00000245db1c8320 JavaThread "Reference Handler"          daemon [_thread_blocked, id=10188, stack(0x000000dab6300000,0x000000dab6400000) (1024K)]
  0x00000245db1cbab0 JavaThread "Finalizer"                  daemon [_thread_blocked, id=16556, stack(0x000000dab6400000,0x000000dab6500000) (1024K)]
  0x00000245db1cf240 JavaThread "Signal Dispatcher"          daemon [_thread_blocked, id=18232, stack(0x000000dab6500000,0x000000dab6600000) (1024K)]
  0x00000245db1d1cb0 JavaThread "Attach Listener"            daemon [_thread_blocked, id=3892, stack(0x000000dab6600000,0x000000dab6700000) (1024K)]
  0x00000245db1d2710 JavaThread "Service Thread"             daemon [_thread_blocked, id=24744, stack(0x000000dab6700000,0x000000dab6800000) (1024K)]
  0x00000245db1d3170 JavaThread "Monitor Deflation Thread"   daemon [_thread_blocked, id=9504, stack(0x000000dab6800000,0x000000dab6900000) (1024K)]
  0x00000245db1d3f00 JavaThread "C2 CompilerThread0"         daemon [_thread_blocked, id=19484, stack(0x000000dab6900000,0x000000dab6a00000) (1024K)]
  0x00000245db1de450 JavaThread "C1 CompilerThread0"         daemon [_thread_blocked, id=26352, stack(0x000000dab6a00000,0x000000dab6b00000) (1024K)]
  0x00000245db41e820 JavaThread "Common-Cleaner"             daemon [_thread_blocked, id=3876, stack(0x000000dab6b00000,0x000000dab6c00000) (1024K)]
  0x00000245db5a4ae0 JavaThread "Notification Thread"        daemon [_thread_blocked, id=24612, stack(0x000000dab6c00000,0x000000dab6d00000) (1024K)]
  0x0000024621d6e310 JavaThread "Daemon health stats"               [_thread_blocked, id=19164, stack(0x000000dab7200000,0x000000dab7300000) (1024K)]
  0x0000024621179450 JavaThread "Incoming local TCP Connector on port 61930"        [_thread_in_native, id=23664, stack(0x000000dab6f00000,0x000000dab7000000) (1024K)]
  0x0000024621195a00 JavaThread "Daemon periodic checks"            [_thread_blocked, id=6512, stack(0x000000dab7600000,0x000000dab7700000) (1024K)]
  0x00000245db3d9e50 JavaThread "Daemon"                            [_thread_blocked, id=25236, stack(0x000000dab7800000,0x000000dab7900000) (1024K)]
  0x00000245db6ad820 JavaThread "Handler for socket connection from /127.0.0.1:61930 to /127.0.0.1:61931"        [_thread_in_native, id=1048, stack(0x000000dab7900000,0x000000dab7a00000) (1024K)]
  0x00000245db4e7820 JavaThread "Cancel handler"                    [_thread_blocked, id=19864, stack(0x000000dab7700000,0x000000dab7800000) (1024K)]
  0x00000246212be9c0 JavaThread "Daemon worker"                     [_thread_blocked, id=21648, stack(0x000000dab7a00000,0x000000dab7b00000) (1024K)]
  0x00000246212b58b0 JavaThread "Asynchronous log dispatcher for DefaultDaemonConnection: socket connection from /127.0.0.1:61930 to /127.0.0.1:61931"        [_thread_blocked, id=2836, stack(0x000000dab7b00000,0x000000dab7c00000) (1024K)]
  0x00000246212b5f40 JavaThread "Stdin handler"                     [_thread_blocked, id=22104, stack(0x000000dab7c00000,0x000000dab7d00000) (1024K)]
  0x00000246212b86a0 JavaThread "Daemon client event forwarder"        [_thread_blocked, id=9104, stack(0x000000dab7d00000,0x000000dab7e00000) (1024K)]
  0x00000246212b8010 JavaThread "Cache worker for journal cache (C:\Users\perez\.gradle\caches\journal-1)"        [_thread_blocked, id=10772, stack(0x000000dab7e00000,0x000000dab7f00000) (1024K)]
  0x00000246212b6c60 JavaThread "File lock request listener"        [_thread_in_native, id=13000, stack(0x000000dab7f00000,0x000000dab8000000) (1024K)]
  0x00000246212b65d0 JavaThread "Cache worker for file hash cache (C:\Users\perez\.gradle\caches\8.13\fileHashes)"        [_thread_blocked, id=17096, stack(0x000000dab8100000,0x000000dab8200000) (1024K)]
  0x00000246212b5220 JavaThread "File lock release action executor"        [_thread_blocked, id=10544, stack(0x000000dab8200000,0x000000dab8300000) (1024K)]
  0x00000246212b72f0 JavaThread "Cache worker for file hash cache (C:\Users\perez\Downloads\Movil_chicamocha\MobileApp_UsoChicamocha\.gradle\8.13\fileHashes)"        [_thread_blocked, id=22880, stack(0x000000dab8400000,0x000000dab8500000) (1024K)]
  0x0000024622958380 JavaThread "Cache worker for Build Output Cleanup Cache (C:\Users\perez\Downloads\Movil_chicamocha\MobileApp_UsoChicamocha\.gradle\buildOutputCleanup)"        [_thread_blocked, id=9320, stack(0x000000dab8500000,0x000000dab8600000) (1024K)]
  0x0000024622957cf0 JavaThread "File watcher server"        daemon [_thread_blocked, id=2184, stack(0x000000dab8000000,0x000000dab8100000) (1024K)]
  0x0000024622956940 JavaThread "File watcher consumer"      daemon [_thread_blocked, id=4620, stack(0x000000dab8600000,0x000000dab8700000) (1024K)]
  0x0000024622956fd0 JavaThread "Cache worker for checksums cache (C:\Users\perez\Downloads\Movil_chicamocha\MobileApp_UsoChicamocha\.gradle\8.13\checksums)"        [_thread_blocked, id=8928, stack(0x000000dab8900000,0x000000dab8a00000) (1024K)]
  0x0000024622957660 JavaThread "Cache worker for file content cache (C:\Users\perez\.gradle\caches\8.13\fileContent)"        [_thread_blocked, id=1684, stack(0x000000dab8a00000,0x000000dab8b00000) (1024K)]
  0x0000024622955590 JavaThread "Cache worker for cache directory md-supplier (C:\Users\perez\.gradle\caches\8.13\md-supplier)"        [_thread_blocked, id=19144, stack(0x000000dab8b00000,0x000000dab8c00000) (1024K)]
  0x00000246229590a0 JavaThread "Cache worker for cache directory md-rule (C:\Users\perez\.gradle\caches\8.13\md-rule)"        [_thread_blocked, id=24604, stack(0x000000dab8800000,0x000000dab8900000) (1024K)]
  0x000002462295aae0 JavaThread "Unconstrained build operations"        [_thread_blocked, id=14512, stack(0x000000dab8c00000,0x000000dab8d00000) (1024K)]
  0x000002462295c520 JavaThread "Unconstrained build operations Thread 2"        [_thread_blocked, id=24220, stack(0x000000dab8d00000,0x000000dab8e00000) (1024K)]
  0x000002462295b170 JavaThread "Unconstrained build operations Thread 3"        [_thread_blocked, id=24236, stack(0x000000dab8e00000,0x000000dab8f00000) (1024K)]
  0x000002462295b800 JavaThread "Unconstrained build operations Thread 4"        [_thread_blocked, id=14400, stack(0x000000dab8f00000,0x000000dab9000000) (1024K)]
  0x000002462295be90 JavaThread "Unconstrained build operations Thread 5"        [_thread_blocked, id=11660, stack(0x000000dab9000000,0x000000dab9100000) (1024K)]
  0x00000245db8ae760 JavaThread "Unconstrained build operations Thread 6"        [_thread_blocked, id=6776, stack(0x000000dab9100000,0x000000dab9200000) (1024K)]
  0x00000245db8b0830 JavaThread "Unconstrained build operations Thread 7"        [_thread_blocked, id=10648, stack(0x000000dab9200000,0x000000dab9300000) (1024K)]
  0x00000245db8b1550 JavaThread "Unconstrained build operations Thread 8"        [_thread_blocked, id=2396, stack(0x000000dab9300000,0x000000dab9400000) (1024K)]
  0x00000245db8aedf0 JavaThread "Unconstrained build operations Thread 9"        [_thread_blocked, id=25464, stack(0x000000dab9400000,0x000000dab9500000) (1024K)]
  0x00000245db8af480 JavaThread "Unconstrained build operations Thread 10"        [_thread_blocked, id=25896, stack(0x000000dab9500000,0x000000dab9600000) (1024K)]
  0x00000245db8b0ec0 JavaThread "Unconstrained build operations Thread 11"        [_thread_blocked, id=25644, stack(0x000000dab9600000,0x000000dab9700000) (1024K)]
  0x00000245db8afb10 JavaThread "Unconstrained build operations Thread 12"        [_thread_blocked, id=24040, stack(0x000000dab9700000,0x000000dab9800000) (1024K)]
  0x00000245db8b01a0 JavaThread "Unconstrained build operations Thread 13"        [_thread_blocked, id=18592, stack(0x000000dab9800000,0x000000dab9900000) (1024K)]
  0x00000245db8ae0d0 JavaThread "Unconstrained build operations Thread 14"        [_thread_blocked, id=13796, stack(0x000000dab9900000,0x000000dab9a00000) (1024K)]
  0x00000245db8b3cb0 JavaThread "Unconstrained build operations Thread 15"        [_thread_blocked, id=25280, stack(0x000000dab9a00000,0x000000dab9b00000) (1024K)]
  0x00000245db8b2900 JavaThread "Unconstrained build operations Thread 16"        [_thread_blocked, id=25656, stack(0x000000dab9b00000,0x000000dab9c00000) (1024K)]
  0x00000245db8b3620 JavaThread "Unconstrained build operations Thread 17"        [_thread_blocked, id=25316, stack(0x000000dab9c00000,0x000000dab9d00000) (1024K)]
  0x00000245db8b1be0 JavaThread "Unconstrained build operations Thread 18"        [_thread_blocked, id=25348, stack(0x000000dab9d00000,0x000000dab9e00000) (1024K)]
  0x00000245db8b2f90 JavaThread "Unconstrained build operations Thread 19"        [_thread_blocked, id=24992, stack(0x000000dab9e00000,0x000000dab9f00000) (1024K)]
  0x00000245db8b4340 JavaThread "Unconstrained build operations Thread 20"        [_thread_blocked, id=10092, stack(0x000000dab9f00000,0x000000daba000000) (1024K)]
  0x00000245db8b49d0 JavaThread "Unconstrained build operations Thread 21"        [_thread_blocked, id=25576, stack(0x000000daba000000,0x000000daba100000) (1024K)]
  0x0000024622a03a20 JavaThread "Memory manager"                    [_thread_blocked, id=15232, stack(0x000000daba100000,0x000000daba200000) (1024K)]
  0x0000024622a04dd0 JavaThread "Problems report writer"            [_thread_blocked, id=26572, stack(0x000000daba200000,0x000000daba300000) (1024K)]
  0x0000024622a01950 JavaThread "build event listener"              [_thread_blocked, id=15344, stack(0x000000daba300000,0x000000daba400000) (1024K)]
  0x0000024624fc8de0 JavaThread "included builds"                   [_thread_blocked, id=17612, stack(0x000000daba400000,0x000000daba500000) (1024K)]
  0x0000024624fc9b00 JavaThread "Execution worker"                  [_thread_blocked, id=26212, stack(0x000000daba500000,0x000000daba600000) (1024K)]
  0x0000024624fca190 JavaThread "Execution worker Thread 2"         [_thread_blocked, id=13044, stack(0x000000daba600000,0x000000daba700000) (1024K)]
  0x0000024624fc80c0 JavaThread "Execution worker Thread 3"         [_thread_blocked, id=24920, stack(0x000000daba700000,0x000000daba800000) (1024K)]
  0x0000024624fc8750 JavaThread "Execution worker Thread 4"         [_thread_blocked, id=22696, stack(0x000000daba800000,0x000000daba900000) (1024K)]
  0x0000024624fc9470 JavaThread "Execution worker Thread 5"         [_thread_blocked, id=144, stack(0x000000daba900000,0x000000dabaa00000) (1024K)]
  0x0000024626b6acf0 JavaThread "Execution worker Thread 6"         [_thread_blocked, id=17884, stack(0x000000dabaa00000,0x000000dabab00000) (1024K)]
  0x0000024626b69fd0 JavaThread "Execution worker Thread 7"         [_thread_blocked, id=25484, stack(0x000000dabab00000,0x000000dabac00000) (1024K)]
  0x0000024626b6c0a0 JavaThread "Cache worker for execution history cache (C:\Users\perez\Downloads\Movil_chicamocha\MobileApp_UsoChicamocha\.gradle\8.13\executionHistory)"        [_thread_blocked, id=25808, stack(0x000000dabac00000,0x000000dabad00000) (1024K)]
  0x0000024626b6cdc0 JavaThread "Unconstrained build operations Thread 22"        [_thread_blocked, id=17004, stack(0x000000dab8700000,0x000000dab8800000) (1024K)]
  0x0000024626b6b380 JavaThread "Unconstrained build operations Thread 23"        [_thread_blocked, id=24556, stack(0x000000dabad00000,0x000000dabae00000) (1024K)]
  0x0000024626b6c730 JavaThread "Unconstrained build operations Thread 24"        [_thread_blocked, id=26220, stack(0x000000dabae00000,0x000000dabaf00000) (1024K)]
  0x0000024626b6d450 JavaThread "Unconstrained build operations Thread 25"        [_thread_blocked, id=7236, stack(0x000000dabaf00000,0x000000dabb000000) (1024K)]
  0x0000024626b6e170 JavaThread "Unconstrained build operations Thread 26"        [_thread_blocked, id=14904, stack(0x000000dabb000000,0x000000dabb100000) (1024K)]
  0x0000024626b6ba10 JavaThread "Unconstrained build operations Thread 27"        [_thread_blocked, id=22108, stack(0x000000dabb100000,0x000000dabb200000) (1024K)]
  0x0000024626b6e800 JavaThread "Unconstrained build operations Thread 28"        [_thread_blocked, id=21664, stack(0x000000dabb200000,0x000000dabb300000) (1024K)]
  0x0000024626b70f60 JavaThread "Unconstrained build operations Thread 29"        [_thread_blocked, id=16832, stack(0x000000dabb400000,0x000000dabb500000) (1024K)]
  0x0000024626b6dae0 JavaThread "Unconstrained build operations Thread 30"        [_thread_blocked, id=16252, stack(0x000000dabb500000,0x000000dabb600000) (1024K)]
  0x0000024626b6fbb0 JavaThread "Unconstrained build operations Thread 31"        [_thread_blocked, id=22280, stack(0x000000dabb600000,0x000000dabb700000) (1024K)]
  0x0000024626b70240 JavaThread "Unconstrained build operations Thread 32"        [_thread_blocked, id=26576, stack(0x000000dabb700000,0x000000dabb800000) (1024K)]
  0x0000024626b708d0 JavaThread "Unconstrained build operations Thread 33"        [_thread_blocked, id=19748, stack(0x000000dabb800000,0x000000dabb900000) (1024K)]
  0x0000024626b715f0 JavaThread "Unconstrained build operations Thread 34"        [_thread_blocked, id=12296, stack(0x000000dabb900000,0x000000dabba00000) (1024K)]
  0x0000024622a02d00 JavaThread "Unconstrained build operations Thread 35"        [_thread_blocked, id=22220, stack(0x000000dabba00000,0x000000dabbb00000) (1024K)]
  0x0000024622a00c30 JavaThread "Unconstrained build operations Thread 36"        [_thread_blocked, id=25748, stack(0x000000dabbb00000,0x000000dabbc00000) (1024K)]
  0x0000024622a012c0 JavaThread "Unconstrained build operations Thread 37"        [_thread_blocked, id=14732, stack(0x000000dabbc00000,0x000000dabbd00000) (1024K)]
  0x0000024622a05460 JavaThread "Unconstrained build operations Thread 38"        [_thread_blocked, id=16912, stack(0x000000dabbd00000,0x000000dabbe00000) (1024K)]
  0x0000024622a06180 JavaThread "Unconstrained build operations Thread 39"        [_thread_blocked, id=11592, stack(0x000000dabbe00000,0x000000dabbf00000) (1024K)]
  0x0000024622a03390 JavaThread "Unconstrained build operations Thread 40"        [_thread_blocked, id=25216, stack(0x000000dabbf00000,0x000000dabc000000) (1024K)]
  0x0000024622a07530 JavaThread "Unconstrained build operations Thread 41"        [_thread_blocked, id=23020, stack(0x000000dabc000000,0x000000dabc100000) (1024K)]
  0x0000024622a08250 JavaThread "Unconstrained build operations Thread 42"        [_thread_blocked, id=16808, stack(0x000000dabc100000,0x000000dabc200000) (1024K)]
  0x0000024622a06ea0 JavaThread "Unconstrained build operations Thread 43"        [_thread_blocked, id=20120, stack(0x000000dabc200000,0x000000dabc300000) (1024K)]
  0x0000024624fc3200 JavaThread "Unconstrained build operations Thread 44"        [_thread_blocked, id=24912, stack(0x000000dabc300000,0x000000dabc400000) (1024K)]
  0x0000024624fc6d10 JavaThread "Unconstrained build operations Thread 45"        [_thread_blocked, id=20728, stack(0x000000dabc400000,0x000000dabc500000) (1024K)]
  0x0000024624fc3890 JavaThread "Unconstrained build operations Thread 46"        [_thread_blocked, id=25860, stack(0x000000dabc500000,0x000000dabc600000) (1024K)]
  0x0000024624fc7a30 JavaThread "Unconstrained build operations Thread 47"        [_thread_blocked, id=2796, stack(0x000000dabc600000,0x000000dabc700000) (1024K)]
  0x0000024628250d20 JavaThread "Unconstrained build operations Thread 48"        [_thread_blocked, id=23488, stack(0x000000dabc700000,0x000000dabc800000) (1024K)]
  0x00000246282520d0 JavaThread "Unconstrained build operations Thread 49"        [_thread_blocked, id=23988, stack(0x000000dabc800000,0x000000dabc900000) (1024K)]
  0x0000024628252760 JavaThread "Unconstrained build operations Thread 50"        [_thread_blocked, id=26036, stack(0x000000dabc900000,0x000000dabca00000) (1024K)]
  0x0000024628250000 JavaThread "Unconstrained build operations Thread 51"        [_thread_blocked, id=26604, stack(0x000000dabca00000,0x000000dabcb00000) (1024K)]
  0x0000024628252df0 JavaThread "Unconstrained build operations Thread 52"        [_thread_blocked, id=22316, stack(0x000000dabcb00000,0x000000dabcc00000) (1024K)]
  0x0000024628250690 JavaThread "Unconstrained build operations Thread 53"        [_thread_blocked, id=9736, stack(0x000000dabcc00000,0x000000dabcd00000) (1024K)]
  0x00000246282513b0 JavaThread "Unconstrained build operations Thread 54"        [_thread_blocked, id=24748, stack(0x000000dabcd00000,0x000000dabce00000) (1024K)]
  0x0000024628251a40 JavaThread "Unconstrained build operations Thread 55"        [_thread_blocked, id=16640, stack(0x000000dabce00000,0x000000dabcf00000) (1024K)]
  0x00000246270d9020 JavaThread "Unconstrained build operations Thread 56"        [_thread_blocked, id=3568, stack(0x000000dabcf00000,0x000000dabd000000) (1024K)]
  0x00000246270d96b0 JavaThread "Unconstrained build operations Thread 57"        [_thread_blocked, id=11884, stack(0x000000dabd000000,0x000000dabd100000) (1024K)]
  0x00000246270d68c0 JavaThread "Unconstrained build operations Thread 58"        [_thread_blocked, id=17684, stack(0x000000dabd100000,0x000000dabd200000) (1024K)]
  0x00000246270d9d40 JavaThread "Unconstrained build operations Thread 59"        [_thread_blocked, id=15732, stack(0x000000dabd200000,0x000000dabd300000) (1024K)]
  0x00000246270d75e0 JavaThread "Unconstrained build operations Thread 60"        [_thread_blocked, id=14568, stack(0x000000dabd300000,0x000000dabd400000) (1024K)]
  0x00000246270da3d0 JavaThread "Unconstrained build operations Thread 61"        [_thread_blocked, id=24456, stack(0x000000dabd400000,0x000000dabd500000) (1024K)]
  0x00000246270d7c70 JavaThread "Unconstrained build operations Thread 62"        [_thread_blocked, id=13416, stack(0x000000dabd500000,0x000000dabd600000) (1024K)]
  0x00000246270d8300 JavaThread "Unconstrained build operations Thread 63"        [_thread_blocked, id=204, stack(0x000000dabd600000,0x000000dabd700000) (1024K)]
  0x00000246270d8990 JavaThread "Unconstrained build operations Thread 64"        [_thread_blocked, id=11072, stack(0x000000dabd700000,0x000000dabd800000) (1024K)]
  0x00000246270d6f50 JavaThread "Unconstrained build operations Thread 65"        [_thread_blocked, id=18372, stack(0x000000dabd800000,0x000000dabd900000) (1024K)]
  0x0000024628b6d220 JavaThread "Unconstrained build operations Thread 66"        [_thread_blocked, id=25792, stack(0x000000dabd900000,0x000000dabda00000) (1024K)]
  0x0000024628b6aac0 JavaThread "Unconstrained build operations Thread 67"        [_thread_blocked, id=9856, stack(0x000000dabda00000,0x000000dabdb00000) (1024K)]
  0x0000024628b6a430 JavaThread "Unconstrained build operations Thread 68"        [_thread_blocked, id=16824, stack(0x000000dabdb00000,0x000000dabdc00000) (1024K)]
  0x0000024628b6d8b0 JavaThread "Unconstrained build operations Thread 69"        [_thread_blocked, id=3672, stack(0x000000dabdc00000,0x000000dabdd00000) (1024K)]
  0x0000024628b6df40 JavaThread "Unconstrained build operations Thread 70"        [_thread_blocked, id=8568, stack(0x000000dabdd00000,0x000000dabde00000) (1024K)]
  0x0000024628b6be70 JavaThread "Unconstrained build operations Thread 71"        [_thread_blocked, id=348, stack(0x000000dabde00000,0x000000dabdf00000) (1024K)]
  0x0000024628b6b150 JavaThread "Unconstrained build operations Thread 72"        [_thread_blocked, id=14136, stack(0x000000dabdf00000,0x000000dabe000000) (1024K)]
  0x0000024628b6b7e0 JavaThread "Unconstrained build operations Thread 73"        [_thread_blocked, id=14448, stack(0x000000dabe000000,0x000000dabe100000) (1024K)]
  0x0000024628b6c500 JavaThread "Unconstrained build operations Thread 74"        [_thread_blocked, id=23304, stack(0x000000dabe100000,0x000000dabe200000) (1024K)]
  0x0000024628b6cb90 JavaThread "Unconstrained build operations Thread 75"        [_thread_blocked, id=19728, stack(0x000000dabe200000,0x000000dabe300000) (1024K)]
  0x0000024622e96b50 JavaThread "Unconstrained build operations Thread 76"        [_thread_blocked, id=18652, stack(0x000000dabe300000,0x000000dabe400000) (1024K)]
  0x0000024622e94a80 JavaThread "Unconstrained build operations Thread 77"        [_thread_blocked, id=8768, stack(0x000000dabe400000,0x000000dabe500000) (1024K)]
  0x0000024622e97f00 JavaThread "Unconstrained build operations Thread 78"        [_thread_blocked, id=24728, stack(0x000000dabe500000,0x000000dabe600000) (1024K)]
  0x0000024622e98590 JavaThread "Unconstrained build operations Thread 79"        [_thread_blocked, id=23732, stack(0x000000dabe600000,0x000000dabe700000) (1024K)]
  0x0000024622e957a0 JavaThread "Unconstrained build operations Thread 80"        [_thread_blocked, id=23560, stack(0x000000dabe700000,0x000000dabe800000) (1024K)]
  0x0000024622e98c20 JavaThread "WorkerExecutor Queue"              [_thread_in_native, id=11100, stack(0x000000dab5800000,0x000000dab5900000) (1024K)]
  0x0000024625a39910 JavaThread "C2 CompilerThread1"         daemon [_thread_blocked, id=24584, stack(0x000000dabb300000,0x000000dabb400000) (1024K)]
  0x0000024622e992b0 JavaThread "WorkerExecutor Queue Thread 2"        [_thread_blocked, id=26184, stack(0x000000dabe800000,0x000000dabe900000) (1024K)]
  0x0000024622e964c0 JavaThread "RMI Scheduler(0)"           daemon [_thread_blocked, id=24756, stack(0x000000dabe900000,0x000000dabea00000) (1024K)]
  0x0000024622e97870 JavaThread "WorkerExecutor Queue Thread 3"        [_thread_blocked, id=24800, stack(0x000000dabee00000,0x000000dabef00000) (1024K)]
  0x0000024624fc73a0 JavaThread "WorkerExecutor Queue Thread 4"        [_thread_blocked, id=25060, stack(0x000000dabea00000,0x000000dabeb00000) (1024K)]
  0x0000024628b689f0 JavaThread "WorkerExecutor Queue Thread 5"        [_thread_blocked, id=24964, stack(0x000000dabec00000,0x000000dabed00000) (1024K)]
  0x0000024625a3a6b0 JavaThread "C2 CompilerThread2"         daemon [_thread_blocked, id=21572, stack(0x000000dabeb00000,0x000000dabec00000) (1024K)]
  0x0000024628b69710 JavaThread "RMI GC Daemon"              daemon [_thread_blocked, id=18488, stack(0x000000dabef00000,0x000000dabf000000) (1024K)]
  0x0000024628b67cd0 JavaThread "RMI RenewClean-[127.0.0.1:17533,org.jetbrains.kotlin.daemon.common.LoopbackNetworkInterface$ClientLoopbackSocketFactory@5a2e40df]" daemon [_thread_blocked, id=5244, stack(0x000000dabf000000,0x000000dabf100000) (1024K)]
  0x0000024628b67640 JavaThread "WorkerExecutor Queue Thread 6"        [_thread_blocked, id=17524, stack(0x000000dabf100000,0x000000dabf200000) (1024K)]
  0x0000024628b68360 JavaThread "RMI TCP Accept-0"           daemon [_thread_in_native, id=23000, stack(0x000000dabf200000,0x000000dabf300000) (1024K)]
  0x0000024628b69080 JavaThread "RMI Reaper"                        [_thread_blocked, id=26492, stack(0x000000dabf300000,0x000000dabf400000) (1024K)]
  0x0000024628b69da0 JavaThread "RMI TCP Connection(1)-127.0.0.1" daemon [_thread_in_native, id=26308, stack(0x000000dabf400000,0x000000dabf500000) (1024K)]
  0x00000246270dd850 JavaThread "WorkerExecutor Queue Thread 7"        [_thread_blocked, id=24516, stack(0x000000dabf500000,0x000000dabf600000) (1024K)]
  0x00000246270db780 JavaThread "WorkerExecutor Queue Thread 8"        [_thread_blocked, id=26136, stack(0x000000dabf600000,0x000000dabf700000) (1024K)]
  0x00000246270db0f0 JavaThread "ForkJoinPool-1-worker-1"    daemon [_thread_blocked, id=21912, stack(0x000000dabf700000,0x000000dabf800000) (1024K)]
  0x00000246270ddee0 JavaThread "ForkJoinPool-1-worker-2"    daemon [_thread_blocked, id=3252, stack(0x000000dabf800000,0x000000dabf900000) (1024K)]
  0x00000246270daa60 JavaThread "ForkJoinPool-1-worker-3"    daemon [_thread_blocked, id=24864, stack(0x000000dabf900000,0x000000dabfa00000) (1024K)]
  0x00000246270dcb30 JavaThread "ForkJoinPool-1-worker-4"    daemon [_thread_blocked, id=26608, stack(0x000000dabfa00000,0x000000dabfb00000) (1024K)]
  0x00000246270dbe10 JavaThread "ForkJoinPool-1-worker-5"    daemon [_thread_blocked, id=26432, stack(0x000000dabfb00000,0x000000dabfc00000) (1024K)]
  0x00000246270dd1c0 JavaThread "ForkJoinPool-1-worker-6"    daemon [_thread_blocked, id=8308, stack(0x000000dabfc00000,0x000000dabfd00000) (1024K)]
  0x0000024622e95e30 JavaThread "ForkJoinPool-1-worker-7"    daemon [_thread_blocked, id=22404, stack(0x000000dabfd00000,0x000000dabfe00000) (1024K)]
  0x0000024622e9acf0 JavaThread "ForkJoinPool-1-worker-8"    daemon [_thread_blocked, id=22508, stack(0x000000dabfe00000,0x000000dabff00000) (1024K)]
  0x0000024622e99940 JavaThread "WorkerExecutor Queue Thread 9"        [_thread_blocked, id=21624, stack(0x000000dabff00000,0x000000dac0000000) (1024K)]
  0x0000024622e99fd0 JavaThread "pool-3-thread-1"                   [_thread_blocked, id=25816, stack(0x000000dac0000000,0x000000dac0100000) (1024K)]
  0x0000024622e9ba10 JavaThread "stderr"                            [_thread_blocked, id=26256, stack(0x000000dabed00000,0x000000dabee00000) (1024K)]
  0x0000024628b66920 JavaThread "stdout"                            [_thread_blocked, id=24248, stack(0x000000dac0100000,0x000000dac0200000) (1024K)]
Total: 153

Other Threads:
=>0x00000245db1a8a60 VMThread "VM Thread"                           [id=2772, stack(0x000000dab6200000,0x000000dab6300000) (1024K)]
  0x00000245db18ecb0 WatcherThread "VM Periodic Task Thread"        [id=18300, stack(0x000000dab6100000,0x000000dab6200000) (1024K)]
  0x00000245ba0e7240 WorkerThread "GC Thread#0"                     [id=25968, stack(0x000000dab5c00000,0x000000dab5d00000) (1024K)]
  0x00000245db5d6ef0 WorkerThread "GC Thread#1"                     [id=24960, stack(0x000000dab6d00000,0x000000dab6e00000) (1024K)]
  0x00000245db7a0610 WorkerThread "GC Thread#2"                     [id=21536, stack(0x000000dab6e00000,0x000000dab6f00000) (1024K)]
  0x000002462135d450 WorkerThread "GC Thread#3"                     [id=5648, stack(0x000000dab7000000,0x000000dab7100000) (1024K)]
  0x000002462135d7f0 WorkerThread "GC Thread#4"                     [id=22640, stack(0x000000dab7100000,0x000000dab7200000) (1024K)]
  0x0000024621d767a0 WorkerThread "GC Thread#5"                     [id=16520, stack(0x000000dab7300000,0x000000dab7400000) (1024K)]
  0x0000024621d76b40 WorkerThread "GC Thread#6"                     [id=25780, stack(0x000000dab7400000,0x000000dab7500000) (1024K)]
  0x0000024621d76ee0 WorkerThread "GC Thread#7"                     [id=22260, stack(0x000000dab7500000,0x000000dab7600000) (1024K)]
  0x00000245ba0f9140 ConcurrentGCThread "G1 Main Marker"            [id=6988, stack(0x000000dab5d00000,0x000000dab5e00000) (1024K)]
  0x00000245ba0fa9d0 WorkerThread "G1 Conc#0"                       [id=11564, stack(0x000000dab5e00000,0x000000dab5f00000) (1024K)]
  0x0000024623c76160 WorkerThread "G1 Conc#1"                       [id=19616, stack(0x000000dab8300000,0x000000dab8400000) (1024K)]
  0x00000245db0614b0 ConcurrentGCThread "G1 Refine#0"               [id=17900, stack(0x000000dab5f00000,0x000000dab6000000) (1024K)]
  0x00000245db061e30 ConcurrentGCThread "G1 Service"                [id=5604, stack(0x000000dab6000000,0x000000dab6100000) (1024K)]
Total: 15

Threads with active compile tasks:
C1 CompilerThread0    55346 16772       3       kotlin.io.FilesKt__FilePathComponentsKt::getRootLength$FilesKt__FilePathComponentsKt (137 bytes)
C2 CompilerThread2    55346 16650       4       com.android.tools.r8.graph.f4::a (63 bytes)
Total: 2

VM state: at safepoint (normal execution)

VM Mutex/Monitor currently owned by a thread:  ([mutex/lock_event])
[0x00007ffbdedea5f8] Threads_lock - owner thread: 0x00000245db1a8a60
[0x00007ffbdedea6f8] Heap_lock - owner thread: 0x00000245ba0f9140

Heap address: 0x0000000700000000, size: 4096 MB, Compressed Oops mode: Zero based, Oop shift amount: 3

CDS archive(s) mapped at: [0x00000245dc000000-0x00000245dcc90000-0x00000245dcc90000), size 13172736, SharedBaseAddress: 0x00000245dc000000, ArchiveRelocationMode: 1.
Compressed class space mapped at: 0x00000245dd000000-0x000002461d000000, reserved size: 1073741824
Narrow klass base: 0x00000245dc000000, Narrow klass shift: 0, Narrow klass range: 0x100000000

GC Precious Log:
 CardTable entry size: 512
 Card Set container configuration: InlinePtr #cards 4 size 8 Array Of Cards #cards 16 size 48 Howl #buckets 8 coarsen threshold 3686 Howl Bitmap #cards 512 size 80 coarsen threshold 460 Card regions per heap region 1 cards per card region 4096
 CPUs: 8 total, 8 available
 Memory: 7502M
 Large Page Support: Disabled
 NUMA Support: Disabled
 Compressed Oops: Enabled (Zero based)
 Heap Region Size: 2M
 Heap Min Capacity: 8M
 Heap Initial Capacity: 118M
 Heap Max Capacity: 4G
 Pre-touch: Disabled
 Parallel Workers: 8
 Concurrent Workers: 2
 Concurrent Refinement Workers: 8
 Periodic GC: Disabled

Heap:
 garbage-first heap   total 505856K, used 384828K [0x0000000700000000, 0x0000000800000000)
  region size 2048K, 9 young (18432K), 6 survivors (12288K)
 Metaspace       used 117704K, committed 120128K, reserved 1179648K
  class space    used 16463K, committed 17664K, reserved 1048576K

Heap Regions: E=young(eden), S=young(survivor), O=old, HS=humongous(starts), HC=humongous(continues), CS=collection set, F=free, TAMS=top-at-mark-start, PB=parsable bottom
|   0|0x0000000700000000, 0x0000000700200000, 0x0000000700200000|100%|HS|  |TAMS 0x0000000700200000| PB 0x0000000700000000| Complete 
|   1|0x0000000700200000, 0x0000000700400000, 0x0000000700400000|100%|HC|  |TAMS 0x0000000700400000| PB 0x0000000700200000| Complete 
|   2|0x0000000700400000, 0x0000000700600000, 0x0000000700600000|100%| O|  |TAMS 0x0000000700600000| PB 0x0000000700600000| Untracked 
|   3|0x0000000700600000, 0x0000000700800000, 0x0000000700800000|100%| O|  |TAMS 0x0000000700800000| PB 0x0000000700800000| Untracked 
|   4|0x0000000700800000, 0x0000000700a00000, 0x0000000700a00000|100%| O|  |TAMS 0x0000000700a00000| PB 0x0000000700a00000| Untracked 
|   5|0x0000000700a00000, 0x0000000700c00000, 0x0000000700c00000|100%| O|  |TAMS 0x0000000700c00000| PB 0x0000000700c00000| Untracked 
|   6|0x0000000700c00000, 0x0000000700e00000, 0x0000000700e00000|100%| O|  |TAMS 0x0000000700e00000| PB 0x0000000700e00000| Untracked 
|   7|0x0000000700e00000, 0x0000000701000000, 0x0000000701000000|100%| O|  |TAMS 0x0000000701000000| PB 0x0000000701000000| Untracked 
|   8|0x0000000701000000, 0x0000000701200000, 0x0000000701200000|100%| O|  |TAMS 0x0000000701200000| PB 0x0000000701200000| Untracked 
|   9|0x0000000701200000, 0x0000000701400000, 0x0000000701400000|100%| O|  |TAMS 0x0000000701400000| PB 0x0000000701400000| Untracked 
|  10|0x0000000701400000, 0x0000000701600000, 0x0000000701600000|100%| O|  |TAMS 0x0000000701600000| PB 0x0000000701600000| Untracked 
|  11|0x0000000701600000, 0x0000000701800000, 0x0000000701800000|100%| O|  |TAMS 0x0000000701800000| PB 0x0000000701800000| Untracked 
|  12|0x0000000701800000, 0x0000000701a00000, 0x0000000701a00000|100%| O|  |TAMS 0x0000000701a00000| PB 0x0000000701a00000| Untracked 
|  13|0x0000000701a00000, 0x0000000701c00000, 0x0000000701c00000|100%| O|  |TAMS 0x0000000701c00000| PB 0x0000000701c00000| Updating 
|  14|0x0000000701c00000, 0x0000000701e00000, 0x0000000701e00000|100%| O|  |TAMS 0x0000000701e00000| PB 0x0000000701e00000| Untracked 
|  15|0x0000000701e00000, 0x0000000702000000, 0x0000000702000000|100%| O|  |TAMS 0x0000000702000000| PB 0x0000000702000000| Untracked 
|  16|0x0000000702000000, 0x0000000702200000, 0x0000000702200000|100%| O|  |TAMS 0x0000000702200000| PB 0x0000000702200000| Updating 
|  17|0x0000000702200000, 0x0000000702400000, 0x0000000702400000|100%| O|  |TAMS 0x0000000702400000| PB 0x0000000702400000| Updating 
|  18|0x0000000702400000, 0x0000000702600000, 0x0000000702600000|100%| O|  |TAMS 0x0000000702600000| PB 0x0000000702600000| Untracked 
|  19|0x0000000702600000, 0x0000000702800000, 0x0000000702800000|100%| O|  |TAMS 0x0000000702800000| PB 0x0000000702800000| Untracked 
|  20|0x0000000702800000, 0x0000000702a00000, 0x0000000702a00000|100%| O|  |TAMS 0x0000000702a00000| PB 0x0000000702a00000| Untracked 
|  21|0x0000000702a00000, 0x0000000702c00000, 0x0000000702c00000|100%| O|  |TAMS 0x0000000702c00000| PB 0x0000000702c00000| Updating 
|  22|0x0000000702c00000, 0x0000000702e00000, 0x0000000702e00000|100%| O|  |TAMS 0x0000000702e00000| PB 0x0000000702e00000| Untracked 
|  23|0x0000000702e00000, 0x0000000703000000, 0x0000000703000000|100%| O|  |TAMS 0x0000000703000000| PB 0x0000000703000000| Updating 
|  24|0x0000000703000000, 0x0000000703200000, 0x0000000703200000|100%|HS|  |TAMS 0x0000000703200000| PB 0x0000000703000000| Complete 
|  25|0x0000000703200000, 0x0000000703400000, 0x0000000703400000|100%|HS|  |TAMS 0x0000000703400000| PB 0x0000000703200000| Complete 
|  26|0x0000000703400000, 0x0000000703600000, 0x0000000703600000|100%| O|  |TAMS 0x0000000703400000| PB 0x0000000703400000| Untracked 
|  27|0x0000000703600000, 0x0000000703800000, 0x0000000703800000|100%| O|  |TAMS 0x0000000703800000| PB 0x0000000703800000| Updating 
|  28|0x0000000703800000, 0x0000000703a00000, 0x0000000703a00000|100%| O|  |TAMS 0x0000000703a00000| PB 0x0000000703a00000| Updating 
|  29|0x0000000703a00000, 0x0000000703c00000, 0x0000000703c00000|100%| O|  |TAMS 0x0000000703c00000| PB 0x0000000703c00000| Updating 
|  30|0x0000000703c00000, 0x0000000703e00000, 0x0000000703e00000|100%|HS|  |TAMS 0x0000000703e00000| PB 0x0000000703c00000| Complete 
|  31|0x0000000703e00000, 0x0000000704000000, 0x0000000704000000|100%|HC|  |TAMS 0x0000000704000000| PB 0x0000000703e00000| Complete 
|  32|0x0000000704000000, 0x0000000704200000, 0x0000000704200000|100%| O|  |TAMS 0x0000000704200000| PB 0x0000000704200000| Updating 
|  33|0x0000000704200000, 0x0000000704400000, 0x0000000704400000|100%| O|  |TAMS 0x0000000704400000| PB 0x0000000704400000| Untracked 
|  34|0x0000000704400000, 0x0000000704600000, 0x0000000704600000|100%| O|  |TAMS 0x0000000704600000| PB 0x0000000704600000| Updating 
|  35|0x0000000704600000, 0x0000000704800000, 0x0000000704800000|100%|HS|  |TAMS 0x0000000704800000| PB 0x0000000704600000| Complete 
|  36|0x0000000704800000, 0x0000000704a00000, 0x0000000704a00000|100%|HC|  |TAMS 0x0000000704a00000| PB 0x0000000704800000| Complete 
|  37|0x0000000704a00000, 0x0000000704c00000, 0x0000000704c00000|100%| O|  |TAMS 0x0000000704c00000| PB 0x0000000704c00000| Untracked 
|  38|0x0000000704c00000, 0x0000000704e00000, 0x0000000704e00000|100%| O|  |TAMS 0x0000000704c00000| PB 0x0000000704c00000| Untracked 
|  39|0x0000000704e00000, 0x0000000705000000, 0x0000000705000000|100%| O|  |TAMS 0x0000000705000000| PB 0x0000000705000000| Untracked 
|  40|0x0000000705000000, 0x0000000705200000, 0x0000000705200000|100%| O|  |TAMS 0x0000000705200000| PB 0x0000000705200000| Untracked 
|  41|0x0000000705200000, 0x0000000705400000, 0x0000000705400000|100%| O|  |TAMS 0x0000000705400000| PB 0x0000000705400000| Untracked 
|  42|0x0000000705400000, 0x0000000705600000, 0x0000000705600000|100%| O|  |TAMS 0x0000000705600000| PB 0x0000000705600000| Updating 
|  43|0x0000000705600000, 0x0000000705800000, 0x0000000705800000|100%| O|  |TAMS 0x0000000705800000| PB 0x0000000705800000| Updating 
|  44|0x0000000705800000, 0x0000000705a00000, 0x0000000705a00000|100%| O|  |TAMS 0x0000000705a00000| PB 0x0000000705a00000| Untracked 
|  45|0x0000000705a00000, 0x0000000705c00000, 0x0000000705c00000|100%| O|  |TAMS 0x0000000705c00000| PB 0x0000000705c00000| Updating 
|  46|0x0000000705c00000, 0x0000000705e00000, 0x0000000705e00000|100%| O|  |TAMS 0x0000000705e00000| PB 0x0000000705e00000| Untracked 
|  47|0x0000000705e00000, 0x0000000706000000, 0x0000000706000000|100%| O|  |TAMS 0x0000000706000000| PB 0x0000000706000000| Updating 
|  48|0x0000000706000000, 0x0000000706200000, 0x0000000706200000|100%| O|  |TAMS 0x0000000706200000| PB 0x0000000706200000| Untracked 
|  49|0x0000000706200000, 0x0000000706400000, 0x0000000706400000|100%| O|  |TAMS 0x0000000706400000| PB 0x0000000706400000| Untracked 
|  50|0x0000000706400000, 0x0000000706600000, 0x0000000706600000|100%| O|  |TAMS 0x0000000706600000| PB 0x0000000706600000| Untracked 
|  51|0x0000000706600000, 0x0000000706800000, 0x0000000706800000|100%| O|  |TAMS 0x0000000706800000| PB 0x0000000706800000| Untracked 
|  52|0x0000000706800000, 0x0000000706a00000, 0x0000000706a00000|100%| O|  |TAMS 0x0000000706a00000| PB 0x0000000706a00000| Updating 
|  53|0x0000000706a00000, 0x0000000706c00000, 0x0000000706c00000|100%| O|  |TAMS 0x0000000706c00000| PB 0x0000000706c00000| Untracked 
|  54|0x0000000706c00000, 0x0000000706e00000, 0x0000000706e00000|100%| O|  |TAMS 0x0000000706e00000| PB 0x0000000706e00000| Untracked 
|  55|0x0000000706e00000, 0x0000000707000000, 0x0000000707000000|100%| O|  |TAMS 0x0000000707000000| PB 0x0000000707000000| Untracked 
|  56|0x0000000707000000, 0x0000000707200000, 0x0000000707200000|100%| O|  |TAMS 0x0000000707200000| PB 0x0000000707200000| Untracked 
|  57|0x0000000707200000, 0x0000000707400000, 0x0000000707400000|100%| O|  |TAMS 0x0000000707200000| PB 0x0000000707200000| Untracked 
|  58|0x0000000707400000, 0x0000000707600000, 0x0000000707600000|100%|HS|  |TAMS 0x0000000707600000| PB 0x0000000707400000| Complete 
|  59|0x0000000707600000, 0x0000000707800000, 0x0000000707800000|100%|HS|  |TAMS 0x0000000707800000| PB 0x0000000707600000| Complete 
|  60|0x0000000707800000, 0x0000000707a00000, 0x0000000707a00000|100%|HC|  |TAMS 0x0000000707a00000| PB 0x0000000707800000| Complete 
|  61|0x0000000707a00000, 0x0000000707c00000, 0x0000000707c00000|100%|HS|  |TAMS 0x0000000707c00000| PB 0x0000000707a00000| Complete 
|  62|0x0000000707c00000, 0x0000000707e00000, 0x0000000707e00000|100%|HS|  |TAMS 0x0000000707e00000| PB 0x0000000707c00000| Complete 
|  63|0x0000000707e00000, 0x0000000708000000, 0x0000000708000000|100%|HC|  |TAMS 0x0000000708000000| PB 0x0000000707e00000| Complete 
|  64|0x0000000708000000, 0x0000000708200000, 0x0000000708200000|100%|HC|  |TAMS 0x0000000708200000| PB 0x0000000708000000| Complete 
|  65|0x0000000708200000, 0x0000000708400000, 0x0000000708400000|100%|HC|  |TAMS 0x0000000708400000| PB 0x0000000708200000| Complete 
|  66|0x0000000708400000, 0x0000000708600000, 0x0000000708600000|100%|HC|  |TAMS 0x0000000708600000| PB 0x0000000708400000| Complete 
|  67|0x0000000708600000, 0x0000000708800000, 0x0000000708800000|100%|HC|  |TAMS 0x0000000708800000| PB 0x0000000708600000| Complete 
|  68|0x0000000708800000, 0x0000000708a00000, 0x0000000708a00000|100%|HC|  |TAMS 0x0000000708a00000| PB 0x0000000708800000| Complete 
|  69|0x0000000708a00000, 0x0000000708c00000, 0x0000000708c00000|100%|HC|  |TAMS 0x0000000708c00000| PB 0x0000000708a00000| Complete 
|  70|0x0000000708c00000, 0x0000000708e00000, 0x0000000708e00000|100%|HC|  |TAMS 0x0000000708e00000| PB 0x0000000708c00000| Complete 
|  71|0x0000000708e00000, 0x0000000709000000, 0x0000000709000000|100%|HC|  |TAMS 0x0000000709000000| PB 0x0000000708e00000| Complete 
|  72|0x0000000709000000, 0x0000000709200000, 0x0000000709200000|100%|HC|  |TAMS 0x0000000709200000| PB 0x0000000709000000| Complete 
|  73|0x0000000709200000, 0x0000000709400000, 0x0000000709400000|100%|HC|  |TAMS 0x0000000709400000| PB 0x0000000709200000| Complete 
|  74|0x0000000709400000, 0x0000000709600000, 0x0000000709600000|100%|HC|  |TAMS 0x0000000709600000| PB 0x0000000709400000| Complete 
|  75|0x0000000709600000, 0x0000000709800000, 0x0000000709800000|100%|HC|  |TAMS 0x0000000709800000| PB 0x0000000709600000| Complete 
|  76|0x0000000709800000, 0x0000000709a00000, 0x0000000709a00000|100%|HC|  |TAMS 0x0000000709a00000| PB 0x0000000709800000| Complete 
|  77|0x0000000709a00000, 0x0000000709c00000, 0x0000000709c00000|100%|HS|  |TAMS 0x0000000709c00000| PB 0x0000000709a00000| Complete 
|  78|0x0000000709c00000, 0x0000000709e00000, 0x0000000709e00000|100%|HC|  |TAMS 0x0000000709e00000| PB 0x0000000709c00000| Complete 
|  79|0x0000000709e00000, 0x000000070a000000, 0x000000070a000000|100%|HS|  |TAMS 0x000000070a000000| PB 0x0000000709e00000| Complete 
|  80|0x000000070a000000, 0x000000070a200000, 0x000000070a200000|100%|HC|  |TAMS 0x000000070a200000| PB 0x000000070a000000| Complete 
|  81|0x000000070a200000, 0x000000070a400000, 0x000000070a400000|100%|HS|  |TAMS 0x000000070a400000| PB 0x000000070a200000| Complete 
|  82|0x000000070a400000, 0x000000070a600000, 0x000000070a600000|100%| O|  |TAMS 0x000000070a600000| PB 0x000000070a600000| Untracked 
|  83|0x000000070a600000, 0x000000070a800000, 0x000000070a800000|100%| O|  |TAMS 0x000000070a800000| PB 0x000000070a800000| Untracked 
|  84|0x000000070a800000, 0x000000070aa00000, 0x000000070aa00000|100%| O|  |TAMS 0x000000070aa00000| PB 0x000000070aa00000| Untracked 
|  85|0x000000070aa00000, 0x000000070ac00000, 0x000000070ac00000|100%| O|  |TAMS 0x000000070ac00000| PB 0x000000070ac00000| Untracked 
|  86|0x000000070ac00000, 0x000000070ae00000, 0x000000070ae00000|100%|HS|  |TAMS 0x000000070ae00000| PB 0x000000070ac00000| Complete 
|  87|0x000000070ae00000, 0x000000070b000000, 0x000000070b000000|100%|HS|  |TAMS 0x000000070b000000| PB 0x000000070ae00000| Complete 
|  88|0x000000070b000000, 0x000000070b200000, 0x000000070b200000|100%|HS|  |TAMS 0x000000070b200000| PB 0x000000070b000000| Complete 
|  89|0x000000070b200000, 0x000000070b400000, 0x000000070b400000|100%|HC|  |TAMS 0x000000070b400000| PB 0x000000070b200000| Complete 
|  90|0x000000070b400000, 0x000000070b600000, 0x000000070b600000|100%|HS|  |TAMS 0x000000070b600000| PB 0x000000070b400000| Complete 
|  91|0x000000070b600000, 0x000000070b800000, 0x000000070b800000|100%|HS|  |TAMS 0x000000070b800000| PB 0x000000070b600000| Complete 
|  92|0x000000070b800000, 0x000000070ba00000, 0x000000070ba00000|100%|HC|  |TAMS 0x000000070ba00000| PB 0x000000070b800000| Complete 
|  93|0x000000070ba00000, 0x000000070bc00000, 0x000000070bc00000|100%| O|  |TAMS 0x000000070bc00000| PB 0x000000070bc00000| Updating 
|  94|0x000000070bc00000, 0x000000070be00000, 0x000000070be00000|100%|HS|  |TAMS 0x000000070be00000| PB 0x000000070bc00000| Complete 
|  95|0x000000070be00000, 0x000000070c000000, 0x000000070c000000|100%|HS|  |TAMS 0x000000070c000000| PB 0x000000070be00000| Complete 
|  96|0x000000070c000000, 0x000000070c200000, 0x000000070c200000|100%|HC|  |TAMS 0x000000070c200000| PB 0x000000070c000000| Complete 
|  97|0x000000070c200000, 0x000000070c400000, 0x000000070c400000|100%|HS|  |TAMS 0x000000070c400000| PB 0x000000070c200000| Complete 
|  98|0x000000070c400000, 0x000000070c600000, 0x000000070c600000|100%|HC|  |TAMS 0x000000070c600000| PB 0x000000070c400000| Complete 
|  99|0x000000070c600000, 0x000000070c800000, 0x000000070c800000|100%|HS|  |TAMS 0x000000070c800000| PB 0x000000070c600000| Complete 
| 100|0x000000070c800000, 0x000000070ca00000, 0x000000070ca00000|100%|HC|  |TAMS 0x000000070ca00000| PB 0x000000070c800000| Complete 
| 101|0x000000070ca00000, 0x000000070cc00000, 0x000000070cc00000|100%|HS|  |TAMS 0x000000070cc00000| PB 0x000000070ca00000| Complete 
| 102|0x000000070cc00000, 0x000000070ce00000, 0x000000070ce00000|100%|HC|  |TAMS 0x000000070ce00000| PB 0x000000070cc00000| Complete 
| 103|0x000000070ce00000, 0x000000070d000000, 0x000000070d000000|100%|HS|  |TAMS 0x000000070d000000| PB 0x000000070ce00000| Complete 
| 104|0x000000070d000000, 0x000000070d200000, 0x000000070d200000|100%| O|  |TAMS 0x000000070d200000| PB 0x000000070d200000| Untracked 
| 105|0x000000070d200000, 0x000000070d400000, 0x000000070d400000|100%| O|  |TAMS 0x000000070d400000| PB 0x000000070d400000| Untracked 
| 106|0x000000070d400000, 0x000000070d600000, 0x000000070d600000|100%|HS|  |TAMS 0x000000070d600000| PB 0x000000070d400000| Complete 
| 107|0x000000070d600000, 0x000000070d800000, 0x000000070d800000|100%|HC|  |TAMS 0x000000070d800000| PB 0x000000070d600000| Complete 
| 108|0x000000070d800000, 0x000000070da00000, 0x000000070da00000|100%|HS|  |TAMS 0x000000070da00000| PB 0x000000070d800000| Complete 
| 109|0x000000070da00000, 0x000000070da00000, 0x000000070dc00000|  0%| F|  |TAMS 0x000000070da00000| PB 0x000000070da00000| Untracked 
| 110|0x000000070dc00000, 0x000000070de00000, 0x000000070de00000|100%|HS|  |TAMS 0x000000070de00000| PB 0x000000070dc00000| Complete 
| 111|0x000000070de00000, 0x000000070e000000, 0x000000070e000000|100%| O|  |TAMS 0x000000070e000000| PB 0x000000070e000000| Untracked 
| 112|0x000000070e000000, 0x000000070e200000, 0x000000070e200000|100%|HS|  |TAMS 0x000000070e200000| PB 0x000000070e000000| Complete 
| 113|0x000000070e200000, 0x000000070e400000, 0x000000070e400000|100%| O|  |TAMS 0x000000070e400000| PB 0x000000070e400000| Untracked 
| 114|0x000000070e400000, 0x000000070e600000, 0x000000070e600000|100%| O|  |TAMS 0x000000070e600000| PB 0x000000070e600000| Untracked 
| 115|0x000000070e600000, 0x000000070e800000, 0x000000070e800000|100%| O|  |TAMS 0x000000070e800000| PB 0x000000070e800000| Untracked 
| 116|0x000000070e800000, 0x000000070ea00000, 0x000000070ea00000|100%|HS|  |TAMS 0x000000070ea00000| PB 0x000000070e800000| Complete 
| 117|0x000000070ea00000, 0x000000070ec00000, 0x000000070ec00000|100%|HC|  |TAMS 0x000000070ec00000| PB 0x000000070ea00000| Complete 
| 118|0x000000070ec00000, 0x000000070ee00000, 0x000000070ee00000|100%| O|  |TAMS 0x000000070ee00000| PB 0x000000070ee00000| Untracked 
| 119|0x000000070ee00000, 0x000000070f000000, 0x000000070f000000|100%|HS|  |TAMS 0x000000070f000000| PB 0x000000070ee00000| Complete 
| 120|0x000000070f000000, 0x000000070f200000, 0x000000070f200000|100%| O|  |TAMS 0x000000070f200000| PB 0x000000070f200000| Untracked 
| 121|0x000000070f200000, 0x000000070f400000, 0x000000070f400000|100%| O|  |TAMS 0x000000070f400000| PB 0x000000070f400000| Untracked 
| 122|0x000000070f400000, 0x000000070f600000, 0x000000070f600000|100%| O|  |TAMS 0x000000070f600000| PB 0x000000070f600000| Untracked 
| 123|0x000000070f600000, 0x000000070f800000, 0x000000070f800000|100%| O|  |TAMS 0x000000070f800000| PB 0x000000070f800000| Untracked 
| 124|0x000000070f800000, 0x000000070fa00000, 0x000000070fa00000|100%| O|  |TAMS 0x000000070fa00000| PB 0x000000070fa00000| Untracked 
| 125|0x000000070fa00000, 0x000000070fc00000, 0x000000070fc00000|100%| O|  |TAMS 0x000000070fc00000| PB 0x000000070fc00000| Untracked 
| 126|0x000000070fc00000, 0x000000070fe00000, 0x000000070fe00000|100%| O|  |TAMS 0x000000070fe00000| PB 0x000000070fe00000| Untracked 
| 127|0x000000070fe00000, 0x0000000710000000, 0x0000000710000000|100%| O|  |TAMS 0x0000000710000000| PB 0x0000000710000000| Updating 
| 128|0x0000000710000000, 0x0000000710200000, 0x0000000710200000|100%| O|  |TAMS 0x0000000710200000| PB 0x0000000710200000| Updating 
| 129|0x0000000710200000, 0x0000000710400000, 0x0000000710400000|100%| O|  |TAMS 0x0000000710400000| PB 0x0000000710400000| Untracked 
| 130|0x0000000710400000, 0x0000000710600000, 0x0000000710600000|100%|HS|  |TAMS 0x0000000710600000| PB 0x0000000710400000| Complete 
| 131|0x0000000710600000, 0x0000000710800000, 0x0000000710800000|100%|HC|  |TAMS 0x0000000710800000| PB 0x0000000710600000| Complete 
| 132|0x0000000710800000, 0x0000000710a00000, 0x0000000710a00000|100%|HC|  |TAMS 0x0000000710a00000| PB 0x0000000710800000| Complete 
| 133|0x0000000710a00000, 0x0000000710c00000, 0x0000000710c00000|100%|HC|  |TAMS 0x0000000710c00000| PB 0x0000000710a00000| Complete 
| 134|0x0000000710c00000, 0x0000000710e00000, 0x0000000710e00000|100%|HC|  |TAMS 0x0000000710e00000| PB 0x0000000710c00000| Complete 
| 135|0x0000000710e00000, 0x0000000711000000, 0x0000000711000000|100%|HC|  |TAMS 0x0000000711000000| PB 0x0000000710e00000| Complete 
| 136|0x0000000711000000, 0x0000000711200000, 0x0000000711200000|100%|HC|  |TAMS 0x0000000711200000| PB 0x0000000711000000| Complete 
| 137|0x0000000711200000, 0x0000000711400000, 0x0000000711400000|100%|HC|  |TAMS 0x0000000711400000| PB 0x0000000711200000| Complete 
| 138|0x0000000711400000, 0x0000000711600000, 0x0000000711600000|100%|HC|  |TAMS 0x0000000711600000| PB 0x0000000711400000| Complete 
| 139|0x0000000711600000, 0x0000000711800000, 0x0000000711800000|100%|HC|  |TAMS 0x0000000711800000| PB 0x0000000711600000| Complete 
| 140|0x0000000711800000, 0x0000000711a00000, 0x0000000711a00000|100%|HC|  |TAMS 0x0000000711a00000| PB 0x0000000711800000| Complete 
| 141|0x0000000711a00000, 0x0000000711c00000, 0x0000000711c00000|100%|HC|  |TAMS 0x0000000711c00000| PB 0x0000000711a00000| Complete 
| 142|0x0000000711c00000, 0x0000000711e00000, 0x0000000711e00000|100%|HC|  |TAMS 0x0000000711e00000| PB 0x0000000711c00000| Complete 
| 143|0x0000000711e00000, 0x0000000712000000, 0x0000000712000000|100%|HC|  |TAMS 0x0000000712000000| PB 0x0000000711e00000| Complete 
| 144|0x0000000712000000, 0x0000000712200000, 0x0000000712200000|100%|HC|  |TAMS 0x0000000712200000| PB 0x0000000712000000| Complete 
| 145|0x0000000712200000, 0x0000000712400000, 0x0000000712400000|100%| O|  |TAMS 0x0000000712400000| PB 0x0000000712400000| Updating 
| 146|0x0000000712400000, 0x0000000712600000, 0x0000000712600000|100%| O|  |TAMS 0x0000000712600000| PB 0x0000000712600000| Untracked 
| 147|0x0000000712600000, 0x0000000712800000, 0x0000000712800000|100%| O|  |TAMS 0x0000000712800000| PB 0x0000000712800000| Untracked 
| 148|0x0000000712800000, 0x0000000712a00000, 0x0000000712a00000|100%| O|  |TAMS 0x0000000712a00000| PB 0x0000000712a00000| Untracked 
| 149|0x0000000712a00000, 0x0000000712c00000, 0x0000000712c00000|100%| O|  |TAMS 0x0000000712c00000| PB 0x0000000712c00000| Untracked 
| 150|0x0000000712c00000, 0x0000000712e00000, 0x0000000712e00000|100%| O|  |TAMS 0x0000000712e00000| PB 0x0000000712e00000| Untracked 
| 151|0x0000000712e00000, 0x0000000713000000, 0x0000000713000000|100%| O|  |TAMS 0x0000000713000000| PB 0x0000000713000000| Updating 
| 152|0x0000000713000000, 0x0000000713200000, 0x0000000713200000|100%| O|  |TAMS 0x0000000713200000| PB 0x0000000713200000| Updating 
| 153|0x0000000713200000, 0x0000000713400000, 0x0000000713400000|100%| O|  |TAMS 0x0000000713400000| PB 0x0000000713400000| Updating 
| 154|0x0000000713400000, 0x0000000713600000, 0x0000000713600000|100%| O|  |TAMS 0x0000000713600000| PB 0x0000000713600000| Untracked 
| 155|0x0000000713600000, 0x0000000713800000, 0x0000000713800000|100%| O|  |TAMS 0x0000000713600000| PB 0x0000000713600000| Untracked 
| 156|0x0000000713800000, 0x0000000713a00000, 0x0000000713a00000|100%| O|  |TAMS 0x0000000713800000| PB 0x0000000713800000| Untracked 
| 157|0x0000000713a00000, 0x0000000713c00000, 0x0000000713c00000|100%| O|  |TAMS 0x0000000713a00000| PB 0x0000000713a00000| Untracked 
| 158|0x0000000713c00000, 0x0000000713e00000, 0x0000000713e00000|100%| O|  |TAMS 0x0000000713c00000| PB 0x0000000713c00000| Untracked 
| 159|0x0000000713e00000, 0x0000000713f381f8, 0x0000000714000000| 60%| O|  |TAMS 0x0000000713e00000| PB 0x0000000713e00000| Updating 
| 160|0x0000000714000000, 0x0000000714000000, 0x0000000714200000|  0%| F|  |TAMS 0x0000000714000000| PB 0x0000000714000000| Untracked 
| 161|0x0000000714200000, 0x0000000714200000, 0x0000000714400000|  0%| F|  |TAMS 0x0000000714200000| PB 0x0000000714200000| Untracked 
| 162|0x0000000714400000, 0x0000000714400000, 0x0000000714600000|  0%| F|  |TAMS 0x0000000714400000| PB 0x0000000714400000| Untracked 
| 163|0x0000000714600000, 0x0000000714600000, 0x0000000714800000|  0%| F|  |TAMS 0x0000000714600000| PB 0x0000000714600000| Untracked 
| 164|0x0000000714800000, 0x0000000714a00000, 0x0000000714a00000|100%| O|  |TAMS 0x0000000714a00000| PB 0x0000000714a00000| Untracked 
| 165|0x0000000714a00000, 0x0000000714c00000, 0x0000000714c00000|100%| O|  |TAMS 0x0000000714c00000| PB 0x0000000714c00000| Untracked 
| 166|0x0000000714c00000, 0x0000000714e00000, 0x0000000714e00000|100%| O|  |TAMS 0x0000000714e00000| PB 0x0000000714e00000| Untracked 
| 167|0x0000000714e00000, 0x0000000715000000, 0x0000000715000000|100%| O|  |TAMS 0x0000000715000000| PB 0x0000000715000000| Untracked 
| 168|0x0000000715000000, 0x0000000715200000, 0x0000000715200000|100%| O|  |TAMS 0x0000000715200000| PB 0x0000000715200000| Untracked 
| 169|0x0000000715200000, 0x0000000715400000, 0x0000000715400000|100%| O|  |TAMS 0x0000000715400000| PB 0x0000000715400000| Updating 
| 170|0x0000000715400000, 0x0000000715600000, 0x0000000715600000|100%| O|  |TAMS 0x0000000715600000| PB 0x0000000715600000| Updating 
| 171|0x0000000715600000, 0x0000000715800000, 0x0000000715800000|100%| O|  |TAMS 0x0000000715680360| PB 0x0000000715680360| Updating 
| 172|0x0000000715800000, 0x0000000715800000, 0x0000000715a00000|  0%| F|  |TAMS 0x0000000715800000| PB 0x0000000715800000| Untracked 
| 173|0x0000000715a00000, 0x0000000715a00000, 0x0000000715c00000|  0%| F|  |TAMS 0x0000000715a00000| PB 0x0000000715a00000| Untracked 
| 174|0x0000000715c00000, 0x0000000715c00000, 0x0000000715e00000|  0%| F|  |TAMS 0x0000000715c00000| PB 0x0000000715c00000| Untracked 
| 175|0x0000000715e00000, 0x0000000715e00000, 0x0000000716000000|  0%| F|  |TAMS 0x0000000715e00000| PB 0x0000000715e00000| Untracked 
| 176|0x0000000716000000, 0x0000000716000000, 0x0000000716200000|  0%| F|  |TAMS 0x0000000716000000| PB 0x0000000716000000| Untracked 
| 177|0x0000000716200000, 0x0000000716200000, 0x0000000716400000|  0%| F|  |TAMS 0x0000000716200000| PB 0x0000000716200000| Untracked 
| 178|0x0000000716400000, 0x0000000716400000, 0x0000000716600000|  0%| F|  |TAMS 0x0000000716400000| PB 0x0000000716400000| Untracked 
| 179|0x0000000716600000, 0x0000000716600000, 0x0000000716800000|  0%| F|  |TAMS 0x0000000716600000| PB 0x0000000716600000| Untracked 
| 180|0x0000000716800000, 0x0000000716800000, 0x0000000716a00000|  0%| F|  |TAMS 0x0000000716800000| PB 0x0000000716800000| Untracked 
| 181|0x0000000716a00000, 0x0000000716a00000, 0x0000000716c00000|  0%| F|  |TAMS 0x0000000716a00000| PB 0x0000000716a00000| Untracked 
| 182|0x0000000716c00000, 0x0000000716c00000, 0x0000000716e00000|  0%| F|  |TAMS 0x0000000716c00000| PB 0x0000000716c00000| Untracked 
| 183|0x0000000716e00000, 0x0000000716e00000, 0x0000000717000000|  0%| F|  |TAMS 0x0000000716e00000| PB 0x0000000716e00000| Untracked 
| 184|0x0000000717000000, 0x0000000717000000, 0x0000000717200000|  0%| F|  |TAMS 0x0000000717000000| PB 0x0000000717000000| Untracked 
| 185|0x0000000717200000, 0x0000000717200000, 0x0000000717400000|  0%| F|  |TAMS 0x0000000717200000| PB 0x0000000717200000| Untracked 
| 186|0x0000000717400000, 0x0000000717400000, 0x0000000717600000|  0%| F|  |TAMS 0x0000000717400000| PB 0x0000000717400000| Untracked 
| 187|0x0000000717600000, 0x0000000717600000, 0x0000000717800000|  0%| F|  |TAMS 0x0000000717600000| PB 0x0000000717600000| Untracked 
| 188|0x0000000717800000, 0x0000000717800000, 0x0000000717a00000|  0%| F|  |TAMS 0x0000000717800000| PB 0x0000000717800000| Untracked 
| 189|0x0000000717a00000, 0x0000000717a96e40, 0x0000000717c00000| 29%| S|CS|TAMS 0x0000000717a00000| PB 0x0000000717a00000| Complete 
| 190|0x0000000717c00000, 0x0000000717e00000, 0x0000000717e00000|100%| S|CS|TAMS 0x0000000717c00000| PB 0x0000000717c00000| Complete 
| 191|0x0000000717e00000, 0x0000000718000000, 0x0000000718000000|100%| S|CS|TAMS 0x0000000717e00000| PB 0x0000000717e00000| Complete 
| 192|0x0000000718000000, 0x0000000718200000, 0x0000000718200000|100%| S|CS|TAMS 0x0000000718000000| PB 0x0000000718000000| Complete 
| 193|0x0000000718200000, 0x0000000718400000, 0x0000000718400000|100%| S|CS|TAMS 0x0000000718200000| PB 0x0000000718200000| Complete 
| 194|0x0000000718400000, 0x0000000718600000, 0x0000000718600000|100%| S|CS|TAMS 0x0000000718400000| PB 0x0000000718400000| Complete 
| 195|0x0000000718600000, 0x0000000718600000, 0x0000000718800000|  0%| F|  |TAMS 0x0000000718600000| PB 0x0000000718600000| Untracked 
| 196|0x0000000718800000, 0x0000000718800000, 0x0000000718a00000|  0%| F|  |TAMS 0x0000000718800000| PB 0x0000000718800000| Untracked 
| 197|0x0000000718a00000, 0x0000000718a00000, 0x0000000718c00000|  0%| F|  |TAMS 0x0000000718a00000| PB 0x0000000718a00000| Untracked 
| 198|0x0000000718c00000, 0x0000000718c00000, 0x0000000718e00000|  0%| F|  |TAMS 0x0000000718c00000| PB 0x0000000718c00000| Untracked 
| 199|0x0000000718e00000, 0x0000000718e00000, 0x0000000719000000|  0%| F|  |TAMS 0x0000000718e00000| PB 0x0000000718e00000| Untracked 
| 200|0x0000000719000000, 0x0000000719000000, 0x0000000719200000|  0%| F|  |TAMS 0x0000000719000000| PB 0x0000000719000000| Untracked 
| 201|0x0000000719200000, 0x0000000719200000, 0x0000000719400000|  0%| F|  |TAMS 0x0000000719200000| PB 0x0000000719200000| Untracked 
| 202|0x0000000719400000, 0x0000000719400000, 0x0000000719600000|  0%| F|  |TAMS 0x0000000719400000| PB 0x0000000719400000| Untracked 
| 203|0x0000000719600000, 0x0000000719600000, 0x0000000719800000|  0%| F|  |TAMS 0x0000000719600000| PB 0x0000000719600000| Untracked 
| 204|0x0000000719800000, 0x0000000719800000, 0x0000000719a00000|  0%| F|  |TAMS 0x0000000719800000| PB 0x0000000719800000| Untracked 
| 205|0x0000000719a00000, 0x0000000719a00000, 0x0000000719c00000|  0%| F|  |TAMS 0x0000000719a00000| PB 0x0000000719a00000| Untracked 
| 206|0x0000000719c00000, 0x0000000719c00000, 0x0000000719e00000|  0%| F|  |TAMS 0x0000000719c00000| PB 0x0000000719c00000| Untracked 
| 207|0x0000000719e00000, 0x0000000719e00000, 0x000000071a000000|  0%| F|  |TAMS 0x0000000719e00000| PB 0x0000000719e00000| Untracked 
| 208|0x000000071a000000, 0x000000071a000000, 0x000000071a200000|  0%| F|  |TAMS 0x000000071a000000| PB 0x000000071a000000| Untracked 
| 209|0x000000071a200000, 0x000000071a200000, 0x000000071a400000|  0%| F|  |TAMS 0x000000071a200000| PB 0x000000071a200000| Untracked 
| 210|0x000000071a400000, 0x000000071a400000, 0x000000071a600000|  0%| F|  |TAMS 0x000000071a400000| PB 0x000000071a400000| Untracked 
| 211|0x000000071a600000, 0x000000071a600000, 0x000000071a800000|  0%| F|  |TAMS 0x000000071a600000| PB 0x000000071a600000| Untracked 
| 212|0x000000071a800000, 0x000000071a800000, 0x000000071aa00000|  0%| F|  |TAMS 0x000000071a800000| PB 0x000000071a800000| Untracked 
| 213|0x000000071aa00000, 0x000000071aa00000, 0x000000071ac00000|  0%| F|  |TAMS 0x000000071aa00000| PB 0x000000071aa00000| Untracked 
| 214|0x000000071ac00000, 0x000000071ac00000, 0x000000071ae00000|  0%| F|  |TAMS 0x000000071ac00000| PB 0x000000071ac00000| Untracked 
| 215|0x000000071ae00000, 0x000000071ae00000, 0x000000071b000000|  0%| F|  |TAMS 0x000000071ae00000| PB 0x000000071ae00000| Untracked 
| 216|0x000000071b000000, 0x000000071b000000, 0x000000071b200000|  0%| F|  |TAMS 0x000000071b000000| PB 0x000000071b000000| Untracked 
| 217|0x000000071b200000, 0x000000071b200000, 0x000000071b400000|  0%| F|  |TAMS 0x000000071b200000| PB 0x000000071b200000| Untracked 
| 218|0x000000071b400000, 0x000000071b400000, 0x000000071b600000|  0%| F|  |TAMS 0x000000071b400000| PB 0x000000071b400000| Untracked 
| 219|0x000000071b600000, 0x000000071b600000, 0x000000071b800000|  0%| F|  |TAMS 0x000000071b600000| PB 0x000000071b600000| Untracked 
| 220|0x000000071b800000, 0x000000071b800000, 0x000000071ba00000|  0%| F|  |TAMS 0x000000071b800000| PB 0x000000071b800000| Untracked 
| 221|0x000000071ba00000, 0x000000071ba00000, 0x000000071bc00000|  0%| F|  |TAMS 0x000000071ba00000| PB 0x000000071ba00000| Untracked 
| 222|0x000000071bc00000, 0x000000071bc00000, 0x000000071be00000|  0%| F|  |TAMS 0x000000071bc00000| PB 0x000000071bc00000| Untracked 
| 223|0x000000071be00000, 0x000000071be00000, 0x000000071c000000|  0%| F|  |TAMS 0x000000071be00000| PB 0x000000071be00000| Untracked 
| 224|0x000000071c000000, 0x000000071c000000, 0x000000071c200000|  0%| F|  |TAMS 0x000000071c000000| PB 0x000000071c000000| Untracked 
| 225|0x000000071c200000, 0x000000071c200000, 0x000000071c400000|  0%| F|  |TAMS 0x000000071c200000| PB 0x000000071c200000| Untracked 
| 226|0x000000071c400000, 0x000000071c400000, 0x000000071c600000|  0%| F|  |TAMS 0x000000071c400000| PB 0x000000071c400000| Untracked 
| 227|0x000000071c600000, 0x000000071c600000, 0x000000071c800000|  0%| F|  |TAMS 0x000000071c600000| PB 0x000000071c600000| Untracked 
| 228|0x000000071c800000, 0x000000071c800000, 0x000000071ca00000|  0%| F|  |TAMS 0x000000071c800000| PB 0x000000071c800000| Untracked 
| 229|0x000000071ca00000, 0x000000071ca7f808, 0x000000071cc00000| 24%| E|  |TAMS 0x000000071ca00000| PB 0x000000071ca00000| Complete 
| 230|0x000000071cc00000, 0x000000071ce00000, 0x000000071ce00000|100%| E|  |TAMS 0x000000071cc00000| PB 0x000000071cc00000| Complete 
|2032|0x00000007fe000000, 0x00000007fe200000, 0x00000007fe200000|100%| O|  |TAMS 0x00000007fe200000| PB 0x00000007fe200000| Untracked 
|2033|0x00000007fe200000, 0x00000007fe400000, 0x00000007fe400000|100%| O|  |TAMS 0x00000007fe400000| PB 0x00000007fe400000| Untracked 
|2034|0x00000007fe400000, 0x00000007fe600000, 0x00000007fe600000|100%| O|  |TAMS 0x00000007fe600000| PB 0x00000007fe600000| Untracked 
|2035|0x00000007fe600000, 0x00000007fe800000, 0x00000007fe800000|100%| O|  |TAMS 0x00000007fe800000| PB 0x00000007fe800000| Updating 
|2036|0x00000007fe800000, 0x00000007fea00000, 0x00000007fea00000|100%| O|  |TAMS 0x00000007fea00000| PB 0x00000007fea00000| Untracked 
|2037|0x00000007fea00000, 0x00000007fec00000, 0x00000007fec00000|100%| O|  |TAMS 0x00000007fec00000| PB 0x00000007fec00000| Updating 
|2038|0x00000007fec00000, 0x00000007fee00000, 0x00000007fee00000|100%| O|  |TAMS 0x00000007fee00000| PB 0x00000007fee00000| Updating 
|2039|0x00000007fee00000, 0x00000007ff000000, 0x00000007ff000000|100%| O|  |TAMS 0x00000007ff000000| PB 0x00000007ff000000| Updating 
|2040|0x00000007ff000000, 0x00000007ff200000, 0x00000007ff200000|100%| O|  |TAMS 0x00000007ff200000| PB 0x00000007ff200000| Updating 
|2041|0x00000007ff200000, 0x00000007ff400000, 0x00000007ff400000|100%| O|  |TAMS 0x00000007ff400000| PB 0x00000007ff400000| Untracked 
|2042|0x00000007ff400000, 0x00000007ff600000, 0x00000007ff600000|100%| O|  |TAMS 0x00000007ff600000| PB 0x00000007ff600000| Untracked 
|2043|0x00000007ff600000, 0x00000007ff800000, 0x00000007ff800000|100%| O|  |TAMS 0x00000007ff800000| PB 0x00000007ff800000| Updating 
|2044|0x00000007ff800000, 0x00000007ffa00000, 0x00000007ffa00000|100%| O|  |TAMS 0x00000007ffa00000| PB 0x00000007ffa00000| Updating 
|2045|0x00000007ffa00000, 0x00000007ffc00000, 0x00000007ffc00000|100%| O|  |TAMS 0x00000007ffc00000| PB 0x00000007ffc00000| Untracked 
|2046|0x00000007ffc00000, 0x00000007ffe00000, 0x00000007ffe00000|100%| E|CS|TAMS 0x00000007ffc00000| PB 0x00000007ffc00000| Complete 
|2047|0x00000007ffe00000, 0x0000000800000000, 0x0000000800000000|100%| O|  |TAMS 0x0000000800000000| PB 0x0000000800000000| Updating 

Card table byte_map: [0x00000245d3f20000,0x00000245d4720000] _byte_map_base: 0x00000245d0720000

Marking Bits: (CMBitMap*) 0x00000245ba0e8860
 Bits: [0x00000245d4720000, 0x00000245d8720000)

Polling page: 0x00000245ba000000

Metaspace:

Usage:
  Non-class:     98.87 MB used.
      Class:     16.08 MB used.
       Both:    114.95 MB used.

Virtual space:
  Non-class space:      128.00 MB reserved,     100.06 MB ( 78%) committed,  2 nodes.
      Class space:        1.00 GB reserved,      17.25 MB (  2%) committed,  1 nodes.
             Both:        1.12 GB reserved,     117.31 MB ( 10%) committed. 

Chunk freelists:
   Non-Class:  11.23 MB
       Class:  14.64 MB
        Both:  25.88 MB

MaxMetaspaceSize: unlimited
CompressedClassSpaceSize: 1.00 GB
Initial GC threshold: 21.00 MB
Current GC threshold: 184.81 MB
CDS: on
 - commit_granule_bytes: 65536.
 - commit_granule_words: 8192.
 - virtual_space_node_default_size: 8388608.
 - enlarge_chunks_in_place: 1.
 - use_allocation_guard: 0.


Internal statistics:

num_allocs_failed_limit: 6.
num_arena_births: 4456.
num_arena_deaths: 0.
num_vsnodes_births: 3.
num_vsnodes_deaths: 0.
num_space_committed: 1876.
num_space_uncommitted: 0.
num_chunks_returned_to_freelist: 6.
num_chunks_taken_from_freelist: 9933.
num_chunk_merges: 6.
num_chunk_splits: 6438.
num_chunks_enlarged: 4020.
num_inconsistent_stats: 0.

CodeHeap 'non-profiled nmethods': size=120000Kb used=8821Kb max_used=9026Kb free=111178Kb
 bounds [0x00000245cb790000, 0x00000245cc070000, 0x00000245d2cc0000]
CodeHeap 'profiled nmethods': size=120000Kb used=25875Kb max_used=26496Kb free=94124Kb
 bounds [0x00000245c3cc0000, 0x00000245c56b0000, 0x00000245cb1f0000]
CodeHeap 'non-nmethods': size=5760Kb used=2232Kb max_used=2290Kb free=3527Kb
 bounds [0x00000245cb1f0000, 0x00000245cb460000, 0x00000245cb790000]
 total_blobs=14524 nmethods=13597 adapters=831
 compilation: enabled
              stopped_count=0, restarted_count=0
 full_count=0

Compilation events (20 events):
Event: 53.952 Thread 0x00000245db1de450 nmethod 16762 0x00000245c569c690 code [0x00000245c569c860, 0x00000245c569cc28]
Event: 53.952 Thread 0x00000245db1de450 16763       3       java.io.ObjectOutputStream::writeChar (9 bytes)
Event: 53.952 Thread 0x00000245db1de450 nmethod 16763 0x00000245c569cd90 code [0x00000245c569cf40, 0x00000245c569d088]
Event: 53.952 Thread 0x00000245db1de450 16764       3       java.io.ObjectOutputStream$BlockDataOutputStream::writeChar (47 bytes)
Event: 53.954 Thread 0x00000245db1de450 nmethod 16764 0x00000245c569d190 code [0x00000245c569d440, 0x00000245c569e1a0]
Event: 53.954 Thread 0x00000245db1de450 16765       3       jdk.internal.util.ByteArray::setChar (10 bytes)
Event: 53.955 Thread 0x00000245db1de450 nmethod 16765 0x00000245c569e690 code [0x00000245c569e880, 0x00000245c569eda8]
Event: 53.955 Thread 0x00000245db1de450 16766       3       java.lang.invoke.VarHandleByteArrayAsChars$ArrayHandle::set (39 bytes)
Event: 53.955 Thread 0x00000245db1de450 nmethod 16766 0x00000245c569f010 code [0x00000245c569f1e0, 0x00000245c569f5b8]
Event: 53.956 Thread 0x0000024625a39910 nmethod 16767 0x00000245cc05bc90 code [0x00000245cc05be40, 0x00000245cc05c1c0]
Event: 53.966 Thread 0x0000024625a39910 16768       4       java.lang.reflect.AccessibleObject::slowVerifyAccess (67 bytes)
Event: 53.966 Thread 0x00000245db1de450 16769       3       org.gradle.api.services.internal.RegisteredBuildServiceProvider::calculateOwnValue (8 bytes)
Event: 53.967 Thread 0x00000245db1de450 nmethod 16769 0x00000245c569f790 code [0x00000245c569f980, 0x00000245c569fe00]
Event: 53.967 Thread 0x00000245db1de450 16770       3       org.gradle.api.services.internal.BuildServiceProvider$Listener$$Lambda/0x00000245dd62ced0::beforeGet (5 bytes)
Event: 53.967 Thread 0x00000245db1de450 nmethod 16770 0x00000245c569ff90 code [0x00000245c56a0140, 0x00000245c56a02a8]
Event: 53.967 Thread 0x00000245db1de450 16771       3       org.gradle.api.services.internal.BuildServiceProvider$Listener::lambda$static$0 (1 bytes)
Event: 53.967 Thread 0x00000245db1de450 nmethod 16771 0x00000245c4ed6410 code [0x00000245c4ed65a0, 0x00000245c4ed6690]
Event: 53.971 Thread 0x0000024625a39910 nmethod 16768 0x00000245cc05c410 code [0x00000245cc05c5c0, 0x00000245cc05c988]
Event: 53.992 Thread 0x00000245db1d3f00 nmethod 16651 0x00000245cc05cb10 code [0x00000245cc05ce80, 0x00000245cc05f8d0]
Event: 54.008 Thread 0x00000245db1de450 16772       3       kotlin.io.FilesKt__FilePathComponentsKt::getRootLength$FilesKt__FilePathComponentsKt (137 bytes)

GC Heap History (20 events):
Event: 45.749 GC heap before
{Heap before GC invocations=42 (full 0):
 garbage-first heap   total 212992K, used 188706K [0x0000000700000000, 0x0000000800000000)
  region size 2048K, 37 young (75776K), 4 survivors (8192K)
 Metaspace       used 104696K, committed 107008K, reserved 1179648K
  class space    used 14711K, committed 15872K, reserved 1048576K
}
Event: 45.771 GC heap after
{Heap after GC invocations=43 (full 0):
 garbage-first heap   total 212992K, used 128296K [0x0000000700000000, 0x0000000800000000)
  region size 2048K, 5 young (10240K), 5 survivors (10240K)
 Metaspace       used 104696K, committed 107008K, reserved 1179648K
  class space    used 14711K, committed 15872K, reserved 1048576K
}
Event: 46.200 GC heap before
{Heap before GC invocations=43 (full 0):
 garbage-first heap   total 212992K, used 169256K [0x0000000700000000, 0x0000000800000000)
  region size 2048K, 27 young (55296K), 5 survivors (10240K)
 Metaspace       used 106887K, committed 109248K, reserved 1179648K
  class space    used 14942K, committed 16128K, reserved 1048576K
}
Event: 46.213 GC heap after
{Heap after GC invocations=44 (full 0):
 garbage-first heap   total 212992K, used 130264K [0x0000000700000000, 0x0000000800000000)
  region size 2048K, 3 young (6144K), 3 survivors (6144K)
 Metaspace       used 106887K, committed 109248K, reserved 1179648K
  class space    used 14942K, committed 16128K, reserved 1048576K
}
Event: 49.192 GC heap before
{Heap before GC invocations=45 (full 0):
 garbage-first heap   total 243712K, used 189656K [0x0000000700000000, 0x0000000800000000)
  region size 2048K, 32 young (65536K), 3 survivors (6144K)
 Metaspace       used 108355K, committed 110720K, reserved 1179648K
  class space    used 15146K, committed 16320K, reserved 1048576K
}
Event: 49.207 GC heap after
{Heap after GC invocations=46 (full 0):
 garbage-first heap   total 243712K, used 135829K [0x0000000700000000, 0x0000000800000000)
  region size 2048K, 4 young (8192K), 4 survivors (8192K)
 Metaspace       used 108355K, committed 110720K, reserved 1179648K
  class space    used 15146K, committed 16320K, reserved 1048576K
}
Event: 50.072 GC heap before
{Heap before GC invocations=46 (full 0):
 garbage-first heap   total 243712K, used 240277K [0x0000000700000000, 0x0000000800000000)
  region size 2048K, 26 young (53248K), 4 survivors (8192K)
 Metaspace       used 109925K, committed 112256K, reserved 1179648K
  class space    used 15342K, committed 16512K, reserved 1048576K
}
Event: 50.093 GC heap after
{Heap after GC invocations=47 (full 0):
 garbage-first heap   total 268288K, used 208268K [0x0000000700000000, 0x0000000800000000)
  region size 2048K, 6 young (12288K), 6 survivors (12288K)
 Metaspace       used 109925K, committed 112256K, reserved 1179648K
  class space    used 15342K, committed 16512K, reserved 1048576K
}
Event: 50.274 GC heap before
{Heap before GC invocations=47 (full 0):
 garbage-first heap   total 268288K, used 234892K [0x0000000700000000, 0x0000000800000000)
  region size 2048K, 21 young (43008K), 6 survivors (12288K)
 Metaspace       used 110753K, committed 113088K, reserved 1179648K
  class space    used 15472K, committed 16640K, reserved 1048576K
}
Event: 50.285 GC heap after
{Heap after GC invocations=48 (full 0):
 garbage-first heap   total 268288K, used 216808K [0x0000000700000000, 0x0000000800000000)
  region size 2048K, 3 young (6144K), 3 survivors (6144K)
 Metaspace       used 110753K, committed 113088K, reserved 1179648K
  class space    used 15472K, committed 16640K, reserved 1048576K
}
Event: 50.365 GC heap before
{Heap before GC invocations=48 (full 0):
 garbage-first heap   total 317440K, used 315112K [0x0000000700000000, 0x0000000800000000)
  region size 2048K, 10 young (20480K), 3 survivors (6144K)
 Metaspace       used 110887K, committed 113280K, reserved 1179648K
  class space    used 15487K, committed 16704K, reserved 1048576K
}
Event: 50.373 GC heap after
{Heap after GC invocations=49 (full 0):
 garbage-first heap   total 329728K, used 259517K [0x0000000700000000, 0x0000000800000000)
  region size 2048K, 2 young (4096K), 2 survivors (4096K)
 Metaspace       used 110887K, committed 113280K, reserved 1179648K
  class space    used 15487K, committed 16704K, reserved 1048576K
}
Event: 50.442 GC heap before
{Heap before GC invocations=49 (full 0):
 garbage-first heap   total 329728K, used 327101K [0x0000000700000000, 0x0000000800000000)
  region size 2048K, 13 young (26624K), 2 survivors (4096K)
 Metaspace       used 110972K, committed 113408K, reserved 1179648K
  class space    used 15500K, committed 16704K, reserved 1048576K
}
Event: 50.453 GC heap after
{Heap after GC invocations=50 (full 0):
 garbage-first heap   total 483328K, used 286324K [0x0000000700000000, 0x0000000800000000)
  region size 2048K, 3 young (6144K), 3 survivors (6144K)
 Metaspace       used 110972K, committed 113408K, reserved 1179648K
  class space    used 15500K, committed 16704K, reserved 1048576K
}
Event: 51.778 GC heap before
{Heap before GC invocations=51 (full 0):
 garbage-first heap   total 505856K, used 439924K [0x0000000700000000, 0x0000000800000000)
  region size 2048K, 71 young (145408K), 3 survivors (6144K)
 Metaspace       used 113057K, committed 115456K, reserved 1179648K
  class space    used 15724K, committed 16960K, reserved 1048576K
}
Event: 51.828 GC heap after
{Heap after GC invocations=52 (full 0):
 garbage-first heap   total 505856K, used 337068K [0x0000000700000000, 0x0000000800000000)
  region size 2048K, 9 young (18432K), 9 survivors (18432K)
 Metaspace       used 113057K, committed 115456K, reserved 1179648K
  class space    used 15724K, committed 16960K, reserved 1048576K
}
Event: 52.340 GC heap before
{Heap before GC invocations=52 (full 0):
 garbage-first heap   total 505856K, used 433324K [0x0000000700000000, 0x0000000800000000)
  region size 2048K, 54 young (110592K), 9 survivors (18432K)
 Metaspace       used 114204K, committed 116608K, reserved 1179648K
  class space    used 15861K, committed 17088K, reserved 1048576K
}
Event: 52.407 GC heap after
{Heap after GC invocations=53 (full 0):
 garbage-first heap   total 505856K, used 371200K [0x0000000700000000, 0x0000000800000000)
  region size 2048K, 7 young (14336K), 7 survivors (14336K)
 Metaspace       used 114204K, committed 116608K, reserved 1179648K
  class space    used 15861K, committed 17088K, reserved 1048576K
}
Event: 53.678 GC heap before
{Heap before GC invocations=53 (full 0):
 garbage-first heap   total 505856K, used 444928K [0x0000000700000000, 0x0000000800000000)
  region size 2048K, 44 young (90112K), 7 survivors (14336K)
 Metaspace       used 117435K, committed 119872K, reserved 1179648K
  class space    used 16397K, committed 17600K, reserved 1048576K
}
Event: 53.722 GC heap after
{Heap after GC invocations=54 (full 0):
 garbage-first heap   total 505856K, used 384828K [0x0000000700000000, 0x0000000800000000)
  region size 2048K, 6 young (12288K), 6 survivors (12288K)
 Metaspace       used 117435K, committed 119872K, reserved 1179648K
  class space    used 16397K, committed 17600K, reserved 1048576K
}

Dll operation events (17 events):
Event: 0.021 Loaded shared library C:\Program Files\Java\jdk-21\bin\java.dll
Event: 0.123 Loaded shared library C:\Program Files\Java\jdk-21\bin\jsvml.dll
Event: 0.249 Loaded shared library C:\Program Files\Java\jdk-21\bin\zip.dll
Event: 0.258 Loaded shared library C:\Program Files\Java\jdk-21\bin\instrument.dll
Event: 0.267 Loaded shared library C:\Program Files\Java\jdk-21\bin\net.dll
Event: 0.271 Loaded shared library C:\Program Files\Java\jdk-21\bin\nio.dll
Event: 0.276 Loaded shared library C:\Program Files\Java\jdk-21\bin\zip.dll
Event: 1.113 Loaded shared library C:\Program Files\Java\jdk-21\bin\jimage.dll
Event: 1.486 Loaded shared library C:\Program Files\Java\jdk-21\bin\verify.dll
Event: 1.701 Loaded shared library C:\Users\perez\.gradle\native\1def1411415f61bf3af743bc5b6707747c0891f09f0c88961ee8f79bc544acac\windows-amd64\native-platform.dll
Event: 1.729 Loaded shared library C:\Users\perez\.gradle\native\0.2.7\x86_64-windows-gnu\gradle-fileevents.dll
Event: 4.735 Loaded shared library C:\Program Files\Java\jdk-21\bin\management.dll
Event: 4.741 Loaded shared library C:\Program Files\Java\jdk-21\bin\management_ext.dll
Event: 5.429 Loaded shared library C:\Program Files\Java\jdk-21\bin\extnet.dll
Event: 6.440 Loaded shared library C:\Program Files\Java\jdk-21\bin\sunmscapi.dll
Event: 45.914 Loaded shared library C:\Program Files\Java\jdk-21\bin\rmi.dll
Event: 46.182 Loaded shared library C:\Users\perez\AppData\Local\Temp\native-platform18231029559706039588dir\native-platform.dll

Deoptimization events (20 events):
Event: 53.413 Thread 0x0000024622e992b0 Uncommon trap: trap_request=0xffffffc6 fr.pc=0x00000245cba97fb0 relative=0x0000000000004430
Event: 53.413 Thread 0x0000024622e992b0 Uncommon trap: reason=bimorphic_or_optimized_type_check action=maybe_recompile pc=0x00000245cba97fb0 method=com.android.tools.r8.graph.G3.b()Lcom/android/tools/r8/graph/D3$c; @ 180 c2
Event: 53.413 Thread 0x0000024622e992b0 DEOPT PACKING pc=0x00000245cba97fb0 sp=0x000000dabe8fc6d0
Event: 53.413 Thread 0x0000024622e992b0 DEOPT UNPACKING pc=0x00000245cb2446a2 sp=0x000000dabe8fc688 mode 2
Event: 53.560 Thread 0x00000246270db780 Uncommon trap: trap_request=0xffffff45 fr.pc=0x00000245cbb60a74 relative=0x0000000000001554
Event: 53.560 Thread 0x00000246270db780 Uncommon trap: reason=unstable_if action=reinterpret pc=0x00000245cbb60a74 method=java.io.BufferedReader.implReadLine(Z[Z)Ljava/lang/String; @ 195 c2
Event: 53.560 Thread 0x00000246270db780 DEOPT PACKING pc=0x00000245cbb60a74 sp=0x000000dabf6fda40
Event: 53.560 Thread 0x00000246270db780 DEOPT UNPACKING pc=0x00000245cb2446a2 sp=0x000000dabf6fda00 mode 2
Event: 53.562 Thread 0x0000024626b6c0a0 Uncommon trap: trap_request=0xffffff45 fr.pc=0x00000245cb9f1564 relative=0x0000000000000484
Event: 53.562 Thread 0x0000024626b6c0a0 Uncommon trap: reason=unstable_if action=reinterpret pc=0x00000245cb9f1564 method=com.esotericsoftware.kryo.io.Output.writeUtf8Length(I)V @ 42 c2
Event: 53.562 Thread 0x0000024626b6c0a0 DEOPT PACKING pc=0x00000245cb9f1564 sp=0x000000dabacfe720
Event: 53.562 Thread 0x0000024626b6c0a0 DEOPT UNPACKING pc=0x00000245cb2446a2 sp=0x000000dabacfe6e8 mode 2
Event: 53.573 Thread 0x0000024626b6c0a0 Uncommon trap: trap_request=0xffffffde fr.pc=0x00000245cbe43e04 relative=0x0000000000000824
Event: 53.573 Thread 0x0000024626b6c0a0 Uncommon trap: reason=class_check action=maybe_recompile pc=0x00000245cbe43e04 method=java.io.BufferedOutputStream.implWrite([BII)V @ 19 c2
Event: 53.573 Thread 0x0000024626b6c0a0 DEOPT PACKING pc=0x00000245cbe43e04 sp=0x000000dabacfe7e0
Event: 53.573 Thread 0x0000024626b6c0a0 DEOPT UNPACKING pc=0x00000245cb2446a2 sp=0x000000dabacfe698 mode 2
Event: 53.601 Thread 0x00000246270dd850 Uncommon trap: trap_request=0xffffffde fr.pc=0x00000245cbedd704 relative=0x0000000000000824
Event: 53.601 Thread 0x00000246270dd850 Uncommon trap: reason=class_check action=maybe_recompile pc=0x00000245cbedd704 method=org.gradle.tooling.internal.provider.runner.ClientBuildEventGenerator.finished(Lorg/gradle/internal/operations/BuildOperationDescriptor;Lorg/gradle/internal/operations/O
Event: 53.601 Thread 0x00000246270dd850 DEOPT PACKING pc=0x00000245cbedd704 sp=0x000000dabf5fe260
Event: 53.601 Thread 0x00000246270dd850 DEOPT UNPACKING pc=0x00000245cb2446a2 sp=0x000000dabf5fe220 mode 2

Classes loaded (20 events):
Event: 52.880 Loading class sun/rmi/transport/DGCAckHandler
Event: 52.880 Loading class sun/rmi/transport/DGCAckHandler done
Event: 52.901 Loading class sun/rmi/transport/DGCAckHandler$1
Event: 52.901 Loading class sun/rmi/transport/DGCAckHandler$1 done
Event: 52.928 Loading class sun/rmi/transport/tcp/TCPTransport$ConnectionHandler
Event: 52.928 Loading class sun/rmi/transport/tcp/TCPTransport$ConnectionHandler done
Event: 53.038 Loading class sun/rmi/transport/Transport$1
Event: 53.039 Loading class sun/rmi/transport/Transport$1 done
Event: 53.044 Loading class sun/rmi/transport/DGCImpl$LeaseInfo
Event: 53.045 Loading class sun/rmi/transport/DGCImpl$LeaseInfo done
Event: 53.045 Loading class sun/rmi/transport/DGCImpl$1
Event: 53.046 Loading class sun/rmi/transport/DGCImpl$1 done
Event: 53.046 Loading class sun/rmi/transport/SequenceEntry
Event: 53.047 Loading class sun/rmi/transport/SequenceEntry done
Event: 53.136 Loading class java/util/concurrent/ForkJoinTask$AdaptedCallable
Event: 53.137 Loading class java/util/concurrent/ForkJoinTask$AdaptedCallable done
Event: 53.666 Loading class java/util/concurrent/Executors$DelegatedScheduledExecutorService
Event: 53.738 Loading class java/util/concurrent/Executors$DelegatedExecutorService
Event: 53.744 Loading class java/util/concurrent/Executors$DelegatedExecutorService done
Event: 53.744 Loading class java/util/concurrent/Executors$DelegatedScheduledExecutorService done

Classes unloaded (0 events):
No events

Classes redefined (0 events):
No events

Internal exceptions (20 events):
Event: 52.693 Thread 0x0000024626b6acf0 Exception <a 'sun/nio/fs/WindowsException'{0x000000071ba7b8c0}> (0x000000071ba7b8c0) 
thrown [s\open\src\hotspot\share\prims\jni.cpp, line 520]
Event: 52.693 Thread 0x0000024626b6acf0 Exception <a 'sun/nio/fs/WindowsException'{0x000000071ba7c7f0}> (0x000000071ba7c7f0) 
thrown [s\open\src\hotspot\share\prims\jni.cpp, line 520]
Event: 52.693 Thread 0x0000024626b6acf0 Exception <a 'sun/nio/fs/WindowsException'{0x000000071ba7c9c0}> (0x000000071ba7c9c0) 
thrown [s\open\src\hotspot\share\prims\jni.cpp, line 520]
Event: 52.694 Thread 0x0000024626b6acf0 Exception <a 'sun/nio/fs/WindowsException'{0x000000071ba7db78}> (0x000000071ba7db78) 
thrown [s\open\src\hotspot\share\prims\jni.cpp, line 520]
Event: 52.735 Thread 0x0000024626b6acf0 Exception <a 'java/lang/NoSuchMethodError'{0x000000071b81d110}: static Lcom/android/builder/internal/aapt/AaptOptions;.<clinit>()V> (0x000000071b81d110) 
thrown [s\open\src\hotspot\share\prims\jni.cpp, line 1106]
Event: 52.740 Thread 0x0000024626b6acf0 Exception <a 'java/lang/NoSuchMethodError'{0x000000071b8375e0}: static Lcom/android/build/api/variant/impl/SerializableSingleOutputHandler;.<clinit>()V> (0x000000071b8375e0) 
thrown [s\open\src\hotspot\share\prims\jni.cpp, line 1106]
Event: 52.744 Thread 0x0000024626b6acf0 Exception <a 'java/lang/NoSuchMethodError'{0x000000071b8c2e68}: static Lcom/android/build/api/variant/impl/VariantOutputImpl$SerializedForm;.<clinit>()V> (0x000000071b8c2e68) 
thrown [s\open\src\hotspot\share\prims\jni.cpp, line 1106]
Event: 52.746 Thread 0x0000024626b6acf0 Exception <a 'java/lang/NoSuchMethodError'{0x000000071b8d82d0}: static Lcom/android/build/api/variant/impl/VariantOutputConfigurationImpl;.<clinit>()V> (0x000000071b8d82d0) 
thrown [s\open\src\hotspot\share\prims\jni.cpp, line 1106]
Event: 52.762 Thread 0x0000024622e98c20 Exception <a 'java/lang/NoSuchMethodError'{0x000000071b925c08}: static Lorg/jetbrains/kotlin/daemon/common/CompileService$CallResult$Ok;.<clinit>()V> (0x000000071b925c08) 
thrown [s\open\src\hotspot\share\prims\jni.cpp, line 1106]
Event: 52.836 Thread 0x0000024624fc80c0 Exception <a 'sun/nio/fs/WindowsException'{0x000000071b4ff808}> (0x000000071b4ff808) 
thrown [s\open\src\hotspot\share\prims\jni.cpp, line 520]
Event: 52.836 Thread 0x0000024624fc80c0 Exception <a 'sun/nio/fs/WindowsException'{0x000000071b500838}> (0x000000071b500838) 
thrown [s\open\src\hotspot\share\prims\jni.cpp, line 520]
Event: 52.836 Thread 0x0000024624fc80c0 Exception <a 'sun/nio/fs/WindowsException'{0x000000071b5008a8}> (0x000000071b5008a8) 
thrown [s\open\src\hotspot\share\prims\jni.cpp, line 520]
Event: 52.852 Thread 0x0000024622e98c20 Exception <a 'java/lang/NoSuchMethodError'{0x000000071b5d0408}: static [Ljava/lang/Integer;.<clinit>()V> (0x000000071b5d0408) 
thrown [s\open\src\hotspot\share\prims\jni.cpp, line 1106]
Event: 52.936 Thread 0x0000024624fc80c0 Exception <a 'java/lang/NoSuchMethodError'{0x000000071b13ce80}: static Lcom/android/build/gradle/tasks/SerializableArtifact;.<clinit>()V> (0x000000071b13ce80) 
thrown [s\open\src\hotspot\share\prims\jni.cpp, line 1106]
Event: 53.129 Thread 0x0000024624fc9b00 Exception <a 'java/lang/NoSuchMethodError'{0x000000071a8721c0}: static Lcom/android/ide/common/resources/MergedAssetWriter$AssetWorkAction;.<clinit>()V> (0x000000071a8721c0) 
thrown [s\open\src\hotspot\share\prims\jni.cpp, line 1106]
Event: 53.159 Thread 0x0000024624fc8750 Exception <a 'sun/nio/fs/WindowsException'{0x000000071a63c780}> (0x000000071a63c780) 
thrown [s\open\src\hotspot\share\prims\jni.cpp, line 520]
Event: 53.205 Thread 0x0000024628b67640 Exception <a 'sun/nio/fs/WindowsException'{0x000000071a415798}> (0x000000071a415798) 
thrown [s\open\src\hotspot\share\prims\jni.cpp, line 520]
Event: 53.282 Thread 0x00000246270dcb30 Exception <a 'java/lang/IncompatibleClassChangeError'{0x000000071a0e7b78}: Found class java.lang.Object, but interface was expected> (0x000000071a0e7b78) 
thrown [s\open\src\hotspot\share\interpreter\linkResolver.cpp, line 840]
Event: 53.286 Thread 0x00000246270dcb30 Exception <a 'java/lang/IncompatibleClassChangeError'{0x000000071a0eb310}: Found class java.lang.Object, but interface was expected> (0x000000071a0eb310) 
thrown [s\open\src\hotspot\share\interpreter\linkResolver.cpp, line 840]
Event: 53.318 Thread 0x0000024622e9acf0 Exception <a 'java/lang/NoSuchMethodError'{0x0000000719f78080}: 'long java.lang.invoke.DirectMethodHandle$Holder.invokeStatic(java.lang.Object, java.lang.Object, java.lang.Object)'> (0x0000000719f78080) 
thrown [s\open\src\hotspot\share\interpreter\linkResolver.cpp, line 773]

ZGC Phase Switch (0 events):
No events

VM Operations (20 events):
Event: 52.425 Executing VM operation: HandshakeAllThreads (Deoptimize) done
Event: 52.429 Executing VM operation: HandshakeAllThreads (Deoptimize)
Event: 52.430 Executing VM operation: HandshakeAllThreads (Deoptimize) done
Event: 52.454 Executing VM operation: HandshakeAllThreads (Deoptimize)
Event: 52.455 Executing VM operation: HandshakeAllThreads (Deoptimize) done
Event: 52.576 Executing VM operation: HandshakeAllThreads (Deoptimize)
Event: 53.135 Executing VM operation: HandshakeAllThreads (Deoptimize) done
Event: 53.279 Executing VM operation: HandshakeAllThreads (Deoptimize)
Event: 53.280 Executing VM operation: HandshakeAllThreads (Deoptimize) done
Event: 53.286 Executing VM operation: HandshakeAllThreads (Deoptimize)
Event: 53.286 Executing VM operation: HandshakeAllThreads (Deoptimize) done
Event: 53.330 Executing VM operation: HandshakeAllThreads (Deoptimize)
Event: 53.355 Executing VM operation: HandshakeAllThreads (Deoptimize) done
Event: 53.356 Executing VM operation: ICBufferFull
Event: 53.359 Executing VM operation: ICBufferFull done
Event: 53.397 Executing VM operation: HandshakeAllThreads (Deoptimize)
Event: 53.397 Executing VM operation: HandshakeAllThreads (Deoptimize) done
Event: 53.678 Executing VM operation: G1CollectForAllocation (G1 Evacuation Pause)
Event: 53.741 Executing VM operation: G1CollectForAllocation (G1 Evacuation Pause) done
Event: 54.009 Executing VM operation: G1PauseRemark

Events (20 events):
Event: 54.033 Thread 0x00000245db1a8a60 flushing nmethod 0x00000245cbbb4190
Event: 54.033 Thread 0x00000245db1a8a60 flushing nmethod 0x00000245cbb72490
Event: 54.033 Thread 0x00000245db1a8a60 flushing nmethod 0x00000245cbb7e410
Event: 54.033 Thread 0x00000245db1a8a60 flushing nmethod 0x00000245cbb57c10
Event: 54.033 Thread 0x00000245db1a8a60 flushing nmethod 0x00000245cbb23d90
Event: 54.033 Thread 0x00000245db1a8a60 flushing nmethod 0x00000245cbb01790
Event: 54.033 Thread 0x00000245db1a8a60 flushing nmethod 0x00000245cbaf6190
Event: 54.033 Thread 0x00000245db1a8a60 flushing nmethod 0x00000245cbae9a10
Event: 54.033 Thread 0x00000245db1a8a60 flushing nmethod 0x00000245cb9f3790
Event: 54.033 Thread 0x00000245db1a8a60 flushing nmethod 0x00000245cba0fd90
Event: 54.033 Thread 0x00000245db1a8a60 flushing nmethod 0x00000245cba54010
Event: 54.033 Thread 0x00000245db1a8a60 flushing nmethod 0x00000245cb95f790
Event: 54.033 Thread 0x00000245db1a8a60 flushing nmethod 0x00000245cb957c10
Event: 54.033 Thread 0x00000245db1a8a60 flushing nmethod 0x00000245cb941390
Event: 54.033 Thread 0x00000245db1a8a60 flushing nmethod 0x00000245cb901390
Event: 54.033 Thread 0x00000245db1a8a60 flushing nmethod 0x00000245cb91a590
Event: 54.033 Thread 0x00000245db1a8a60 flushing nmethod 0x00000245cb88bd90
Event: 54.033 Thread 0x00000245db1a8a60 flushing nmethod 0x00000245cb88dd90
Event: 54.033 Thread 0x00000245db1a8a60 flushing nmethod 0x00000245cb82b810
Event: 54.033 Thread 0x00000245db1a8a60 flushing nmethod 0x00000245cb7df990


Dynamic libraries:
0x00007ff73e310000 - 0x00007ff73e320000 	C:\Program Files\Java\jdk-21\bin\java.exe
0x00007ffccb720000 - 0x00007ffccb987000 	C:\WINDOWS\SYSTEM32\ntdll.dll
0x00007ffccad90000 - 0x00007ffccae59000 	C:\WINDOWS\System32\KERNEL32.DLL
0x00007ffcc8380000 - 0x00007ffcc8771000 	C:\WINDOWS\System32\KERNELBASE.dll
0x00007ffcc80c0000 - 0x00007ffcc820b000 	C:\WINDOWS\System32\ucrtbase.dll
0x00007ffc6ab60000 - 0x00007ffc6ab7b000 	C:\Program Files\Java\jdk-21\bin\VCRUNTIME140.dll
0x00007ffc6ab80000 - 0x00007ffc6ab99000 	C:\Program Files\Java\jdk-21\bin\jli.dll
0x00007ffccaba0000 - 0x00007ffccac5b000 	C:\WINDOWS\System32\ADVAPI32.dll
0x00007ffcc9d70000 - 0x00007ffcc9e19000 	C:\WINDOWS\System32\msvcrt.dll
0x00007ffccb0c0000 - 0x00007ffccb167000 	C:\WINDOWS\System32\sechost.dll
0x00007ffccb200000 - 0x00007ffccb318000 	C:\WINDOWS\System32\RPCRT4.dll
0x00007ffcca8f0000 - 0x00007ffccaab5000 	C:\WINDOWS\System32\USER32.dll
0x00007ffcc8830000 - 0x00007ffcc8857000 	C:\WINDOWS\System32\win32u.dll
0x00007ffcad5b0000 - 0x00007ffcad843000 	C:\WINDOWS\WinSxS\amd64_microsoft.windows.common-controls_6595b64144ccf1df_6.0.26100.8037_none_3e092faae333b53b\COMCTL32.dll
0x00007ffccb6b0000 - 0x00007ffccb6db000 	C:\WINDOWS\System32\GDI32.dll
0x00007ffcc8a90000 - 0x00007ffcc8bbb000 	C:\WINDOWS\System32\gdi32full.dll
0x00007ffcc8860000 - 0x00007ffcc8903000 	C:\WINDOWS\System32\msvcp_win.dll
0x00007ffcc1b30000 - 0x00007ffcc1b3b000 	C:\WINDOWS\SYSTEM32\VERSION.dll
0x00007ffccae60000 - 0x00007ffccae91000 	C:\WINDOWS\System32\IMM32.DLL
0x00007ffc6ab50000 - 0x00007ffc6ab5c000 	C:\Program Files\Java\jdk-21\bin\vcruntime140_1.dll
0x00007ffc6aac0000 - 0x00007ffc6ab4e000 	C:\Program Files\Java\jdk-21\bin\msvcp140.dll
0x00007ffbde1b0000 - 0x00007ffbdeec5000 	C:\Program Files\Java\jdk-21\bin\server\jvm.dll
0x00007ffccb4c0000 - 0x00007ffccb534000 	C:\WINDOWS\System32\WS2_32.dll
0x00007ffcc7e60000 - 0x00007ffcc7ebe000 	C:\WINDOWS\SYSTEM32\POWRPROF.dll
0x00007ffcc1af0000 - 0x00007ffcc1b25000 	C:\WINDOWS\SYSTEM32\WINMM.dll
0x00007ffcc7e40000 - 0x00007ffcc7e54000 	C:\WINDOWS\SYSTEM32\UMPDC.dll
0x00007ffcc6d90000 - 0x00007ffcc6dab000 	C:\WINDOWS\SYSTEM32\kernel.appcore.dll
0x00007ffc54fd0000 - 0x00007ffc54fda000 	C:\Program Files\Java\jdk-21\bin\jimage.dll
0x00007ffcbdf60000 - 0x00007ffcbe1a2000 	C:\WINDOWS\SYSTEM32\DBGHELP.DLL
0x00007ffcc99d0000 - 0x00007ffcc9d52000 	C:\WINDOWS\System32\combase.dll
0x00007ffccaac0000 - 0x00007ffccab97000 	C:\WINDOWS\System32\OLEAUT32.dll
0x00007ffcacae0000 - 0x00007ffcacb1b000 	C:\WINDOWS\SYSTEM32\dbgcore.DLL
0x00007ffcc8780000 - 0x00007ffcc8825000 	C:\WINDOWS\System32\bcryptPrimitives.dll
0x00007ffcc3cd0000 - 0x00007ffcc3cdf000 	C:\Program Files\Java\jdk-21\bin\instrument.dll
0x00007ffc4fac0000 - 0x00007ffc4fadf000 	C:\Program Files\Java\jdk-21\bin\java.dll
0x00007ffcc9f80000 - 0x00007ffcca6df000 	C:\WINDOWS\System32\SHELL32.dll
0x00007ffcc8210000 - 0x00007ffcc837a000 	C:\WINDOWS\System32\wintypes.dll
0x00007ffcc8bc0000 - 0x00007ffcc9424000 	C:\WINDOWS\System32\windows.storage.dll
0x00007ffccb5b0000 - 0x00007ffccb6a7000 	C:\WINDOWS\System32\SHCORE.dll
0x00007ffccb540000 - 0x00007ffccb5a7000 	C:\WINDOWS\System32\shlwapi.dll
0x00007ffcc7f20000 - 0x00007ffcc7f49000 	C:\WINDOWS\SYSTEM32\profapi.dll
0x00007ffc41870000 - 0x00007ffc41947000 	C:\Program Files\Java\jdk-21\bin\jsvml.dll
0x00007ffc4fa70000 - 0x00007ffc4fa88000 	C:\Program Files\Java\jdk-21\bin\zip.dll
0x00007ffc4fab0000 - 0x00007ffc4fac0000 	C:\Program Files\Java\jdk-21\bin\net.dll
0x00007ffcbf050000 - 0x00007ffcbf177000 	C:\WINDOWS\SYSTEM32\WINHTTP.dll
0x00007ffcc7300000 - 0x00007ffcc736b000 	C:\WINDOWS\system32\mswsock.dll
0x00007ffc4fa90000 - 0x00007ffc4faa6000 	C:\Program Files\Java\jdk-21\bin\nio.dll
0x00007ffc4fa60000 - 0x00007ffc4fa70000 	C:\Program Files\Java\jdk-21\bin\verify.dll
0x00007ffbc0da0000 - 0x00007ffbc0dc7000 	C:\Users\perez\.gradle\native\1def1411415f61bf3af743bc5b6707747c0891f09f0c88961ee8f79bc544acac\windows-amd64\native-platform.dll
0x00007ffc689c0000 - 0x00007ffc68a38000 	C:\Users\perez\.gradle\native\0.2.7\x86_64-windows-gnu\gradle-fileevents.dll
0x00007ffc48920000 - 0x00007ffc4892a000 	C:\Program Files\Java\jdk-21\bin\management.dll
0x00007ffc48910000 - 0x00007ffc4891b000 	C:\Program Files\Java\jdk-21\bin\management_ext.dll
0x00007ffcc9d60000 - 0x00007ffcc9d68000 	C:\WINDOWS\System32\PSAPI.DLL
0x00007ffcc6740000 - 0x00007ffcc6773000 	C:\WINDOWS\SYSTEM32\IPHLPAPI.DLL
0x00007ffccb170000 - 0x00007ffccb17a000 	C:\WINDOWS\System32\NSI.dll
0x00007ffc48900000 - 0x00007ffc48907000 	C:\Program Files\Java\jdk-21\bin\extnet.dll
0x00007ffcc75e0000 - 0x00007ffcc75fb000 	C:\WINDOWS\SYSTEM32\CRYPTSP.dll
0x00007ffcc6cf0000 - 0x00007ffcc6d29000 	C:\WINDOWS\system32\rsaenh.dll
0x00007ffcc73b0000 - 0x00007ffcc73e2000 	C:\WINDOWS\SYSTEM32\USERENV.dll
0x00007ffcc7ef0000 - 0x00007ffcc7f1a000 	C:\WINDOWS\SYSTEM32\bcrypt.dll
0x00007ffcc7600000 - 0x00007ffcc760c000 	C:\WINDOWS\SYSTEM32\CRYPTBASE.dll
0x00007ffc48930000 - 0x00007ffc4893e000 	C:\Program Files\Java\jdk-21\bin\sunmscapi.dll
0x00007ffcc8910000 - 0x00007ffcc8a87000 	C:\WINDOWS\System32\CRYPT32.dll
0x00007ffcc7800000 - 0x00007ffcc7830000 	C:\WINDOWS\SYSTEM32\ncrypt.dll
0x00007ffcc77b0000 - 0x00007ffcc77ef000 	C:\WINDOWS\SYSTEM32\NTASN1.dll
0x00007ffcb16a0000 - 0x00007ffcb16a8000 	C:\WINDOWS\system32\wshunix.dll
0x00007ffca28c0000 - 0x00007ffca28d8000 	C:\WINDOWS\system32\napinsp.dll
0x00007ffcc67f0000 - 0x00007ffcc691a000 	C:\WINDOWS\SYSTEM32\DNSAPI.dll
0x00007ffca1ab0000 - 0x00007ffca1ac2000 	C:\WINDOWS\System32\winrnr.dll
0x00007ffca1a80000 - 0x00007ffca1aa2000 	C:\WINDOWS\system32\nlansp_c.dll
0x00007ffca1a60000 - 0x00007ffca1a76000 	C:\WINDOWS\system32\wshbth.dll
0x00007ffcbf7e0000 - 0x00007ffcbf7eb000 	C:\Windows\System32\rasadhlp.dll
0x00007ffcc32d0000 - 0x00007ffcc3356000 	C:\WINDOWS\System32\fwpuclnt.dll
0x00007ffcbcaa0000 - 0x00007ffcbcaa7000 	C:\Program Files\Java\jdk-21\bin\rmi.dll
0x00007ffc67470000 - 0x00007ffc6748e000 	C:\Users\perez\AppData\Local\Temp\native-platform18231029559706039588dir\native-platform.dll

dbghelp: loaded successfully - version: 4.0.5 - missing functions: none
symbol engine: initialized successfully - sym options: 0x614 - pdb path: .;C:\Program Files\Java\jdk-21\bin;C:\WINDOWS\SYSTEM32;C:\WINDOWS\WinSxS\amd64_microsoft.windows.common-controls_6595b64144ccf1df_6.0.26100.8037_none_3e092faae333b53b;C:\Program Files\Java\jdk-21\bin\server;C:\Users\perez\.gradle\native\1def1411415f61bf3af743bc5b6707747c0891f09f0c88961ee8f79bc544acac\windows-amd64;C:\Users\perez\.gradle\native\0.2.7\x86_64-windows-gnu;C:\Users\perez\AppData\Local\Temp\native-platform18231029559706039588dir

VM Arguments:
jvm_args: --add-opens=java.base/java.lang=ALL-UNNAMED --add-opens=java.base/java.lang.invoke=ALL-UNNAMED --add-opens=java.base/java.util=ALL-UNNAMED --add-opens=java.prefs/java.util.prefs=ALL-UNNAMED --add-exports=jdk.compiler/com.sun.tools.javac.api=ALL-UNNAMED --add-exports=jdk.compiler/com.sun.tools.javac.util=ALL-UNNAMED --add-opens=java.base/java.util=ALL-UNNAMED --add-opens=java.prefs/java.util.prefs=ALL-UNNAMED --add-opens=java.base/java.nio.charset=ALL-UNNAMED --add-opens=java.base/java.net=ALL-UNNAMED --add-opens=java.base/java.util.concurrent.atomic=ALL-UNNAMED --add-opens=java.xml/javax.xml.namespace=ALL-UNNAMED -Xmx4096m -Dfile.encoding=UTF-8 -Duser.country=CO -Duser.language=es -Duser.variant -javaagent:C:\Users\perez\.gradle\wrapper\dists\gradle-8.13-bin\5xuhj0ry160q40clulazy9h7d\gradle-8.13\lib\agents\gradle-instrumentation-agent-8.13.jar 
java_command: org.gradle.launcher.daemon.bootstrap.GradleDaemon 8.13
java_class_path (initial): C:\Users\perez\.gradle\wrapper\dists\gradle-8.13-bin\5xuhj0ry160q40clulazy9h7d\gradle-8.13\lib\gradle-daemon-main-8.13.jar
Launcher Type: SUN_STANDARD

[Global flags]
     intx CICompilerCount                          = 4                                         {product} {ergonomic}
     uint ConcGCThreads                            = 2                                         {product} {ergonomic}
     uint G1ConcRefinementThreads                  = 8                                         {product} {ergonomic}
   size_t G1HeapRegionSize                         = 2097152                                   {product} {ergonomic}
    uintx GCDrainStackTargetSize                   = 64                                        {product} {ergonomic}
   size_t InitialHeapSize                          = 123731968                                 {product} {ergonomic}
   size_t MarkStackSize                            = 4194304                                   {product} {ergonomic}
   size_t MaxHeapSize                              = 4294967296                                {product} {command line}
   size_t MaxNewSize                               = 2575302656                                {product} {ergonomic}
   size_t MinHeapDeltaBytes                        = 2097152                                   {product} {ergonomic}
   size_t MinHeapSize                              = 8388608                                   {product} {ergonomic}
    uintx NonNMethodCodeHeapSize                   = 5839372                                {pd product} {ergonomic}
    uintx NonProfiledCodeHeapSize                  = 122909434                              {pd product} {ergonomic}
    uintx ProfiledCodeHeapSize                     = 122909434                              {pd product} {ergonomic}
    uintx ReservedCodeCacheSize                    = 251658240                              {pd product} {ergonomic}
     bool SegmentedCodeCache                       = true                                      {product} {ergonomic}
   size_t SoftMaxHeapSize                          = 4294967296                             {manageable} {ergonomic}
     bool UseCompressedOops                        = true                           {product lp64_product} {ergonomic}
     bool UseG1GC                                  = true                                      {product} {ergonomic}
     bool UseLargePagesIndividualAllocation        = false                                  {pd product} {ergonomic}

Logging:
Log output configuration:
 #0: stdout all=warning uptime,level,tags foldmultilines=false
 #1: stderr all=off uptime,level,tags foldmultilines=false

Environment Variables:
CLASSPATH=C:\Users\perez\Downloads\Movil_chicamocha\MobileApp_UsoChicamocha\\gradle\wrapper\gradle-wrapper.jar
PATH=C:\Program Files\dotnet\;C:\ORECLE\dbhomeXE\bin;C:\app\perez\product\21c\dbhomeXE\bin;C:\Program Files\Common Files\Oracle\Java\javapath;C:\Program Files (x86)\Common Files\Oracle\Java\javapath;C:\WINDOWS\system32;C:\WINDOWS;C:\WINDOWS\System32\Wbem;C:\WINDOWS\System32\WindowsPowerShell\v1.0\;C:\WINDOWS\System32\OpenSSH\;C:\Program Files\HP\HP One Agent;C:\Program Files (x86)\Microsoft SQL Server\160\Tools\Binn\;C:\Program Files\Microsoft SQL Server\160\Tools\Binn\;C:\Program Files\Microsoft SQL Server\Client SDK\ODBC\170\Tools\Binn\;C:\Program Files\Microsoft SQL Server\160\DTS\Binn\;C:\Program Files (x86)\Microsoft SQL Server\160\DTS\Binn\;C:\Program Files\Microsoft SQL Server\150\Tools\Binn\;C:\xampp\php;C:\ProgramData\ComposerSetup\bin;C:\flutter\bin;C:\Users\perez\AppData\Local\Android\Sdk\platform-tools;C:\Program Files\Git\cmd;C:\Program Files\nodejs\;C:\WINDOWS\system32;C:\WINDOWS;C:\WINDOWS\System32\Wbem;C:\WINDOWS\System32\WindowsPowerShell\v1.0\;C:\WINDOWS\System32\OpenSSH\;C:\Program Files\ngrok;C:\Program Files\cursor\resources\app\bin;C:\Users\perez\.config\herd\bin\nvm;C:\Program Files\nodejs;C:\Users\perez\.config\herd\bin;C:\Users\perez\AppData\Local\Programs\Python\Python313\Scripts\;C:\Users\perez\AppData\Local\Programs\Python\Python313\;C:\Users\perez\AppData\Local\Programs\oh-my-posh\bin\;C:\Program Files\MySQL\MySQL Shell 8.0\bin\;C:\xampp\php\php.exe;C:\Users\perez\AppData\Local\Programs\Microsoft VS Code\bin;C:\Users\perez\AppData\Roaming\Composer\vendor\bin;C:\Users\perez\AppData\Local\GitHubDesktop\bin;C:\Users\perez\.dotnet\tools;C:\Users\perez\.deno\bin;C:\Users\perez\AppData\Roaming\npm;C:\Users\perez\AppData\Local\Microsoft\WindowsApps;C:\ngrok;C:\Users\perez\AppData\Local\Programs\Antigravity\bin;C:\Users\perez\AppData\Local\Programs\Ollama
USERNAME=perez
OS=Windows_NT
PROCESSOR_IDENTIFIER=AMD64 Family 23 Model 104 Stepping 1, AuthenticAMD
TMP=C:\Users\perez\AppData\Local\Temp
TEMP=C:\Users\perez\AppData\Local\Temp




Periodic native trim disabled

---------------  S Y S T E M  ---------------

OS:
 Windows 11 , 64 bit Build 26100 (10.0.26100.7920)
OS uptime: 0 days 1:54 hours
Hyper-V role detected

CPU: total 8 (initial active 8) (8 cores per cpu, 2 threads per core) family 23 model 104 stepping 1 microcode 0x8608107, cx8, cmov, fxsr, ht, mmx, 3dnowpref, sse, sse2, sse3, ssse3, sse4a, sse4.1, sse4.2, popcnt, lzcnt, tsc, tscinvbit, avx, avx2, aes, clmul, bmi1, bmi2, adx, sha, fma, vzeroupper, clflush, clflushopt, hv, rdtscp, rdpid, f16c
Processor Information for all 8 processors :
  Max Mhz: 2600, Current Mhz: 2600, Mhz Limit: 2600

Memory: 4k page, system-wide physical 7502M (996M free)
TotalPageFile size 30030M (AvailPageFile size 6M)
current process WorkingSet (physical memory assigned to process): 813M, peak: 820M
current process commit charge ("private bytes"): 885M, peak: 1028M

vm_info: Java HotSpot(TM) 64-Bit Server VM (21.0.1+12-LTS-29) for windows-amd64 JRE (21.0.1+12-LTS-29), built on 2023-10-05T13:27:09Z by "mach5one" with MS VC++ 17.1 (VS2022)

END.
