#
# There is insufficient memory for the Java Runtime Environment to continue.
# Native memory allocation (mmap) failed to map 148897792 bytes. Error detail: G1 virtual space
# Possible reasons:
#   The system is out of physical RAM or swap space
#   This process is running with CompressedOops enabled, and the Java Heap may be blocking the growth of the native heap
# Possible solutions:
#   Reduce memory load on the system
#   Increase physical memory or swap space
#   Check if swap backing store is full
#   Decrease Java heap size (-Xmx/-Xms)
#   Decrease number of Java threads
#   Decrease Java thread stack sizes (-Xss)
#   Set larger code cache with -XX:ReservedCodeCacheSize=
#   JVM is running with Unscaled Compressed Oops mode in which the Java heap is
#     placed in the first 4GB address space. The Java Heap base address is the
#     maximum limit for the native heap growth. Please use -XX:HeapBaseMinAddress
#     to set the Java Heap base and to place the Java Heap above 4GB virtual address.
# This output file may be truncated or incomplete.
#
#  Out of Memory Error (os_windows.cpp:3690), pid=25136, tid=23312
#
# JRE version: OpenJDK Runtime Environment Microsoft-13106358 (17.0.18+8) (build 17.0.18+8-LTS)
# Java VM: OpenJDK 64-Bit Server VM Microsoft-13106358 (17.0.18+8-LTS, mixed mode, sharing, tiered, compressed oops, compressed class ptrs, g1 gc, windows-amd64)
# No core dump will be written. Minidumps are not enabled by default on client versions of Windows
#

---------------  S U M M A R Y ------------

Command Line: --add-opens=java.base/java.lang=ALL-UNNAMED --add-opens=java.base/java.lang.invoke=ALL-UNNAMED --add-opens=java.base/java.util=ALL-UNNAMED --add-opens=java.prefs/java.util.prefs=ALL-UNNAMED --add-exports=jdk.compiler/com.sun.tools.javac.api=ALL-UNNAMED --add-exports=jdk.compiler/com.sun.tools.javac.util=ALL-UNNAMED --add-opens=java.base/java.util=ALL-UNNAMED --add-opens=java.prefs/java.util.prefs=ALL-UNNAMED --add-opens=java.base/java.nio.charset=ALL-UNNAMED --add-opens=java.base/java.net=ALL-UNNAMED --add-opens=java.base/java.util.concurrent.atomic=ALL-UNNAMED --add-opens=java.xml/javax.xml.namespace=ALL-UNNAMED -Xmx2048m -Dfile.encoding=UTF-8 -Duser.country=CO -Duser.language=es -Duser.variant -javaagent:C:\Users\perez\AndroidStudioProjects\MyApplication\wrapper\dists\gradle-8.13-bin\5xuhj0ry160q40clulazy9h7d\gradle-8.13\lib\agents\gradle-instrumentation-agent-8.13.jar org.gradle.launcher.daemon.bootstrap.GradleDaemon 8.13

Host: AMD Ryzen 3 5300U with Radeon Graphics         , 8 cores, 7G,  Windows 11 , 64 bit Build 26100 (10.0.26100.7920)
Time: Thu Mar 26 17:19:35 2026 Hora est. Pacífico, Sudamérica elapsed time: 823.318479 seconds (0d 0h 13m 43s)

---------------  T H R E A D  ---------------

Current thread (0x0000019dcf6f5ac0):  VMThread "VM Thread" [stack: 0x0000008af2e00000,0x0000008af2f00000] [id=23312]

Stack: [0x0000008af2e00000,0x0000008af2f00000]
Native frames: (J=compiled Java code, j=interpreted, Vv=VM code, C=native code)
V  [jvm.dll+0x68c879]  (no source info available)
V  [jvm.dll+0x845979]  (no source info available)
V  [jvm.dll+0x8476e8]  (no source info available)
V  [jvm.dll+0x847d73]  (no source info available)
V  [jvm.dll+0x24cf6f]  (no source info available)
V  [jvm.dll+0x68bc79]  (no source info available)
V  [jvm.dll+0x68023a]  (no source info available)
V  [jvm.dll+0x3101a0]  (no source info available)
V  [jvm.dll+0x310042]  (no source info available)
V  [jvm.dll+0x317599]  (no source info available)
V  [jvm.dll+0x369999]  (no source info available)
V  [jvm.dll+0x369bcd]  (no source info available)
V  [jvm.dll+0x2e69aa]  (no source info available)
V  [jvm.dll+0x2e4da1]  (no source info available)
V  [jvm.dll+0x2e453c]  (no source info available)
V  [jvm.dll+0x328ecb]  (no source info available)
V  [jvm.dll+0x84c5fd]  (no source info available)
V  [jvm.dll+0x84d313]  (no source info available)
V  [jvm.dll+0x84d844]  (no source info available)
V  [jvm.dll+0x84dc28]  (no source info available)
V  [jvm.dll+0x84dd1e]  (no source info available)
V  [jvm.dll+0x7f5ebc]  (no source info available)
V  [jvm.dll+0x68de17]  (no source info available)
C  [ucrtbase.dll+0x37b0]  (no source info available)
C  [KERNEL32.DLL+0x2e8d7]  (no source info available)
C  [ntdll.dll+0x8c48c]  (no source info available)

VM_Operation (0x0000008af95fbf80): G1CollectForAllocation, mode: safepoint, requested by thread 0x0000019e16ac7810


---------------  P R O C E S S  ---------------

Threads class SMR info:
_java_thread_list=0x0000019e16f108f0, length=131, elements={
0x0000019db124b8a0, 0x0000019dcf6f9760, 0x0000019dcf6fa230, 0x0000019dcf713770,
0x0000019dcf716050, 0x0000019dcf716920, 0x0000019dcf717990, 0x0000019dcf71c4f0,
0x0000019dcf720aa0, 0x0000019dcf7253c0, 0x0000019dcf6e5d30, 0x0000019dcf8e8a50,
0x0000019e167c8010, 0x0000019e15a53890, 0x0000019e16a6b8e0, 0x0000019dcf89b3d0,
0x0000019dcf89b8e0, 0x0000019dcf899570, 0x0000019dcf89a4a0, 0x0000019e16ec9a70,
0x0000019e16ec9f80, 0x0000019e15c0bfa0, 0x0000019e198b62b0, 0x0000019e198b8110,
0x0000019e198b6cd0, 0x0000019e198b71e0, 0x0000019dcf961af0, 0x0000019e1930d8e0,
0x0000019e18dba740, 0x0000019e175a26b0, 0x0000019e18316820, 0x0000019e175a6370,
0x0000019e175a5e60, 0x0000019e1b845930, 0x0000019e1cd1ce10, 0x0000019e1cd1d320,
0x0000019e1cd1d830, 0x0000019e17ded020, 0x0000019e1cd1e250, 0x0000019e1cd1e760,
0x0000019e1cd1ec70, 0x0000019e18db9810, 0x0000019e1cd1fba0, 0x0000019e1cd200b0,
0x0000019e1cd1f180, 0x0000019e1cd1f690, 0x0000019e1914e810, 0x0000019e1a978060,
0x0000019e1a975cf0, 0x0000019e1a977130, 0x0000019e1a9748b0, 0x0000019e1a976c20,
0x0000019e1a977b50, 0x0000019e1a9752d0, 0x0000019e1a977640, 0x0000019e1a974dc0,
0x0000019e1a9757e0, 0x0000019e17dea7a0, 0x0000019e17deacb0, 0x0000019e17ded530,
0x0000019e1b845e40, 0x0000019e1b846350, 0x0000019e1b844a00, 0x0000019e1b844f10,
0x0000019e1930ddf0, 0x0000019e1a976200, 0x0000019e1a976710, 0x0000019e18db88e0,
0x0000019e173bf780, 0x0000019e173bfc90, 0x0000019e173bc9f0, 0x0000019e173bc4e0,
0x0000019e173bcf00, 0x0000019e173bd410, 0x0000019e173bd920, 0x0000019e18db9300,
0x0000019e18db9d20, 0x0000019e18dbac50, 0x0000019e18db8df0, 0x0000019e18dba230,
0x0000019e18db7ec0, 0x0000019e18db74a0, 0x0000019e18db79b0, 0x0000019e1930f740,
0x0000019e1930c9b0, 0x0000019e1930bf90, 0x0000019e1930cec0, 0x0000019e1930e300,
0x0000019e1930ed20, 0x0000019e1930c4a0, 0x0000019e1a201f70, 0x0000019e16ac4a80,
0x0000019e16ac54a0, 0x0000019e16ac59b0, 0x0000019e16ac4f90, 0x0000019e16ac4570,
0x0000019e16ac6df0, 0x0000019e16ac7300, 0x0000019e16ac5ec0, 0x0000019e16ac7810,
0x0000019e18313070, 0x0000019e183153e0, 0x0000019e18316310, 0x0000019e1b77da50,
0x0000019e1b77e470, 0x0000019e1930d3d0, 0x0000019e1b77e980, 0x0000019e17deb6d0,
0x0000019e16ac4060, 0x0000019e16ac68e0, 0x0000019e16ac63d0, 0x0000019e150ff5f0,
0x0000019e150ff0e0, 0x0000019e150fe1b0, 0x0000019e150fdca0, 0x0000019e1c0b3220,
0x0000019e150fe6c0, 0x0000019e150febd0, 0x0000019e1c275a80, 0x0000019e1930e810,
0x0000019e1930f230, 0x0000019e1b845420, 0x0000019e173bde30, 0x0000019e175a4510,
0x0000019e1c0b3c40, 0x0000019e1c0b4150, 0x0000019e1a40edd0, 0x0000019e1a411b60,
0x0000019e1a410720, 0x0000019e1a40f7f0, 0x0000019e1a40fd00
}

Java Threads: ( => current thread )
  0x0000019db124b8a0 JavaThread "main" [_thread_blocked, id=15340, stack(0x0000008af2800000,0x0000008af2900000)]
  0x0000019dcf6f9760 JavaThread "Reference Handler" daemon [_thread_blocked, id=19024, stack(0x0000008af2f00000,0x0000008af3000000)]
  0x0000019dcf6fa230 JavaThread "Finalizer" daemon [_thread_blocked, id=21320, stack(0x0000008af3000000,0x0000008af3100000)]
  0x0000019dcf713770 JavaThread "Signal Dispatcher" daemon [_thread_blocked, id=25028, stack(0x0000008af3100000,0x0000008af3200000)]
  0x0000019dcf716050 JavaThread "Attach Listener" daemon [_thread_blocked, id=26816, stack(0x0000008af3200000,0x0000008af3300000)]
  0x0000019dcf716920 JavaThread "Service Thread" daemon [_thread_blocked, id=15816, stack(0x0000008af3300000,0x0000008af3400000)]
  0x0000019dcf717990 JavaThread "Monitor Deflation Thread" daemon [_thread_blocked, id=25048, stack(0x0000008af3400000,0x0000008af3500000)]
  0x0000019dcf71c4f0 JavaThread "C2 CompilerThread0" daemon [_thread_blocked, id=26312, stack(0x0000008af3500000,0x0000008af3600000)]
  0x0000019dcf720aa0 JavaThread "C1 CompilerThread0" daemon [_thread_blocked, id=10552, stack(0x0000008af3600000,0x0000008af3700000)]
  0x0000019dcf7253c0 JavaThread "Sweeper thread" daemon [_thread_blocked, id=19356, stack(0x0000008af3700000,0x0000008af3800000)]
  0x0000019dcf6e5d30 JavaThread "Common-Cleaner" daemon [_thread_blocked, id=17996, stack(0x0000008af3800000,0x0000008af3900000)]
  0x0000019dcf8e8a50 JavaThread "Notification Thread" daemon [_thread_blocked, id=20188, stack(0x0000008af3900000,0x0000008af3a00000)]
  0x0000019e167c8010 JavaThread "Daemon health stats" [_thread_blocked, id=16904, stack(0x0000008af4100000,0x0000008af4200000)]
  0x0000019e15a53890 JavaThread "Incoming local TCP Connector on port 64771" [_thread_in_native, id=27156, stack(0x0000008af4000000,0x0000008af4100000)]
  0x0000019e16a6b8e0 JavaThread "Daemon periodic checks" [_thread_blocked, id=21640, stack(0x0000008af4200000,0x0000008af4300000)]
  0x0000019dcf89b3d0 JavaThread "Cache worker for journal cache (C:\Users\perez\AndroidStudioProjects\MyApplication\caches\journal-1)" [_thread_blocked, id=26548, stack(0x0000008af4b00000,0x0000008af4c00000)]
  0x0000019dcf89b8e0 JavaThread "File lock request listener" [_thread_in_native, id=21908, stack(0x0000008af4c00000,0x0000008af4d00000)]
  0x0000019dcf899570 JavaThread "Cache worker for file hash cache (C:\Users\perez\AndroidStudioProjects\MyApplication\caches\8.13\fileHashes)" [_thread_blocked, id=2024, stack(0x0000008af4d00000,0x0000008af4e00000)]
  0x0000019dcf89a4a0 JavaThread "File watcher server" daemon [_thread_blocked, id=20076, stack(0x0000008af5400000,0x0000008af5500000)]
  0x0000019e16ec9a70 JavaThread "File watcher consumer" daemon [_thread_blocked, id=1668, stack(0x0000008af5500000,0x0000008af5600000)]
  0x0000019e16ec9f80 JavaThread "Cache worker for file content cache (C:\Users\perez\AndroidStudioProjects\MyApplication\caches\8.13\fileContent)" [_thread_blocked, id=26388, stack(0x0000008af5700000,0x0000008af5800000)]
  0x0000019e15c0bfa0 JavaThread "Memory manager" [_thread_blocked, id=4832, stack(0x0000008af7000000,0x0000008af7100000)]
  0x0000019e198b62b0 JavaThread "RMI Scheduler(0)" daemon [_thread_blocked, id=3668, stack(0x0000008afba00000,0x0000008afbb00000)]
  0x0000019e198b8110 JavaThread "RMI GC Daemon" daemon [_thread_blocked, id=12888, stack(0x0000008afbc00000,0x0000008afbd00000)]
  0x0000019e198b6cd0 JavaThread "RMI TCP Accept-0" daemon [_thread_in_native, id=25732, stack(0x0000008afbd00000,0x0000008afbe00000)]
  0x0000019e198b71e0 JavaThread "RMI Reaper" [_thread_blocked, id=23800, stack(0x0000008afbe00000,0x0000008afbf00000)]
  0x0000019dcf961af0 JavaThread "Cache worker for Java compile cache (C:\Users\perez\AndroidStudioProjects\MyApplication\caches\8.13\javaCompile)" [_thread_blocked, id=14256, stack(0x0000008afc000000,0x0000008afc100000)]
  0x0000019e1930d8e0 JavaThread "RMI RenewClean-[127.0.0.1:17115,org.jetbrains.kotlin.daemon.common.LoopbackNetworkInterface$ClientLoopbackSocketFactory@58efd8f]" daemon [_thread_blocked, id=20128, stack(0x0000008af9b00000,0x0000008af9c00000)]
  0x0000019e18dba740 JavaThread "RMI TCP Connection(15)-127.0.0.1" daemon [_thread_blocked, id=26964, stack(0x0000008af4300000,0x0000008af4400000)]
  0x0000019e175a26b0 JavaThread "Daemon Thread 3" [_thread_blocked, id=25648, stack(0x0000008af2500000,0x0000008af2600000)]
  0x0000019e18316820 JavaThread "Daemon worker Thread 3" [_thread_blocked, id=22500, stack(0x0000008af4600000,0x0000008af4700000)]
  0x0000019e175a6370 JavaThread "Handler for socket connection from /127.0.0.1:64771 to /127.0.0.1:54896" [_thread_in_native, id=23864, stack(0x0000008af2600000,0x0000008af2700000)]
  0x0000019e175a5e60 JavaThread "Cancel handler" [_thread_blocked, id=10496, stack(0x0000008af4500000,0x0000008af4600000)]
  0x0000019e1b845930 JavaThread "Asynchronous log dispatcher for DefaultDaemonConnection: socket connection from /127.0.0.1:64771 to /127.0.0.1:54896" [_thread_blocked, id=5480, stack(0x0000008af4700000,0x0000008af4800000)]
  0x0000019e1cd1ce10 JavaThread "Stdin handler" [_thread_blocked, id=16976, stack(0x0000008af4800000,0x0000008af4900000)]
  0x0000019e1cd1d320 JavaThread "Daemon client event forwarder" [_thread_blocked, id=21516, stack(0x0000008af4900000,0x0000008af4a00000)]
  0x0000019e1cd1d830 JavaThread "Cache worker for file hash cache (C:\Users\perez\Downloads\Movil_chicamocha\MobileApp_UsoChicamocha\.gradle\8.13\fileHashes)" [_thread_blocked, id=3880, stack(0x0000008af4a00000,0x0000008af4b00000)]
  0x0000019e17ded020 JavaThread "Cache worker for Build Output Cleanup Cache (C:\Users\perez\Downloads\Movil_chicamocha\MobileApp_UsoChicamocha\.gradle\buildOutputCleanup)" [_thread_blocked, id=23444, stack(0x0000008af5100000,0x0000008af5200000)]
  0x0000019e1cd1e250 JavaThread "Cache worker for checksums cache (C:\Users\perez\Downloads\Movil_chicamocha\MobileApp_UsoChicamocha\.gradle\8.13\checksums)" [_thread_blocked, id=21328, stack(0x0000008af5200000,0x0000008af5300000)]
  0x0000019e1cd1e760 JavaThread "Cache worker for cache directory md-supplier (C:\Users\perez\AndroidStudioProjects\MyApplication\caches\8.13\md-supplier)" [_thread_blocked, id=6828, stack(0x0000008af5600000,0x0000008af5700000)]
  0x0000019e1cd1ec70 JavaThread "Cache worker for cache directory md-rule (C:\Users\perez\AndroidStudioProjects\MyApplication\caches\8.13\md-rule)" [_thread_blocked, id=6652, stack(0x0000008af5800000,0x0000008af5900000)]
  0x0000019e18db9810 JavaThread "File lock release action executor Thread 2" [_thread_blocked, id=26552, stack(0x0000008af5900000,0x0000008af5a00000)]
  0x0000019e1cd1fba0 JavaThread "Unconstrained build operations" [_thread_blocked, id=19676, stack(0x0000008af5a00000,0x0000008af5b00000)]
  0x0000019e1cd200b0 JavaThread "Unconstrained build operations Thread 2" [_thread_blocked, id=20328, stack(0x0000008af5b00000,0x0000008af5c00000)]
  0x0000019e1cd1f180 JavaThread "Unconstrained build operations Thread 3" [_thread_blocked, id=27044, stack(0x0000008af5c00000,0x0000008af5d00000)]
  0x0000019e1cd1f690 JavaThread "Unconstrained build operations Thread 4" [_thread_blocked, id=11336, stack(0x0000008af5d00000,0x0000008af5e00000)]
  0x0000019e1914e810 JavaThread "Unconstrained build operations Thread 5" [_thread_blocked, id=26124, stack(0x0000008af5e00000,0x0000008af5f00000)]
  0x0000019e1a978060 JavaThread "Unconstrained build operations Thread 6" [_thread_blocked, id=27400, stack(0x0000008af5f00000,0x0000008af6000000)]
  0x0000019e1a975cf0 JavaThread "Unconstrained build operations Thread 7" [_thread_blocked, id=15004, stack(0x0000008af6000000,0x0000008af6100000)]
  0x0000019e1a977130 JavaThread "Unconstrained build operations Thread 8" [_thread_blocked, id=25016, stack(0x0000008af6100000,0x0000008af6200000)]
  0x0000019e1a9748b0 JavaThread "Unconstrained build operations Thread 9" [_thread_blocked, id=19472, stack(0x0000008af6200000,0x0000008af6300000)]
  0x0000019e1a976c20 JavaThread "Unconstrained build operations Thread 10" [_thread_blocked, id=12864, stack(0x0000008af6300000,0x0000008af6400000)]
  0x0000019e1a977b50 JavaThread "Unconstrained build operations Thread 11" [_thread_blocked, id=19760, stack(0x0000008af6400000,0x0000008af6500000)]
  0x0000019e1a9752d0 JavaThread "Unconstrained build operations Thread 12" [_thread_blocked, id=25952, stack(0x0000008af6500000,0x0000008af6600000)]
  0x0000019e1a977640 JavaThread "Unconstrained build operations Thread 13" [_thread_blocked, id=17712, stack(0x0000008af6600000,0x0000008af6700000)]
  0x0000019e1a974dc0 JavaThread "Unconstrained build operations Thread 14" [_thread_blocked, id=3976, stack(0x0000008af6700000,0x0000008af6800000)]
  0x0000019e1a9757e0 JavaThread "build event listener" [_thread_blocked, id=26736, stack(0x0000008af6800000,0x0000008af6900000)]
  0x0000019e17dea7a0 JavaThread "build event listener" [_thread_blocked, id=5124, stack(0x0000008af6900000,0x0000008af6a00000)]
  0x0000019e17deacb0 JavaThread "Problems report writer" [_thread_blocked, id=22672, stack(0x0000008af6a00000,0x0000008af6b00000)]
  0x0000019e17ded530 JavaThread "included builds" [_thread_blocked, id=21484, stack(0x0000008af6c00000,0x0000008af6d00000)]
  0x0000019e1b845e40 JavaThread "Execution worker" [_thread_blocked, id=23576, stack(0x0000008af6d00000,0x0000008af6e00000)]
  0x0000019e1b846350 JavaThread "Execution worker Thread 2" [_thread_blocked, id=4616, stack(0x0000008af6e00000,0x0000008af6f00000)]
  0x0000019e1b844a00 JavaThread "Execution worker Thread 3" [_thread_blocked, id=1688, stack(0x0000008af6f00000,0x0000008af7000000)]
  0x0000019e1b844f10 JavaThread "Execution worker Thread 4" [_thread_blocked, id=24728, stack(0x0000008af7100000,0x0000008af7200000)]
  0x0000019e1930ddf0 JavaThread "Execution worker Thread 5" [_thread_blocked, id=1568, stack(0x0000008af7200000,0x0000008af7300000)]
  0x0000019e1a976200 JavaThread "Execution worker Thread 6" [_thread_blocked, id=27028, stack(0x0000008af7300000,0x0000008af7400000)]
  0x0000019e1a976710 JavaThread "Execution worker Thread 7" [_thread_blocked, id=26492, stack(0x0000008af7400000,0x0000008af7500000)]
  0x0000019e18db88e0 JavaThread "Cache worker for execution history cache (C:\Users\perez\Downloads\Movil_chicamocha\MobileApp_UsoChicamocha\.gradle\8.13\executionHistory)" [_thread_blocked, id=10944, stack(0x0000008af7500000,0x0000008af7600000)]
  0x0000019e173bf780 JavaThread "Unconstrained build operations Thread 15" [_thread_blocked, id=26484, stack(0x0000008af7600000,0x0000008af7700000)]
  0x0000019e173bfc90 JavaThread "Unconstrained build operations Thread 16" [_thread_blocked, id=5232, stack(0x0000008af7700000,0x0000008af7800000)]
  0x0000019e173bc9f0 JavaThread "Unconstrained build operations Thread 17" [_thread_blocked, id=13084, stack(0x0000008af7800000,0x0000008af7900000)]
  0x0000019e173bc4e0 JavaThread "Unconstrained build operations Thread 18" [_thread_blocked, id=16004, stack(0x0000008af7900000,0x0000008af7a00000)]
  0x0000019e173bcf00 JavaThread "Unconstrained build operations Thread 19" [_thread_blocked, id=23724, stack(0x0000008af7a00000,0x0000008af7b00000)]
  0x0000019e173bd410 JavaThread "Unconstrained build operations Thread 20" [_thread_blocked, id=24160, stack(0x0000008af7b00000,0x0000008af7c00000)]
  0x0000019e173bd920 JavaThread "Unconstrained build operations Thread 21" [_thread_blocked, id=25452, stack(0x0000008af7c00000,0x0000008af7d00000)]
  0x0000019e18db9300 JavaThread "Unconstrained build operations Thread 22" [_thread_blocked, id=8900, stack(0x0000008af7d00000,0x0000008af7e00000)]
  0x0000019e18db9d20 JavaThread "Unconstrained build operations Thread 23" [_thread_blocked, id=15148, stack(0x0000008af7e00000,0x0000008af7f00000)]
  0x0000019e18dbac50 JavaThread "Unconstrained build operations Thread 24" [_thread_blocked, id=13292, stack(0x0000008af7f00000,0x0000008af8000000)]
  0x0000019e18db8df0 JavaThread "Unconstrained build operations Thread 25" [_thread_blocked, id=14972, stack(0x0000008af8000000,0x0000008af8100000)]
  0x0000019e18dba230 JavaThread "Unconstrained build operations Thread 26" [_thread_blocked, id=24032, stack(0x0000008af8100000,0x0000008af8200000)]
  0x0000019e18db7ec0 JavaThread "Unconstrained build operations Thread 27" [_thread_blocked, id=17000, stack(0x0000008af8200000,0x0000008af8300000)]
  0x0000019e18db74a0 JavaThread "Unconstrained build operations Thread 28" [_thread_blocked, id=20260, stack(0x0000008af8300000,0x0000008af8400000)]
  0x0000019e18db79b0 JavaThread "Unconstrained build operations Thread 29" [_thread_blocked, id=8320, stack(0x0000008af8400000,0x0000008af8500000)]
  0x0000019e1930f740 JavaThread "Unconstrained build operations Thread 30" [_thread_blocked, id=2416, stack(0x0000008af8500000,0x0000008af8600000)]
  0x0000019e1930c9b0 JavaThread "Unconstrained build operations Thread 31" [_thread_blocked, id=25752, stack(0x0000008af8600000,0x0000008af8700000)]
  0x0000019e1930bf90 JavaThread "Unconstrained build operations Thread 32" [_thread_blocked, id=25188, stack(0x0000008af8700000,0x0000008af8800000)]
  0x0000019e1930cec0 JavaThread "Unconstrained build operations Thread 33" [_thread_blocked, id=12364, stack(0x0000008af8800000,0x0000008af8900000)]
  0x0000019e1930e300 JavaThread "Unconstrained build operations Thread 34" [_thread_blocked, id=26644, stack(0x0000008af8900000,0x0000008af8a00000)]
  0x0000019e1930ed20 JavaThread "Unconstrained build operations Thread 35" [_thread_blocked, id=25440, stack(0x0000008af8a00000,0x0000008af8b00000)]
  0x0000019e1930c4a0 JavaThread "Unconstrained build operations Thread 36" [_thread_blocked, id=27056, stack(0x0000008af8b00000,0x0000008af8c00000)]
  0x0000019e1a201f70 JavaThread "Unconstrained build operations Thread 37" [_thread_blocked, id=16116, stack(0x0000008af8c00000,0x0000008af8d00000)]
  0x0000019e16ac4a80 JavaThread "Unconstrained build operations Thread 38" [_thread_blocked, id=6168, stack(0x0000008af8d00000,0x0000008af8e00000)]
  0x0000019e16ac54a0 JavaThread "Unconstrained build operations Thread 39" [_thread_blocked, id=26708, stack(0x0000008af8e00000,0x0000008af8f00000)]
  0x0000019e16ac59b0 JavaThread "Unconstrained build operations Thread 40" [_thread_blocked, id=23996, stack(0x0000008af8f00000,0x0000008af9000000)]
  0x0000019e16ac4f90 JavaThread "Unconstrained build operations Thread 41" [_thread_blocked, id=25828, stack(0x0000008af9000000,0x0000008af9100000)]
  0x0000019e16ac4570 JavaThread "Unconstrained build operations Thread 42" [_thread_blocked, id=7372, stack(0x0000008af9100000,0x0000008af9200000)]
  0x0000019e16ac6df0 JavaThread "Unconstrained build operations Thread 43" [_thread_blocked, id=13236, stack(0x0000008af9200000,0x0000008af9300000)]
  0x0000019e16ac7300 JavaThread "Unconstrained build operations Thread 44" [_thread_blocked, id=7420, stack(0x0000008af9300000,0x0000008af9400000)]
  0x0000019e16ac5ec0 JavaThread "Unconstrained build operations Thread 45" [_thread_blocked, id=23856, stack(0x0000008af9400000,0x0000008af9500000)]
  0x0000019e16ac7810 JavaThread "WorkerExecutor Queue" [_thread_blocked, id=10288, stack(0x0000008af9500000,0x0000008af9600000)]
  0x0000019e18313070 JavaThread "Unconstrained build operations Thread 46" [_thread_blocked, id=24388, stack(0x0000008af9600000,0x0000008af9700000)]
  0x0000019e183153e0 JavaThread "Unconstrained build operations Thread 47" [_thread_blocked, id=24376, stack(0x0000008af9700000,0x0000008af9800000)]
  0x0000019e18316310 JavaThread "Unconstrained build operations Thread 48" [_thread_blocked, id=12832, stack(0x0000008af9800000,0x0000008af9900000)]
  0x0000019e1b77da50 JavaThread "Unconstrained build operations Thread 49" [_thread_blocked, id=27284, stack(0x0000008af9900000,0x0000008af9a00000)]
  0x0000019e1b77e470 JavaThread "Unconstrained build operations Thread 50" [_thread_blocked, id=10960, stack(0x0000008af9a00000,0x0000008af9b00000)]
  0x0000019e1930d3d0 JavaThread "RMI TCP Connection(idle)" daemon [_thread_blocked, id=15628, stack(0x0000008af9d00000,0x0000008af9e00000)]
  0x0000019e1b77e980 JavaThread "WorkerExecutor Queue Thread 2" [_thread_blocked, id=20132, stack(0x0000008af9f00000,0x0000008afa000000)]
  0x0000019e17deb6d0 JavaThread "RMI TCP Connection(14)-127.0.0.1" daemon [_thread_in_native, id=22828, stack(0x0000008afa100000,0x0000008afa200000)]
  0x0000019e16ac4060 JavaThread "Build operations" [_thread_blocked, id=7576, stack(0x0000008af9c00000,0x0000008af9d00000)]
  0x0000019e16ac68e0 JavaThread "Build operations Thread 2" [_thread_blocked, id=27348, stack(0x0000008afa000000,0x0000008afa100000)]
  0x0000019e16ac63d0 JavaThread "Build operations Thread 3" [_thread_blocked, id=20272, stack(0x0000008afa200000,0x0000008afa300000)]
  0x0000019e150ff5f0 JavaThread "Build operations Thread 4" [_thread_blocked, id=25604, stack(0x0000008afa300000,0x0000008afa400000)]
  0x0000019e150ff0e0 JavaThread "Build operations Thread 5" [_thread_blocked, id=26432, stack(0x0000008afa400000,0x0000008afa500000)]
  0x0000019e150fe1b0 JavaThread "Build operations Thread 6" [_thread_blocked, id=25492, stack(0x0000008afa500000,0x0000008afa600000)]
  0x0000019e150fdca0 JavaThread "Build operations Thread 7" [_thread_blocked, id=23632, stack(0x0000008afa600000,0x0000008afa700000)]
  0x0000019e1c0b3220 JavaThread "Unconstrained build operations Thread 51" [_thread_blocked, id=12900, stack(0x0000008afa700000,0x0000008afa800000)]
  0x0000019e150fe6c0 JavaThread "Unconstrained build operations Thread 52" [_thread_blocked, id=20140, stack(0x0000008af6b00000,0x0000008af6c00000)]
  0x0000019e150febd0 JavaThread "Unconstrained build operations Thread 53" [_thread_blocked, id=15072, stack(0x0000008afa800000,0x0000008afa900000)]
  0x0000019e1c275a80 JavaThread "Unconstrained build operations Thread 54" [_thread_blocked, id=25652, stack(0x0000008afa900000,0x0000008afaa00000)]
  0x0000019e1930e810 JavaThread "Unconstrained build operations Thread 55" [_thread_blocked, id=24264, stack(0x0000008afaa00000,0x0000008afab00000)]
  0x0000019e1930f230 JavaThread "Unconstrained build operations Thread 56" [_thread_blocked, id=21772, stack(0x0000008afab00000,0x0000008afac00000)]
  0x0000019e1b845420 JavaThread "Unconstrained build operations Thread 57" [_thread_blocked, id=7640, stack(0x0000008afad00000,0x0000008afae00000)]
  0x0000019e173bde30 JavaThread "Unconstrained build operations Thread 58" [_thread_blocked, id=14948, stack(0x0000008afae00000,0x0000008afaf00000)]
  0x0000019e175a4510 JavaThread "Build operations Thread 8" [_thread_blocked, id=19716, stack(0x0000008afaf00000,0x0000008afb000000)]
  0x0000019e1c0b3c40 JavaThread "WorkerExecutor Queue Thread 3" [_thread_blocked, id=21520, stack(0x0000008af4400000,0x0000008af4500000)]
  0x0000019e1c0b4150 JavaThread "WorkerExecutor Queue Thread 4" [_thread_blocked, id=17760, stack(0x0000008afac00000,0x0000008afad00000)]
  0x0000019e1a40edd0 JavaThread "WorkerExecutor Queue Thread 5" [_thread_blocked, id=24068, stack(0x0000008afb000000,0x0000008afb100000)]
  0x0000019e1a411b60 JavaThread "WorkerExecutor Queue Thread 6" [_thread_blocked, id=17484, stack(0x0000008afb100000,0x0000008afb200000)]
  0x0000019e1a410720 JavaThread "WorkerExecutor Queue Thread 7" [_thread_blocked, id=23416, stack(0x0000008afb200000,0x0000008afb300000)]
  0x0000019e1a40f7f0 JavaThread "WorkerExecutor Queue Thread 8" [_thread_blocked, id=19448, stack(0x0000008afb300000,0x0000008afb400000)]
  0x0000019e1a40fd00 JavaThread "WorkerExecutor Queue Thread 9" [_thread_blocked, id=23540, stack(0x0000008afb400000,0x0000008afb500000)]

Other Threads:
=>0x0000019dcf6f5ac0 VMThread "VM Thread" [stack: 0x0000008af2e00000,0x0000008af2f00000] [id=23312]
  0x0000019db124c630 WatcherThread [stack: 0x0000008af3a00000,0x0000008af3b00000] [id=14696]
  0x0000019db12ab830 GCTaskThread "GC Thread#0" [stack: 0x0000008af2900000,0x0000008af2a00000] [id=26588]
  0x0000019e15319a20 GCTaskThread "GC Thread#1" [stack: 0x0000008af3c00000,0x0000008af3d00000] [id=13056]
  0x0000019dcfa38da0 GCTaskThread "GC Thread#2" [stack: 0x0000008af3d00000,0x0000008af3e00000] [id=27504]
  0x0000019e15915450 GCTaskThread "GC Thread#3" [stack: 0x0000008af3b00000,0x0000008af3c00000] [id=22832]
  0x0000019e15914eb0 GCTaskThread "GC Thread#4" [stack: 0x0000008af3e00000,0x0000008af3f00000] [id=27416]
  0x0000019e15915180 GCTaskThread "GC Thread#5" [stack: 0x0000008af4e00000,0x0000008af4f00000] [id=15236]
  0x0000019e15915720 GCTaskThread "GC Thread#6" [stack: 0x0000008af4f00000,0x0000008af5000000] [id=22968]
  0x0000019dcf7c0830 GCTaskThread "GC Thread#7" [stack: 0x0000008af5000000,0x0000008af5100000] [id=24680]
  0x0000019db12bc6a0 ConcurrentGCThread "G1 Main Marker" [stack: 0x0000008af2a00000,0x0000008af2b00000] [id=21392]
  0x0000019db12bdca0 ConcurrentGCThread "G1 Conc#0" [stack: 0x0000008af2b00000,0x0000008af2c00000] [id=24040]
  0x0000019dcf7c1be0 ConcurrentGCThread "G1 Conc#1" [stack: 0x0000008af5300000,0x0000008af5400000] [id=7916]
  0x0000019db12fea90 ConcurrentGCThread "G1 Refine#0" [stack: 0x0000008af2c00000,0x0000008af2d00000] [id=15056]
  0x0000019e15888720 ConcurrentGCThread "G1 Refine#1" [stack: 0x0000008af3f00000,0x0000008af4000000] [id=27100]
  0x0000019e176b3fb0 ConcurrentGCThread "G1 Refine#2" [stack: 0x0000008af2700000,0x0000008af2800000] [id=7472]
  0x0000019dcf5a84e0 ConcurrentGCThread "G1 Service" [stack: 0x0000008af2d00000,0x0000008af2e00000] [id=26036]

Threads with active compile tasks:
C2 CompilerThread0  823407 34027       4       com.android.tools.r8.internal.Oa::a (1175 bytes)
C1 CompilerThread0  823407 34301 %     3       com.android.tools.r8.ir.optimize.f::a @ 208 (1241 bytes)

VM state: at safepoint (normal execution)

VM Mutex/Monitor currently owned by a thread:  ([mutex/lock_event])
[0x0000019daed80910] Threads_lock - owner thread: 0x0000019dcf6f5ac0
[0x0000019db12495e0] Heap_lock - owner thread: 0x0000019e16ac7810

Heap address: 0x0000000080000000, size: 2048 MB, Compressed Oops mode: 32-bit

CDS archive(s) mapped at: [0x0000019dd0000000-0x0000019dd0bb0000-0x0000019dd0bb0000), size 12255232, SharedBaseAddress: 0x0000019dd0000000, ArchiveRelocationMode: 1.
Compressed class space mapped at: 0x0000019dd1000000-0x0000019e11000000, reserved size: 1073741824
Narrow klass base: 0x0000019dd0000000, Narrow klass shift: 0, Narrow klass range: 0x100000000

GC Precious Log:
 CPUs: 8 total, 8 available
 Memory: 7502M
 Large Page Support: Disabled
 NUMA Support: Disabled
 Compressed Oops: Enabled (32-bit)
 Heap Region Size: 1M
 Heap Min Capacity: 8M
 Heap Initial Capacity: 118M
 Heap Max Capacity: 2G
 Pre-touch: Disabled
 Parallel Workers: 8
 Concurrent Workers: 2
 Concurrent Refinement Workers: 8
 Periodic GC: Disabled

Heap:
 garbage-first heap   total 406528K, used 335422K [0x0000000080000000, 0x0000000100000000)
  region size 1024K, 2 young (2048K), 2 survivors (2048K)
 Metaspace       used 173432K, committed 174848K, reserved 1245184K
  class space    used 23146K, committed 23872K, reserved 1048576K

Heap Regions: E=young(eden), S=young(survivor), O=old, HS=humongous(starts), HC=humongous(continues), CS=collection set, F=free, OA=open archive, CA=closed archive, TAMS=top-at-mark-start (previous, next)
|   0|0x0000000080000000, 0x0000000080100000, 0x0000000080100000|100%|HS|  |TAMS 0x0000000080100000, 0x0000000080100000| Complete 
|   1|0x0000000080100000, 0x0000000080200000, 0x0000000080200000|100%|HC|  |TAMS 0x0000000080200000, 0x0000000080200000| Complete 
|   2|0x0000000080200000, 0x0000000080300000, 0x0000000080300000|100%|HC|  |TAMS 0x0000000080300000, 0x0000000080300000| Complete 
|   3|0x0000000080300000, 0x0000000080400000, 0x0000000080400000|100%| O|  |TAMS 0x0000000080400000, 0x0000000080400000| Untracked 
|   4|0x0000000080400000, 0x0000000080500000, 0x0000000080500000|100%| O|  |TAMS 0x0000000080500000, 0x0000000080500000| Untracked 
|   5|0x0000000080500000, 0x0000000080600000, 0x0000000080600000|100%| O|  |TAMS 0x0000000080600000, 0x0000000080600000| Untracked 
|   6|0x0000000080600000, 0x0000000080700000, 0x0000000080700000|100%| O|  |TAMS 0x0000000080700000, 0x0000000080700000| Untracked 
|   7|0x0000000080700000, 0x0000000080800000, 0x0000000080800000|100%|HS|  |TAMS 0x0000000080800000, 0x0000000080800000| Complete 
|   8|0x0000000080800000, 0x0000000080900000, 0x0000000080900000|100%| O|  |TAMS 0x0000000080900000, 0x0000000080900000| Untracked 
|   9|0x0000000080900000, 0x0000000080a00000, 0x0000000080a00000|100%| O|  |TAMS 0x0000000080a00000, 0x0000000080a00000| Untracked 
|  10|0x0000000080a00000, 0x0000000080b00000, 0x0000000080b00000|100%| O|  |TAMS 0x0000000080b00000, 0x0000000080b00000| Untracked 
|  11|0x0000000080b00000, 0x0000000080c00000, 0x0000000080c00000|100%| O|  |TAMS 0x0000000080c00000, 0x0000000080c00000| Untracked 
|  12|0x0000000080c00000, 0x0000000080d00000, 0x0000000080d00000|100%| O|  |TAMS 0x0000000080d00000, 0x0000000080d00000| Untracked 
|  13|0x0000000080d00000, 0x0000000080e00000, 0x0000000080e00000|100%| O|  |TAMS 0x0000000080e00000, 0x0000000080e00000| Untracked 
|  14|0x0000000080e00000, 0x0000000080f00000, 0x0000000080f00000|100%| O|  |TAMS 0x0000000080f00000, 0x0000000080f00000| Untracked 
|  15|0x0000000080f00000, 0x0000000081000000, 0x0000000081000000|100%| O|  |TAMS 0x0000000081000000, 0x0000000081000000| Untracked 
|  16|0x0000000081000000, 0x0000000081100000, 0x0000000081100000|100%| O|  |TAMS 0x0000000081100000, 0x0000000081100000| Untracked 
|  17|0x0000000081100000, 0x0000000081200000, 0x0000000081200000|100%| O|  |TAMS 0x0000000081200000, 0x0000000081200000| Untracked 
|  18|0x0000000081200000, 0x0000000081300000, 0x0000000081300000|100%| O|  |TAMS 0x0000000081300000, 0x0000000081300000| Untracked 
|  19|0x0000000081300000, 0x0000000081400000, 0x0000000081400000|100%| O|  |TAMS 0x0000000081400000, 0x0000000081400000| Untracked 
|  20|0x0000000081400000, 0x00000000814de000, 0x0000000081500000| 86%| O|  |TAMS 0x00000000814de000, 0x00000000814de000| Untracked 
|  21|0x0000000081500000, 0x0000000081600000, 0x0000000081600000|100%| O|  |TAMS 0x0000000081600000, 0x0000000081600000| Untracked 
|  22|0x0000000081600000, 0x0000000081700000, 0x0000000081700000|100%| O|  |TAMS 0x0000000081700000, 0x0000000081700000| Untracked 
|  23|0x0000000081700000, 0x0000000081800000, 0x0000000081800000|100%| O|  |TAMS 0x0000000081800000, 0x0000000081800000| Untracked 
|  24|0x0000000081800000, 0x0000000081900000, 0x0000000081900000|100%| O|  |TAMS 0x0000000081900000, 0x0000000081900000| Untracked 
|  25|0x0000000081900000, 0x0000000081a00000, 0x0000000081a00000|100%| O|  |TAMS 0x0000000081a00000, 0x0000000081a00000| Untracked 
|  26|0x0000000081a00000, 0x0000000081b00000, 0x0000000081b00000|100%| O|  |TAMS 0x0000000081b00000, 0x0000000081b00000| Untracked 
|  27|0x0000000081b00000, 0x0000000081c00000, 0x0000000081c00000|100%| O|  |TAMS 0x0000000081c00000, 0x0000000081c00000| Untracked 
|  28|0x0000000081c00000, 0x0000000081d00000, 0x0000000081d00000|100%| O|  |TAMS 0x0000000081d00000, 0x0000000081d00000| Untracked 
|  29|0x0000000081d00000, 0x0000000081e00000, 0x0000000081e00000|100%| O|  |TAMS 0x0000000081e00000, 0x0000000081e00000| Untracked 
|  30|0x0000000081e00000, 0x0000000081f00000, 0x0000000081f00000|100%| O|  |TAMS 0x0000000081f00000, 0x0000000081f00000| Untracked 
|  31|0x0000000081f00000, 0x0000000082000000, 0x0000000082000000|100%| O|  |TAMS 0x0000000082000000, 0x0000000082000000| Untracked 
|  32|0x0000000082000000, 0x0000000082100000, 0x0000000082100000|100%| O|  |TAMS 0x0000000082100000, 0x0000000082100000| Untracked 
|  33|0x0000000082100000, 0x0000000082200000, 0x0000000082200000|100%| O|  |TAMS 0x0000000082200000, 0x0000000082200000| Untracked 
|  34|0x0000000082200000, 0x0000000082300000, 0x0000000082300000|100%| O|  |TAMS 0x0000000082300000, 0x0000000082300000| Untracked 
|  35|0x0000000082300000, 0x0000000082400000, 0x0000000082400000|100%| O|  |TAMS 0x0000000082400000, 0x0000000082400000| Untracked 
|  36|0x0000000082400000, 0x0000000082500000, 0x0000000082500000|100%|HS|  |TAMS 0x0000000082500000, 0x0000000082500000| Complete 
|  37|0x0000000082500000, 0x0000000082600000, 0x0000000082600000|100%| O|  |TAMS 0x0000000082600000, 0x0000000082600000| Untracked 
|  38|0x0000000082600000, 0x0000000082700000, 0x0000000082700000|100%| O|  |TAMS 0x0000000082700000, 0x0000000082700000| Untracked 
|  39|0x0000000082700000, 0x0000000082800000, 0x0000000082800000|100%| O|  |TAMS 0x0000000082800000, 0x0000000082800000| Untracked 
|  40|0x0000000082800000, 0x0000000082900000, 0x0000000082900000|100%| O|  |TAMS 0x0000000082900000, 0x0000000082900000| Untracked 
|  41|0x0000000082900000, 0x0000000082a00000, 0x0000000082a00000|100%| O|  |TAMS 0x0000000082a00000, 0x0000000082a00000| Untracked 
|  42|0x0000000082a00000, 0x0000000082b00000, 0x0000000082b00000|100%| O|  |TAMS 0x0000000082b00000, 0x0000000082b00000| Untracked 
|  43|0x0000000082b00000, 0x0000000082c00000, 0x0000000082c00000|100%| O|  |TAMS 0x0000000082c00000, 0x0000000082c00000| Untracked 
|  44|0x0000000082c00000, 0x0000000082d00000, 0x0000000082d00000|100%|HS|  |TAMS 0x0000000082d00000, 0x0000000082d00000| Complete 
|  45|0x0000000082d00000, 0x0000000082e00000, 0x0000000082e00000|100%|HS|  |TAMS 0x0000000082e00000, 0x0000000082e00000| Complete 
|  46|0x0000000082e00000, 0x0000000082f00000, 0x0000000082f00000|100%| O|  |TAMS 0x0000000082f00000, 0x0000000082f00000| Untracked 
|  47|0x0000000082f00000, 0x0000000083000000, 0x0000000083000000|100%| O|  |TAMS 0x0000000083000000, 0x0000000083000000| Untracked 
|  48|0x0000000083000000, 0x0000000083100000, 0x0000000083100000|100%| O|  |TAMS 0x0000000083100000, 0x0000000083100000| Untracked 
|  49|0x0000000083100000, 0x0000000083200000, 0x0000000083200000|100%|HS|  |TAMS 0x0000000083200000, 0x0000000083200000| Complete 
|  50|0x0000000083200000, 0x0000000083300000, 0x0000000083300000|100%|HC|  |TAMS 0x0000000083300000, 0x0000000083300000| Complete 
|  51|0x0000000083300000, 0x0000000083400000, 0x0000000083400000|100%|HS|  |TAMS 0x0000000083400000, 0x0000000083400000| Complete 
|  52|0x0000000083400000, 0x0000000083500000, 0x0000000083500000|100%|HC|  |TAMS 0x0000000083500000, 0x0000000083500000| Complete 
|  53|0x0000000083500000, 0x0000000083600000, 0x0000000083600000|100%|HS|  |TAMS 0x0000000083600000, 0x0000000083600000| Complete 
|  54|0x0000000083600000, 0x0000000083700000, 0x0000000083700000|100%|HC|  |TAMS 0x0000000083700000, 0x0000000083700000| Complete 
|  55|0x0000000083700000, 0x0000000083800000, 0x0000000083800000|100%|HC|  |TAMS 0x0000000083800000, 0x0000000083800000| Complete 
|  56|0x0000000083800000, 0x0000000083900000, 0x0000000083900000|100%|HS|  |TAMS 0x0000000083900000, 0x0000000083900000| Complete 
|  57|0x0000000083900000, 0x0000000083a00000, 0x0000000083a00000|100%| O|  |TAMS 0x0000000083a00000, 0x0000000083a00000| Untracked 
|  58|0x0000000083a00000, 0x0000000083b00000, 0x0000000083b00000|100%|HS|  |TAMS 0x0000000083b00000, 0x0000000083b00000| Complete 
|  59|0x0000000083b00000, 0x0000000083c00000, 0x0000000083c00000|100%| O|  |TAMS 0x0000000083c00000, 0x0000000083c00000| Untracked 
|  60|0x0000000083c00000, 0x0000000083d00000, 0x0000000083d00000|100%| O|  |TAMS 0x0000000083d00000, 0x0000000083d00000| Untracked 
|  61|0x0000000083d00000, 0x0000000083e00000, 0x0000000083e00000|100%| O|  |TAMS 0x0000000083e00000, 0x0000000083e00000| Untracked 
|  62|0x0000000083e00000, 0x0000000083f00000, 0x0000000083f00000|100%|HS|  |TAMS 0x0000000083f00000, 0x0000000083f00000| Complete 
|  63|0x0000000083f00000, 0x0000000084000000, 0x0000000084000000|100%| O|  |TAMS 0x0000000084000000, 0x0000000084000000| Untracked 
|  64|0x0000000084000000, 0x0000000084100000, 0x0000000084100000|100%| O|  |TAMS 0x0000000084100000, 0x0000000084100000| Untracked 
|  65|0x0000000084100000, 0x0000000084200000, 0x0000000084200000|100%|HS|  |TAMS 0x0000000084200000, 0x0000000084200000| Complete 
|  66|0x0000000084200000, 0x0000000084300000, 0x0000000084300000|100%| O|  |TAMS 0x0000000084300000, 0x0000000084300000| Untracked 
|  67|0x0000000084300000, 0x0000000084400000, 0x0000000084400000|100%| O|  |TAMS 0x0000000084400000, 0x0000000084400000| Untracked 
|  68|0x0000000084400000, 0x0000000084500000, 0x0000000084500000|100%|HS|  |TAMS 0x0000000084500000, 0x0000000084500000| Complete 
|  69|0x0000000084500000, 0x0000000084600000, 0x0000000084600000|100%|HC|  |TAMS 0x0000000084600000, 0x0000000084600000| Complete 
|  70|0x0000000084600000, 0x0000000084700000, 0x0000000084700000|100%|HC|  |TAMS 0x0000000084700000, 0x0000000084700000| Complete 
|  71|0x0000000084700000, 0x0000000084800000, 0x0000000084800000|100%| O|  |TAMS 0x0000000084800000, 0x0000000084800000| Untracked 
|  72|0x0000000084800000, 0x0000000084900000, 0x0000000084900000|100%| O|  |TAMS 0x0000000084900000, 0x0000000084900000| Untracked 
|  73|0x0000000084900000, 0x0000000084a00000, 0x0000000084a00000|100%| O|  |TAMS 0x0000000084a00000, 0x0000000084a00000| Untracked 
|  74|0x0000000084a00000, 0x0000000084b00000, 0x0000000084b00000|100%| O|  |TAMS 0x0000000084b00000, 0x0000000084b00000| Untracked 
|  75|0x0000000084b00000, 0x0000000084c00000, 0x0000000084c00000|100%| O|  |TAMS 0x0000000084c00000, 0x0000000084c00000| Untracked 
|  76|0x0000000084c00000, 0x0000000084d00000, 0x0000000084d00000|100%| O|  |TAMS 0x0000000084d00000, 0x0000000084d00000| Untracked 
|  77|0x0000000084d00000, 0x0000000084e00000, 0x0000000084e00000|100%| O|  |TAMS 0x0000000084e00000, 0x0000000084e00000| Untracked 
|  78|0x0000000084e00000, 0x0000000084f00000, 0x0000000084f00000|100%| O|  |TAMS 0x0000000084f00000, 0x0000000084f00000| Untracked 
|  79|0x0000000084f00000, 0x0000000085000000, 0x0000000085000000|100%| O|  |TAMS 0x0000000085000000, 0x0000000085000000| Untracked 
|  80|0x0000000085000000, 0x0000000085100000, 0x0000000085100000|100%| O|  |TAMS 0x0000000085100000, 0x0000000085100000| Untracked 
|  81|0x0000000085100000, 0x0000000085200000, 0x0000000085200000|100%| O|  |TAMS 0x0000000085200000, 0x0000000085200000| Untracked 
|  82|0x0000000085200000, 0x0000000085300000, 0x0000000085300000|100%| O|  |TAMS 0x0000000085300000, 0x0000000085300000| Untracked 
|  83|0x0000000085300000, 0x0000000085400000, 0x0000000085400000|100%| O|  |TAMS 0x0000000085400000, 0x0000000085400000| Untracked 
|  84|0x0000000085400000, 0x0000000085500000, 0x0000000085500000|100%| O|  |TAMS 0x0000000085500000, 0x0000000085500000| Untracked 
|  85|0x0000000085500000, 0x0000000085600000, 0x0000000085600000|100%| O|  |TAMS 0x0000000085500000, 0x0000000085600000| Untracked 
|  86|0x0000000085600000, 0x0000000085700000, 0x0000000085700000|100%| O|  |TAMS 0x0000000085600000, 0x0000000085700000| Untracked 
|  87|0x0000000085700000, 0x0000000085800000, 0x0000000085800000|100%| O|  |TAMS 0x0000000085800000, 0x0000000085800000| Untracked 
|  88|0x0000000085800000, 0x0000000085900000, 0x0000000085900000|100%| O|  |TAMS 0x0000000085900000, 0x0000000085900000| Untracked 
|  89|0x0000000085900000, 0x0000000085a00000, 0x0000000085a00000|100%| O|  |TAMS 0x0000000085a00000, 0x0000000085a00000| Untracked 
|  90|0x0000000085a00000, 0x0000000085b00000, 0x0000000085b00000|100%| O|  |TAMS 0x0000000085b00000, 0x0000000085b00000| Untracked 
|  91|0x0000000085b00000, 0x0000000085c00000, 0x0000000085c00000|100%| O|  |TAMS 0x0000000085c00000, 0x0000000085c00000| Untracked 
|  92|0x0000000085c00000, 0x0000000085d00000, 0x0000000085d00000|100%| O|  |TAMS 0x0000000085d00000, 0x0000000085d00000| Untracked 
|  93|0x0000000085d00000, 0x0000000085e00000, 0x0000000085e00000|100%| O|  |TAMS 0x0000000085e00000, 0x0000000085e00000| Untracked 
|  94|0x0000000085e00000, 0x0000000085f00000, 0x0000000085f00000|100%| O|  |TAMS 0x0000000085f00000, 0x0000000085f00000| Untracked 
|  95|0x0000000085f00000, 0x0000000086000000, 0x0000000086000000|100%| O|  |TAMS 0x0000000086000000, 0x0000000086000000| Untracked 
|  96|0x0000000086000000, 0x0000000086100000, 0x0000000086100000|100%| O|  |TAMS 0x0000000086100000, 0x0000000086100000| Untracked 
|  97|0x0000000086100000, 0x0000000086200000, 0x0000000086200000|100%| O|  |TAMS 0x0000000086200000, 0x0000000086200000| Untracked 
|  98|0x0000000086200000, 0x0000000086300000, 0x0000000086300000|100%| O|  |TAMS 0x0000000086300000, 0x0000000086300000| Untracked 
|  99|0x0000000086300000, 0x0000000086400000, 0x0000000086400000|100%| O|  |TAMS 0x0000000086400000, 0x0000000086400000| Untracked 
| 100|0x0000000086400000, 0x0000000086500000, 0x0000000086500000|100%| O|  |TAMS 0x0000000086500000, 0x0000000086500000| Untracked 
| 101|0x0000000086500000, 0x0000000086600000, 0x0000000086600000|100%| O|  |TAMS 0x0000000086600000, 0x0000000086600000| Untracked 
| 102|0x0000000086600000, 0x0000000086700000, 0x0000000086700000|100%| O|  |TAMS 0x0000000086700000, 0x0000000086700000| Untracked 
| 103|0x0000000086700000, 0x0000000086800000, 0x0000000086800000|100%| O|  |TAMS 0x0000000086800000, 0x0000000086800000| Untracked 
| 104|0x0000000086800000, 0x0000000086900000, 0x0000000086900000|100%| O|  |TAMS 0x0000000086900000, 0x0000000086900000| Untracked 
| 105|0x0000000086900000, 0x0000000086a00000, 0x0000000086a00000|100%| O|  |TAMS 0x0000000086a00000, 0x0000000086a00000| Untracked 
| 106|0x0000000086a00000, 0x0000000086b00000, 0x0000000086b00000|100%| O|  |TAMS 0x0000000086b00000, 0x0000000086b00000| Untracked 
| 107|0x0000000086b00000, 0x0000000086c00000, 0x0000000086c00000|100%| O|  |TAMS 0x0000000086c00000, 0x0000000086c00000| Untracked 
| 108|0x0000000086c00000, 0x0000000086d00000, 0x0000000086d00000|100%| O|  |TAMS 0x0000000086d00000, 0x0000000086d00000| Untracked 
| 109|0x0000000086d00000, 0x0000000086e00000, 0x0000000086e00000|100%| O|  |TAMS 0x0000000086e00000, 0x0000000086e00000| Untracked 
| 110|0x0000000086e00000, 0x0000000086f00000, 0x0000000086f00000|100%| O|  |TAMS 0x0000000086f00000, 0x0000000086f00000| Untracked 
| 111|0x0000000086f00000, 0x0000000087000000, 0x0000000087000000|100%| O|  |TAMS 0x0000000087000000, 0x0000000087000000| Untracked 
| 112|0x0000000087000000, 0x0000000087100000, 0x0000000087100000|100%| O|  |TAMS 0x0000000087000000, 0x0000000087100000| Untracked 
| 113|0x0000000087100000, 0x0000000087200000, 0x0000000087200000|100%| O|  |TAMS 0x0000000087100000, 0x0000000087200000| Untracked 
| 114|0x0000000087200000, 0x0000000087300000, 0x0000000087300000|100%| O|  |TAMS 0x0000000087200000, 0x0000000087300000| Untracked 
| 115|0x0000000087300000, 0x0000000087400000, 0x0000000087400000|100%| O|  |TAMS 0x0000000087400000, 0x0000000087400000| Untracked 
| 116|0x0000000087400000, 0x0000000087500000, 0x0000000087500000|100%| O|  |TAMS 0x0000000087500000, 0x0000000087500000| Untracked 
| 117|0x0000000087500000, 0x0000000087600000, 0x0000000087600000|100%| O|  |TAMS 0x0000000087600000, 0x0000000087600000| Untracked 
| 118|0x0000000087600000, 0x0000000087700000, 0x0000000087700000|100%| O|  |TAMS 0x0000000087700000, 0x0000000087700000| Untracked 
| 119|0x0000000087700000, 0x0000000087800000, 0x0000000087800000|100%| O|  |TAMS 0x0000000087800000, 0x0000000087800000| Untracked 
| 120|0x0000000087800000, 0x0000000087900000, 0x0000000087900000|100%| O|  |TAMS 0x0000000087900000, 0x0000000087900000| Untracked 
| 121|0x0000000087900000, 0x0000000087a00000, 0x0000000087a00000|100%| O|  |TAMS 0x0000000087a00000, 0x0000000087a00000| Untracked 
| 122|0x0000000087a00000, 0x0000000087b00000, 0x0000000087b00000|100%| O|  |TAMS 0x0000000087b00000, 0x0000000087b00000| Untracked 
| 123|0x0000000087b00000, 0x0000000087c00000, 0x0000000087c00000|100%| O|  |TAMS 0x0000000087c00000, 0x0000000087c00000| Untracked 
| 124|0x0000000087c00000, 0x0000000087d00000, 0x0000000087d00000|100%| O|  |TAMS 0x0000000087d00000, 0x0000000087d00000| Untracked 
| 125|0x0000000087d00000, 0x0000000087e00000, 0x0000000087e00000|100%| O|  |TAMS 0x0000000087e00000, 0x0000000087e00000| Untracked 
| 126|0x0000000087e00000, 0x0000000087f00000, 0x0000000087f00000|100%| O|  |TAMS 0x0000000087f00000, 0x0000000087f00000| Untracked 
| 127|0x0000000087f00000, 0x0000000088000000, 0x0000000088000000|100%| O|  |TAMS 0x0000000088000000, 0x0000000088000000| Untracked 
| 128|0x0000000088000000, 0x0000000088100000, 0x0000000088100000|100%| O|  |TAMS 0x0000000088100000, 0x0000000088100000| Untracked 
| 129|0x0000000088100000, 0x0000000088200000, 0x0000000088200000|100%| O|  |TAMS 0x0000000088200000, 0x0000000088200000| Untracked 
| 130|0x0000000088200000, 0x0000000088300000, 0x0000000088300000|100%| O|  |TAMS 0x0000000088300000, 0x0000000088300000| Untracked 
| 131|0x0000000088300000, 0x0000000088400000, 0x0000000088400000|100%| O|  |TAMS 0x0000000088300000, 0x0000000088400000| Untracked 
| 132|0x0000000088400000, 0x0000000088500000, 0x0000000088500000|100%| O|  |TAMS 0x0000000088500000, 0x0000000088500000| Untracked 
| 133|0x0000000088500000, 0x0000000088600000, 0x0000000088600000|100%| O|  |TAMS 0x0000000088600000, 0x0000000088600000| Untracked 
| 134|0x0000000088600000, 0x0000000088700000, 0x0000000088700000|100%| O|  |TAMS 0x0000000088700000, 0x0000000088700000| Untracked 
| 135|0x0000000088700000, 0x0000000088800000, 0x0000000088800000|100%| O|  |TAMS 0x0000000088800000, 0x0000000088800000| Untracked 
| 136|0x0000000088800000, 0x0000000088900000, 0x0000000088900000|100%| O|  |TAMS 0x0000000088900000, 0x0000000088900000| Untracked 
| 137|0x0000000088900000, 0x0000000088a00000, 0x0000000088a00000|100%| O|  |TAMS 0x0000000088a00000, 0x0000000088a00000| Untracked 
| 138|0x0000000088a00000, 0x0000000088b00000, 0x0000000088b00000|100%| O|  |TAMS 0x0000000088b00000, 0x0000000088b00000| Untracked 
| 139|0x0000000088b00000, 0x0000000088c00000, 0x0000000088c00000|100%| O|  |TAMS 0x0000000088c00000, 0x0000000088c00000| Untracked 
| 140|0x0000000088c00000, 0x0000000088d00000, 0x0000000088d00000|100%| O|  |TAMS 0x0000000088c00000, 0x0000000088d00000| Untracked 
| 141|0x0000000088d00000, 0x0000000088e00000, 0x0000000088e00000|100%| O|  |TAMS 0x0000000088d00000, 0x0000000088e00000| Untracked 
| 142|0x0000000088e00000, 0x0000000088f00000, 0x0000000088f00000|100%| O|  |TAMS 0x0000000088e00000, 0x0000000088f00000| Untracked 
| 143|0x0000000088f00000, 0x0000000089000000, 0x0000000089000000|100%| O|  |TAMS 0x0000000088f00000, 0x0000000089000000| Untracked 
| 144|0x0000000089000000, 0x0000000089100000, 0x0000000089100000|100%| O|  |TAMS 0x0000000089100000, 0x0000000089100000| Untracked 
| 145|0x0000000089100000, 0x0000000089200000, 0x0000000089200000|100%| O|  |TAMS 0x0000000089200000, 0x0000000089200000| Untracked 
| 146|0x0000000089200000, 0x0000000089300000, 0x0000000089300000|100%|HS|  |TAMS 0x0000000089300000, 0x0000000089300000| Complete 
| 147|0x0000000089300000, 0x0000000089400000, 0x0000000089400000|100%|HC|  |TAMS 0x0000000089400000, 0x0000000089400000| Complete 
| 148|0x0000000089400000, 0x0000000089500000, 0x0000000089500000|100%| O|  |TAMS 0x0000000089500000, 0x0000000089500000| Untracked 
| 149|0x0000000089500000, 0x0000000089600000, 0x0000000089600000|100%| O|  |TAMS 0x0000000089600000, 0x0000000089600000| Untracked 
| 150|0x0000000089600000, 0x0000000089700000, 0x0000000089700000|100%| O|  |TAMS 0x0000000089600000, 0x0000000089700000| Untracked 
| 151|0x0000000089700000, 0x0000000089800000, 0x0000000089800000|100%| O|  |TAMS 0x0000000089700000, 0x0000000089800000| Untracked 
| 152|0x0000000089800000, 0x0000000089900000, 0x0000000089900000|100%| O|  |TAMS 0x0000000089800000, 0x0000000089900000| Untracked 
| 153|0x0000000089900000, 0x0000000089a00000, 0x0000000089a00000|100%| O|  |TAMS 0x0000000089900000, 0x0000000089a00000| Untracked 
| 154|0x0000000089a00000, 0x0000000089b00000, 0x0000000089b00000|100%| O|  |TAMS 0x0000000089a00000, 0x0000000089b00000| Untracked 
| 155|0x0000000089b00000, 0x0000000089c00000, 0x0000000089c00000|100%| O|  |TAMS 0x0000000089b00000, 0x0000000089c00000| Untracked 
| 156|0x0000000089c00000, 0x0000000089d00000, 0x0000000089d00000|100%| O|  |TAMS 0x0000000089c00000, 0x0000000089d00000| Untracked 
| 157|0x0000000089d00000, 0x0000000089e00000, 0x0000000089e00000|100%| O|  |TAMS 0x0000000089e00000, 0x0000000089e00000| Untracked 
| 158|0x0000000089e00000, 0x0000000089f00000, 0x0000000089f00000|100%| O|  |TAMS 0x0000000089e00000, 0x0000000089f00000| Untracked 
| 159|0x0000000089f00000, 0x000000008a000000, 0x000000008a000000|100%| O|  |TAMS 0x0000000089f00000, 0x000000008a000000| Untracked 
| 160|0x000000008a000000, 0x000000008a100000, 0x000000008a100000|100%| O|  |TAMS 0x000000008a000000, 0x000000008a100000| Untracked 
| 161|0x000000008a100000, 0x000000008a200000, 0x000000008a200000|100%| O|  |TAMS 0x000000008a100000, 0x000000008a200000| Untracked 
| 162|0x000000008a200000, 0x000000008a300000, 0x000000008a300000|100%| O|  |TAMS 0x000000008a200000, 0x000000008a300000| Untracked 
| 163|0x000000008a300000, 0x000000008a400000, 0x000000008a400000|100%| O|  |TAMS 0x000000008a300000, 0x000000008a400000| Untracked 
| 164|0x000000008a400000, 0x000000008a500000, 0x000000008a500000|100%| O|  |TAMS 0x000000008a400000, 0x000000008a500000| Untracked 
| 165|0x000000008a500000, 0x000000008a600000, 0x000000008a600000|100%| O|  |TAMS 0x000000008a500000, 0x000000008a600000| Untracked 
| 166|0x000000008a600000, 0x000000008a700000, 0x000000008a700000|100%| O|  |TAMS 0x000000008a600000, 0x000000008a700000| Untracked 
| 167|0x000000008a700000, 0x000000008a800000, 0x000000008a800000|100%| O|  |TAMS 0x000000008a700000, 0x000000008a800000| Untracked 
| 168|0x000000008a800000, 0x000000008a900000, 0x000000008a900000|100%| O|  |TAMS 0x000000008a800000, 0x000000008a900000| Untracked 
| 169|0x000000008a900000, 0x000000008aa00000, 0x000000008aa00000|100%| O|  |TAMS 0x000000008aa00000, 0x000000008aa00000| Untracked 
| 170|0x000000008aa00000, 0x000000008ab00000, 0x000000008ab00000|100%| O|  |TAMS 0x000000008ab00000, 0x000000008ab00000| Untracked 
| 171|0x000000008ab00000, 0x000000008ac00000, 0x000000008ac00000|100%| O|  |TAMS 0x000000008ac00000, 0x000000008ac00000| Untracked 
| 172|0x000000008ac00000, 0x000000008ad00000, 0x000000008ad00000|100%| O|  |TAMS 0x000000008ad00000, 0x000000008ad00000| Untracked 
| 173|0x000000008ad00000, 0x000000008ae00000, 0x000000008ae00000|100%|HS|  |TAMS 0x000000008ae00000, 0x000000008ae00000| Complete 
| 174|0x000000008ae00000, 0x000000008af00000, 0x000000008af00000|100%|HC|  |TAMS 0x000000008af00000, 0x000000008af00000| Complete 
| 175|0x000000008af00000, 0x000000008b000000, 0x000000008b000000|100%|HS|  |TAMS 0x000000008b000000, 0x000000008b000000| Complete 
| 176|0x000000008b000000, 0x000000008b100000, 0x000000008b100000|100%|HC|  |TAMS 0x000000008b100000, 0x000000008b100000| Complete 
| 177|0x000000008b100000, 0x000000008b200000, 0x000000008b200000|100%| O|  |TAMS 0x000000008b200000, 0x000000008b200000| Untracked 
| 178|0x000000008b200000, 0x000000008b300000, 0x000000008b300000|100%| O|  |TAMS 0x000000008b300000, 0x000000008b300000| Untracked 
| 179|0x000000008b300000, 0x000000008b400000, 0x000000008b400000|100%| O|  |TAMS 0x000000008b400000, 0x000000008b400000| Untracked 
| 180|0x000000008b400000, 0x000000008b500000, 0x000000008b500000|100%| O|  |TAMS 0x000000008b500000, 0x000000008b500000| Untracked 
| 181|0x000000008b500000, 0x000000008b600000, 0x000000008b600000|100%| O|  |TAMS 0x000000008b600000, 0x000000008b600000| Untracked 
| 182|0x000000008b600000, 0x000000008b700000, 0x000000008b700000|100%| O|  |TAMS 0x000000008b700000, 0x000000008b700000| Untracked 
| 183|0x000000008b700000, 0x000000008b800000, 0x000000008b800000|100%| O|  |TAMS 0x000000008b800000, 0x000000008b800000| Untracked 
| 184|0x000000008b800000, 0x000000008b900000, 0x000000008b900000|100%| O|  |TAMS 0x000000008b900000, 0x000000008b900000| Untracked 
| 185|0x000000008b900000, 0x000000008ba00000, 0x000000008ba00000|100%| O|  |TAMS 0x000000008ba00000, 0x000000008ba00000| Untracked 
| 186|0x000000008ba00000, 0x000000008bb00000, 0x000000008bb00000|100%| O|  |TAMS 0x000000008bb00000, 0x000000008bb00000| Untracked 
| 187|0x000000008bb00000, 0x000000008bc00000, 0x000000008bc00000|100%| O|  |TAMS 0x000000008bc00000, 0x000000008bc00000| Untracked 
| 188|0x000000008bc00000, 0x000000008bd00000, 0x000000008bd00000|100%| O|  |TAMS 0x000000008bd00000, 0x000000008bd00000| Untracked 
| 189|0x000000008bd00000, 0x000000008be00000, 0x000000008be00000|100%| O|  |TAMS 0x000000008be00000, 0x000000008be00000| Untracked 
| 190|0x000000008be00000, 0x000000008bf00000, 0x000000008bf00000|100%| O|  |TAMS 0x000000008bf00000, 0x000000008bf00000| Untracked 
| 191|0x000000008bf00000, 0x000000008c000000, 0x000000008c000000|100%| O|  |TAMS 0x000000008c000000, 0x000000008c000000| Untracked 
| 192|0x000000008c000000, 0x000000008c100000, 0x000000008c100000|100%| O|  |TAMS 0x000000008c100000, 0x000000008c100000| Untracked 
| 193|0x000000008c100000, 0x000000008c200000, 0x000000008c200000|100%| O|  |TAMS 0x000000008c200000, 0x000000008c200000| Untracked 
| 194|0x000000008c200000, 0x000000008c300000, 0x000000008c300000|100%| O|  |TAMS 0x000000008c300000, 0x000000008c300000| Untracked 
| 195|0x000000008c300000, 0x000000008c400000, 0x000000008c400000|100%| O|  |TAMS 0x000000008c400000, 0x000000008c400000| Untracked 
| 196|0x000000008c400000, 0x000000008c500000, 0x000000008c500000|100%| O|  |TAMS 0x000000008c500000, 0x000000008c500000| Untracked 
| 197|0x000000008c500000, 0x000000008c600000, 0x000000008c600000|100%|HS|  |TAMS 0x000000008c600000, 0x000000008c600000| Complete 
| 198|0x000000008c600000, 0x000000008c700000, 0x000000008c700000|100%|HC|  |TAMS 0x000000008c700000, 0x000000008c700000| Complete 
| 199|0x000000008c700000, 0x000000008c800000, 0x000000008c800000|100%| O|  |TAMS 0x000000008c800000, 0x000000008c800000| Untracked 
| 200|0x000000008c800000, 0x000000008c900000, 0x000000008c900000|100%| O|  |TAMS 0x000000008c900000, 0x000000008c900000| Untracked 
| 201|0x000000008c900000, 0x000000008ca00000, 0x000000008ca00000|100%| O|  |TAMS 0x000000008ca00000, 0x000000008ca00000| Untracked 
| 202|0x000000008ca00000, 0x000000008cb00000, 0x000000008cb00000|100%| O|  |TAMS 0x000000008cb00000, 0x000000008cb00000| Untracked 
| 203|0x000000008cb00000, 0x000000008cc00000, 0x000000008cc00000|100%| O|  |TAMS 0x000000008cc00000, 0x000000008cc00000| Untracked 
| 204|0x000000008cc00000, 0x000000008cd00000, 0x000000008cd00000|100%| O|  |TAMS 0x000000008cc00000, 0x000000008cd00000| Untracked 
| 205|0x000000008cd00000, 0x000000008ce00000, 0x000000008ce00000|100%| O|  |TAMS 0x000000008ce00000, 0x000000008ce00000| Untracked 
| 206|0x000000008ce00000, 0x000000008cf00000, 0x000000008cf00000|100%| O|  |TAMS 0x000000008cf00000, 0x000000008cf00000| Untracked 
| 207|0x000000008cf00000, 0x000000008d000000, 0x000000008d000000|100%| O|  |TAMS 0x000000008d000000, 0x000000008d000000| Untracked 
| 208|0x000000008d000000, 0x000000008d100000, 0x000000008d100000|100%| O|  |TAMS 0x000000008d100000, 0x000000008d100000| Untracked 
| 209|0x000000008d100000, 0x000000008d200000, 0x000000008d200000|100%| O|  |TAMS 0x000000008d200000, 0x000000008d200000| Untracked 
| 210|0x000000008d200000, 0x000000008d300000, 0x000000008d300000|100%| O|  |TAMS 0x000000008d300000, 0x000000008d300000| Untracked 
| 211|0x000000008d300000, 0x000000008d400000, 0x000000008d400000|100%| O|  |TAMS 0x000000008d400000, 0x000000008d400000| Untracked 
| 212|0x000000008d400000, 0x000000008d500000, 0x000000008d500000|100%| O|  |TAMS 0x000000008d500000, 0x000000008d500000| Untracked 
| 213|0x000000008d500000, 0x000000008d600000, 0x000000008d600000|100%| O|  |TAMS 0x000000008d600000, 0x000000008d600000| Untracked 
| 214|0x000000008d600000, 0x000000008d700000, 0x000000008d700000|100%| O|  |TAMS 0x000000008d700000, 0x000000008d700000| Untracked 
| 215|0x000000008d700000, 0x000000008d800000, 0x000000008d800000|100%| O|  |TAMS 0x000000008d800000, 0x000000008d800000| Untracked 
| 216|0x000000008d800000, 0x000000008d900000, 0x000000008d900000|100%| O|  |TAMS 0x000000008d900000, 0x000000008d900000| Untracked 
| 217|0x000000008d900000, 0x000000008da00000, 0x000000008da00000|100%| O|  |TAMS 0x000000008da00000, 0x000000008da00000| Untracked 
| 218|0x000000008da00000, 0x000000008db00000, 0x000000008db00000|100%| O|  |TAMS 0x000000008db00000, 0x000000008db00000| Untracked 
| 219|0x000000008db00000, 0x000000008dc00000, 0x000000008dc00000|100%| O|  |TAMS 0x000000008dc00000, 0x000000008dc00000| Untracked 
| 220|0x000000008dc00000, 0x000000008dd00000, 0x000000008dd00000|100%| O|  |TAMS 0x000000008dd00000, 0x000000008dd00000| Untracked 
| 221|0x000000008dd00000, 0x000000008de00000, 0x000000008de00000|100%| O|  |TAMS 0x000000008de00000, 0x000000008de00000| Untracked 
| 222|0x000000008de00000, 0x000000008df00000, 0x000000008df00000|100%| O|  |TAMS 0x000000008dea7600, 0x000000008df00000| Untracked 
| 223|0x000000008df00000, 0x000000008e000000, 0x000000008e000000|100%| O|  |TAMS 0x000000008df00000, 0x000000008e000000| Untracked 
| 224|0x000000008e000000, 0x000000008e100000, 0x000000008e100000|100%| O|  |TAMS 0x000000008e000000, 0x000000008e100000| Untracked 
| 225|0x000000008e100000, 0x000000008e200000, 0x000000008e200000|100%| O|  |TAMS 0x000000008e100000, 0x000000008e200000| Untracked 
| 226|0x000000008e200000, 0x000000008e300000, 0x000000008e300000|100%| O|  |TAMS 0x000000008e200000, 0x000000008e300000| Untracked 
| 227|0x000000008e300000, 0x000000008e400000, 0x000000008e400000|100%| O|  |TAMS 0x000000008e300000, 0x000000008e400000| Untracked 
| 228|0x000000008e400000, 0x000000008e500000, 0x000000008e500000|100%| O|  |TAMS 0x000000008e400000, 0x000000008e500000| Untracked 
| 229|0x000000008e500000, 0x000000008e600000, 0x000000008e600000|100%| O|  |TAMS 0x000000008e500000, 0x000000008e600000| Untracked 
| 230|0x000000008e600000, 0x000000008e700000, 0x000000008e700000|100%| O|  |TAMS 0x000000008e600000, 0x000000008e700000| Untracked 
| 231|0x000000008e700000, 0x000000008e800000, 0x000000008e800000|100%| O|  |TAMS 0x000000008e700000, 0x000000008e800000| Untracked 
| 232|0x000000008e800000, 0x000000008e900000, 0x000000008e900000|100%| O|  |TAMS 0x000000008e800000, 0x000000008e900000| Untracked 
| 233|0x000000008e900000, 0x000000008ea00000, 0x000000008ea00000|100%| O|  |TAMS 0x000000008e900000, 0x000000008e900000| Untracked 
| 234|0x000000008ea00000, 0x000000008eb00000, 0x000000008eb00000|100%| O|  |TAMS 0x000000008ea00000, 0x000000008ea00000| Untracked 
| 235|0x000000008eb00000, 0x000000008ec00000, 0x000000008ec00000|100%| O|  |TAMS 0x000000008eb00000, 0x000000008eb00000| Untracked 
| 236|0x000000008ec00000, 0x000000008ed00000, 0x000000008ed00000|100%| O|  |TAMS 0x000000008ec00000, 0x000000008ec00000| Untracked 
| 237|0x000000008ed00000, 0x000000008ee00000, 0x000000008ee00000|100%| O|  |TAMS 0x000000008ed00000, 0x000000008ee00000| Untracked 
| 238|0x000000008ee00000, 0x000000008ef00000, 0x000000008ef00000|100%| O|  |TAMS 0x000000008ee00000, 0x000000008eec2600| Untracked 
| 239|0x000000008ef00000, 0x000000008f000000, 0x000000008f000000|100%| O|  |TAMS 0x000000008ef00000, 0x000000008ef00000| Untracked 
| 240|0x000000008f000000, 0x000000008f100000, 0x000000008f100000|100%| O|  |TAMS 0x000000008f000000, 0x000000008f000000| Untracked 
| 241|0x000000008f100000, 0x000000008f200000, 0x000000008f200000|100%| O|  |TAMS 0x000000008f100000, 0x000000008f100000| Untracked 
| 242|0x000000008f200000, 0x000000008f300000, 0x000000008f300000|100%| O|  |TAMS 0x000000008f200000, 0x000000008f200000| Untracked 
| 243|0x000000008f300000, 0x000000008f400000, 0x000000008f400000|100%| O|  |TAMS 0x000000008f300000, 0x000000008f300000| Untracked 
| 244|0x000000008f400000, 0x000000008f500000, 0x000000008f500000|100%| O|  |TAMS 0x000000008f400000, 0x000000008f400000| Untracked 
| 245|0x000000008f500000, 0x000000008f600000, 0x000000008f600000|100%| O|  |TAMS 0x000000008f500000, 0x000000008f500000| Untracked 
| 246|0x000000008f600000, 0x000000008f700000, 0x000000008f700000|100%| O|  |TAMS 0x000000008f600000, 0x000000008f600000| Untracked 
| 247|0x000000008f700000, 0x000000008f800000, 0x000000008f800000|100%| O|  |TAMS 0x000000008f700000, 0x000000008f700000| Untracked 
| 248|0x000000008f800000, 0x000000008f900000, 0x000000008f900000|100%| O|  |TAMS 0x000000008f800000, 0x000000008f800000| Untracked 
| 249|0x000000008f900000, 0x000000008fa00000, 0x000000008fa00000|100%| O|  |TAMS 0x000000008f900000, 0x000000008f900000| Untracked 
| 250|0x000000008fa00000, 0x000000008fb00000, 0x000000008fb00000|100%| O|  |TAMS 0x000000008fa00000, 0x000000008fa00000| Untracked 
| 251|0x000000008fb00000, 0x000000008fc00000, 0x000000008fc00000|100%| O|  |TAMS 0x000000008fb00000, 0x000000008fb00000| Untracked 
| 252|0x000000008fc00000, 0x000000008fd00000, 0x000000008fd00000|100%| O|  |TAMS 0x000000008fc00000, 0x000000008fc00000| Untracked 
| 253|0x000000008fd00000, 0x000000008fe00000, 0x000000008fe00000|100%| O|  |TAMS 0x000000008fd00000, 0x000000008fd00000| Untracked 
| 254|0x000000008fe00000, 0x000000008ff00000, 0x000000008ff00000|100%| O|  |TAMS 0x000000008fe00000, 0x000000008fe00000| Untracked 
| 255|0x000000008ff00000, 0x0000000090000000, 0x0000000090000000|100%| O|  |TAMS 0x000000008ff00000, 0x000000008ff00000| Untracked 
| 256|0x0000000090000000, 0x0000000090100000, 0x0000000090100000|100%| O|  |TAMS 0x0000000090000000, 0x0000000090000000| Untracked 
| 257|0x0000000090100000, 0x0000000090200000, 0x0000000090200000|100%| O|  |TAMS 0x0000000090100000, 0x0000000090100000| Untracked 
| 258|0x0000000090200000, 0x0000000090300000, 0x0000000090300000|100%| O|  |TAMS 0x0000000090200000, 0x0000000090200000| Untracked 
| 259|0x0000000090300000, 0x0000000090400000, 0x0000000090400000|100%| O|  |TAMS 0x0000000090300000, 0x0000000090300000| Untracked 
| 260|0x0000000090400000, 0x0000000090500000, 0x0000000090500000|100%| O|  |TAMS 0x0000000090400000, 0x0000000090400000| Untracked 
| 261|0x0000000090500000, 0x0000000090600000, 0x0000000090600000|100%| O|  |TAMS 0x0000000090500000, 0x0000000090500000| Untracked 
| 262|0x0000000090600000, 0x0000000090700000, 0x0000000090700000|100%| O|  |TAMS 0x0000000090600000, 0x0000000090600000| Untracked 
| 263|0x0000000090700000, 0x0000000090800000, 0x0000000090800000|100%| O|  |TAMS 0x0000000090700000, 0x0000000090700000| Untracked 
| 264|0x0000000090800000, 0x0000000090900000, 0x0000000090900000|100%| O|  |TAMS 0x0000000090800000, 0x0000000090800000| Untracked 
| 265|0x0000000090900000, 0x0000000090a00000, 0x0000000090a00000|100%| O|  |TAMS 0x0000000090900000, 0x0000000090900000| Untracked 
| 266|0x0000000090a00000, 0x0000000090b00000, 0x0000000090b00000|100%| O|  |TAMS 0x0000000090a00000, 0x0000000090a00000| Untracked 
| 267|0x0000000090b00000, 0x0000000090c00000, 0x0000000090c00000|100%| O|  |TAMS 0x0000000090b00000, 0x0000000090b00000| Untracked 
| 268|0x0000000090c00000, 0x0000000090d00000, 0x0000000090d00000|100%| O|  |TAMS 0x0000000090c00000, 0x0000000090c00000| Untracked 
| 269|0x0000000090d00000, 0x0000000090e00000, 0x0000000090e00000|100%| O|  |TAMS 0x0000000090d00000, 0x0000000090d00000| Untracked 
| 270|0x0000000090e00000, 0x0000000090f00000, 0x0000000090f00000|100%| O|  |TAMS 0x0000000090e00000, 0x0000000090e00000| Untracked 
| 271|0x0000000090f00000, 0x0000000091000000, 0x0000000091000000|100%| O|  |TAMS 0x0000000090f00000, 0x0000000090f00000| Untracked 
| 272|0x0000000091000000, 0x0000000091100000, 0x0000000091100000|100%| O|  |TAMS 0x0000000091000000, 0x0000000091000000| Untracked 
| 273|0x0000000091100000, 0x0000000091200000, 0x0000000091200000|100%| O|  |TAMS 0x0000000091100000, 0x0000000091100000| Untracked 
| 274|0x0000000091200000, 0x0000000091300000, 0x0000000091300000|100%|HS|  |TAMS 0x0000000091200000, 0x0000000091200000| Complete 
| 275|0x0000000091300000, 0x0000000091400000, 0x0000000091400000|100%|HC|  |TAMS 0x0000000091300000, 0x0000000091300000| Complete 
| 276|0x0000000091400000, 0x0000000091500000, 0x0000000091500000|100%|HS|  |TAMS 0x0000000091400000, 0x0000000091400000| Complete 
| 277|0x0000000091500000, 0x0000000091600000, 0x0000000091600000|100%|HC|  |TAMS 0x0000000091500000, 0x0000000091500000| Complete 
| 278|0x0000000091600000, 0x0000000091700000, 0x0000000091700000|100%|HS|  |TAMS 0x0000000091600000, 0x0000000091600000| Complete 
| 279|0x0000000091700000, 0x0000000091800000, 0x0000000091800000|100%|HC|  |TAMS 0x0000000091700000, 0x0000000091700000| Complete 
| 280|0x0000000091800000, 0x0000000091900000, 0x0000000091900000|100%| O|  |TAMS 0x0000000091800000, 0x0000000091800000| Untracked 
| 281|0x0000000091900000, 0x0000000091a00000, 0x0000000091a00000|100%| O|  |TAMS 0x0000000091900000, 0x0000000091900000| Untracked 
| 282|0x0000000091a00000, 0x0000000091b00000, 0x0000000091b00000|100%| O|  |TAMS 0x0000000091a00000, 0x0000000091a00000| Untracked 
| 283|0x0000000091b00000, 0x0000000091c00000, 0x0000000091c00000|100%| O|  |TAMS 0x0000000091b00000, 0x0000000091b00000| Untracked 
| 284|0x0000000091c00000, 0x0000000091d00000, 0x0000000091d00000|100%| O|  |TAMS 0x0000000091c00000, 0x0000000091c00000| Untracked 
| 285|0x0000000091d00000, 0x0000000091e00000, 0x0000000091e00000|100%| O|  |TAMS 0x0000000091d00000, 0x0000000091d00000| Untracked 
| 286|0x0000000091e00000, 0x0000000091f00000, 0x0000000091f00000|100%| O|  |TAMS 0x0000000091e00000, 0x0000000091e00000| Untracked 
| 287|0x0000000091f00000, 0x0000000092000000, 0x0000000092000000|100%| O|  |TAMS 0x0000000091f00000, 0x0000000091f00000| Untracked 
| 288|0x0000000092000000, 0x0000000092100000, 0x0000000092100000|100%| O|  |TAMS 0x0000000092000000, 0x0000000092000000| Untracked 
| 289|0x0000000092100000, 0x0000000092200000, 0x0000000092200000|100%| O|  |TAMS 0x0000000092100000, 0x0000000092100000| Untracked 
| 290|0x0000000092200000, 0x0000000092300000, 0x0000000092300000|100%| O|  |TAMS 0x0000000092200000, 0x0000000092200000| Untracked 
| 291|0x0000000092300000, 0x0000000092400000, 0x0000000092400000|100%| O|  |TAMS 0x0000000092300000, 0x0000000092300000| Untracked 
| 292|0x0000000092400000, 0x0000000092500000, 0x0000000092500000|100%| O|  |TAMS 0x0000000092400000, 0x0000000092400000| Untracked 
| 293|0x0000000092500000, 0x0000000092600000, 0x0000000092600000|100%| O|  |TAMS 0x0000000092500000, 0x0000000092500000| Untracked 
| 294|0x0000000092600000, 0x0000000092700000, 0x0000000092700000|100%| O|  |TAMS 0x0000000092600000, 0x0000000092600000| Untracked 
| 295|0x0000000092700000, 0x0000000092800000, 0x0000000092800000|100%| O|  |TAMS 0x0000000092700000, 0x0000000092700000| Untracked 
| 296|0x0000000092800000, 0x0000000092900000, 0x0000000092900000|100%| O|  |TAMS 0x0000000092800000, 0x0000000092800000| Untracked 
| 297|0x0000000092900000, 0x0000000092a00000, 0x0000000092a00000|100%| O|  |TAMS 0x0000000092900000, 0x0000000092900000| Untracked 
| 298|0x0000000092a00000, 0x0000000092b00000, 0x0000000092b00000|100%| O|  |TAMS 0x0000000092a00000, 0x0000000092a00000| Untracked 
| 299|0x0000000092b00000, 0x0000000092c00000, 0x0000000092c00000|100%| O|  |TAMS 0x0000000092b00000, 0x0000000092b00000| Untracked 
| 300|0x0000000092c00000, 0x0000000092d00000, 0x0000000092d00000|100%| O|  |TAMS 0x0000000092c00000, 0x0000000092c00000| Untracked 
| 301|0x0000000092d00000, 0x0000000092e00000, 0x0000000092e00000|100%| O|  |TAMS 0x0000000092d00000, 0x0000000092d00000| Untracked 
| 302|0x0000000092e00000, 0x0000000092f00000, 0x0000000092f00000|100%| O|  |TAMS 0x0000000092e00000, 0x0000000092e00000| Untracked 
| 303|0x0000000092f00000, 0x0000000093000000, 0x0000000093000000|100%| O|  |TAMS 0x0000000092f00000, 0x0000000092f00000| Untracked 
| 304|0x0000000093000000, 0x0000000093100000, 0x0000000093100000|100%| O|  |TAMS 0x0000000093000000, 0x0000000093000000| Untracked 
| 305|0x0000000093100000, 0x0000000093200000, 0x0000000093200000|100%| O|  |TAMS 0x0000000093100000, 0x0000000093100000| Untracked 
| 306|0x0000000093200000, 0x0000000093300000, 0x0000000093300000|100%| O|  |TAMS 0x0000000093200000, 0x0000000093200000| Untracked 
| 307|0x0000000093300000, 0x0000000093400000, 0x0000000093400000|100%| O|  |TAMS 0x0000000093300000, 0x0000000093300000| Untracked 
| 308|0x0000000093400000, 0x0000000093500000, 0x0000000093500000|100%| O|  |TAMS 0x0000000093400000, 0x0000000093400000| Untracked 
| 309|0x0000000093500000, 0x0000000093600000, 0x0000000093600000|100%| O|  |TAMS 0x0000000093500000, 0x0000000093500000| Untracked 
| 310|0x0000000093600000, 0x0000000093700000, 0x0000000093700000|100%| O|  |TAMS 0x0000000093600000, 0x0000000093600000| Untracked 
| 311|0x0000000093700000, 0x0000000093800000, 0x0000000093800000|100%| O|  |TAMS 0x0000000093700000, 0x0000000093700000| Untracked 
| 312|0x0000000093800000, 0x0000000093900000, 0x0000000093900000|100%|HS|  |TAMS 0x0000000093800000, 0x0000000093800000| Complete 
| 313|0x0000000093900000, 0x0000000093a00000, 0x0000000093a00000|100%|HC|  |TAMS 0x0000000093900000, 0x0000000093900000| Complete 
| 314|0x0000000093a00000, 0x0000000093b00000, 0x0000000093b00000|100%|HS|  |TAMS 0x0000000093a00000, 0x0000000093a00000| Complete 
| 315|0x0000000093b00000, 0x0000000093c00000, 0x0000000093c00000|100%|HC|  |TAMS 0x0000000093b00000, 0x0000000093b00000| Complete 
| 316|0x0000000093c00000, 0x0000000093d00000, 0x0000000093d00000|100%| O|  |TAMS 0x0000000093c00000, 0x0000000093c00000| Untracked 
| 317|0x0000000093d00000, 0x0000000093e00000, 0x0000000093e00000|100%| O|  |TAMS 0x0000000093d00000, 0x0000000093d00000| Untracked 
| 318|0x0000000093e00000, 0x0000000093f00000, 0x0000000093f00000|100%| O|  |TAMS 0x0000000093e00000, 0x0000000093e00000| Untracked 
| 319|0x0000000093f00000, 0x0000000094000000, 0x0000000094000000|100%| O|  |TAMS 0x0000000093f00000, 0x0000000093f00000| Untracked 
| 320|0x0000000094000000, 0x0000000094100000, 0x0000000094100000|100%| O|  |TAMS 0x0000000094000000, 0x0000000094000000| Untracked 
| 321|0x0000000094100000, 0x0000000094200000, 0x0000000094200000|100%| O|  |TAMS 0x0000000094100000, 0x0000000094100000| Untracked 
| 322|0x0000000094200000, 0x0000000094300000, 0x0000000094300000|100%| O|  |TAMS 0x0000000094200000, 0x0000000094200000| Untracked 
| 323|0x0000000094300000, 0x0000000094400000, 0x0000000094400000|100%| O|  |TAMS 0x0000000094300000, 0x0000000094300000| Untracked 
| 324|0x0000000094400000, 0x0000000094500000, 0x0000000094500000|100%| O|  |TAMS 0x0000000094400000, 0x0000000094400000| Untracked 
| 325|0x0000000094500000, 0x0000000094600000, 0x0000000094600000|100%| O|  |TAMS 0x0000000094500000, 0x0000000094500000| Untracked 
| 326|0x0000000094600000, 0x0000000094666e00, 0x0000000094700000| 40%| O|  |TAMS 0x0000000094600000, 0x0000000094600000| Untracked 
| 327|0x0000000094700000, 0x0000000094700000, 0x0000000094800000|  0%| F|  |TAMS 0x0000000094700000, 0x0000000094700000| Untracked 
| 328|0x0000000094800000, 0x0000000094800000, 0x0000000094900000|  0%| F|  |TAMS 0x0000000094800000, 0x0000000094800000| Untracked 
| 329|0x0000000094900000, 0x0000000094900000, 0x0000000094a00000|  0%| F|  |TAMS 0x0000000094900000, 0x0000000094900000| Untracked 
| 330|0x0000000094a00000, 0x0000000094a00000, 0x0000000094b00000|  0%| F|  |TAMS 0x0000000094a00000, 0x0000000094a00000| Untracked 
| 331|0x0000000094b00000, 0x0000000094b00000, 0x0000000094c00000|  0%| F|  |TAMS 0x0000000094b00000, 0x0000000094b00000| Untracked 
| 332|0x0000000094c00000, 0x0000000094c00000, 0x0000000094d00000|  0%| F|  |TAMS 0x0000000094c00000, 0x0000000094c00000| Untracked 
| 333|0x0000000094d00000, 0x0000000094d00000, 0x0000000094e00000|  0%| F|  |TAMS 0x0000000094d00000, 0x0000000094d00000| Untracked 
| 334|0x0000000094e00000, 0x0000000094e00000, 0x0000000094f00000|  0%| F|  |TAMS 0x0000000094e00000, 0x0000000094e00000| Untracked 
| 335|0x0000000094f00000, 0x0000000094f00000, 0x0000000095000000|  0%| F|  |TAMS 0x0000000094f00000, 0x0000000094f00000| Untracked 
| 336|0x0000000095000000, 0x0000000095000000, 0x0000000095100000|  0%| F|  |TAMS 0x0000000095000000, 0x0000000095000000| Untracked 
| 337|0x0000000095100000, 0x0000000095100000, 0x0000000095200000|  0%| F|  |TAMS 0x0000000095100000, 0x0000000095100000| Untracked 
| 338|0x0000000095200000, 0x0000000095200000, 0x0000000095300000|  0%| F|  |TAMS 0x0000000095200000, 0x0000000095200000| Untracked 
| 339|0x0000000095300000, 0x0000000095300000, 0x0000000095400000|  0%| F|  |TAMS 0x0000000095300000, 0x0000000095300000| Untracked 
| 340|0x0000000095400000, 0x0000000095400000, 0x0000000095500000|  0%| F|  |TAMS 0x0000000095400000, 0x0000000095400000| Untracked 
| 341|0x0000000095500000, 0x0000000095500000, 0x0000000095600000|  0%| F|  |TAMS 0x0000000095500000, 0x0000000095500000| Untracked 
| 342|0x0000000095600000, 0x0000000095600000, 0x0000000095700000|  0%| F|  |TAMS 0x0000000095600000, 0x0000000095600000| Untracked 
| 343|0x0000000095700000, 0x0000000095700000, 0x0000000095800000|  0%| F|  |TAMS 0x0000000095700000, 0x0000000095700000| Untracked 
| 344|0x0000000095800000, 0x0000000095800000, 0x0000000095900000|  0%| F|  |TAMS 0x0000000095800000, 0x0000000095800000| Untracked 
| 345|0x0000000095900000, 0x0000000095900000, 0x0000000095a00000|  0%| F|  |TAMS 0x0000000095900000, 0x0000000095900000| Untracked 
| 346|0x0000000095a00000, 0x0000000095a00000, 0x0000000095b00000|  0%| F|  |TAMS 0x0000000095a00000, 0x0000000095a00000| Untracked 
| 347|0x0000000095b00000, 0x0000000095b00000, 0x0000000095c00000|  0%| F|  |TAMS 0x0000000095b00000, 0x0000000095b00000| Untracked 
| 348|0x0000000095c00000, 0x0000000095c00000, 0x0000000095d00000|  0%| F|  |TAMS 0x0000000095c00000, 0x0000000095c00000| Untracked 
| 349|0x0000000095d00000, 0x0000000095d00000, 0x0000000095e00000|  0%| F|  |TAMS 0x0000000095d00000, 0x0000000095d00000| Untracked 
| 350|0x0000000095e00000, 0x0000000095e00000, 0x0000000095f00000|  0%| F|  |TAMS 0x0000000095e00000, 0x0000000095e00000| Untracked 
| 351|0x0000000095f00000, 0x0000000095f00000, 0x0000000096000000|  0%| F|  |TAMS 0x0000000095f00000, 0x0000000095f00000| Untracked 
| 352|0x0000000096000000, 0x0000000096000000, 0x0000000096100000|  0%| F|  |TAMS 0x0000000096000000, 0x0000000096000000| Untracked 
| 353|0x0000000096100000, 0x0000000096100000, 0x0000000096200000|  0%| F|  |TAMS 0x0000000096100000, 0x0000000096100000| Untracked 
| 354|0x0000000096200000, 0x0000000096200000, 0x0000000096300000|  0%| F|  |TAMS 0x0000000096200000, 0x0000000096200000| Untracked 
| 355|0x0000000096300000, 0x0000000096300000, 0x0000000096400000|  0%| F|  |TAMS 0x0000000096300000, 0x0000000096300000| Untracked 
| 356|0x0000000096400000, 0x0000000096400000, 0x0000000096500000|  0%| F|  |TAMS 0x0000000096400000, 0x0000000096400000| Untracked 
| 357|0x0000000096500000, 0x0000000096500000, 0x0000000096600000|  0%| F|  |TAMS 0x0000000096500000, 0x0000000096500000| Untracked 
| 358|0x0000000096600000, 0x0000000096600000, 0x0000000096700000|  0%| F|  |TAMS 0x0000000096600000, 0x0000000096600000| Untracked 
| 359|0x0000000096700000, 0x0000000096700000, 0x0000000096800000|  0%| F|  |TAMS 0x0000000096700000, 0x0000000096700000| Untracked 
| 360|0x0000000096800000, 0x0000000096800000, 0x0000000096900000|  0%| F|  |TAMS 0x0000000096800000, 0x0000000096800000| Untracked 
| 361|0x0000000096900000, 0x0000000096900000, 0x0000000096a00000|  0%| F|  |TAMS 0x0000000096900000, 0x0000000096900000| Untracked 
| 362|0x0000000096a00000, 0x0000000096a00000, 0x0000000096b00000|  0%| F|  |TAMS 0x0000000096a00000, 0x0000000096a00000| Untracked 
| 363|0x0000000096b00000, 0x0000000096b00000, 0x0000000096c00000|  0%| F|  |TAMS 0x0000000096b00000, 0x0000000096b00000| Untracked 
| 364|0x0000000096c00000, 0x0000000096c00000, 0x0000000096d00000|  0%| F|  |TAMS 0x0000000096c00000, 0x0000000096c00000| Untracked 
| 365|0x0000000096d00000, 0x0000000096d00000, 0x0000000096e00000|  0%| F|  |TAMS 0x0000000096d00000, 0x0000000096d00000| Untracked 
| 366|0x0000000096e00000, 0x0000000096e00000, 0x0000000096f00000|  0%| F|  |TAMS 0x0000000096e00000, 0x0000000096e00000| Untracked 
| 367|0x0000000096f00000, 0x0000000096f00000, 0x0000000097000000|  0%| F|  |TAMS 0x0000000096f00000, 0x0000000096f00000| Untracked 
| 368|0x0000000097000000, 0x0000000097000000, 0x0000000097100000|  0%| F|  |TAMS 0x0000000097000000, 0x0000000097000000| Untracked 
| 369|0x0000000097100000, 0x0000000097100000, 0x0000000097200000|  0%| F|  |TAMS 0x0000000097100000, 0x0000000097100000| Untracked 
| 370|0x0000000097200000, 0x0000000097200000, 0x0000000097300000|  0%| F|  |TAMS 0x0000000097200000, 0x0000000097200000| Untracked 
| 371|0x0000000097300000, 0x0000000097300000, 0x0000000097400000|  0%| F|  |TAMS 0x0000000097300000, 0x0000000097300000| Untracked 
| 372|0x0000000097400000, 0x000000009744aa78, 0x0000000097500000| 29%| S|CS|TAMS 0x0000000097400000, 0x0000000097400000| Complete 
| 373|0x0000000097500000, 0x0000000097600000, 0x0000000097600000|100%| S|CS|TAMS 0x0000000097500000, 0x0000000097500000| Complete 
| 374|0x0000000097600000, 0x0000000097600000, 0x0000000097700000|  0%| F|  |TAMS 0x0000000097600000, 0x0000000097600000| Untracked 
| 375|0x0000000097700000, 0x0000000097700000, 0x0000000097800000|  0%| F|  |TAMS 0x0000000097700000, 0x0000000097700000| Untracked 
| 376|0x0000000097800000, 0x0000000097800000, 0x0000000097900000|  0%| F|  |TAMS 0x0000000097800000, 0x0000000097800000| Untracked 
| 377|0x0000000097900000, 0x0000000097900000, 0x0000000097a00000|  0%| F|  |TAMS 0x0000000097900000, 0x0000000097900000| Untracked 
| 378|0x0000000097a00000, 0x0000000097a00000, 0x0000000097b00000|  0%| F|  |TAMS 0x0000000097a00000, 0x0000000097a00000| Untracked 
| 379|0x0000000097b00000, 0x0000000097b00000, 0x0000000097c00000|  0%| F|  |TAMS 0x0000000097b00000, 0x0000000097b00000| Untracked 
| 380|0x0000000097c00000, 0x0000000097c00000, 0x0000000097d00000|  0%| F|  |TAMS 0x0000000097c00000, 0x0000000097c00000| Untracked 
| 381|0x0000000097d00000, 0x0000000097d00000, 0x0000000097e00000|  0%| F|  |TAMS 0x0000000097d00000, 0x0000000097d00000| Untracked 
| 382|0x0000000097e00000, 0x0000000097e00000, 0x0000000097f00000|  0%| F|  |TAMS 0x0000000097e00000, 0x0000000097e00000| Untracked 
| 383|0x0000000097f00000, 0x0000000097f00000, 0x0000000098000000|  0%| F|  |TAMS 0x0000000097f00000, 0x0000000097f00000| Untracked 
| 384|0x0000000098000000, 0x0000000098000000, 0x0000000098100000|  0%| F|  |TAMS 0x0000000098000000, 0x0000000098000000| Untracked 
| 385|0x0000000098100000, 0x0000000098100000, 0x0000000098200000|  0%| F|  |TAMS 0x0000000098100000, 0x0000000098100000| Untracked 
| 386|0x0000000098200000, 0x0000000098200000, 0x0000000098300000|  0%| F|  |TAMS 0x0000000098200000, 0x0000000098200000| Untracked 
| 387|0x0000000098300000, 0x0000000098300000, 0x0000000098400000|  0%| F|  |TAMS 0x0000000098300000, 0x0000000098300000| Untracked 
| 388|0x0000000098400000, 0x0000000098400000, 0x0000000098500000|  0%| F|  |TAMS 0x0000000098400000, 0x0000000098400000| Untracked 
| 389|0x0000000098500000, 0x0000000098500000, 0x0000000098600000|  0%| F|  |TAMS 0x0000000098500000, 0x0000000098500000| Untracked 
| 390|0x0000000098600000, 0x0000000098600000, 0x0000000098700000|  0%| F|  |TAMS 0x0000000098600000, 0x0000000098600000| Untracked 
| 391|0x0000000098700000, 0x0000000098700000, 0x0000000098800000|  0%| F|  |TAMS 0x0000000098700000, 0x0000000098700000| Untracked 
| 392|0x0000000098800000, 0x0000000098800000, 0x0000000098900000|  0%| F|  |TAMS 0x0000000098800000, 0x0000000098800000| Untracked 
| 393|0x0000000098900000, 0x0000000098900000, 0x0000000098a00000|  0%| F|  |TAMS 0x0000000098900000, 0x0000000098900000| Untracked 
| 394|0x0000000098a00000, 0x0000000098a00000, 0x0000000098b00000|  0%| F|  |TAMS 0x0000000098a00000, 0x0000000098a00000| Untracked 
| 395|0x0000000098b00000, 0x0000000098b00000, 0x0000000098c00000|  0%| F|  |TAMS 0x0000000098b00000, 0x0000000098b00000| Untracked 
| 396|0x0000000098c00000, 0x0000000098c00000, 0x0000000098d00000|  0%| F|  |TAMS 0x0000000098c00000, 0x0000000098c00000| Untracked 

Card table byte_map: [0x0000019dc84f0000,0x0000019dc88f0000] _byte_map_base: 0x0000019dc80f0000

Marking Bits (Prev, Next): (CMBitMap*) 0x0000019db12abdb0, (CMBitMap*) 0x0000019db12abd70
 Prev Bits: [0x0000019dcacf0000, 0x0000019dcccf0000)
 Next Bits: [0x0000019dc8cf0000, 0x0000019dcacf0000)

Polling page: 0x0000019daefa0000

Metaspace:

Usage:
  Non-class:    146.76 MB used.
      Class:     22.60 MB used.
       Both:    169.37 MB used.

Virtual space:
  Non-class space:      192.00 MB reserved,     147.44 MB ( 77%) committed,  3 nodes.
      Class space:        1.00 GB reserved,      23.31 MB (  2%) committed,  1 nodes.
             Both:        1.19 GB reserved,     170.75 MB ( 14%) committed. 

Chunk freelists:
   Non-Class:  12.20 MB
       Class:  8.58 MB
        Both:  20.78 MB

MaxMetaspaceSize: unlimited
CompressedClassSpaceSize: 1.00 GB
Initial GC threshold: 21.00 MB
Current GC threshold: 210.94 MB
CDS: on
MetaspaceReclaimPolicy: balanced
 - commit_granule_bytes: 65536.
 - commit_granule_words: 8192.
 - virtual_space_node_default_size: 8388608.
 - enlarge_chunks_in_place: 1.
 - new_chunks_are_fully_committed: 0.
 - uncommit_free_chunks: 1.
 - use_allocation_guard: 0.
 - handle_deallocations: 1.


Internal statistics:

num_allocs_failed_limit: 9.
num_arena_births: 2296.
num_arena_deaths: 4.
num_vsnodes_births: 4.
num_vsnodes_deaths: 0.
num_space_committed: 2733.
num_space_uncommitted: 2.
num_chunks_returned_to_freelist: 47.
num_chunks_taken_from_freelist: 9706.
num_chunk_merges: 18.
num_chunk_splits: 6528.
num_chunks_enlarged: 4439.
num_inconsistent_stats: 0.

CodeHeap 'non-profiled nmethods': size=120000Kb used=19940Kb max_used=19940Kb free=100059Kb
 bounds [0x0000019dc0890000, 0x0000019dc1c10000, 0x0000019dc7dc0000]
CodeHeap 'profiled nmethods': size=120000Kb used=57880Kb max_used=57880Kb free=62119Kb
 bounds [0x0000019db8dc0000, 0x0000019dbc650000, 0x0000019dc02f0000]
CodeHeap 'non-nmethods': size=5760Kb used=1818Kb max_used=1906Kb free=3941Kb
 bounds [0x0000019dc02f0000, 0x0000019dc0560000, 0x0000019dc0890000]
 total_blobs=28104 nmethods=27180 adapters=835
 compilation: enabled
              stopped_count=0, restarted_count=0
 full_count=0

Compilation events (20 events):
Event: 822.034 Thread 0x0000019dcf720aa0 nmethod 34299 0x0000019dbc641190 code [0x0000019dbc641360, 0x0000019dbc641788]
Event: 822.034 Thread 0x0000019dcf720aa0 34289       3       com.android.tools.r8.internal.sQ::a (55 bytes)
Event: 822.034 Thread 0x0000019dcf720aa0 nmethod 34289 0x0000019dbc641890 code [0x0000019dbc641aa0, 0x0000019dbc6421c8]
Event: 822.035 Thread 0x0000019dcf720aa0 34297       3       com.android.tools.r8.internal.eo::<init> (73 bytes)
Event: 822.035 Thread 0x0000019dcf720aa0 nmethod 34297 0x0000019dbc642410 code [0x0000019dbc6425c0, 0x0000019dbc642818]
Event: 822.035 Thread 0x0000019dcf720aa0 34292       3       com.android.tools.r8.internal.vI::W0 (5 bytes)
Event: 822.035 Thread 0x0000019dcf720aa0 nmethod 34292 0x0000019dbc642910 code [0x0000019dbc642ac0, 0x0000019dbc642c88]
Event: 822.035 Thread 0x0000019dcf720aa0 34300       3       com.android.tools.r8.internal.Oa::i (271 bytes)
Event: 822.037 Thread 0x0000019dcf720aa0 nmethod 34300 0x0000019dbc642d90 code [0x0000019dbc643060, 0x0000019dbc644578]
Event: 822.037 Thread 0x0000019dcf720aa0 34293       3       com.android.tools.r8.internal.fo::a (16 bytes)
Event: 822.037 Thread 0x0000019dcf720aa0 nmethod 34293 0x0000019dbc644b10 code [0x0000019dbc644ce0, 0x0000019dbc645098]
Event: 822.037 Thread 0x0000019dcf720aa0 34294       3       com.android.tools.r8.internal.qW::b (54 bytes)
Event: 822.038 Thread 0x0000019dcf720aa0 nmethod 34294 0x0000019dbc645210 code [0x0000019dbc645400, 0x0000019dbc6458b8]
Event: 822.038 Thread 0x0000019dcf720aa0 34287       2       com.android.tools.r8.ir.optimize.z$$Lambda$4052/0x0000019dd23774c8::test (8 bytes)
Event: 822.038 Thread 0x0000019dcf720aa0 nmethod 34287 0x0000019dbc645a10 code [0x0000019dbc645bc0, 0x0000019dbc645dd8]
Event: 822.038 Thread 0x0000019dcf720aa0 34288       2       com.android.tools.r8.ir.optimize.z::a (24 bytes)
Event: 822.038 Thread 0x0000019dcf720aa0 nmethod 34288 0x0000019dbc645f10 code [0x0000019dbc6460c0, 0x0000019dbc646258]
Event: 822.038 Thread 0x0000019dcf720aa0 34298       1       com.android.tools.r8.internal.LI::c2 (2 bytes)
Event: 822.038 Thread 0x0000019dcf720aa0 nmethod 34298 0x0000019dc1c08e10 code [0x0000019dc1c08fa0, 0x0000019dc1c09078]
Event: 822.040 Thread 0x0000019dcf720aa0 34301 %     3       com.android.tools.r8.ir.optimize.f::a @ 208 (1241 bytes)

GC Heap History (20 events):
Event: 817.617 GC heap after
{Heap after GC invocations=114 (full 0):
 garbage-first heap   total 406528K, used 319344K [0x0000000080000000, 0x0000000100000000)
  region size 1024K, 2 young (2048K), 2 survivors (2048K)
 Metaspace       used 171881K, committed 173312K, reserved 1245184K
  class space    used 22968K, committed 23680K, reserved 1048576K
}
Event: 818.126 GC heap before
{Heap before GC invocations=114 (full 0):
 garbage-first heap   total 406528K, used 355184K [0x0000000080000000, 0x0000000100000000)
  region size 1024K, 37 young (37888K), 2 survivors (2048K)
 Metaspace       used 172956K, committed 174400K, reserved 1245184K
  class space    used 23142K, committed 23872K, reserved 1048576K
}
Event: 818.132 GC heap after
{Heap after GC invocations=115 (full 0):
 garbage-first heap   total 406528K, used 320433K [0x0000000080000000, 0x0000000100000000)
  region size 1024K, 4 young (4096K), 4 survivors (4096K)
 Metaspace       used 172956K, committed 174400K, reserved 1245184K
  class space    used 23142K, committed 23872K, reserved 1048576K
}
Event: 818.976 GC heap before
{Heap before GC invocations=115 (full 0):
 garbage-first heap   total 406528K, used 355249K [0x0000000080000000, 0x0000000100000000)
  region size 1024K, 38 young (38912K), 4 survivors (4096K)
 Metaspace       used 173191K, committed 174656K, reserved 1245184K
  class space    used 23144K, committed 23872K, reserved 1048576K
}
Event: 818.984 GC heap after
{Heap after GC invocations=116 (full 0):
 garbage-first heap   total 406528K, used 321715K [0x0000000080000000, 0x0000000100000000)
  region size 1024K, 3 young (3072K), 3 survivors (3072K)
 Metaspace       used 173191K, committed 174656K, reserved 1245184K
  class space    used 23144K, committed 23872K, reserved 1048576K
}
Event: 820.548 GC heap before
{Heap before GC invocations=116 (full 0):
 garbage-first heap   total 406528K, used 361651K [0x0000000080000000, 0x0000000100000000)
  region size 1024K, 37 young (37888K), 3 survivors (3072K)
 Metaspace       used 173298K, committed 174720K, reserved 1245184K
  class space    used 23145K, committed 23872K, reserved 1048576K
}
Event: 820.555 GC heap after
{Heap after GC invocations=117 (full 0):
 garbage-first heap   total 406528K, used 329512K [0x0000000080000000, 0x0000000100000000)
  region size 1024K, 5 young (5120K), 5 survivors (5120K)
 Metaspace       used 173298K, committed 174720K, reserved 1245184K
  class space    used 23145K, committed 23872K, reserved 1048576K
}
Event: 820.618 GC heap before
{Heap before GC invocations=117 (full 0):
 garbage-first heap   total 406528K, used 356136K [0x0000000080000000, 0x0000000100000000)
  region size 1024K, 31 young (31744K), 5 survivors (5120K)
 Metaspace       used 173302K, committed 174720K, reserved 1245184K
  class space    used 23146K, committed 23872K, reserved 1048576K
}
Event: 820.623 GC heap after
{Heap after GC invocations=118 (full 0):
 garbage-first heap   total 406528K, used 330114K [0x0000000080000000, 0x0000000100000000)
  region size 1024K, 1 young (1024K), 1 survivors (1024K)
 Metaspace       used 173302K, committed 174720K, reserved 1245184K
  class space    used 23146K, committed 23872K, reserved 1048576K
}
Event: 820.648 GC heap before
{Heap before GC invocations=118 (full 0):
 garbage-first heap   total 406528K, used 357762K [0x0000000080000000, 0x0000000100000000)
  region size 1024K, 28 young (28672K), 1 survivors (1024K)
 Metaspace       used 173302K, committed 174720K, reserved 1245184K
  class space    used 23146K, committed 23872K, reserved 1048576K
}
Event: 820.650 GC heap after
{Heap after GC invocations=119 (full 0):
 garbage-first heap   total 406528K, used 330074K [0x0000000080000000, 0x0000000100000000)
  region size 1024K, 1 young (1024K), 1 survivors (1024K)
 Metaspace       used 173302K, committed 174720K, reserved 1245184K
  class space    used 23146K, committed 23872K, reserved 1048576K
}
Event: 821.372 GC heap before
{Heap before GC invocations=119 (full 0):
 garbage-first heap   total 406528K, used 358746K [0x0000000080000000, 0x0000000100000000)
  region size 1024K, 29 young (29696K), 1 survivors (1024K)
 Metaspace       used 173319K, committed 174784K, reserved 1245184K
  class space    used 23146K, committed 23872K, reserved 1048576K
}
Event: 821.377 GC heap after
{Heap after GC invocations=120 (full 0):
 garbage-first heap   total 406528K, used 332410K [0x0000000080000000, 0x0000000100000000)
  region size 1024K, 3 young (3072K), 3 survivors (3072K)
 Metaspace       used 173319K, committed 174784K, reserved 1245184K
  class space    used 23146K, committed 23872K, reserved 1048576K
}
Event: 821.707 GC heap before
{Heap before GC invocations=120 (full 0):
 garbage-first heap   total 406528K, used 358010K [0x0000000080000000, 0x0000000100000000)
  region size 1024K, 29 young (29696K), 3 survivors (3072K)
 Metaspace       used 173393K, committed 174848K, reserved 1245184K
  class space    used 23146K, committed 23872K, reserved 1048576K
}
Event: 821.714 GC heap after
{Heap after GC invocations=121 (full 0):
 garbage-first heap   total 406528K, used 334432K [0x0000000080000000, 0x0000000100000000)
  region size 1024K, 3 young (3072K), 3 survivors (3072K)
 Metaspace       used 173393K, committed 174848K, reserved 1245184K
  class space    used 23146K, committed 23872K, reserved 1048576K
}
Event: 821.807 GC heap before
{Heap before GC invocations=121 (full 0):
 garbage-first heap   total 406528K, used 357984K [0x0000000080000000, 0x0000000100000000)
  region size 1024K, 26 young (26624K), 3 survivors (3072K)
 Metaspace       used 173397K, committed 174848K, reserved 1245184K
  class space    used 23146K, committed 23872K, reserved 1048576K
}
Event: 821.810 GC heap after
{Heap after GC invocations=122 (full 0):
 garbage-first heap   total 406528K, used 334871K [0x0000000080000000, 0x0000000100000000)
  region size 1024K, 3 young (3072K), 3 survivors (3072K)
 Metaspace       used 173397K, committed 174848K, reserved 1245184K
  class space    used 23146K, committed 23872K, reserved 1048576K
}
Event: 821.914 GC heap before
{Heap before GC invocations=122 (full 0):
 garbage-first heap   total 406528K, used 358423K [0x0000000080000000, 0x0000000100000000)
  region size 1024K, 26 young (26624K), 3 survivors (3072K)
 Metaspace       used 173419K, committed 174848K, reserved 1245184K
  class space    used 23146K, committed 23872K, reserved 1048576K
}
Event: 821.919 GC heap after
{Heap after GC invocations=123 (full 0):
 garbage-first heap   total 406528K, used 335674K [0x0000000080000000, 0x0000000100000000)
  region size 1024K, 2 young (2048K), 2 survivors (2048K)
 Metaspace       used 173419K, committed 174848K, reserved 1245184K
  class space    used 23146K, committed 23872K, reserved 1048576K
}
Event: 822.050 GC heap before
{Heap before GC invocations=123 (full 0):
 garbage-first heap   total 406528K, used 358202K [0x0000000080000000, 0x0000000100000000)
  region size 1024K, 25 young (25600K), 2 survivors (2048K)
 Metaspace       used 173432K, committed 174848K, reserved 1245184K
  class space    used 23146K, committed 23872K, reserved 1048576K
}

Dll operation events (16 events):
Event: 0.019 Loaded shared library C:\Users\perez\.jdks\ms-17.0.18\bin\java.dll
Event: 0.045 Loaded shared library C:\Users\perez\.jdks\ms-17.0.18\bin\jsvml.dll
Event: 0.135 Loaded shared library C:\Users\perez\.jdks\ms-17.0.18\bin\zip.dll
Event: 0.142 Loaded shared library C:\Users\perez\.jdks\ms-17.0.18\bin\instrument.dll
Event: 0.152 Loaded shared library C:\Users\perez\.jdks\ms-17.0.18\bin\net.dll
Event: 0.156 Loaded shared library C:\Users\perez\.jdks\ms-17.0.18\bin\nio.dll
Event: 0.160 Loaded shared library C:\Users\perez\.jdks\ms-17.0.18\bin\zip.dll
Event: 0.753 Loaded shared library C:\Users\perez\.jdks\ms-17.0.18\bin\jimage.dll
Event: 1.207 Loaded shared library C:\Users\perez\.jdks\ms-17.0.18\bin\verify.dll
Event: 1.447 Loaded shared library C:\Users\perez\AndroidStudioProjects\MyApplication\native\1def1411415f61bf3af743bc5b6707747c0891f09f0c88961ee8f79bc544acac\windows-amd64\native-platform.dll
Event: 1.487 Loaded shared library C:\Users\perez\AndroidStudioProjects\MyApplication\native\0.2.7\x86_64-windows-gnu\gradle-fileevents.dll
Event: 4.385 Loaded shared library C:\Users\perez\.jdks\ms-17.0.18\bin\management.dll
Event: 4.393 Loaded shared library C:\Users\perez\.jdks\ms-17.0.18\bin\management_ext.dll
Event: 4.784 Loaded shared library C:\Users\perez\.jdks\ms-17.0.18\bin\extnet.dll
Event: 5.311 Loaded shared library C:\Users\perez\.jdks\ms-17.0.18\bin\sunmscapi.dll
Event: 50.435 Loaded shared library C:\Users\perez\.jdks\ms-17.0.18\bin\rmi.dll

Deoptimization events (20 events):
Event: 821.828 Thread 0x0000019e1b77e980 DEOPT PACKING pc=0x0000019dbc5939d6 sp=0x0000008af9ffbcc0
Event: 821.828 Thread 0x0000019e1b77e980 DEOPT UNPACKING pc=0x0000019dc0347143 sp=0x0000008af9ffb208 mode 0
Event: 821.834 Thread 0x0000019e1b77e980 DEOPT PACKING pc=0x0000019dbc5939d6 sp=0x0000008af9ffbcc0
Event: 821.836 Thread 0x0000019e1b77e980 DEOPT UNPACKING pc=0x0000019dc0347143 sp=0x0000008af9ffb208 mode 0
Event: 821.837 Thread 0x0000019e1b77e980 DEOPT PACKING pc=0x0000019dbc5939d6 sp=0x0000008af9ffbcc0
Event: 821.837 Thread 0x0000019e1b77e980 DEOPT UNPACKING pc=0x0000019dc0347143 sp=0x0000008af9ffb208 mode 0
Event: 821.861 Thread 0x0000019e1b77e980 DEOPT PACKING pc=0x0000019dbb218775 sp=0x0000008af9ffbbb0
Event: 821.861 Thread 0x0000019e1b77e980 DEOPT UNPACKING pc=0x0000019dc0347143 sp=0x0000008af9ffb120 mode 0
Event: 821.890 Thread 0x0000019e1b77e980 DEOPT PACKING pc=0x0000019dbc5939d6 sp=0x0000008af9ffb5e0
Event: 821.890 Thread 0x0000019e1b77e980 DEOPT UNPACKING pc=0x0000019dc0347143 sp=0x0000008af9ffab28 mode 0
Event: 821.924 Thread 0x0000019e16ac7810 DEOPT PACKING pc=0x0000019dbb34a347 sp=0x0000008af95fc1d0
Event: 821.924 Thread 0x0000019e16ac7810 DEOPT UNPACKING pc=0x0000019dc0347143 sp=0x0000008af95fb698 mode 0
Event: 821.926 Thread 0x0000019e16ac7810 DEOPT PACKING pc=0x0000019dbb32afed sp=0x0000008af95fc170
Event: 821.926 Thread 0x0000019e16ac7810 DEOPT UNPACKING pc=0x0000019dc0347143 sp=0x0000008af95fb738 mode 0
Event: 821.965 Thread 0x0000019e1b77e980 DEOPT PACKING pc=0x0000019dbb3462e0 sp=0x0000008af9ffc140
Event: 821.966 Thread 0x0000019e1b77e980 DEOPT UNPACKING pc=0x0000019dc0347143 sp=0x0000008af9ffb6f0 mode 0
Event: 822.014 Thread 0x0000019e16ac7810 DEOPT PACKING pc=0x0000019dbb2cd233 sp=0x0000008af95fbc00
Event: 822.014 Thread 0x0000019e16ac7810 DEOPT UNPACKING pc=0x0000019dc0347143 sp=0x0000008af95fb190 mode 0
Event: 822.045 Thread 0x0000019e16ac7810 DEOPT PACKING pc=0x0000019dbc5939d6 sp=0x0000008af95fbe30
Event: 822.045 Thread 0x0000019e16ac7810 DEOPT UNPACKING pc=0x0000019dc0347143 sp=0x0000008af95fb378 mode 0

Classes loaded (20 events):
Event: 335.408 Loading class jdk/internal/math/FormattedFloatingDecimal
Event: 335.814 Loading class jdk/internal/math/FormattedFloatingDecimal done
Event: 335.825 Loading class jdk/internal/math/FormattedFloatingDecimal$1
Event: 335.854 Loading class jdk/internal/math/FormattedFloatingDecimal$1 done
Event: 335.957 Loading class jdk/internal/math/FormattedFloatingDecimal$2
Event: 335.977 Loading class jdk/internal/math/FormattedFloatingDecimal$2 done
Event: 732.340 Loading class java/nio/file/CopyMoveHelper
Event: 732.460 Loading class java/nio/file/CopyMoveHelper done
Event: 732.461 Loading class java/nio/file/CopyMoveHelper$CopyOptions
Event: 732.470 Loading class java/nio/file/CopyMoveHelper$CopyOptions done
Event: 733.475 Loading class jdk/internal/misc/ScopedMemoryAccess$Scope$Handle
Event: 733.488 Loading class jdk/internal/misc/ScopedMemoryAccess$Scope$Handle done
Event: 750.156 Loading class java/lang/Throwable$WrappedPrintWriter
Event: 750.166 Loading class java/lang/Throwable$PrintStreamOrWriter
Event: 750.168 Loading class java/lang/Throwable$PrintStreamOrWriter done
Event: 750.169 Loading class java/lang/Throwable$WrappedPrintWriter done
Event: 753.402 Loading class java/util/Collections$EmptyListIterator
Event: 753.408 Loading class java/util/Collections$EmptyListIterator done
Event: 753.901 Loading class java/net/UrlDeserializedState
Event: 753.915 Loading class java/net/UrlDeserializedState done

Classes unloaded (20 events):
Event: 94.069 Thread 0x0000019dcf6f5ac0 Unloading class 0x0000019dd1e92ca0 'kotlin/jvm/functions/Function0'
Event: 94.069 Thread 0x0000019dcf6f5ac0 Unloading class 0x0000019dd1e92a60 'dagger/spi/internal/shaded/androidx/room/compiler/processing/javac/JavacBasicAnnotationProcessor$2'
Event: 94.069 Thread 0x0000019dcf6f5ac0 Unloading class 0x0000019dd1e92840 'kotlin/jvm/internal/Lambda'
Event: 94.069 Thread 0x0000019dcf6f5ac0 Unloading class 0x0000019dd1e92648 'kotlin/jvm/internal/FunctionBase'
Event: 94.069 Thread 0x0000019dcf6f5ac0 Unloading class 0x0000019dd1e92450 'kotlin/jvm/functions/Function1'
Event: 94.069 Thread 0x0000019dcf6f5ac0 Unloading class 0x0000019dd1e92258 'kotlin/Function'
Event: 94.069 Thread 0x0000019dcf6f5ac0 Unloading class 0x0000019dd1e92000 'kotlin/UninitializedPropertyAccessException'
Event: 94.069 Thread 0x0000019dcf6f5ac0 Unloading class 0x0000019dd1e91c88 'kotlin/KotlinNullPointerException'
Event: 94.069 Thread 0x0000019dcf6f5ac0 Unloading class 0x0000019dd1e91a88 'kotlin/jvm/internal/Intrinsics'
Event: 94.069 Thread 0x0000019dcf6f5ac0 Unloading class 0x0000019dd1e91888 'dagger/spi/internal/shaded/androidx/room/compiler/processing/XProcessingEnvConfig$Companion'
Event: 94.069 Thread 0x0000019dcf6f5ac0 Unloading class 0x0000019dd1e91688 'dagger/spi/internal/shaded/androidx/room/compiler/processing/XProcessingEnvConfig'
Event: 94.069 Thread 0x0000019dcf6f5ac0 Unloading class 0x0000019dd1e91480 'dagger/spi/internal/shaded/androidx/room/compiler/processing/XProcessingEnvConfig$Builder'
Event: 94.069 Thread 0x0000019dcf6f5ac0 Unloading class 0x0000019dd1e91280 'dagger/hilt/processor/internal/HiltProcessingEnvConfigs'
Event: 94.069 Thread 0x0000019dcf6f5ac0 Unloading class 0x0000019dd1e91000 'dagger/hilt/processor/internal/uninstallmodules/UninstallModulesProcessingStep'
Event: 94.069 Thread 0x0000019dcf6f5ac0 Unloading class 0x0000019dd1e90c98 'dagger/hilt/processor/internal/BaseProcessingStep'
Event: 94.069 Thread 0x0000019dcf6f5ac0 Unloading class 0x0000019dd1e90aa0 'dagger/spi/internal/shaded/androidx/room/compiler/processing/XProcessingStep'
Event: 94.069 Thread 0x0000019dcf6f5ac0 Unloading class 0x0000019dd1e907b8 'dagger/hilt/processor/internal/uninstallmodules/UninstallModulesProcessor'
Event: 94.069 Thread 0x0000019dcf6f5ac0 Unloading class 0x0000019dd1e904d0 'dagger/hilt/processor/internal/JavacBaseProcessingStepProcessor'
Event: 94.069 Thread 0x0000019dcf6f5ac0 Unloading class 0x0000019dd1e901f8 'dagger/spi/internal/shaded/androidx/room/compiler/processing/javac/JavacBasicAnnotationProcessor'
Event: 94.069 Thread 0x0000019dcf6f5ac0 Unloading class 0x0000019dd1e90000 'dagger/spi/internal/shaded/androidx/room/compiler/processing/XBasicAnnotationProcessor'

Classes redefined (0 events):
No events

Internal exceptions (20 events):
Event: 820.161 Thread 0x0000019e16ac7810 Exception <a 'sun/nio/fs/WindowsException'{0x0000000097069558}> (0x0000000097069558) 
thrown [s\src\hotspot\share\prims\jni.cpp, line 516]
Event: 820.166 Thread 0x0000019e16ac7810 Exception <a 'sun/nio/fs/WindowsException'{0x0000000097075cb0}> (0x0000000097075cb0) 
thrown [s\src\hotspot\share\prims\jni.cpp, line 516]
Event: 820.168 Thread 0x0000019e16ac7810 Exception <a 'sun/nio/fs/WindowsException'{0x000000009709bd68}> (0x000000009709bd68) 
thrown [s\src\hotspot\share\prims\jni.cpp, line 516]
Event: 820.171 Thread 0x0000019e16ac7810 Exception <a 'sun/nio/fs/WindowsException'{0x00000000970aea58}> (0x00000000970aea58) 
thrown [s\src\hotspot\share\prims\jni.cpp, line 516]
Event: 820.174 Thread 0x0000019e16ac7810 Exception <a 'sun/nio/fs/WindowsException'{0x00000000970baa50}> (0x00000000970baa50) 
thrown [s\src\hotspot\share\prims\jni.cpp, line 516]
Event: 820.178 Thread 0x0000019e16ac7810 Exception <a 'sun/nio/fs/WindowsException'{0x00000000970c7e18}> (0x00000000970c7e18) 
thrown [s\src\hotspot\share\prims\jni.cpp, line 516]
Event: 820.182 Thread 0x0000019e16ac7810 Exception <a 'sun/nio/fs/WindowsException'{0x00000000970d2bb8}> (0x00000000970d2bb8) 
thrown [s\src\hotspot\share\prims\jni.cpp, line 516]
Event: 820.186 Thread 0x0000019e16ac7810 Exception <a 'sun/nio/fs/WindowsException'{0x00000000970e5680}> (0x00000000970e5680) 
thrown [s\src\hotspot\share\prims\jni.cpp, line 516]
Event: 820.189 Thread 0x0000019e16ac7810 Exception <a 'sun/nio/fs/WindowsException'{0x00000000970f1fa8}> (0x00000000970f1fa8) 
thrown [s\src\hotspot\share\prims\jni.cpp, line 516]
Event: 820.192 Thread 0x0000019e16ac7810 Exception <a 'sun/nio/fs/WindowsException'{0x00000000970fcb80}> (0x00000000970fcb80) 
thrown [s\src\hotspot\share\prims\jni.cpp, line 516]
Event: 820.194 Thread 0x0000019e16ac7810 Exception <a 'sun/nio/fs/WindowsException'{0x0000000096f21cd8}> (0x0000000096f21cd8) 
thrown [s\src\hotspot\share\prims\jni.cpp, line 516]
Event: 820.198 Thread 0x0000019e16ac7810 Exception <a 'sun/nio/fs/WindowsException'{0x0000000096f2eb90}> (0x0000000096f2eb90) 
thrown [s\src\hotspot\share\prims\jni.cpp, line 516]
Event: 820.202 Thread 0x0000019e16ac7810 Exception <a 'sun/nio/fs/WindowsException'{0x0000000096f3bc70}> (0x0000000096f3bc70) 
thrown [s\src\hotspot\share\prims\jni.cpp, line 516]
Event: 821.906 Thread 0x0000019e1c0b4150 Exception <a 'sun/nio/fs/WindowsException'{0x0000000097c08af8}> (0x0000000097c08af8) 
thrown [s\src\hotspot\share\prims\jni.cpp, line 516]
Event: 821.910 Thread 0x0000019e1c0b4150 Exception <a 'sun/nio/fs/WindowsException'{0x0000000097c121e8}> (0x0000000097c121e8) 
thrown [s\src\hotspot\share\prims\jni.cpp, line 516]
Event: 821.920 Thread 0x0000019e1c0b4150 Exception <a 'sun/nio/fs/WindowsException'{0x0000000098c2df28}> (0x0000000098c2df28) 
thrown [s\src\hotspot\share\prims\jni.cpp, line 516]
Event: 821.935 Thread 0x0000019e1c0b4150 Exception <a 'sun/nio/fs/WindowsException'{0x0000000098c375d0}> (0x0000000098c375d0) 
thrown [s\src\hotspot\share\prims\jni.cpp, line 516]
Event: 821.938 Thread 0x0000019e1c0b4150 Exception <a 'sun/nio/fs/WindowsException'{0x0000000098c417f8}> (0x0000000098c417f8) 
thrown [s\src\hotspot\share\prims\jni.cpp, line 516]
Event: 821.941 Thread 0x0000019e1c0b4150 Exception <a 'sun/nio/fs/WindowsException'{0x00000000987bd6f0}> (0x00000000987bd6f0) 
thrown [s\src\hotspot\share\prims\jni.cpp, line 516]
Event: 821.943 Thread 0x0000019e1c0b4150 Exception <a 'sun/nio/fs/WindowsException'{0x00000000987c6610}> (0x00000000987c6610) 
thrown [s\src\hotspot\share\prims\jni.cpp, line 516]

VM Operations (20 events):
Event: 818.771 Executing VM operation: ICBufferFull done
Event: 818.976 Executing VM operation: G1CollectForAllocation
Event: 818.984 Executing VM operation: G1CollectForAllocation done
Event: 820.548 Executing VM operation: G1CollectForAllocation
Event: 820.555 Executing VM operation: G1CollectForAllocation done
Event: 820.575 Executing VM operation: HandshakeAllThreads
Event: 820.576 Executing VM operation: HandshakeAllThreads done
Event: 820.618 Executing VM operation: G1CollectForAllocation
Event: 820.623 Executing VM operation: G1CollectForAllocation done
Event: 820.648 Executing VM operation: G1CollectForAllocation
Event: 820.651 Executing VM operation: G1CollectForAllocation done
Event: 821.372 Executing VM operation: G1CollectForAllocation
Event: 821.377 Executing VM operation: G1CollectForAllocation done
Event: 821.707 Executing VM operation: G1CollectForAllocation
Event: 821.714 Executing VM operation: G1CollectForAllocation done
Event: 821.806 Executing VM operation: G1CollectForAllocation
Event: 821.810 Executing VM operation: G1CollectForAllocation done
Event: 821.913 Executing VM operation: G1CollectForAllocation
Event: 821.919 Executing VM operation: G1CollectForAllocation done
Event: 822.050 Executing VM operation: G1CollectForAllocation

Memory protections (0 events):
No events

Nmethod flushes (20 events):
Event: 814.646 Thread 0x0000019dcf7253c0 flushing  nmethod 0x0000019dbbb4d290
Event: 814.650 Thread 0x0000019dcf7253c0 flushing  nmethod 0x0000019dbbec5f90
Event: 814.652 Thread 0x0000019dcf7253c0 flushing  nmethod 0x0000019dbc068790
Event: 814.652 Thread 0x0000019dcf7253c0 flushing osr nmethod 0x0000019dbc06cd90
Event: 820.593 Thread 0x0000019dcf7253c0 flushing  nmethod 0x0000019dc1a55610
Event: 820.599 Thread 0x0000019dcf7253c0 flushing  nmethod 0x0000019db906f190
Event: 820.600 Thread 0x0000019dcf7253c0 flushing  nmethod 0x0000019db9163e10
Event: 820.606 Thread 0x0000019dcf7253c0 flushing  nmethod 0x0000019db9680990
Event: 820.610 Thread 0x0000019dcf7253c0 flushing  nmethod 0x0000019db9906e90
Event: 820.610 Thread 0x0000019dcf7253c0 flushing  nmethod 0x0000019db9963610
Event: 820.616 Thread 0x0000019dcf7253c0 flushing  nmethod 0x0000019db9dc4f90
Event: 820.617 Thread 0x0000019dcf7253c0 flushing  nmethod 0x0000019db9ecdc10
Event: 820.624 Thread 0x0000019dcf7253c0 flushing  nmethod 0x0000019db9fa0010
Event: 820.629 Thread 0x0000019dcf7253c0 flushing  nmethod 0x0000019dba412c10
Event: 820.634 Thread 0x0000019dcf7253c0 flushing  nmethod 0x0000019dba6fab10
Event: 820.634 Thread 0x0000019dcf7253c0 flushing  nmethod 0x0000019dba6fe710
Event: 820.634 Thread 0x0000019dcf7253c0 flushing  nmethod 0x0000019dba707d90
Event: 820.635 Thread 0x0000019dcf7253c0 flushing  nmethod 0x0000019dba864690
Event: 820.636 Thread 0x0000019dcf7253c0 flushing  nmethod 0x0000019dba8d2090
Event: 820.642 Thread 0x0000019dcf7253c0 flushing  nmethod 0x0000019dbad17190

Events (20 events):
Event: 811.085 Thread 0x0000019e1b844f10 Thread added: 0x0000019e1c275a80
Event: 811.085 Thread 0x0000019e1b844f10 Thread added: 0x0000019e1930e810
Event: 811.086 Thread 0x0000019e1b844f10 Thread added: 0x0000019e1930f230
Event: 811.086 Thread 0x0000019dcf71c4f0 Thread added: 0x0000019e1a8e4950
Event: 811.087 Thread 0x0000019e1b844f10 Thread added: 0x0000019e1b845420
Event: 811.087 Thread 0x0000019e1b844f10 Thread added: 0x0000019e173bde30
Event: 811.153 Thread 0x0000019e1b844f10 Thread added: 0x0000019e175a4510
Event: 811.451 Thread 0x0000019e1a8e4950 Thread exited: 0x0000019e1a8e4950
Event: 815.339 Thread 0x0000019e183158f0 Thread exited: 0x0000019e183158f0
Event: 815.659 Thread 0x0000019dcf720aa0 Thread added: 0x0000019dcfb23090
Event: 818.084 Thread 0x0000019dcfb23090 Thread exited: 0x0000019dcfb23090
Event: 818.155 Thread 0x0000019dcf720aa0 Thread added: 0x0000019e18198040
Event: 819.400 Thread 0x0000019e18198040 Thread exited: 0x0000019e18198040
Event: 819.875 Thread 0x0000019e1b844f10 Thread added: 0x0000019e1c0b3c40
Event: 820.548 Thread 0x0000019e1b844f10 Thread added: 0x0000019e1c0b4150
Event: 820.556 Thread 0x0000019e1b844f10 Thread added: 0x0000019e1a40edd0
Event: 820.557 Thread 0x0000019e1b844f10 Thread added: 0x0000019e1a411b60
Event: 820.559 Thread 0x0000019e1b844f10 Thread added: 0x0000019e1a410720
Event: 820.560 Thread 0x0000019e1b844f10 Thread added: 0x0000019e1a40f7f0
Event: 820.564 Thread 0x0000019e1b844f10 Thread added: 0x0000019e1a40fd00


Dynamic libraries:
0x00007ff7fdf90000 - 0x00007ff7fdf9e000 	C:\Users\perez\.jdks\ms-17.0.18\bin\java.exe
0x00007ffe08aa0000 - 0x00007ffe08d07000 	C:\WINDOWS\SYSTEM32\ntdll.dll
0x00007ffe07ba0000 - 0x00007ffe07c69000 	C:\WINDOWS\System32\KERNEL32.DLL
0x00007ffe05440000 - 0x00007ffe05831000 	C:\WINDOWS\System32\KERNELBASE.dll
0x00007ffe05840000 - 0x00007ffe0598b000 	C:\WINDOWS\System32\ucrtbase.dll
0x00007ffdbe080000 - 0x00007ffdbe098000 	C:\Users\perez\.jdks\ms-17.0.18\bin\jli.dll
0x00007ffdaa5d0000 - 0x00007ffdaa5ee000 	C:\Users\perez\.jdks\ms-17.0.18\bin\VCRUNTIME140.dll
0x00007ffe06b80000 - 0x00007ffe06d45000 	C:\WINDOWS\System32\USER32.dll
0x00007ffe05380000 - 0x00007ffe053a7000 	C:\WINDOWS\System32\win32u.dll
0x00007ffde85e0000 - 0x00007ffde8873000 	C:\WINDOWS\WinSxS\amd64_microsoft.windows.common-controls_6595b64144ccf1df_6.0.26100.8037_none_3e092faae333b53b\COMCTL32.dll
0x00007ffe06dd0000 - 0x00007ffe06dfb000 	C:\WINDOWS\System32\GDI32.dll
0x00007ffe08410000 - 0x00007ffe084b9000 	C:\WINDOWS\System32\msvcrt.dll
0x00007ffe05d20000 - 0x00007ffe05e4b000 	C:\WINDOWS\System32\gdi32full.dll
0x00007ffe05c70000 - 0x00007ffe05d13000 	C:\WINDOWS\System32\msvcp_win.dll
0x00007ffe06ee0000 - 0x00007ffe06f11000 	C:\WINDOWS\System32\IMM32.DLL
0x00007ffdbef70000 - 0x00007ffdbef7c000 	C:\Users\perez\.jdks\ms-17.0.18\bin\vcruntime140_1.dll
0x00007ffd5c6f0000 - 0x00007ffd5c779000 	C:\Users\perez\.jdks\ms-17.0.18\bin\msvcp140.dll
0x00007ffcf1e90000 - 0x00007ffcf2b0a000 	C:\Users\perez\.jdks\ms-17.0.18\bin\server\jvm.dll
0x00007ffe06e20000 - 0x00007ffe06edb000 	C:\WINDOWS\System32\ADVAPI32.dll
0x00007ffe06f20000 - 0x00007ffe06fc7000 	C:\WINDOWS\System32\sechost.dll
0x00007ffe087c0000 - 0x00007ffe088d8000 	C:\WINDOWS\System32\RPCRT4.dll
0x00007ffe07ac0000 - 0x00007ffe07b34000 	C:\WINDOWS\System32\WS2_32.dll
0x00007ffdff950000 - 0x00007ffdff985000 	C:\WINDOWS\SYSTEM32\WINMM.dll
0x00007ffdff990000 - 0x00007ffdff99b000 	C:\WINDOWS\SYSTEM32\VERSION.dll
0x00007ffe051e0000 - 0x00007ffe0523e000 	C:\WINDOWS\SYSTEM32\POWRPROF.dll
0x00007ffe051c0000 - 0x00007ffe051d4000 	C:\WINDOWS\SYSTEM32\UMPDC.dll
0x00007ffe04110000 - 0x00007ffe0412b000 	C:\WINDOWS\SYSTEM32\kernel.appcore.dll
0x00007ffdbd8e0000 - 0x00007ffdbd8ea000 	C:\Users\perez\.jdks\ms-17.0.18\bin\jimage.dll
0x00007ffdfa000000 - 0x00007ffdfa242000 	C:\WINDOWS\SYSTEM32\DBGHELP.DLL
0x00007ffe07730000 - 0x00007ffe07ab2000 	C:\WINDOWS\System32\combase.dll
0x00007ffe085c0000 - 0x00007ffe08697000 	C:\WINDOWS\System32\OLEAUT32.dll
0x00007ffde8b70000 - 0x00007ffde8bab000 	C:\WINDOWS\SYSTEM32\dbgcore.DLL
0x00007ffe05a50000 - 0x00007ffe05af5000 	C:\WINDOWS\System32\bcryptPrimitives.dll
0x00007ffdec310000 - 0x00007ffdec31f000 	C:\Users\perez\.jdks\ms-17.0.18\bin\instrument.dll
0x00007ffd56660000 - 0x00007ffd56686000 	C:\Users\perez\.jdks\ms-17.0.18\bin\java.dll
0x00007ffd0b910000 - 0x00007ffd0b9e6000 	C:\Users\perez\.jdks\ms-17.0.18\bin\jsvml.dll
0x00007ffe07ca0000 - 0x00007ffe083ff000 	C:\WINDOWS\System32\SHELL32.dll
0x00007ffe05b00000 - 0x00007ffe05c6a000 	C:\WINDOWS\System32\wintypes.dll
0x00007ffe05e50000 - 0x00007ffe066b4000 	C:\WINDOWS\System32\windows.storage.dll
0x00007ffe088e0000 - 0x00007ffe089d7000 	C:\WINDOWS\System32\SHCORE.dll
0x00007ffe06fd0000 - 0x00007ffe07037000 	C:\WINDOWS\System32\shlwapi.dll
0x00007ffe052a0000 - 0x00007ffe052c9000 	C:\WINDOWS\SYSTEM32\profapi.dll
0x00007ffd56640000 - 0x00007ffd56658000 	C:\Users\perez\.jdks\ms-17.0.18\bin\zip.dll
0x00007ffd4d5b0000 - 0x00007ffd4d5cb000 	C:\Users\perez\.jdks\ms-17.0.18\bin\net.dll
0x00007ffdfbd20000 - 0x00007ffdfbe47000 	C:\WINDOWS\SYSTEM32\WINHTTP.dll
0x00007ffe04680000 - 0x00007ffe046eb000 	C:\WINDOWS\system32\mswsock.dll
0x00007ffd4d590000 - 0x00007ffd4d5a6000 	C:\Users\perez\.jdks\ms-17.0.18\bin\nio.dll
0x00007ffd9e840000 - 0x00007ffd9e850000 	C:\Users\perez\.jdks\ms-17.0.18\bin\verify.dll
0x00007ffdbd390000 - 0x00007ffdbd3b7000 	C:\Users\perez\AndroidStudioProjects\MyApplication\native\1def1411415f61bf3af743bc5b6707747c0891f09f0c88961ee8f79bc544acac\windows-amd64\native-platform.dll
0x00007ffdbd3c0000 - 0x00007ffdbd438000 	C:\Users\perez\AndroidStudioProjects\MyApplication\native\0.2.7\x86_64-windows-gnu\gradle-fileevents.dll
0x00007ffd87de0000 - 0x00007ffd87dea000 	C:\Users\perez\.jdks\ms-17.0.18\bin\management.dll
0x00007ffd87a60000 - 0x00007ffd87a6c000 	C:\Users\perez\.jdks\ms-17.0.18\bin\management_ext.dll
0x00007ffe089f0000 - 0x00007ffe089f8000 	C:\WINDOWS\System32\PSAPI.DLL
0x00007ffe03ae0000 - 0x00007ffe03b13000 	C:\WINDOWS\SYSTEM32\IPHLPAPI.DLL
0x00007ffe087b0000 - 0x00007ffe087ba000 	C:\WINDOWS\System32\NSI.dll
0x00007ffdfcd00000 - 0x00007ffdfcd1d000 	C:\WINDOWS\SYSTEM32\dhcpcsvc6.DLL
0x00007ffdfccd0000 - 0x00007ffdfccf3000 	C:\WINDOWS\SYSTEM32\dhcpcsvc.DLL
0x00007ffe03b40000 - 0x00007ffe03c6a000 	C:\WINDOWS\SYSTEM32\DNSAPI.dll
0x00007ffd80490000 - 0x00007ffd80499000 	C:\Users\perez\.jdks\ms-17.0.18\bin\extnet.dll
0x00007ffe04960000 - 0x00007ffe0497b000 	C:\WINDOWS\SYSTEM32\CRYPTSP.dll
0x00007ffe04070000 - 0x00007ffe040a9000 	C:\WINDOWS\system32\rsaenh.dll
0x00007ffe04730000 - 0x00007ffe04762000 	C:\WINDOWS\SYSTEM32\USERENV.dll
0x00007ffe05270000 - 0x00007ffe0529a000 	C:\WINDOWS\SYSTEM32\bcrypt.dll
0x00007ffe04980000 - 0x00007ffe0498c000 	C:\WINDOWS\SYSTEM32\CRYPTBASE.dll
0x00007ffdec300000 - 0x00007ffdec30e000 	C:\Users\perez\.jdks\ms-17.0.18\bin\sunmscapi.dll
0x00007ffe066c0000 - 0x00007ffe06837000 	C:\WINDOWS\System32\CRYPT32.dll
0x00007ffe04b80000 - 0x00007ffe04bb0000 	C:\WINDOWS\SYSTEM32\ncrypt.dll
0x00007ffe04b30000 - 0x00007ffe04b6f000 	C:\WINDOWS\SYSTEM32\NTASN1.dll
0x00007ffdd9d20000 - 0x00007ffdd9d28000 	C:\WINDOWS\system32\wshunix.dll
0x00007ffddd7c0000 - 0x00007ffddd7d8000 	C:\WINDOWS\system32\napinsp.dll
0x00007ffddd460000 - 0x00007ffddd472000 	C:\WINDOWS\System32\winrnr.dll
0x00007ffddd420000 - 0x00007ffddd442000 	C:\WINDOWS\system32\nlansp_c.dll
0x00007ffddd3d0000 - 0x00007ffddd3e6000 	C:\WINDOWS\system32\wshbth.dll
0x00007ffdfccc0000 - 0x00007ffdfcccb000 	C:\Windows\System32\rasadhlp.dll
0x00007ffdfcdc0000 - 0x00007ffdfce46000 	C:\WINDOWS\System32\fwpuclnt.dll
0x00007ffdbfa30000 - 0x00007ffdbfa37000 	C:\Users\perez\.jdks\ms-17.0.18\bin\rmi.dll
0x00007ffe04230000 - 0x00007ffe04266000 	C:\WINDOWS\SYSTEM32\ntmarta.dll

dbghelp: loaded successfully - version: 4.0.5 - missing functions: none
symbol engine: initialized successfully - sym options: 0x614 - pdb path: .;C:\Users\perez\.jdks\ms-17.0.18\bin;C:\WINDOWS\SYSTEM32;C:\WINDOWS\WinSxS\amd64_microsoft.windows.common-controls_6595b64144ccf1df_6.0.26100.8037_none_3e092faae333b53b;C:\Users\perez\.jdks\ms-17.0.18\bin\server;C:\Users\perez\AndroidStudioProjects\MyApplication\native\1def1411415f61bf3af743bc5b6707747c0891f09f0c88961ee8f79bc544acac\windows-amd64;C:\Users\perez\AndroidStudioProjects\MyApplication\native\0.2.7\x86_64-windows-gnu

VM Arguments:
jvm_args: --add-opens=java.base/java.lang=ALL-UNNAMED --add-opens=java.base/java.lang.invoke=ALL-UNNAMED --add-opens=java.base/java.util=ALL-UNNAMED --add-opens=java.prefs/java.util.prefs=ALL-UNNAMED --add-exports=jdk.compiler/com.sun.tools.javac.api=ALL-UNNAMED --add-exports=jdk.compiler/com.sun.tools.javac.util=ALL-UNNAMED --add-opens=java.base/java.util=ALL-UNNAMED --add-opens=java.prefs/java.util.prefs=ALL-UNNAMED --add-opens=java.base/java.nio.charset=ALL-UNNAMED --add-opens=java.base/java.net=ALL-UNNAMED --add-opens=java.base/java.util.concurrent.atomic=ALL-UNNAMED --add-opens=java.xml/javax.xml.namespace=ALL-UNNAMED -Xmx2048m -Dfile.encoding=UTF-8 -Duser.country=CO -Duser.language=es -Duser.variant -javaagent:C:\Users\perez\AndroidStudioProjects\MyApplication\wrapper\dists\gradle-8.13-bin\5xuhj0ry160q40clulazy9h7d\gradle-8.13\lib\agents\gradle-instrumentation-agent-8.13.jar 
java_command: org.gradle.launcher.daemon.bootstrap.GradleDaemon 8.13
java_class_path (initial): C:\Users\perez\AndroidStudioProjects\MyApplication\wrapper\dists\gradle-8.13-bin\5xuhj0ry160q40clulazy9h7d\gradle-8.13\lib\gradle-daemon-main-8.13.jar
Launcher Type: SUN_STANDARD

[Global flags]
     intx CICompilerCount                          = 4                                         {product} {ergonomic}
     uint ConcGCThreads                            = 2                                         {product} {ergonomic}
     uint G1ConcRefinementThreads                  = 8                                         {product} {ergonomic}
   size_t G1HeapRegionSize                         = 1048576                                   {product} {ergonomic}
    uintx GCDrainStackTargetSize                   = 64                                        {product} {ergonomic}
   size_t InitialHeapSize                          = 123731968                                 {product} {ergonomic}
   size_t MarkStackSize                            = 4194304                                   {product} {ergonomic}
   size_t MaxHeapSize                              = 2147483648                                {product} {command line}
   size_t MaxNewSize                               = 1287651328                                {product} {ergonomic}
   size_t MinHeapDeltaBytes                        = 1048576                                   {product} {ergonomic}
   size_t MinHeapSize                              = 8388608                                   {product} {ergonomic}
    uintx NonNMethodCodeHeapSize                   = 5839372                                {pd product} {ergonomic}
    uintx NonProfiledCodeHeapSize                  = 122909434                              {pd product} {ergonomic}
    uintx ProfiledCodeHeapSize                     = 122909434                              {pd product} {ergonomic}
    uintx ReservedCodeCacheSize                    = 251658240                              {pd product} {ergonomic}
     bool SegmentedCodeCache                       = true                                      {product} {ergonomic}
   size_t SoftMaxHeapSize                          = 2147483648                             {manageable} {ergonomic}
     bool UseCompressedClassPointers               = true                           {product lp64_product} {ergonomic}
     bool UseCompressedOops                        = true                           {product lp64_product} {ergonomic}
     bool UseG1GC                                  = true                                      {product} {ergonomic}
     bool UseLargePagesIndividualAllocation        = false                                  {pd product} {ergonomic}

Logging:
Log output configuration:
 #0: stdout all=warning uptime,level,tags
 #1: stderr all=off uptime,level,tags

Environment Variables:
PATH=C:\Program Files\dotnet\;C:\ORECLE\dbhomeXE\bin;C:\app\perez\product\21c\dbhomeXE\bin;C:\Program Files\Common Files\Oracle\Java\javapath;C:\Program Files (x86)\Common Files\Oracle\Java\javapath;C:\WINDOWS\system32;C:\WINDOWS;C:\WINDOWS\System32\Wbem;C:\WINDOWS\System32\WindowsPowerShell\v1.0\;C:\WINDOWS\System32\OpenSSH\;C:\Program Files\HP\HP One Agent;C:\Program Files (x86)\Microsoft SQL Server\160\Tools\Binn\;C:\Program Files\Microsoft SQL Server\160\Tools\Binn\;C:\Program Files\Microsoft SQL Server\Client SDK\ODBC\170\Tools\Binn\;C:\Program Files\Microsoft SQL Server\160\DTS\Binn\;C:\Program Files (x86)\Microsoft SQL Server\160\DTS\Binn\;C:\Program Files\Microsoft SQL Server\150\Tools\Binn\;C:\xampp\php;C:\ProgramData\ComposerSetup\bin;C:\flutter\bin;C:\Users\perez\AppData\Local\Android\Sdk\platform-tools;C:\Program Files\Git\cmd;C:\Program Files\nodejs\;C:\WINDOWS\system32;C:\WINDOWS;C:\WINDOWS\System32\Wbem;C:\WINDOWS\System32\WindowsPowerShell\v1.0\;C:\WINDOWS\System32\OpenSSH\;C:\Program Files\ngrok;C:\Program Files\cursor\resources\app\bin;C:\Users\perez\.config\herd\bin\nvm;C:\Program Files\nodejs;C:\Users\perez\.config\herd\bin;C:\Users\perez\AppData\Local\Programs\Python\Python313\Scripts\;C:\Users\perez\AppData\Local\Programs\Python\Python313\;C:\Users\perez\AppData\Local\Programs\oh-my-posh\bin\;C:\Program Files\MySQL\MySQL Shell 8.0\bin\;C:\xampp\php\php.exe;C:\Users\perez\AppData\Local\Programs\Microsoft VS Code\bin;C:\Users\perez\AppData\Roaming\Composer\vendor\bin;C:\Users\perez\AppData\Local\GitHubDesktop\bin;C:\Users\perez\.dotnet\tools;C:\Users\perez\.deno\bin;C:\Users\perez\AppData\Roaming\npm;C:\Users\perez\AppData\Local\Microsoft\WindowsApps;C:\ngrok;C:\Users\perez\AppData\Local\Programs\Antigravity\bin;C:\Users\perez\AppData\Local\Programs\Ollama
USERNAME=perez
OS=Windows_NT
PROCESSOR_IDENTIFIER=AMD64 Family 23 Model 104 Stepping 1, AuthenticAMD
TMP=C:\Users\perez\AppData\Local\Temp
TEMP=C:\Users\perez\AppData\Local\Temp



Periodic native trim disabled


---------------  S Y S T E M  ---------------

OS:
 Windows 11 , 64 bit Build 26100 (10.0.26100.7920)
OS uptime: 0 days 3:16 hours
Hyper-V role detected

CPU: total 8 (initial active 8) (8 cores per cpu, 2 threads per core) family 23 model 104 stepping 1 microcode 0x8608107, cx8, cmov, fxsr, ht, mmx, 3dnowpref, sse, sse2, sse3, ssse3, sse4a, sse4.1, sse4.2, popcnt, lzcnt, tsc, tscinvbit, avx, avx2, aes, clmul, bmi1, bmi2, adx, sha, fma, vzeroupper, clflush, clflushopt, hv
Processor Information for the first 8 processors :
  Max Mhz: 2600, Current Mhz: 2600, Mhz Limit: 2600

Memory: 4k page, system-wide physical 7502M (388M free)
TotalPageFile size 30030M (AvailPageFile size 130M)
current process WorkingSet (physical memory assigned to process): 485M, peak: 585M
current process commit charge ("private bytes"): 887M, peak: 1033M

vm_info: OpenJDK 64-Bit Server VM (17.0.18+8-LTS) for windows-amd64 JRE (17.0.18+8-LTS), built on Jan 15 2026 18:50:45 by "MicrosoftCorporation" with MS VC++ 17.14 (VS2022)

END.
