#
# There is insufficient memory for the Java Runtime Environment to continue.
# Native memory allocation (malloc) failed to allocate 1450960 bytes. Error detail: Chunk::new
# Possible reasons:
#   The system is out of physical RAM or swap space
#   This process is running with CompressedOops enabled, and the Java Heap may be blocking the growth of the native heap
# Possible solutions:
#   Reduce memory load on the system
#   Increase physical memory or swap space
#   Check if swap backing store is full
#   Decrease Java heap size (-Xmx/-Xms)
#   Decrease number of Java threads
#   Decrease Java thread stack sizes (-Xss)
#   Set larger code cache with -XX:ReservedCodeCacheSize=
#   JVM is running with Unscaled Compressed Oops mode in which the Java heap is
#     placed in the first 4GB address space. The Java Heap base address is the
#     maximum limit for the native heap growth. Please use -XX:HeapBaseMinAddress
#     to set the Java Heap base and to place the Java Heap above 4GB virtual address.
# This output file may be truncated or incomplete.
#
#  Out of Memory Error (arena.cpp:191), pid=1992, tid=19240
#
# JRE version: OpenJDK Runtime Environment Microsoft-13106358 (17.0.18+8) (build 17.0.18+8-LTS)
# Java VM: OpenJDK 64-Bit Server VM Microsoft-13106358 (17.0.18+8-LTS, mixed mode, sharing, tiered, compressed oops, compressed class ptrs, g1 gc, windows-amd64)
# No core dump will be written. Minidumps are not enabled by default on client versions of Windows
#

---------------  S U M M A R Y ------------

Command Line: --add-opens=java.base/java.lang=ALL-UNNAMED --add-opens=java.base/java.lang.invoke=ALL-UNNAMED --add-opens=java.base/java.util=ALL-UNNAMED --add-opens=java.prefs/java.util.prefs=ALL-UNNAMED --add-exports=jdk.compiler/com.sun.tools.javac.api=ALL-UNNAMED --add-exports=jdk.compiler/com.sun.tools.javac.util=ALL-UNNAMED --add-opens=java.base/java.util=ALL-UNNAMED --add-opens=java.prefs/java.util.prefs=ALL-UNNAMED --add-opens=java.base/java.nio.charset=ALL-UNNAMED --add-opens=java.base/java.net=ALL-UNNAMED --add-opens=java.base/java.util.concurrent.atomic=ALL-UNNAMED --add-opens=java.xml/javax.xml.namespace=ALL-UNNAMED -Xmx2048m -Dfile.encoding=UTF-8 -Duser.country=CO -Duser.language=es -Duser.variant -javaagent:C:\Users\perez\AndroidStudioProjects\MyApplication\wrapper\dists\gradle-8.13-bin\5xuhj0ry160q40clulazy9h7d\gradle-8.13\lib\agents\gradle-instrumentation-agent-8.13.jar org.gradle.launcher.daemon.bootstrap.GradleDaemon 8.13

Host: AMD Ryzen 3 5300U with Radeon Graphics         , 8 cores, 7G,  Windows 11 , 64 bit Build 26100 (10.0.26100.7920)
Time: Thu Mar 26 15:56:16 2026 Hora est. Pacífico, Sudamérica elapsed time: 1369.294972 seconds (0d 0h 22m 49s)

---------------  T H R E A D  ---------------

Current thread (0x00000248cd0b5de0):  JavaThread "C2 CompilerThread0" daemon [_thread_in_native, id=19240, stack(0x00000074f7200000,0x00000074f7300000)]


Current CompileTask:
C2:1369295 33527       4       org.gradle.api.internal.artifacts.ivyservice.modulecache.InMemoryModuleMetadataCache::get (52 bytes)

Stack: [0x00000074f7200000,0x00000074f7300000]
Native frames: (J=compiled Java code, j=interpreted, Vv=VM code, C=native code)
V  [jvm.dll+0x68c879]  (no source info available)
V  [jvm.dll+0x845979]  (no source info available)
V  [jvm.dll+0x8476e8]  (no source info available)
V  [jvm.dll+0x847d73]  (no source info available)
V  [jvm.dll+0x24cf6f]  (no source info available)
V  [jvm.dll+0xaecb6]  (no source info available)
V  [jvm.dll+0xaf35c]  (no source info available)
V  [jvm.dll+0x37174e]  (no source info available)
V  [jvm.dll+0x1c08f9]  (no source info available)
V  [jvm.dll+0x21e080]  (no source info available)
V  [jvm.dll+0x21d36d]  (no source info available)
V  [jvm.dll+0x1a8ce6]  (no source info available)
V  [jvm.dll+0x22db1b]  (no source info available)
V  [jvm.dll+0x22bca6]  (no source info available)
V  [jvm.dll+0x7fbabb]  (no source info available)
V  [jvm.dll+0x7f5ebc]  (no source info available)
V  [jvm.dll+0x68de17]  (no source info available)
C  [ucrtbase.dll+0x37b0]  (no source info available)
C  [KERNEL32.DLL+0x2e8d7]  (no source info available)
C  [ntdll.dll+0x8c48c]  (no source info available)


---------------  P R O C E S S  ---------------

Threads class SMR info:
_java_thread_list=0x0000024917e3bbc0, length=105, elements={
0x00000248aebcadf0, 0x00000248cd096780, 0x00000248cd099260, 0x00000248cd0b05a0,
0x00000248cd0b2f80, 0x00000248cd0b3850, 0x00000248cd0b4120, 0x00000248cd0b5de0,
0x00000248cd0bf4f0, 0x00000248cd0d8b60, 0x00000248cd083c00, 0x00000248cd3386e0,
0x0000024913e1b030, 0x0000024913e86ba0, 0x0000024913e67ee0, 0x0000024913fa7e00,
0x0000024913fa64b0, 0x0000024913fa69c0, 0x0000024913fa5070, 0x0000024915fa9b40,
0x0000024915faaf80, 0x0000024918252310, 0x000002491612ec10, 0x0000024916130050,
0x0000024916130560, 0x0000024916130a70, 0x000002491a29adf0, 0x00000249158e78d0,
0x0000024920b3acf0, 0x000002491a83e6f0, 0x00000249183c1aa0, 0x000002492101ad70,
0x0000024920a7d950, 0x0000024921adb220, 0x0000024921018a00, 0x000002492101b280,
0x000002492044c430, 0x0000024920a7cf30, 0x0000024920a7f2a0, 0x000002491a83f620,
0x000002491a83dcd0, 0x0000024920b3b200, 0x0000024920b39dc0, 0x00000249183c1080,
0x00000249183c4320, 0x00000249183c33f0, 0x00000249183c3900, 0x00000249183c24c0,
0x00000249183c2ee0, 0x0000024920b398b0, 0x0000024920b3a2d0, 0x0000024920b3a7e0,
0x00000249153436a0, 0x0000024921adad10, 0x0000024915341d50, 0x0000024915342260,
0x00000249183c1fb0, 0x00000249183c29d0, 0x00000249183c3e10, 0x00000249183c4830,
0x00000249183c1590, 0x0000024921adb730, 0x0000024921add590, 0x0000024921addaa0,
0x0000024915343190, 0x0000024916bbc100, 0x0000024916bbb6e0, 0x0000024916bbcb20,
0x0000024916bbd030, 0x0000024916bbdf60, 0x0000024916bbbbf0, 0x000002491a8fc500,
0x000002491a2a8bc0, 0x0000024921adbc40, 0x0000024921addfb0, 0x0000024921adc660,
0x0000024921add080, 0x0000024921adc150, 0x0000024921ade4c0, 0x0000024921adcb70,
0x000002491a83e1e0, 0x000002491a841480, 0x000002491a840f70, 0x000002491a83ec00,
0x000002491a840550, 0x000002491a83f110, 0x000002491a83fb30, 0x000002491a840040,
0x00000249204eb730, 0x0000024917e315a0, 0x0000024917e33400, 0x0000024917e324d0,
0x0000024920a7e370, 0x0000024920a7e880, 0x0000024920a7f7b0, 0x0000024920a7fcc0,
0x0000024920a806e0, 0x0000024920a801d0, 0x0000024918460ab0, 0x0000024918462910,
0x0000024918460090, 0x0000024918462400, 0x0000024918461ef0, 0x0000024918460fc0,
0x00000249203dc120
}

Java Threads: ( => current thread )
  0x00000248aebcadf0 JavaThread "main" [_thread_blocked, id=15544, stack(0x00000074f6500000,0x00000074f6600000)]
  0x00000248cd096780 JavaThread "Reference Handler" daemon [_thread_blocked, id=23160, stack(0x00000074f6c00000,0x00000074f6d00000)]
  0x00000248cd099260 JavaThread "Finalizer" daemon [_thread_blocked, id=18992, stack(0x00000074f6d00000,0x00000074f6e00000)]
  0x00000248cd0b05a0 JavaThread "Signal Dispatcher" daemon [_thread_blocked, id=11180, stack(0x00000074f6e00000,0x00000074f6f00000)]
  0x00000248cd0b2f80 JavaThread "Attach Listener" daemon [_thread_blocked, id=13392, stack(0x00000074f6f00000,0x00000074f7000000)]
  0x00000248cd0b3850 JavaThread "Service Thread" daemon [_thread_blocked, id=14264, stack(0x00000074f7000000,0x00000074f7100000)]
  0x00000248cd0b4120 JavaThread "Monitor Deflation Thread" daemon [_thread_blocked, id=22384, stack(0x00000074f7100000,0x00000074f7200000)]
=>0x00000248cd0b5de0 JavaThread "C2 CompilerThread0" daemon [_thread_in_native, id=19240, stack(0x00000074f7200000,0x00000074f7300000)]
  0x00000248cd0bf4f0 JavaThread "C1 CompilerThread0" daemon [_thread_in_vm, id=20816, stack(0x00000074f7300000,0x00000074f7400000)]
  0x00000248cd0d8b60 JavaThread "Sweeper thread" daemon [_thread_blocked, id=21308, stack(0x00000074f7400000,0x00000074f7500000)]
  0x00000248cd083c00 JavaThread "Common-Cleaner" daemon [_thread_blocked, id=23252, stack(0x00000074f7500000,0x00000074f7600000)]
  0x00000248cd3386e0 JavaThread "Notification Thread" daemon [_thread_blocked, id=8100, stack(0x00000074f7600000,0x00000074f7700000)]
  0x0000024913e1b030 JavaThread "Daemon health stats" [_thread_blocked, id=8420, stack(0x00000074f7e00000,0x00000074f7f00000)]
  0x0000024913e86ba0 JavaThread "Incoming local TCP Connector on port 57048" [_thread_in_native, id=15496, stack(0x00000074f7800000,0x00000074f7900000)]
  0x0000024913e67ee0 JavaThread "Daemon periodic checks" [_thread_blocked, id=21516, stack(0x00000074f8000000,0x00000074f8100000)]
  0x0000024913fa7e00 JavaThread "Cache worker for journal cache (C:\Users\perez\AndroidStudioProjects\MyApplication\caches\journal-1)" [_thread_blocked, id=22756, stack(0x00000074f8800000,0x00000074f8900000)]
  0x0000024913fa64b0 JavaThread "File lock request listener" [_thread_in_native, id=17568, stack(0x00000074f8900000,0x00000074f8a00000)]
  0x0000024913fa69c0 JavaThread "Cache worker for file hash cache (C:\Users\perez\AndroidStudioProjects\MyApplication\caches\8.13\fileHashes)" [_thread_blocked, id=20432, stack(0x00000074f8a00000,0x00000074f8b00000)]
  0x0000024913fa5070 JavaThread "File watcher server" daemon [_thread_in_native, id=15052, stack(0x00000074f9100000,0x00000074f9200000)]
  0x0000024915fa9b40 JavaThread "File watcher consumer" daemon [_thread_blocked, id=21152, stack(0x00000074f9200000,0x00000074f9300000)]
  0x0000024915faaf80 JavaThread "Cache worker for file content cache (C:\Users\perez\AndroidStudioProjects\MyApplication\caches\8.13\fileContent)" [_thread_blocked, id=8072, stack(0x00000074f9300000,0x00000074f9400000)]
  0x0000024918252310 JavaThread "Memory manager" [_thread_blocked, id=11408, stack(0x00000074fae00000,0x00000074faf00000)]
  0x000002491612ec10 JavaThread "RMI Scheduler(0)" daemon [_thread_blocked, id=21364, stack(0x00000074ffd00000,0x00000074ffe00000)]
  0x0000024916130050 JavaThread "RMI GC Daemon" daemon [_thread_blocked, id=3968, stack(0x00000074fff00000,0x0000007500000000)]
  0x0000024916130560 JavaThread "RMI TCP Accept-0" daemon [_thread_in_native, id=21216, stack(0x0000007480000000,0x0000007480100000)]
  0x0000024916130a70 JavaThread "RMI Reaper" [_thread_blocked, id=17536, stack(0x0000007480100000,0x0000007480200000)]
  0x000002491a29adf0 JavaThread "Cache worker for Java compile cache (C:\Users\perez\AndroidStudioProjects\MyApplication\caches\8.13\javaCompile)" [_thread_blocked, id=17432, stack(0x0000007480b00000,0x0000007480c00000)]
  0x00000249158e78d0 JavaThread "Daemon Thread 2" [_thread_blocked, id=12984, stack(0x0000007480300000,0x0000007480400000)]
  0x0000024920b3acf0 JavaThread "Daemon worker Thread 2" [_thread_blocked, id=26376, stack(0x0000007480a00000,0x0000007480b00000)]
  0x000002491a83e6f0 JavaThread "RMI RenewClean-[127.0.0.1:17827,org.jetbrains.kotlin.daemon.common.LoopbackNetworkInterface$ClientLoopbackSocketFactory@1a888acb]" daemon [_thread_blocked, id=19284, stack(0x0000007485400000,0x0000007485500000)]
  0x00000249183c1aa0 JavaThread "RMI TCP Connection(idle)" daemon [_thread_blocked, id=18060, stack(0x0000007485500000,0x0000007485600000)]
  0x000002492101ad70 JavaThread "ForkJoinPool.commonPool-worker-8" daemon [_thread_blocked, id=328, stack(0x0000007486200000,0x0000007486300000)]
  0x0000024920a7d950 JavaThread "ForkJoinPool.commonPool-worker-9" daemon [_thread_blocked, id=26308, stack(0x0000007486600000,0x0000007486700000)]
  0x0000024921adb220 JavaThread "ForkJoinPool.commonPool-worker-11" daemon [_thread_blocked, id=9752, stack(0x0000007486800000,0x0000007486900000)]
  0x0000024921018a00 JavaThread "ForkJoinPool.commonPool-worker-12" daemon [_thread_blocked, id=26108, stack(0x0000007486900000,0x0000007486a00000)]
  0x000002492101b280 JavaThread "ForkJoinPool.commonPool-worker-13" daemon [_thread_blocked, id=3004, stack(0x0000007486a00000,0x0000007486b00000)]
  0x000002492044c430 JavaThread "ForkJoinPool.commonPool-worker-14" daemon [_thread_blocked, id=12956, stack(0x0000007486b00000,0x0000007486c00000)]
  0x0000024920a7cf30 JavaThread "Handler for socket connection from /127.0.0.1:57048 to /127.0.0.1:60627" [_thread_in_native, id=25112, stack(0x0000007480400000,0x0000007480500000)]
  0x0000024920a7f2a0 JavaThread "Cancel handler" [_thread_blocked, id=26096, stack(0x0000007480500000,0x0000007480600000)]
  0x000002491a83f620 JavaThread "Asynchronous log dispatcher for DefaultDaemonConnection: socket connection from /127.0.0.1:57048 to /127.0.0.1:60627" [_thread_blocked, id=24152, stack(0x0000007480c00000,0x0000007480d00000)]
  0x000002491a83dcd0 JavaThread "Stdin handler" [_thread_blocked, id=25828, stack(0x0000007480d00000,0x0000007480e00000)]
  0x0000024920b3b200 JavaThread "Daemon client event forwarder" [_thread_blocked, id=25876, stack(0x0000007480e00000,0x0000007480f00000)]
  0x0000024920b39dc0 JavaThread "Cache worker for file hash cache (C:\Users\perez\Downloads\Movil_chicamocha\MobileApp_UsoChicamocha\.gradle\8.13\fileHashes)" [_thread_blocked, id=23288, stack(0x0000007480f00000,0x0000007481000000)]
  0x00000249183c1080 JavaThread "Cache worker for Build Output Cleanup Cache (C:\Users\perez\Downloads\Movil_chicamocha\MobileApp_UsoChicamocha\.gradle\buildOutputCleanup)" [_thread_blocked, id=7472, stack(0x0000007481000000,0x0000007481100000)]
  0x00000249183c4320 JavaThread "Cache worker for checksums cache (C:\Users\perez\Downloads\Movil_chicamocha\MobileApp_UsoChicamocha\.gradle\8.13\checksums)" [_thread_blocked, id=22408, stack(0x0000007480200000,0x0000007480300000)]
  0x00000249183c33f0 JavaThread "Cache worker for cache directory md-supplier (C:\Users\perez\AndroidStudioProjects\MyApplication\caches\8.13\md-supplier)" [_thread_blocked, id=25372, stack(0x0000007481100000,0x0000007481200000)]
  0x00000249183c3900 JavaThread "Cache worker for cache directory md-rule (C:\Users\perez\AndroidStudioProjects\MyApplication\caches\8.13\md-rule)" [_thread_blocked, id=26116, stack(0x0000007481200000,0x0000007481300000)]
  0x00000249183c24c0 JavaThread "Unconstrained build operations" [_thread_blocked, id=10272, stack(0x0000007481400000,0x0000007481500000)]
  0x00000249183c2ee0 JavaThread "Unconstrained build operations Thread 2" [_thread_blocked, id=25752, stack(0x0000007481500000,0x0000007481600000)]
  0x0000024920b398b0 JavaThread "Unconstrained build operations Thread 3" [_thread_blocked, id=22660, stack(0x0000007481600000,0x0000007481700000)]
  0x0000024920b3a2d0 JavaThread "Unconstrained build operations Thread 4" [_thread_blocked, id=23952, stack(0x0000007481700000,0x0000007481800000)]
  0x0000024920b3a7e0 JavaThread "Unconstrained build operations Thread 5" [_thread_blocked, id=24812, stack(0x0000007481800000,0x0000007481900000)]
  0x00000249153436a0 JavaThread "Unconstrained build operations Thread 6" [_thread_blocked, id=12896, stack(0x0000007481900000,0x0000007481a00000)]
  0x0000024921adad10 JavaThread "Unconstrained build operations Thread 7" [_thread_blocked, id=23388, stack(0x0000007481a00000,0x0000007481b00000)]
  0x0000024915341d50 JavaThread "Unconstrained build operations Thread 8" [_thread_blocked, id=24656, stack(0x0000007481b00000,0x0000007481c00000)]
  0x0000024915342260 JavaThread "Unconstrained build operations Thread 9" [_thread_blocked, id=24640, stack(0x0000007481c00000,0x0000007481d00000)]
  0x00000249183c1fb0 JavaThread "Unconstrained build operations Thread 10" [_thread_blocked, id=24320, stack(0x0000007481d00000,0x0000007481e00000)]
  0x00000249183c29d0 JavaThread "Unconstrained build operations Thread 11" [_thread_blocked, id=25788, stack(0x0000007481e00000,0x0000007481f00000)]
  0x00000249183c3e10 JavaThread "Unconstrained build operations Thread 12" [_thread_blocked, id=21976, stack(0x0000007481f00000,0x0000007482000000)]
  0x00000249183c4830 JavaThread "Unconstrained build operations Thread 13" [_thread_blocked, id=25060, stack(0x0000007482000000,0x0000007482100000)]
  0x00000249183c1590 JavaThread "Unconstrained build operations Thread 14" [_thread_blocked, id=16804, stack(0x0000007482100000,0x0000007482200000)]
  0x0000024921adb730 JavaThread "build event listener" [_thread_blocked, id=25396, stack(0x0000007482200000,0x0000007482300000)]
  0x0000024921add590 JavaThread "build event listener" [_thread_blocked, id=26340, stack(0x0000007482400000,0x0000007482500000)]
  0x0000024921addaa0 JavaThread "Problems report writer" [_thread_blocked, id=8648, stack(0x0000007482300000,0x0000007482400000)]
  0x0000024915343190 JavaThread "included builds" [_thread_blocked, id=25620, stack(0x0000007481300000,0x0000007481400000)]
  0x0000024916bbc100 JavaThread "Execution worker" [_thread_blocked, id=8432, stack(0x0000007482500000,0x0000007482600000)]
  0x0000024916bbb6e0 JavaThread "Execution worker Thread 2" [_thread_blocked, id=21720, stack(0x0000007482600000,0x0000007482700000)]
  0x0000024916bbcb20 JavaThread "Execution worker Thread 3" [_thread_blocked, id=17252, stack(0x0000007482700000,0x0000007482800000)]
  0x0000024916bbd030 JavaThread "Execution worker Thread 4" [_thread_in_native, id=15312, stack(0x0000007482800000,0x0000007482900000)]
  0x0000024916bbdf60 JavaThread "Execution worker Thread 5" [_thread_blocked, id=18152, stack(0x0000007482900000,0x0000007482a00000)]
  0x0000024916bbbbf0 JavaThread "Execution worker Thread 6" [_thread_blocked, id=16464, stack(0x0000007482a00000,0x0000007482b00000)]
  0x000002491a8fc500 JavaThread "Execution worker Thread 7" [_thread_blocked, id=18908, stack(0x0000007482b00000,0x0000007482c00000)]
  0x000002491a2a8bc0 JavaThread "Cache worker for execution history cache (C:\Users\perez\Downloads\Movil_chicamocha\MobileApp_UsoChicamocha\.gradle\8.13\executionHistory)" [_thread_blocked, id=25796, stack(0x0000007482c00000,0x0000007482d00000)]
  0x0000024921adbc40 JavaThread "Unconstrained build operations Thread 15" [_thread_blocked, id=25416, stack(0x0000007482e00000,0x0000007482f00000)]
  0x0000024921addfb0 JavaThread "Unconstrained build operations Thread 16" [_thread_blocked, id=23664, stack(0x0000007482f00000,0x0000007483000000)]
  0x0000024921adc660 JavaThread "Unconstrained build operations Thread 17" [_thread_blocked, id=18664, stack(0x0000007483000000,0x0000007483100000)]
  0x0000024921add080 JavaThread "Unconstrained build operations Thread 18" [_thread_blocked, id=1740, stack(0x0000007483100000,0x0000007483200000)]
  0x0000024921adc150 JavaThread "Unconstrained build operations Thread 19" [_thread_blocked, id=25512, stack(0x0000007483200000,0x0000007483300000)]
  0x0000024921ade4c0 JavaThread "Unconstrained build operations Thread 20" [_thread_blocked, id=19900, stack(0x0000007483300000,0x0000007483400000)]
  0x0000024921adcb70 JavaThread "Unconstrained build operations Thread 21" [_thread_blocked, id=24044, stack(0x0000007483400000,0x0000007483500000)]
  0x000002491a83e1e0 JavaThread "Unconstrained build operations Thread 22" [_thread_blocked, id=24748, stack(0x0000007483500000,0x0000007483600000)]
  0x000002491a841480 JavaThread "Unconstrained build operations Thread 23" [_thread_blocked, id=13056, stack(0x0000007483600000,0x0000007483700000)]
  0x000002491a840f70 JavaThread "Unconstrained build operations Thread 24" [_thread_blocked, id=25912, stack(0x0000007483700000,0x0000007483800000)]
  0x000002491a83ec00 JavaThread "Unconstrained build operations Thread 25" [_thread_blocked, id=25108, stack(0x0000007483800000,0x0000007483900000)]
  0x000002491a840550 JavaThread "Unconstrained build operations Thread 26" [_thread_blocked, id=25924, stack(0x0000007483900000,0x0000007483a00000)]
  0x000002491a83f110 JavaThread "Unconstrained build operations Thread 27" [_thread_blocked, id=23752, stack(0x0000007483a00000,0x0000007483b00000)]
  0x000002491a83fb30 JavaThread "Unconstrained build operations Thread 28" [_thread_blocked, id=20988, stack(0x0000007483b00000,0x0000007483c00000)]
  0x000002491a840040 JavaThread "Unconstrained build operations Thread 29" [_thread_blocked, id=24844, stack(0x0000007483c00000,0x0000007483d00000)]
  0x00000249204eb730 JavaThread "Unconstrained build operations Thread 30" [_thread_blocked, id=19860, stack(0x0000007483d00000,0x0000007483e00000)]
  0x0000024917e315a0 JavaThread "Unconstrained build operations Thread 31" [_thread_blocked, id=25580, stack(0x0000007483e00000,0x0000007483f00000)]
  0x0000024917e33400 JavaThread "Unconstrained build operations Thread 32" [_thread_blocked, id=24480, stack(0x0000007483f00000,0x0000007484000000)]
  0x0000024917e324d0 JavaThread "Unconstrained build operations Thread 33" [_thread_blocked, id=25868, stack(0x0000007484000000,0x0000007484100000)]
  0x0000024920a7e370 JavaThread "Unconstrained build operations Thread 34" [_thread_blocked, id=17908, stack(0x0000007484100000,0x0000007484200000)]
  0x0000024920a7e880 JavaThread "Unconstrained build operations Thread 35" [_thread_blocked, id=12024, stack(0x0000007484200000,0x0000007484300000)]
  0x0000024920a7f7b0 JavaThread "Unconstrained build operations Thread 36" [_thread_blocked, id=16568, stack(0x0000007484300000,0x0000007484400000)]
  0x0000024920a7fcc0 JavaThread "Unconstrained build operations Thread 37" [_thread_blocked, id=2568, stack(0x0000007482d00000,0x0000007482e00000)]
  0x0000024920a806e0 JavaThread "Unconstrained build operations Thread 38" [_thread_blocked, id=24012, stack(0x0000007484400000,0x0000007484500000)]
  0x0000024920a801d0 JavaThread "Unconstrained build operations Thread 39" [_thread_blocked, id=10668, stack(0x0000007484500000,0x0000007484600000)]
  0x0000024918460ab0 JavaThread "Unconstrained build operations Thread 40" [_thread_blocked, id=15028, stack(0x0000007484600000,0x0000007484700000)]
  0x0000024918462910 JavaThread "Unconstrained build operations Thread 41" [_thread_blocked, id=24572, stack(0x0000007484700000,0x0000007484800000)]
  0x0000024918460090 JavaThread "Unconstrained build operations Thread 42" [_thread_blocked, id=23760, stack(0x0000007484800000,0x0000007484900000)]
  0x0000024918462400 JavaThread "Unconstrained build operations Thread 43" [_thread_blocked, id=22060, stack(0x0000007484900000,0x0000007484a00000)]
  0x0000024918461ef0 JavaThread "Unconstrained build operations Thread 44" [_thread_blocked, id=25820, stack(0x0000007484a00000,0x0000007484b00000)]
  0x0000024918460fc0 JavaThread "Unconstrained build operations Thread 45" [_thread_blocked, id=23464, stack(0x0000007484b00000,0x0000007484c00000)]
  0x00000249203dc120 JavaThread "C2 CompilerThread1" daemon [_thread_in_native, id=24268, stack(0x0000007484c00000,0x0000007484d00000)]

Other Threads:
  0x00000248cd093790 VMThread "VM Thread" [stack: 0x00000074f6b00000,0x00000074f6c00000] [id=20132]
  0x00000248aebcbb80 WatcherThread [stack: 0x00000074f7700000,0x00000074f7800000] [id=21392]
  0x00000248aec28e20 GCTaskThread "GC Thread#0" [stack: 0x00000074f6600000,0x00000074f6700000] [id=15516]
  0x00000248cd8d7f00 GCTaskThread "GC Thread#1" [stack: 0x00000074f7a00000,0x00000074f7b00000] [id=18512]
  0x00000248cda36440 GCTaskThread "GC Thread#2" [stack: 0x00000074f7b00000,0x00000074f7c00000] [id=20824]
  0x00000249132f2050 GCTaskThread "GC Thread#3" [stack: 0x00000074f7900000,0x00000074f7a00000] [id=21604]
  0x00000249132f2320 GCTaskThread "GC Thread#4" [stack: 0x00000074f7c00000,0x00000074f7d00000] [id=18500]
  0x00000249132f1ab0 GCTaskThread "GC Thread#5" [stack: 0x00000074f8b00000,0x00000074f8c00000] [id=23080]
  0x00000249132f2e60 GCTaskThread "GC Thread#6" [stack: 0x00000074f8c00000,0x00000074f8d00000] [id=5792]
  0x00000249132f2b90 GCTaskThread "GC Thread#7" [stack: 0x00000074f8d00000,0x00000074f8e00000] [id=19144]
  0x00000248aec39df0 ConcurrentGCThread "G1 Main Marker" [stack: 0x00000074f6700000,0x00000074f6800000] [id=20492]
  0x00000248aec3c140 ConcurrentGCThread "G1 Conc#0" [stack: 0x00000074f6800000,0x00000074f6900000] [id=12900]
  0x0000024916783660 ConcurrentGCThread "G1 Conc#1" [stack: 0x00000074f9000000,0x00000074f9100000] [id=8152]
  0x00000248ccf32510 ConcurrentGCThread "G1 Refine#0" [stack: 0x00000074f6900000,0x00000074f6a00000] [id=22152]
  0x00000248cd91e650 ConcurrentGCThread "G1 Refine#1" [stack: 0x00000074f7d00000,0x00000074f7e00000] [id=18220]
  0x00000249176f5360 ConcurrentGCThread "G1 Refine#2" [stack: 0x0000007480600000,0x0000007480700000] [id=24444]
  0x0000024915d8b1b0 ConcurrentGCThread "G1 Refine#3" [stack: 0x0000007480700000,0x0000007480800000] [id=24440]
  0x0000024915d8b7b0 ConcurrentGCThread "G1 Refine#4" [stack: 0x0000007480800000,0x0000007480900000] [id=24428]
  0x0000024915d89fb0 ConcurrentGCThread "G1 Refine#5" [stack: 0x0000007480900000,0x0000007480a00000] [id=24132]
  0x00000248aec7dc80 ConcurrentGCThread "G1 Service" [stack: 0x00000074f6a00000,0x00000074f6b00000] [id=6468]

Threads with active compile tasks:
C2 CompilerThread0  1369364 33527       4       org.gradle.api.internal.artifacts.ivyservice.modulecache.InMemoryModuleMetadataCache::get (52 bytes)

VM state: not at safepoint (normal execution)

VM Mutex/Monitor currently owned by a thread: None

Heap address: 0x0000000080000000, size: 2048 MB, Compressed Oops mode: 32-bit

CDS archive(s) mapped at: [0x00000248ce000000-0x00000248cebb0000-0x00000248cebb0000), size 12255232, SharedBaseAddress: 0x00000248ce000000, ArchiveRelocationMode: 1.
Compressed class space mapped at: 0x00000248cf000000-0x000002490f000000, reserved size: 1073741824
Narrow klass base: 0x00000248ce000000, Narrow klass shift: 0, Narrow klass range: 0x100000000

GC Precious Log:
 CPUs: 8 total, 8 available
 Memory: 7502M
 Large Page Support: Disabled
 NUMA Support: Disabled
 Compressed Oops: Enabled (32-bit)
 Heap Region Size: 1M
 Heap Min Capacity: 8M
 Heap Initial Capacity: 118M
 Heap Max Capacity: 2G
 Pre-touch: Disabled
 Parallel Workers: 8
 Concurrent Workers: 2
 Concurrent Refinement Workers: 8
 Periodic GC: Disabled

Heap:
 garbage-first heap   total 482304K, used 333247K [0x0000000080000000, 0x0000000100000000)
  region size 1024K, 61 young (62464K), 12 survivors (12288K)
 Metaspace       used 170027K, committed 171200K, reserved 1245184K
  class space    used 22438K, committed 23040K, reserved 1048576K

Heap Regions: E=young(eden), S=young(survivor), O=old, HS=humongous(starts), HC=humongous(continues), CS=collection set, F=free, OA=open archive, CA=closed archive, TAMS=top-at-mark-start (previous, next)
|   0|0x0000000080000000, 0x0000000080100000, 0x0000000080100000|100%|HS|  |TAMS 0x0000000080100000, 0x0000000080100000| Complete 
|   1|0x0000000080100000, 0x0000000080200000, 0x0000000080200000|100%|HC|  |TAMS 0x0000000080200000, 0x0000000080200000| Complete 
|   2|0x0000000080200000, 0x0000000080300000, 0x0000000080300000|100%|HC|  |TAMS 0x0000000080300000, 0x0000000080300000| Complete 
|   3|0x0000000080300000, 0x0000000080400000, 0x0000000080400000|100%| O|  |TAMS 0x0000000080400000, 0x0000000080400000| Untracked 
|   4|0x0000000080400000, 0x0000000080500000, 0x0000000080500000|100%| O|  |TAMS 0x0000000080500000, 0x0000000080500000| Untracked 
|   5|0x0000000080500000, 0x0000000080600000, 0x0000000080600000|100%| O|  |TAMS 0x0000000080600000, 0x0000000080600000| Untracked 
|   6|0x0000000080600000, 0x0000000080700000, 0x0000000080700000|100%|HS|  |TAMS 0x0000000080700000, 0x0000000080700000| Complete 
|   7|0x0000000080700000, 0x0000000080800000, 0x0000000080800000|100%| O|  |TAMS 0x0000000080800000, 0x0000000080800000| Untracked 
|   8|0x0000000080800000, 0x0000000080900000, 0x0000000080900000|100%| O|  |TAMS 0x0000000080900000, 0x0000000080900000| Untracked 
|   9|0x0000000080900000, 0x0000000080a00000, 0x0000000080a00000|100%| O|  |TAMS 0x0000000080a00000, 0x0000000080a00000| Untracked 
|  10|0x0000000080a00000, 0x0000000080b00000, 0x0000000080b00000|100%| O|  |TAMS 0x0000000080b00000, 0x0000000080b00000| Untracked 
|  11|0x0000000080b00000, 0x0000000080c00000, 0x0000000080c00000|100%| O|  |TAMS 0x0000000080c00000, 0x0000000080c00000| Untracked 
|  12|0x0000000080c00000, 0x0000000080d00000, 0x0000000080d00000|100%| O|  |TAMS 0x0000000080d00000, 0x0000000080d00000| Untracked 
|  13|0x0000000080d00000, 0x0000000080e00000, 0x0000000080e00000|100%| O|  |TAMS 0x0000000080e00000, 0x0000000080e00000| Untracked 
|  14|0x0000000080e00000, 0x0000000080f00000, 0x0000000080f00000|100%| O|  |TAMS 0x0000000080f00000, 0x0000000080f00000| Untracked 
|  15|0x0000000080f00000, 0x0000000081000000, 0x0000000081000000|100%| O|  |TAMS 0x0000000081000000, 0x0000000081000000| Untracked 
|  16|0x0000000081000000, 0x0000000081100000, 0x0000000081100000|100%| O|  |TAMS 0x0000000081100000, 0x0000000081100000| Untracked 
|  17|0x0000000081100000, 0x0000000081200000, 0x0000000081200000|100%| O|  |TAMS 0x0000000081200000, 0x0000000081200000| Untracked 
|  18|0x0000000081200000, 0x0000000081300000, 0x0000000081300000|100%| O|  |TAMS 0x0000000081300000, 0x0000000081300000| Untracked 
|  19|0x0000000081300000, 0x0000000081400000, 0x0000000081400000|100%| O|  |TAMS 0x0000000081400000, 0x0000000081400000| Untracked 
|  20|0x0000000081400000, 0x0000000081500000, 0x0000000081500000|100%| O|  |TAMS 0x0000000081500000, 0x0000000081500000| Untracked 
|  21|0x0000000081500000, 0x0000000081600000, 0x0000000081600000|100%| O|  |TAMS 0x0000000081600000, 0x0000000081600000| Untracked 
|  22|0x0000000081600000, 0x0000000081700000, 0x0000000081700000|100%| O|  |TAMS 0x0000000081700000, 0x0000000081700000| Untracked 
|  23|0x0000000081700000, 0x0000000081800000, 0x0000000081800000|100%| O|  |TAMS 0x0000000081800000, 0x0000000081800000| Untracked 
|  24|0x0000000081800000, 0x0000000081900000, 0x0000000081900000|100%| O|  |TAMS 0x0000000081900000, 0x0000000081900000| Untracked 
|  25|0x0000000081900000, 0x0000000081a00000, 0x0000000081a00000|100%| O|  |TAMS 0x0000000081a00000, 0x0000000081a00000| Untracked 
|  26|0x0000000081a00000, 0x0000000081b00000, 0x0000000081b00000|100%| O|  |TAMS 0x0000000081b00000, 0x0000000081b00000| Untracked 
|  27|0x0000000081b00000, 0x0000000081c00000, 0x0000000081c00000|100%| O|  |TAMS 0x0000000081c00000, 0x0000000081c00000| Untracked 
|  28|0x0000000081c00000, 0x0000000081d00000, 0x0000000081d00000|100%| O|  |TAMS 0x0000000081d00000, 0x0000000081d00000| Untracked 
|  29|0x0000000081d00000, 0x0000000081e00000, 0x0000000081e00000|100%| O|  |TAMS 0x0000000081e00000, 0x0000000081e00000| Untracked 
|  30|0x0000000081e00000, 0x0000000081f00000, 0x0000000081f00000|100%| O|  |TAMS 0x0000000081f00000, 0x0000000081f00000| Untracked 
|  31|0x0000000081f00000, 0x0000000082000000, 0x0000000082000000|100%| O|  |TAMS 0x0000000082000000, 0x0000000082000000| Untracked 
|  32|0x0000000082000000, 0x0000000082100000, 0x0000000082100000|100%| O|  |TAMS 0x0000000082100000, 0x0000000082100000| Untracked 
|  33|0x0000000082100000, 0x0000000082200000, 0x0000000082200000|100%| O|  |TAMS 0x0000000082200000, 0x0000000082200000| Untracked 
|  34|0x0000000082200000, 0x0000000082300000, 0x0000000082300000|100%| O|  |TAMS 0x0000000082300000, 0x0000000082300000| Untracked 
|  35|0x0000000082300000, 0x0000000082400000, 0x0000000082400000|100%| O|  |TAMS 0x0000000082400000, 0x0000000082400000| Untracked 
|  36|0x0000000082400000, 0x0000000082500000, 0x0000000082500000|100%| O|  |TAMS 0x0000000082500000, 0x0000000082500000| Untracked 
|  37|0x0000000082500000, 0x0000000082600000, 0x0000000082600000|100%| O|  |TAMS 0x0000000082600000, 0x0000000082600000| Untracked 
|  38|0x0000000082600000, 0x0000000082700000, 0x0000000082700000|100%| O|  |TAMS 0x0000000082700000, 0x0000000082700000| Untracked 
|  39|0x0000000082700000, 0x0000000082800000, 0x0000000082800000|100%| O|  |TAMS 0x0000000082800000, 0x0000000082800000| Untracked 
|  40|0x0000000082800000, 0x0000000082900000, 0x0000000082900000|100%| O|  |TAMS 0x0000000082900000, 0x0000000082900000| Untracked 
|  41|0x0000000082900000, 0x0000000082a00000, 0x0000000082a00000|100%| O|  |TAMS 0x0000000082a00000, 0x0000000082a00000| Untracked 
|  42|0x0000000082a00000, 0x0000000082b00000, 0x0000000082b00000|100%| O|  |TAMS 0x0000000082b00000, 0x0000000082b00000| Untracked 
|  43|0x0000000082b00000, 0x0000000082c00000, 0x0000000082c00000|100%| O|  |TAMS 0x0000000082c00000, 0x0000000082c00000| Untracked 
|  44|0x0000000082c00000, 0x0000000082d00000, 0x0000000082d00000|100%| O|  |TAMS 0x0000000082d00000, 0x0000000082d00000| Untracked 
|  45|0x0000000082d00000, 0x0000000082e00000, 0x0000000082e00000|100%| O|  |TAMS 0x0000000082e00000, 0x0000000082e00000| Untracked 
|  46|0x0000000082e00000, 0x0000000082f00000, 0x0000000082f00000|100%| O|  |TAMS 0x0000000082f00000, 0x0000000082f00000| Untracked 
|  47|0x0000000082f00000, 0x0000000083000000, 0x0000000083000000|100%| O|  |TAMS 0x0000000083000000, 0x0000000083000000| Untracked 
|  48|0x0000000083000000, 0x0000000083100000, 0x0000000083100000|100%| O|  |TAMS 0x0000000083000000, 0x0000000083100000| Untracked 
|  49|0x0000000083100000, 0x0000000083200000, 0x0000000083200000|100%| O|  |TAMS 0x0000000083100000, 0x0000000083200000| Untracked 
|  50|0x0000000083200000, 0x0000000083300000, 0x0000000083300000|100%|HS|  |TAMS 0x0000000083300000, 0x0000000083300000| Complete 
|  51|0x0000000083300000, 0x0000000083400000, 0x0000000083400000|100%|HS|  |TAMS 0x0000000083400000, 0x0000000083400000| Complete 
|  52|0x0000000083400000, 0x0000000083500000, 0x0000000083500000|100%|HS|  |TAMS 0x0000000083500000, 0x0000000083500000| Complete 
|  53|0x0000000083500000, 0x0000000083600000, 0x0000000083600000|100%|HC|  |TAMS 0x0000000083600000, 0x0000000083600000| Complete 
|  54|0x0000000083600000, 0x0000000083700000, 0x0000000083700000|100%|HS|  |TAMS 0x0000000083700000, 0x0000000083700000| Complete 
|  55|0x0000000083700000, 0x0000000083800000, 0x0000000083800000|100%|HC|  |TAMS 0x0000000083800000, 0x0000000083800000| Complete 
|  56|0x0000000083800000, 0x0000000083900000, 0x0000000083900000|100%|HS|  |TAMS 0x0000000083900000, 0x0000000083900000| Complete 
|  57|0x0000000083900000, 0x0000000083a00000, 0x0000000083a00000|100%|HS|  |TAMS 0x0000000083a00000, 0x0000000083a00000| Complete 
|  58|0x0000000083a00000, 0x0000000083b00000, 0x0000000083b00000|100%|HC|  |TAMS 0x0000000083b00000, 0x0000000083b00000| Complete 
|  59|0x0000000083b00000, 0x0000000083c00000, 0x0000000083c00000|100%|HC|  |TAMS 0x0000000083c00000, 0x0000000083c00000| Complete 
|  60|0x0000000083c00000, 0x0000000083d00000, 0x0000000083d00000|100%|HS|  |TAMS 0x0000000083d00000, 0x0000000083d00000| Complete 
|  61|0x0000000083d00000, 0x0000000083e00000, 0x0000000083e00000|100%| O|  |TAMS 0x0000000083e00000, 0x0000000083e00000| Untracked 
|  62|0x0000000083e00000, 0x0000000083f00000, 0x0000000083f00000|100%|HS|  |TAMS 0x0000000083f00000, 0x0000000083f00000| Complete 
|  63|0x0000000083f00000, 0x0000000084000000, 0x0000000084000000|100%|HS|  |TAMS 0x0000000084000000, 0x0000000084000000| Complete 
|  64|0x0000000084000000, 0x0000000084100000, 0x0000000084100000|100%| O|  |TAMS 0x0000000084100000, 0x0000000084100000| Untracked 
|  65|0x0000000084100000, 0x0000000084200000, 0x0000000084200000|100%| O|  |TAMS 0x0000000084200000, 0x0000000084200000| Untracked 
|  66|0x0000000084200000, 0x0000000084300000, 0x0000000084300000|100%| O|  |TAMS 0x0000000084300000, 0x0000000084300000| Untracked 
|  67|0x0000000084300000, 0x0000000084400000, 0x0000000084400000|100%| O|  |TAMS 0x0000000084400000, 0x0000000084400000| Untracked 
|  68|0x0000000084400000, 0x0000000084500000, 0x0000000084500000|100%| O|  |TAMS 0x0000000084500000, 0x0000000084500000| Untracked 
|  69|0x0000000084500000, 0x0000000084600000, 0x0000000084600000|100%| O|  |TAMS 0x0000000084600000, 0x0000000084600000| Untracked 
|  70|0x0000000084600000, 0x0000000084700000, 0x0000000084700000|100%| O|  |TAMS 0x0000000084700000, 0x0000000084700000| Untracked 
|  71|0x0000000084700000, 0x0000000084800000, 0x0000000084800000|100%| O|  |TAMS 0x0000000084800000, 0x0000000084800000| Untracked 
|  72|0x0000000084800000, 0x0000000084900000, 0x0000000084900000|100%| O|  |TAMS 0x0000000084900000, 0x0000000084900000| Untracked 
|  73|0x0000000084900000, 0x0000000084a00000, 0x0000000084a00000|100%| O|  |TAMS 0x0000000084a00000, 0x0000000084a00000| Untracked 
|  74|0x0000000084a00000, 0x0000000084b00000, 0x0000000084b00000|100%|HS|  |TAMS 0x0000000084b00000, 0x0000000084b00000| Complete 
|  75|0x0000000084b00000, 0x0000000084c00000, 0x0000000084c00000|100%| O|  |TAMS 0x0000000084c00000, 0x0000000084c00000| Untracked 
|  76|0x0000000084c00000, 0x0000000084d00000, 0x0000000084d00000|100%| O|  |TAMS 0x0000000084d00000, 0x0000000084d00000| Untracked 
|  77|0x0000000084d00000, 0x0000000084e00000, 0x0000000084e00000|100%| O|  |TAMS 0x0000000084e00000, 0x0000000084e00000| Untracked 
|  78|0x0000000084e00000, 0x0000000084f00000, 0x0000000084f00000|100%|HS|  |TAMS 0x0000000084f00000, 0x0000000084f00000| Complete 
|  79|0x0000000084f00000, 0x0000000085000000, 0x0000000085000000|100%|HC|  |TAMS 0x0000000085000000, 0x0000000085000000| Complete 
|  80|0x0000000085000000, 0x0000000085100000, 0x0000000085100000|100%|HC|  |TAMS 0x0000000085100000, 0x0000000085100000| Complete 
|  81|0x0000000085100000, 0x0000000085200000, 0x0000000085200000|100%| O|  |TAMS 0x0000000085200000, 0x0000000085200000| Untracked 
|  82|0x0000000085200000, 0x0000000085300000, 0x0000000085300000|100%| O|  |TAMS 0x0000000085300000, 0x0000000085300000| Untracked 
|  83|0x0000000085300000, 0x0000000085400000, 0x0000000085400000|100%| O|  |TAMS 0x0000000085400000, 0x0000000085400000| Untracked 
|  84|0x0000000085400000, 0x0000000085500000, 0x0000000085500000|100%| O|  |TAMS 0x0000000085500000, 0x0000000085500000| Untracked 
|  85|0x0000000085500000, 0x0000000085600000, 0x0000000085600000|100%| O|  |TAMS 0x0000000085600000, 0x0000000085600000| Untracked 
|  86|0x0000000085600000, 0x0000000085700000, 0x0000000085700000|100%| O|  |TAMS 0x0000000085700000, 0x0000000085700000| Untracked 
|  87|0x0000000085700000, 0x0000000085800000, 0x0000000085800000|100%| O|  |TAMS 0x0000000085800000, 0x0000000085800000| Untracked 
|  88|0x0000000085800000, 0x0000000085900000, 0x0000000085900000|100%| O|  |TAMS 0x0000000085900000, 0x0000000085900000| Untracked 
|  89|0x0000000085900000, 0x0000000085a00000, 0x0000000085a00000|100%| O|  |TAMS 0x0000000085a00000, 0x0000000085a00000| Untracked 
|  90|0x0000000085a00000, 0x0000000085b00000, 0x0000000085b00000|100%| O|  |TAMS 0x0000000085b00000, 0x0000000085b00000| Untracked 
|  91|0x0000000085b00000, 0x0000000085c00000, 0x0000000085c00000|100%| O|  |TAMS 0x0000000085c00000, 0x0000000085c00000| Untracked 
|  92|0x0000000085c00000, 0x0000000085d00000, 0x0000000085d00000|100%| O|  |TAMS 0x0000000085d00000, 0x0000000085d00000| Untracked 
|  93|0x0000000085d00000, 0x0000000085e00000, 0x0000000085e00000|100%| O|  |TAMS 0x0000000085e00000, 0x0000000085e00000| Untracked 
|  94|0x0000000085e00000, 0x0000000085f00000, 0x0000000085f00000|100%| O|  |TAMS 0x0000000085f00000, 0x0000000085f00000| Untracked 
|  95|0x0000000085f00000, 0x0000000086000000, 0x0000000086000000|100%| O|  |TAMS 0x0000000086000000, 0x0000000086000000| Untracked 
|  96|0x0000000086000000, 0x0000000086100000, 0x0000000086100000|100%| O|  |TAMS 0x0000000086100000, 0x0000000086100000| Untracked 
|  97|0x0000000086100000, 0x0000000086200000, 0x0000000086200000|100%| O|  |TAMS 0x0000000086200000, 0x0000000086200000| Untracked 
|  98|0x0000000086200000, 0x0000000086300000, 0x0000000086300000|100%| O|  |TAMS 0x0000000086300000, 0x0000000086300000| Untracked 
|  99|0x0000000086300000, 0x0000000086400000, 0x0000000086400000|100%| O|  |TAMS 0x0000000086400000, 0x0000000086400000| Untracked 
| 100|0x0000000086400000, 0x0000000086500000, 0x0000000086500000|100%| O|  |TAMS 0x0000000086500000, 0x0000000086500000| Untracked 
| 101|0x0000000086500000, 0x0000000086600000, 0x0000000086600000|100%| O|  |TAMS 0x0000000086600000, 0x0000000086600000| Untracked 
| 102|0x0000000086600000, 0x0000000086700000, 0x0000000086700000|100%| O|  |TAMS 0x0000000086700000, 0x0000000086700000| Untracked 
| 103|0x0000000086700000, 0x0000000086800000, 0x0000000086800000|100%| O|  |TAMS 0x0000000086800000, 0x0000000086800000| Untracked 
| 104|0x0000000086800000, 0x0000000086900000, 0x0000000086900000|100%| O|  |TAMS 0x0000000086900000, 0x0000000086900000| Untracked 
| 105|0x0000000086900000, 0x0000000086a00000, 0x0000000086a00000|100%| O|  |TAMS 0x0000000086a00000, 0x0000000086a00000| Untracked 
| 106|0x0000000086a00000, 0x0000000086b00000, 0x0000000086b00000|100%| O|  |TAMS 0x0000000086b00000, 0x0000000086b00000| Untracked 
| 107|0x0000000086b00000, 0x0000000086c00000, 0x0000000086c00000|100%| O|  |TAMS 0x0000000086c00000, 0x0000000086c00000| Untracked 
| 108|0x0000000086c00000, 0x0000000086d00000, 0x0000000086d00000|100%| O|  |TAMS 0x0000000086d00000, 0x0000000086d00000| Untracked 
| 109|0x0000000086d00000, 0x0000000086e00000, 0x0000000086e00000|100%| O|  |TAMS 0x0000000086e00000, 0x0000000086e00000| Untracked 
| 110|0x0000000086e00000, 0x0000000086f00000, 0x0000000086f00000|100%| O|  |TAMS 0x0000000086f00000, 0x0000000086f00000| Untracked 
| 111|0x0000000086f00000, 0x0000000087000000, 0x0000000087000000|100%| O|  |TAMS 0x0000000086f00000, 0x0000000087000000| Untracked 
| 112|0x0000000087000000, 0x0000000087100000, 0x0000000087100000|100%| O|  |TAMS 0x0000000087100000, 0x0000000087100000| Untracked 
| 113|0x0000000087100000, 0x0000000087200000, 0x0000000087200000|100%| O|  |TAMS 0x0000000087200000, 0x0000000087200000| Untracked 
| 114|0x0000000087200000, 0x0000000087300000, 0x0000000087300000|100%| O|  |TAMS 0x0000000087300000, 0x0000000087300000| Untracked 
| 115|0x0000000087300000, 0x0000000087400000, 0x0000000087400000|100%|HS|  |TAMS 0x0000000087400000, 0x0000000087400000| Complete 
| 116|0x0000000087400000, 0x0000000087500000, 0x0000000087500000|100%|HC|  |TAMS 0x0000000087500000, 0x0000000087500000| Complete 
| 117|0x0000000087500000, 0x0000000087600000, 0x0000000087600000|100%| O|  |TAMS 0x0000000087500000, 0x0000000087600000| Untracked 
| 118|0x0000000087600000, 0x0000000087700000, 0x0000000087700000|100%| O|  |TAMS 0x0000000087600000, 0x0000000087700000| Untracked 
| 119|0x0000000087700000, 0x0000000087800000, 0x0000000087800000|100%|HS|  |TAMS 0x0000000087800000, 0x0000000087800000| Complete 
| 120|0x0000000087800000, 0x0000000087900000, 0x0000000087900000|100%| O|  |TAMS 0x0000000087900000, 0x0000000087900000| Untracked 
| 121|0x0000000087900000, 0x0000000087a00000, 0x0000000087a00000|100%| O|  |TAMS 0x0000000087a00000, 0x0000000087a00000| Untracked 
| 122|0x0000000087a00000, 0x0000000087b00000, 0x0000000087b00000|100%| O|  |TAMS 0x0000000087b00000, 0x0000000087b00000| Untracked 
| 123|0x0000000087b00000, 0x0000000087c00000, 0x0000000087c00000|100%| O|  |TAMS 0x0000000087c00000, 0x0000000087c00000| Untracked 
| 124|0x0000000087c00000, 0x0000000087d00000, 0x0000000087d00000|100%| O|  |TAMS 0x0000000087c00000, 0x0000000087d00000| Untracked 
| 125|0x0000000087d00000, 0x0000000087e00000, 0x0000000087e00000|100%| O|  |TAMS 0x0000000087d00000, 0x0000000087e00000| Untracked 
| 126|0x0000000087e00000, 0x0000000087f00000, 0x0000000087f00000|100%| O|  |TAMS 0x0000000087e00000, 0x0000000087f00000| Untracked 
| 127|0x0000000087f00000, 0x0000000088000000, 0x0000000088000000|100%| O|  |TAMS 0x0000000087f00000, 0x0000000088000000| Untracked 
| 128|0x0000000088000000, 0x0000000088100000, 0x0000000088100000|100%| O|  |TAMS 0x0000000088000000, 0x0000000088100000| Untracked 
| 129|0x0000000088100000, 0x0000000088200000, 0x0000000088200000|100%| O|  |TAMS 0x0000000088100000, 0x0000000088200000| Untracked 
| 130|0x0000000088200000, 0x0000000088300000, 0x0000000088300000|100%|HS|  |TAMS 0x0000000088300000, 0x0000000088300000| Complete 
| 131|0x0000000088300000, 0x0000000088400000, 0x0000000088400000|100%|HC|  |TAMS 0x0000000088400000, 0x0000000088400000| Complete 
| 132|0x0000000088400000, 0x0000000088500000, 0x0000000088500000|100%| O|  |TAMS 0x0000000088500000, 0x0000000088500000| Untracked 
| 133|0x0000000088500000, 0x0000000088600000, 0x0000000088600000|100%| O|  |TAMS 0x0000000088600000, 0x0000000088600000| Untracked 
| 134|0x0000000088600000, 0x0000000088700000, 0x0000000088700000|100%| O|  |TAMS 0x0000000088700000, 0x0000000088700000| Untracked 
| 135|0x0000000088700000, 0x0000000088800000, 0x0000000088800000|100%| O|  |TAMS 0x0000000088800000, 0x0000000088800000| Untracked 
| 136|0x0000000088800000, 0x0000000088900000, 0x0000000088900000|100%| O|  |TAMS 0x0000000088900000, 0x0000000088900000| Untracked 
| 137|0x0000000088900000, 0x0000000088a00000, 0x0000000088a00000|100%| O|  |TAMS 0x0000000088a00000, 0x0000000088a00000| Untracked 
| 138|0x0000000088a00000, 0x0000000088b00000, 0x0000000088b00000|100%| O|  |TAMS 0x0000000088b00000, 0x0000000088b00000| Untracked 
| 139|0x0000000088b00000, 0x0000000088c00000, 0x0000000088c00000|100%| O|  |TAMS 0x0000000088c00000, 0x0000000088c00000| Untracked 
| 140|0x0000000088c00000, 0x0000000088d00000, 0x0000000088d00000|100%| O|  |TAMS 0x0000000088d00000, 0x0000000088d00000| Untracked 
| 141|0x0000000088d00000, 0x0000000088e00000, 0x0000000088e00000|100%| O|  |TAMS 0x0000000088e00000, 0x0000000088e00000| Untracked 
| 142|0x0000000088e00000, 0x0000000088f00000, 0x0000000088f00000|100%| O|  |TAMS 0x0000000088f00000, 0x0000000088f00000| Untracked 
| 143|0x0000000088f00000, 0x0000000089000000, 0x0000000089000000|100%| O|  |TAMS 0x0000000089000000, 0x0000000089000000| Untracked 
| 144|0x0000000089000000, 0x0000000089100000, 0x0000000089100000|100%| O|  |TAMS 0x0000000089100000, 0x0000000089100000| Untracked 
| 145|0x0000000089100000, 0x0000000089200000, 0x0000000089200000|100%| O|  |TAMS 0x0000000089172a00, 0x0000000089200000| Untracked 
| 146|0x0000000089200000, 0x0000000089300000, 0x0000000089300000|100%| O|  |TAMS 0x0000000089200000, 0x0000000089300000| Untracked 
| 147|0x0000000089300000, 0x0000000089400000, 0x0000000089400000|100%| O|  |TAMS 0x0000000089300000, 0x0000000089400000| Untracked 
| 148|0x0000000089400000, 0x0000000089500000, 0x0000000089500000|100%| O|  |TAMS 0x0000000089400000, 0x0000000089500000| Untracked 
| 149|0x0000000089500000, 0x0000000089600000, 0x0000000089600000|100%| O|  |TAMS 0x0000000089500000, 0x0000000089600000| Untracked 
| 150|0x0000000089600000, 0x0000000089700000, 0x0000000089700000|100%| O|  |TAMS 0x0000000089600000, 0x0000000089700000| Untracked 
| 151|0x0000000089700000, 0x0000000089800000, 0x0000000089800000|100%| O|  |TAMS 0x0000000089700000, 0x0000000089800000| Untracked 
| 152|0x0000000089800000, 0x0000000089900000, 0x0000000089900000|100%| O|  |TAMS 0x0000000089800000, 0x0000000089900000| Untracked 
| 153|0x0000000089900000, 0x0000000089a00000, 0x0000000089a00000|100%| O|  |TAMS 0x0000000089900000, 0x0000000089a00000| Untracked 
| 154|0x0000000089a00000, 0x0000000089b00000, 0x0000000089b00000|100%| O|  |TAMS 0x0000000089a00000, 0x0000000089b00000| Untracked 
| 155|0x0000000089b00000, 0x0000000089c00000, 0x0000000089c00000|100%| O|  |TAMS 0x0000000089b00000, 0x0000000089c00000| Untracked 
| 156|0x0000000089c00000, 0x0000000089d00000, 0x0000000089d00000|100%| O|  |TAMS 0x0000000089c00000, 0x0000000089d00000| Untracked 
| 157|0x0000000089d00000, 0x0000000089e00000, 0x0000000089e00000|100%| O|  |TAMS 0x0000000089d00000, 0x0000000089e00000| Untracked 
| 158|0x0000000089e00000, 0x0000000089f00000, 0x0000000089f00000|100%| O|  |TAMS 0x0000000089e00000, 0x0000000089f00000| Untracked 
| 159|0x0000000089f00000, 0x000000008a000000, 0x000000008a000000|100%| O|  |TAMS 0x0000000089f00000, 0x000000008a000000| Untracked 
| 160|0x000000008a000000, 0x000000008a100000, 0x000000008a100000|100%| O|  |TAMS 0x000000008a000000, 0x000000008a100000| Untracked 
| 161|0x000000008a100000, 0x000000008a200000, 0x000000008a200000|100%| O|  |TAMS 0x000000008a100000, 0x000000008a200000| Untracked 
| 162|0x000000008a200000, 0x000000008a300000, 0x000000008a300000|100%| O|  |TAMS 0x000000008a200000, 0x000000008a300000| Untracked 
| 163|0x000000008a300000, 0x000000008a400000, 0x000000008a400000|100%| O|  |TAMS 0x000000008a300000, 0x000000008a400000| Untracked 
| 164|0x000000008a400000, 0x000000008a500000, 0x000000008a500000|100%| O|  |TAMS 0x000000008a400000, 0x000000008a500000| Untracked 
| 165|0x000000008a500000, 0x000000008a600000, 0x000000008a600000|100%| O|  |TAMS 0x000000008a500000, 0x000000008a600000| Untracked 
| 166|0x000000008a600000, 0x000000008a700000, 0x000000008a700000|100%| O|  |TAMS 0x000000008a600000, 0x000000008a700000| Untracked 
| 167|0x000000008a700000, 0x000000008a800000, 0x000000008a800000|100%| O|  |TAMS 0x000000008a700000, 0x000000008a800000| Untracked 
| 168|0x000000008a800000, 0x000000008a900000, 0x000000008a900000|100%| O|  |TAMS 0x000000008a800000, 0x000000008a900000| Untracked 
| 169|0x000000008a900000, 0x000000008aa00000, 0x000000008aa00000|100%| O|  |TAMS 0x000000008a900000, 0x000000008aa00000| Untracked 
| 170|0x000000008aa00000, 0x000000008ab00000, 0x000000008ab00000|100%| O|  |TAMS 0x000000008aa00000, 0x000000008ab00000| Untracked 
| 171|0x000000008ab00000, 0x000000008ac00000, 0x000000008ac00000|100%| O|  |TAMS 0x000000008ab00000, 0x000000008ac00000| Untracked 
| 172|0x000000008ac00000, 0x000000008ad00000, 0x000000008ad00000|100%| O|  |TAMS 0x000000008ac00000, 0x000000008ad00000| Untracked 
| 173|0x000000008ad00000, 0x000000008ae00000, 0x000000008ae00000|100%| O|  |TAMS 0x000000008ad00000, 0x000000008ae00000| Untracked 
| 174|0x000000008ae00000, 0x000000008af00000, 0x000000008af00000|100%| O|  |TAMS 0x000000008ae00000, 0x000000008af00000| Untracked 
| 175|0x000000008af00000, 0x000000008b000000, 0x000000008b000000|100%| O|  |TAMS 0x000000008af00000, 0x000000008b000000| Untracked 
| 176|0x000000008b000000, 0x000000008b100000, 0x000000008b100000|100%| O|  |TAMS 0x000000008b000000, 0x000000008b100000| Untracked 
| 177|0x000000008b100000, 0x000000008b200000, 0x000000008b200000|100%| O|  |TAMS 0x000000008b100000, 0x000000008b200000| Untracked 
| 178|0x000000008b200000, 0x000000008b300000, 0x000000008b300000|100%| O|  |TAMS 0x000000008b200000, 0x000000008b300000| Untracked 
| 179|0x000000008b300000, 0x000000008b400000, 0x000000008b400000|100%| O|  |TAMS 0x000000008b300000, 0x000000008b400000| Untracked 
| 180|0x000000008b400000, 0x000000008b500000, 0x000000008b500000|100%| O|  |TAMS 0x000000008b400000, 0x000000008b500000| Untracked 
| 181|0x000000008b500000, 0x000000008b600000, 0x000000008b600000|100%| O|  |TAMS 0x000000008b500000, 0x000000008b600000| Untracked 
| 182|0x000000008b600000, 0x000000008b700000, 0x000000008b700000|100%| O|  |TAMS 0x000000008b600000, 0x000000008b700000| Untracked 
| 183|0x000000008b700000, 0x000000008b800000, 0x000000008b800000|100%| O|  |TAMS 0x000000008b700000, 0x000000008b800000| Untracked 
| 184|0x000000008b800000, 0x000000008b900000, 0x000000008b900000|100%| O|  |TAMS 0x000000008b800000, 0x000000008b900000| Untracked 
| 185|0x000000008b900000, 0x000000008ba00000, 0x000000008ba00000|100%| O|  |TAMS 0x000000008b900000, 0x000000008ba00000| Untracked 
| 186|0x000000008ba00000, 0x000000008bb00000, 0x000000008bb00000|100%| O|  |TAMS 0x000000008ba00000, 0x000000008bb00000| Untracked 
| 187|0x000000008bb00000, 0x000000008bc00000, 0x000000008bc00000|100%| O|  |TAMS 0x000000008bb00000, 0x000000008bc00000| Untracked 
| 188|0x000000008bc00000, 0x000000008bd00000, 0x000000008bd00000|100%| O|  |TAMS 0x000000008bc00000, 0x000000008bd00000| Untracked 
| 189|0x000000008bd00000, 0x000000008be00000, 0x000000008be00000|100%| O|  |TAMS 0x000000008bd00000, 0x000000008be00000| Untracked 
| 190|0x000000008be00000, 0x000000008bf00000, 0x000000008bf00000|100%|HS|  |TAMS 0x000000008be00000, 0x000000008bf00000| Complete 
| 191|0x000000008bf00000, 0x000000008c000000, 0x000000008c000000|100%|HC|  |TAMS 0x000000008bf00000, 0x000000008c000000| Complete 
| 192|0x000000008c000000, 0x000000008c100000, 0x000000008c100000|100%|HC|  |TAMS 0x000000008c000000, 0x000000008c100000| Complete 
| 193|0x000000008c100000, 0x000000008c200000, 0x000000008c200000|100%| O|  |TAMS 0x000000008c100000, 0x000000008c200000| Untracked 
| 194|0x000000008c200000, 0x000000008c300000, 0x000000008c300000|100%| O|  |TAMS 0x000000008c200000, 0x000000008c300000| Untracked 
| 195|0x000000008c300000, 0x000000008c400000, 0x000000008c400000|100%| O|  |TAMS 0x000000008c300000, 0x000000008c400000| Untracked 
| 196|0x000000008c400000, 0x000000008c500000, 0x000000008c500000|100%| O|  |TAMS 0x000000008c400000, 0x000000008c500000| Untracked 
| 197|0x000000008c500000, 0x000000008c600000, 0x000000008c600000|100%| O|  |TAMS 0x000000008c500000, 0x000000008c600000| Untracked 
| 198|0x000000008c600000, 0x000000008c700000, 0x000000008c700000|100%| O|  |TAMS 0x000000008c600000, 0x000000008c700000| Untracked 
| 199|0x000000008c700000, 0x000000008c800000, 0x000000008c800000|100%| O|  |TAMS 0x000000008c700000, 0x000000008c800000| Untracked 
| 200|0x000000008c800000, 0x000000008c900000, 0x000000008c900000|100%| O|  |TAMS 0x000000008c800000, 0x000000008c900000| Untracked 
| 201|0x000000008c900000, 0x000000008ca00000, 0x000000008ca00000|100%| O|  |TAMS 0x000000008c900000, 0x000000008ca00000| Untracked 
| 202|0x000000008ca00000, 0x000000008cb00000, 0x000000008cb00000|100%| O|  |TAMS 0x000000008ca00000, 0x000000008cb00000| Untracked 
| 203|0x000000008cb00000, 0x000000008cc00000, 0x000000008cc00000|100%| O|  |TAMS 0x000000008cb00000, 0x000000008cc00000| Untracked 
| 204|0x000000008cc00000, 0x000000008cd00000, 0x000000008cd00000|100%| O|  |TAMS 0x000000008cc00000, 0x000000008cd00000| Untracked 
| 205|0x000000008cd00000, 0x000000008ce00000, 0x000000008ce00000|100%| O|  |TAMS 0x000000008cd00000, 0x000000008ce00000| Untracked 
| 206|0x000000008ce00000, 0x000000008cf00000, 0x000000008cf00000|100%| O|  |TAMS 0x000000008ce00000, 0x000000008cf00000| Untracked 
| 207|0x000000008cf00000, 0x000000008d000000, 0x000000008d000000|100%| O|  |TAMS 0x000000008cf00000, 0x000000008d000000| Untracked 
| 208|0x000000008d000000, 0x000000008d100000, 0x000000008d100000|100%| O|  |TAMS 0x000000008d000000, 0x000000008d100000| Untracked 
| 209|0x000000008d100000, 0x000000008d200000, 0x000000008d200000|100%| O|  |TAMS 0x000000008d100000, 0x000000008d200000| Untracked 
| 210|0x000000008d200000, 0x000000008d300000, 0x000000008d300000|100%| O|  |TAMS 0x000000008d200000, 0x000000008d300000| Untracked 
| 211|0x000000008d300000, 0x000000008d400000, 0x000000008d400000|100%| O|  |TAMS 0x000000008d300000, 0x000000008d400000| Untracked 
| 212|0x000000008d400000, 0x000000008d500000, 0x000000008d500000|100%| O|  |TAMS 0x000000008d400000, 0x000000008d500000| Untracked 
| 213|0x000000008d500000, 0x000000008d600000, 0x000000008d600000|100%| O|  |TAMS 0x000000008d500000, 0x000000008d600000| Untracked 
| 214|0x000000008d600000, 0x000000008d700000, 0x000000008d700000|100%| O|  |TAMS 0x000000008d600000, 0x000000008d700000| Untracked 
| 215|0x000000008d700000, 0x000000008d800000, 0x000000008d800000|100%| O|  |TAMS 0x000000008d700000, 0x000000008d800000| Untracked 
| 216|0x000000008d800000, 0x000000008d900000, 0x000000008d900000|100%| O|  |TAMS 0x000000008d800000, 0x000000008d900000| Untracked 
| 217|0x000000008d900000, 0x000000008da00000, 0x000000008da00000|100%| O|  |TAMS 0x000000008d900000, 0x000000008da00000| Untracked 
| 218|0x000000008da00000, 0x000000008db00000, 0x000000008db00000|100%| O|  |TAMS 0x000000008da00000, 0x000000008db00000| Untracked 
| 219|0x000000008db00000, 0x000000008dc00000, 0x000000008dc00000|100%| O|  |TAMS 0x000000008db00000, 0x000000008dc00000| Untracked 
| 220|0x000000008dc00000, 0x000000008dd00000, 0x000000008dd00000|100%| O|  |TAMS 0x000000008dc00000, 0x000000008dd00000| Untracked 
| 221|0x000000008dd00000, 0x000000008de00000, 0x000000008de00000|100%| O|  |TAMS 0x000000008dd00000, 0x000000008de00000| Untracked 
| 222|0x000000008de00000, 0x000000008df00000, 0x000000008df00000|100%| O|  |TAMS 0x000000008de00000, 0x000000008df00000| Untracked 
| 223|0x000000008df00000, 0x000000008e000000, 0x000000008e000000|100%| O|  |TAMS 0x000000008df00000, 0x000000008e000000| Untracked 
| 224|0x000000008e000000, 0x000000008e100000, 0x000000008e100000|100%| O|  |TAMS 0x000000008e000000, 0x000000008e100000| Untracked 
| 225|0x000000008e100000, 0x000000008e200000, 0x000000008e200000|100%| O|  |TAMS 0x000000008e100000, 0x000000008e200000| Untracked 
| 226|0x000000008e200000, 0x000000008e300000, 0x000000008e300000|100%| O|  |TAMS 0x000000008e200000, 0x000000008e300000| Untracked 
| 227|0x000000008e300000, 0x000000008e400000, 0x000000008e400000|100%| O|  |TAMS 0x000000008e300000, 0x000000008e400000| Untracked 
| 228|0x000000008e400000, 0x000000008e500000, 0x000000008e500000|100%| O|  |TAMS 0x000000008e400000, 0x000000008e500000| Untracked 
| 229|0x000000008e500000, 0x000000008e600000, 0x000000008e600000|100%| O|  |TAMS 0x000000008e500000, 0x000000008e600000| Untracked 
| 230|0x000000008e600000, 0x000000008e600000, 0x000000008e700000|  0%| F|  |TAMS 0x000000008e600000, 0x000000008e600000| Untracked 
| 231|0x000000008e700000, 0x000000008e700000, 0x000000008e800000|  0%| F|  |TAMS 0x000000008e700000, 0x000000008e700000| Untracked 
| 232|0x000000008e800000, 0x000000008e800000, 0x000000008e900000|  0%| F|  |TAMS 0x000000008e800000, 0x000000008e800000| Untracked 
| 233|0x000000008e900000, 0x000000008e900000, 0x000000008ea00000|  0%| F|  |TAMS 0x000000008e900000, 0x000000008e900000| Untracked 
| 234|0x000000008ea00000, 0x000000008eb00000, 0x000000008eb00000|100%| O|  |TAMS 0x000000008ea00000, 0x000000008eb00000| Untracked 
| 235|0x000000008eb00000, 0x000000008ec00000, 0x000000008ec00000|100%| O|  |TAMS 0x000000008eb00000, 0x000000008ec00000| Untracked 
| 236|0x000000008ec00000, 0x000000008ed00000, 0x000000008ed00000|100%| O|  |TAMS 0x000000008ec00000, 0x000000008ed00000| Untracked 
| 237|0x000000008ed00000, 0x000000008ee00000, 0x000000008ee00000|100%| O|  |TAMS 0x000000008ed00000, 0x000000008ee00000| Untracked 
| 238|0x000000008ee00000, 0x000000008ef00000, 0x000000008ef00000|100%| O|  |TAMS 0x000000008ee00000, 0x000000008ef00000| Untracked 
| 239|0x000000008ef00000, 0x000000008f000000, 0x000000008f000000|100%| O|  |TAMS 0x000000008ef00000, 0x000000008f000000| Untracked 
| 240|0x000000008f000000, 0x000000008f100000, 0x000000008f100000|100%| O|  |TAMS 0x000000008f000000, 0x000000008f100000| Untracked 
| 241|0x000000008f100000, 0x000000008f200000, 0x000000008f200000|100%| O|  |TAMS 0x000000008f100000, 0x000000008f200000| Untracked 
| 242|0x000000008f200000, 0x000000008f300000, 0x000000008f300000|100%| O|  |TAMS 0x000000008f200000, 0x000000008f300000| Untracked 
| 243|0x000000008f300000, 0x000000008f400000, 0x000000008f400000|100%| O|  |TAMS 0x000000008f300000, 0x000000008f400000| Untracked 
| 244|0x000000008f400000, 0x000000008f500000, 0x000000008f500000|100%| O|  |TAMS 0x000000008f400000, 0x000000008f500000| Untracked 
| 245|0x000000008f500000, 0x000000008f600000, 0x000000008f600000|100%| O|  |TAMS 0x000000008f500000, 0x000000008f600000| Untracked 
| 246|0x000000008f600000, 0x000000008f700000, 0x000000008f700000|100%| O|  |TAMS 0x000000008f600000, 0x000000008f700000| Untracked 
| 247|0x000000008f700000, 0x000000008f800000, 0x000000008f800000|100%| O|  |TAMS 0x000000008f700000, 0x000000008f800000| Untracked 
| 248|0x000000008f800000, 0x000000008f900000, 0x000000008f900000|100%| O|  |TAMS 0x000000008f800000, 0x000000008f900000| Untracked 
| 249|0x000000008f900000, 0x000000008fa00000, 0x000000008fa00000|100%| O|  |TAMS 0x000000008f900000, 0x000000008fa00000| Untracked 
| 250|0x000000008fa00000, 0x000000008fa00000, 0x000000008fb00000|  0%| F|  |TAMS 0x000000008fa00000, 0x000000008fa00000| Untracked 
| 251|0x000000008fb00000, 0x000000008fb00000, 0x000000008fc00000|  0%| F|  |TAMS 0x000000008fb00000, 0x000000008fb00000| Untracked 
| 252|0x000000008fc00000, 0x000000008fd00000, 0x000000008fd00000|100%| O|  |TAMS 0x000000008fc00000, 0x000000008fd00000| Untracked 
| 253|0x000000008fd00000, 0x000000008fe00000, 0x000000008fe00000|100%| O|  |TAMS 0x000000008fd00000, 0x000000008fe00000| Untracked 
| 254|0x000000008fe00000, 0x000000008ff00000, 0x000000008ff00000|100%| O|  |TAMS 0x000000008fe00000, 0x000000008ff00000| Untracked 
| 255|0x000000008ff00000, 0x0000000090000000, 0x0000000090000000|100%| O|  |TAMS 0x000000008ff00000, 0x0000000090000000| Untracked 
| 256|0x0000000090000000, 0x0000000090100000, 0x0000000090100000|100%| O|  |TAMS 0x0000000090000000, 0x0000000090100000| Untracked 
| 257|0x0000000090100000, 0x0000000090200000, 0x0000000090200000|100%| O|  |TAMS 0x0000000090100000, 0x0000000090200000| Untracked 
| 258|0x0000000090200000, 0x0000000090300000, 0x0000000090300000|100%| O|  |TAMS 0x0000000090200000, 0x0000000090300000| Untracked 
| 259|0x0000000090300000, 0x0000000090400000, 0x0000000090400000|100%| O|  |TAMS 0x0000000090300000, 0x0000000090400000| Untracked 
| 260|0x0000000090400000, 0x0000000090500000, 0x0000000090500000|100%| O|  |TAMS 0x0000000090400000, 0x0000000090500000| Untracked 
| 261|0x0000000090500000, 0x0000000090600000, 0x0000000090600000|100%| O|  |TAMS 0x0000000090500000, 0x0000000090600000| Untracked 
| 262|0x0000000090600000, 0x0000000090700000, 0x0000000090700000|100%| O|  |TAMS 0x0000000090600000, 0x0000000090700000| Untracked 
| 263|0x0000000090700000, 0x0000000090800000, 0x0000000090800000|100%| O|  |TAMS 0x0000000090700000, 0x0000000090800000| Untracked 
| 264|0x0000000090800000, 0x0000000090900000, 0x0000000090900000|100%| O|  |TAMS 0x0000000090800000, 0x0000000090900000| Untracked 
| 265|0x0000000090900000, 0x0000000090a00000, 0x0000000090a00000|100%| O|  |TAMS 0x0000000090900000, 0x0000000090a00000| Untracked 
| 266|0x0000000090a00000, 0x0000000090b00000, 0x0000000090b00000|100%| O|  |TAMS 0x0000000090a00000, 0x0000000090b00000| Untracked 
| 267|0x0000000090b00000, 0x0000000090c00000, 0x0000000090c00000|100%| O|  |TAMS 0x0000000090b00000, 0x0000000090c00000| Untracked 
| 268|0x0000000090c00000, 0x0000000090d00000, 0x0000000090d00000|100%| O|  |TAMS 0x0000000090c00000, 0x0000000090d00000| Untracked 
| 269|0x0000000090d00000, 0x0000000090e00000, 0x0000000090e00000|100%| O|  |TAMS 0x0000000090d00000, 0x0000000090e00000| Untracked 
| 270|0x0000000090e00000, 0x0000000090f00000, 0x0000000090f00000|100%| O|  |TAMS 0x0000000090e00000, 0x0000000090f00000| Untracked 
| 271|0x0000000090f00000, 0x0000000090f28200, 0x0000000091000000| 15%| O|  |TAMS 0x0000000090f00000, 0x0000000090f28200| Untracked 
| 272|0x0000000091000000, 0x0000000091000000, 0x0000000091100000|  0%| F|  |TAMS 0x0000000091000000, 0x0000000091000000| Untracked 
| 273|0x0000000091100000, 0x0000000091100000, 0x0000000091200000|  0%| F|  |TAMS 0x0000000091100000, 0x0000000091100000| Untracked 
| 274|0x0000000091200000, 0x0000000091200000, 0x0000000091300000|  0%| F|  |TAMS 0x0000000091200000, 0x0000000091200000| Untracked 
| 275|0x0000000091300000, 0x0000000091300000, 0x0000000091400000|  0%| F|  |TAMS 0x0000000091300000, 0x0000000091300000| Untracked 
| 276|0x0000000091400000, 0x0000000091400000, 0x0000000091500000|  0%| F|  |TAMS 0x0000000091400000, 0x0000000091400000| Untracked 
| 277|0x0000000091500000, 0x0000000091500000, 0x0000000091600000|  0%| F|  |TAMS 0x0000000091500000, 0x0000000091500000| Untracked 
| 278|0x0000000091600000, 0x0000000091600000, 0x0000000091700000|  0%| F|  |TAMS 0x0000000091600000, 0x0000000091600000| Untracked 
| 279|0x0000000091700000, 0x0000000091700000, 0x0000000091800000|  0%| F|  |TAMS 0x0000000091700000, 0x0000000091700000| Untracked 
| 280|0x0000000091800000, 0x0000000091800000, 0x0000000091900000|  0%| F|  |TAMS 0x0000000091800000, 0x0000000091800000| Untracked 
| 281|0x0000000091900000, 0x0000000091900000, 0x0000000091a00000|  0%| F|  |TAMS 0x0000000091900000, 0x0000000091900000| Untracked 
| 282|0x0000000091a00000, 0x0000000091a00000, 0x0000000091b00000|  0%| F|  |TAMS 0x0000000091a00000, 0x0000000091a00000| Untracked 
| 283|0x0000000091b00000, 0x0000000091b00000, 0x0000000091c00000|  0%| F|  |TAMS 0x0000000091b00000, 0x0000000091b00000| Untracked 
| 284|0x0000000091c00000, 0x0000000091c00000, 0x0000000091d00000|  0%| F|  |TAMS 0x0000000091c00000, 0x0000000091c00000| Untracked 
| 285|0x0000000091d00000, 0x0000000091d00000, 0x0000000091e00000|  0%| F|  |TAMS 0x0000000091d00000, 0x0000000091d00000| Untracked 
| 286|0x0000000091e00000, 0x0000000091e00000, 0x0000000091f00000|  0%| F|  |TAMS 0x0000000091e00000, 0x0000000091e00000| Untracked 
| 287|0x0000000091f00000, 0x0000000091f00000, 0x0000000092000000|  0%| F|  |TAMS 0x0000000091f00000, 0x0000000091f00000| Untracked 
| 288|0x0000000092000000, 0x0000000092000000, 0x0000000092100000|  0%| F|  |TAMS 0x0000000092000000, 0x0000000092000000| Untracked 
| 289|0x0000000092100000, 0x0000000092100000, 0x0000000092200000|  0%| F|  |TAMS 0x0000000092100000, 0x0000000092100000| Untracked 
| 290|0x0000000092200000, 0x0000000092200000, 0x0000000092300000|  0%| F|  |TAMS 0x0000000092200000, 0x0000000092200000| Untracked 
| 291|0x0000000092300000, 0x0000000092300000, 0x0000000092400000|  0%| F|  |TAMS 0x0000000092300000, 0x0000000092300000| Untracked 
| 292|0x0000000092400000, 0x0000000092400000, 0x0000000092500000|  0%| F|  |TAMS 0x0000000092400000, 0x0000000092400000| Untracked 
| 293|0x0000000092500000, 0x0000000092500000, 0x0000000092600000|  0%| F|  |TAMS 0x0000000092500000, 0x0000000092500000| Untracked 
| 294|0x0000000092600000, 0x0000000092600000, 0x0000000092700000|  0%| F|  |TAMS 0x0000000092600000, 0x0000000092600000| Untracked 
| 295|0x0000000092700000, 0x0000000092700000, 0x0000000092800000|  0%| F|  |TAMS 0x0000000092700000, 0x0000000092700000| Untracked 
| 296|0x0000000092800000, 0x0000000092800000, 0x0000000092900000|  0%| F|  |TAMS 0x0000000092800000, 0x0000000092800000| Untracked 
| 297|0x0000000092900000, 0x0000000092900000, 0x0000000092a00000|  0%| F|  |TAMS 0x0000000092900000, 0x0000000092900000| Untracked 
| 298|0x0000000092a00000, 0x0000000092a00000, 0x0000000092b00000|  0%| F|  |TAMS 0x0000000092a00000, 0x0000000092a00000| Untracked 
| 299|0x0000000092b00000, 0x0000000092b00000, 0x0000000092c00000|  0%| F|  |TAMS 0x0000000092b00000, 0x0000000092b00000| Untracked 
| 300|0x0000000092c00000, 0x0000000092c00000, 0x0000000092d00000|  0%| F|  |TAMS 0x0000000092c00000, 0x0000000092c00000| Untracked 
| 301|0x0000000092d00000, 0x0000000092d00000, 0x0000000092e00000|  0%| F|  |TAMS 0x0000000092d00000, 0x0000000092d00000| Untracked 
| 302|0x0000000092e00000, 0x0000000092e00000, 0x0000000092f00000|  0%| F|  |TAMS 0x0000000092e00000, 0x0000000092e00000| Untracked 
| 303|0x0000000092f00000, 0x0000000092f00000, 0x0000000093000000|  0%| F|  |TAMS 0x0000000092f00000, 0x0000000092f00000| Untracked 
| 304|0x0000000093000000, 0x0000000093000000, 0x0000000093100000|  0%| F|  |TAMS 0x0000000093000000, 0x0000000093000000| Untracked 
| 305|0x0000000093100000, 0x0000000093100000, 0x0000000093200000|  0%| F|  |TAMS 0x0000000093100000, 0x0000000093100000| Untracked 
| 306|0x0000000093200000, 0x0000000093200000, 0x0000000093300000|  0%| F|  |TAMS 0x0000000093200000, 0x0000000093200000| Untracked 
| 307|0x0000000093300000, 0x0000000093300000, 0x0000000093400000|  0%| F|  |TAMS 0x0000000093300000, 0x0000000093300000| Untracked 
| 308|0x0000000093400000, 0x0000000093400000, 0x0000000093500000|  0%| F|  |TAMS 0x0000000093400000, 0x0000000093400000| Untracked 
| 309|0x0000000093500000, 0x0000000093500000, 0x0000000093600000|  0%| F|  |TAMS 0x0000000093500000, 0x0000000093500000| Untracked 
| 310|0x0000000093600000, 0x0000000093600000, 0x0000000093700000|  0%| F|  |TAMS 0x0000000093600000, 0x0000000093600000| Untracked 
| 311|0x0000000093700000, 0x0000000093700000, 0x0000000093800000|  0%| F|  |TAMS 0x0000000093700000, 0x0000000093700000| Untracked 
| 312|0x0000000093800000, 0x0000000093800000, 0x0000000093900000|  0%| F|  |TAMS 0x0000000093800000, 0x0000000093800000| Untracked 
| 313|0x0000000093900000, 0x0000000093900000, 0x0000000093a00000|  0%| F|  |TAMS 0x0000000093900000, 0x0000000093900000| Untracked 
| 314|0x0000000093a00000, 0x0000000093a00000, 0x0000000093b00000|  0%| F|  |TAMS 0x0000000093a00000, 0x0000000093a00000| Untracked 
| 315|0x0000000093b00000, 0x0000000093b00000, 0x0000000093c00000|  0%| F|  |TAMS 0x0000000093b00000, 0x0000000093b00000| Untracked 
| 316|0x0000000093c00000, 0x0000000093c00000, 0x0000000093d00000|  0%| F|  |TAMS 0x0000000093c00000, 0x0000000093c00000| Untracked 
| 317|0x0000000093d00000, 0x0000000093d00000, 0x0000000093e00000|  0%| F|  |TAMS 0x0000000093d00000, 0x0000000093d00000| Untracked 
| 318|0x0000000093e00000, 0x0000000093e00000, 0x0000000093f00000|  0%| F|  |TAMS 0x0000000093e00000, 0x0000000093e00000| Untracked 
| 319|0x0000000093f00000, 0x0000000093f00000, 0x0000000094000000|  0%| F|  |TAMS 0x0000000093f00000, 0x0000000093f00000| Untracked 
| 320|0x0000000094000000, 0x0000000094000000, 0x0000000094100000|  0%| F|  |TAMS 0x0000000094000000, 0x0000000094000000| Untracked 
| 321|0x0000000094100000, 0x0000000094100000, 0x0000000094200000|  0%| F|  |TAMS 0x0000000094100000, 0x0000000094100000| Untracked 
| 322|0x0000000094200000, 0x0000000094200000, 0x0000000094300000|  0%| F|  |TAMS 0x0000000094200000, 0x0000000094200000| Untracked 
| 323|0x0000000094300000, 0x0000000094300000, 0x0000000094400000|  0%| F|  |TAMS 0x0000000094300000, 0x0000000094300000| Untracked 
| 324|0x0000000094400000, 0x0000000094400000, 0x0000000094500000|  0%| F|  |TAMS 0x0000000094400000, 0x0000000094400000| Untracked 
| 325|0x0000000094500000, 0x0000000094500000, 0x0000000094600000|  0%| F|  |TAMS 0x0000000094500000, 0x0000000094500000| Untracked 
| 326|0x0000000094600000, 0x0000000094600000, 0x0000000094700000|  0%| F|  |TAMS 0x0000000094600000, 0x0000000094600000| Untracked 
| 327|0x0000000094700000, 0x0000000094700000, 0x0000000094800000|  0%| F|  |TAMS 0x0000000094700000, 0x0000000094700000| Untracked 
| 328|0x0000000094800000, 0x0000000094800000, 0x0000000094900000|  0%| F|  |TAMS 0x0000000094800000, 0x0000000094800000| Untracked 
| 329|0x0000000094900000, 0x0000000094900000, 0x0000000094a00000|  0%| F|  |TAMS 0x0000000094900000, 0x0000000094900000| Untracked 
| 330|0x0000000094a00000, 0x0000000094a00000, 0x0000000094b00000|  0%| F|  |TAMS 0x0000000094a00000, 0x0000000094a00000| Untracked 
| 331|0x0000000094b00000, 0x0000000094b00000, 0x0000000094c00000|  0%| F|  |TAMS 0x0000000094b00000, 0x0000000094b00000| Untracked 
| 332|0x0000000094c00000, 0x0000000094c00000, 0x0000000094d00000|  0%| F|  |TAMS 0x0000000094c00000, 0x0000000094c00000| Untracked 
| 333|0x0000000094d00000, 0x0000000094d00000, 0x0000000094e00000|  0%| F|  |TAMS 0x0000000094d00000, 0x0000000094d00000| Untracked 
| 334|0x0000000094e00000, 0x0000000094e00000, 0x0000000094f00000|  0%| F|  |TAMS 0x0000000094e00000, 0x0000000094e00000| Untracked 
| 335|0x0000000094f00000, 0x0000000094f00000, 0x0000000095000000|  0%| F|  |TAMS 0x0000000094f00000, 0x0000000094f00000| Untracked 
| 336|0x0000000095000000, 0x0000000095000000, 0x0000000095100000|  0%| F|  |TAMS 0x0000000095000000, 0x0000000095000000| Untracked 
| 337|0x0000000095100000, 0x0000000095100000, 0x0000000095200000|  0%| F|  |TAMS 0x0000000095100000, 0x0000000095100000| Untracked 
| 338|0x0000000095200000, 0x0000000095200000, 0x0000000095300000|  0%| F|  |TAMS 0x0000000095200000, 0x0000000095200000| Untracked 
| 339|0x0000000095300000, 0x0000000095347ca0, 0x0000000095400000| 28%| S|CS|TAMS 0x0000000095300000, 0x0000000095300000| Complete 
| 340|0x0000000095400000, 0x0000000095500000, 0x0000000095500000|100%| S|CS|TAMS 0x0000000095400000, 0x0000000095400000| Complete 
| 341|0x0000000095500000, 0x0000000095600000, 0x0000000095600000|100%| S|CS|TAMS 0x0000000095500000, 0x0000000095500000| Complete 
| 342|0x0000000095600000, 0x0000000095700000, 0x0000000095700000|100%| S|CS|TAMS 0x0000000095600000, 0x0000000095600000| Complete 
| 343|0x0000000095700000, 0x0000000095800000, 0x0000000095800000|100%| S|CS|TAMS 0x0000000095700000, 0x0000000095700000| Complete 
| 344|0x0000000095800000, 0x0000000095900000, 0x0000000095900000|100%| S|CS|TAMS 0x0000000095800000, 0x0000000095800000| Complete 
| 345|0x0000000095900000, 0x0000000095a00000, 0x0000000095a00000|100%| S|CS|TAMS 0x0000000095900000, 0x0000000095900000| Complete 
| 346|0x0000000095a00000, 0x0000000095b00000, 0x0000000095b00000|100%| S|CS|TAMS 0x0000000095a00000, 0x0000000095a00000| Complete 
| 347|0x0000000095b00000, 0x0000000095c00000, 0x0000000095c00000|100%| S|CS|TAMS 0x0000000095b00000, 0x0000000095b00000| Complete 
| 348|0x0000000095c00000, 0x0000000095d00000, 0x0000000095d00000|100%| S|CS|TAMS 0x0000000095c00000, 0x0000000095c00000| Complete 
| 349|0x0000000095d00000, 0x0000000095e00000, 0x0000000095e00000|100%| S|CS|TAMS 0x0000000095d00000, 0x0000000095d00000| Complete 
| 350|0x0000000095e00000, 0x0000000095f00000, 0x0000000095f00000|100%| S|CS|TAMS 0x0000000095e00000, 0x0000000095e00000| Complete 
| 351|0x0000000095f00000, 0x0000000095f00000, 0x0000000096000000|  0%| F|  |TAMS 0x0000000095f00000, 0x0000000095f00000| Untracked 
| 352|0x0000000096000000, 0x0000000096000000, 0x0000000096100000|  0%| F|  |TAMS 0x0000000096000000, 0x0000000096000000| Untracked 
| 353|0x0000000096100000, 0x0000000096100000, 0x0000000096200000|  0%| F|  |TAMS 0x0000000096100000, 0x0000000096100000| Untracked 
| 354|0x0000000096200000, 0x0000000096200000, 0x0000000096300000|  0%| F|  |TAMS 0x0000000096200000, 0x0000000096200000| Untracked 
| 355|0x0000000096300000, 0x0000000096300000, 0x0000000096400000|  0%| F|  |TAMS 0x0000000096300000, 0x0000000096300000| Untracked 
| 356|0x0000000096400000, 0x0000000096400000, 0x0000000096500000|  0%| F|  |TAMS 0x0000000096400000, 0x0000000096400000| Untracked 
| 357|0x0000000096500000, 0x0000000096500000, 0x0000000096600000|  0%| F|  |TAMS 0x0000000096500000, 0x0000000096500000| Untracked 
| 358|0x0000000096600000, 0x0000000096600000, 0x0000000096700000|  0%| F|  |TAMS 0x0000000096600000, 0x0000000096600000| Untracked 
| 359|0x0000000096700000, 0x0000000096700000, 0x0000000096800000|  0%| F|  |TAMS 0x0000000096700000, 0x0000000096700000| Untracked 
| 360|0x0000000096800000, 0x0000000096800000, 0x0000000096900000|  0%| F|  |TAMS 0x0000000096800000, 0x0000000096800000| Untracked 
| 361|0x0000000096900000, 0x0000000096900000, 0x0000000096a00000|  0%| F|  |TAMS 0x0000000096900000, 0x0000000096900000| Untracked 
| 362|0x0000000096a00000, 0x0000000096a00000, 0x0000000096b00000|  0%| F|  |TAMS 0x0000000096a00000, 0x0000000096a00000| Untracked 
| 363|0x0000000096b00000, 0x0000000096b00000, 0x0000000096c00000|  0%| F|  |TAMS 0x0000000096b00000, 0x0000000096b00000| Untracked 
| 364|0x0000000096c00000, 0x0000000096c00000, 0x0000000096d00000|  0%| F|  |TAMS 0x0000000096c00000, 0x0000000096c00000| Untracked 
| 365|0x0000000096d00000, 0x0000000096d00000, 0x0000000096e00000|  0%| F|  |TAMS 0x0000000096d00000, 0x0000000096d00000| Untracked 
| 366|0x0000000096e00000, 0x0000000096e00000, 0x0000000096f00000|  0%| F|  |TAMS 0x0000000096e00000, 0x0000000096e00000| Untracked 
| 367|0x0000000096f00000, 0x0000000096f00000, 0x0000000097000000|  0%| F|  |TAMS 0x0000000096f00000, 0x0000000096f00000| Untracked 
| 368|0x0000000097000000, 0x0000000097000000, 0x0000000097100000|  0%| F|  |TAMS 0x0000000097000000, 0x0000000097000000| Untracked 
| 369|0x0000000097100000, 0x0000000097100000, 0x0000000097200000|  0%| F|  |TAMS 0x0000000097100000, 0x0000000097100000| Untracked 
| 370|0x0000000097200000, 0x0000000097200000, 0x0000000097300000|  0%| F|  |TAMS 0x0000000097200000, 0x0000000097200000| Untracked 
| 371|0x0000000097300000, 0x0000000097300000, 0x0000000097400000|  0%| F|  |TAMS 0x0000000097300000, 0x0000000097300000| Untracked 
| 372|0x0000000097400000, 0x0000000097400000, 0x0000000097500000|  0%| F|  |TAMS 0x0000000097400000, 0x0000000097400000| Untracked 
| 373|0x0000000097500000, 0x0000000097500000, 0x0000000097600000|  0%| F|  |TAMS 0x0000000097500000, 0x0000000097500000| Untracked 
| 374|0x0000000097600000, 0x0000000097600000, 0x0000000097700000|  0%| F|  |TAMS 0x0000000097600000, 0x0000000097600000| Untracked 
| 375|0x0000000097700000, 0x0000000097700000, 0x0000000097800000|  0%| F|  |TAMS 0x0000000097700000, 0x0000000097700000| Untracked 
| 376|0x0000000097800000, 0x0000000097800000, 0x0000000097900000|  0%| F|  |TAMS 0x0000000097800000, 0x0000000097800000| Untracked 
| 377|0x0000000097900000, 0x0000000097900000, 0x0000000097a00000|  0%| F|  |TAMS 0x0000000097900000, 0x0000000097900000| Untracked 
| 378|0x0000000097a00000, 0x0000000097a00000, 0x0000000097b00000|  0%| F|  |TAMS 0x0000000097a00000, 0x0000000097a00000| Untracked 
| 379|0x0000000097b00000, 0x0000000097b00000, 0x0000000097c00000|  0%| F|  |TAMS 0x0000000097b00000, 0x0000000097b00000| Untracked 
| 380|0x0000000097c00000, 0x0000000097c00000, 0x0000000097d00000|  0%| F|  |TAMS 0x0000000097c00000, 0x0000000097c00000| Untracked 
| 381|0x0000000097d00000, 0x0000000097d00000, 0x0000000097e00000|  0%| F|  |TAMS 0x0000000097d00000, 0x0000000097d00000| Untracked 
| 382|0x0000000097e00000, 0x0000000097e00000, 0x0000000097f00000|  0%| F|  |TAMS 0x0000000097e00000, 0x0000000097e00000| Untracked 
| 383|0x0000000097f00000, 0x0000000097f00000, 0x0000000098000000|  0%| F|  |TAMS 0x0000000097f00000, 0x0000000097f00000| Untracked 
| 384|0x0000000098000000, 0x0000000098000000, 0x0000000098100000|  0%| F|  |TAMS 0x0000000098000000, 0x0000000098000000| Untracked 
| 385|0x0000000098100000, 0x0000000098100000, 0x0000000098200000|  0%| F|  |TAMS 0x0000000098100000, 0x0000000098100000| Untracked 
| 386|0x0000000098200000, 0x0000000098200000, 0x0000000098300000|  0%| F|  |TAMS 0x0000000098200000, 0x0000000098200000| Untracked 
| 387|0x0000000098300000, 0x0000000098300000, 0x0000000098400000|  0%| F|  |TAMS 0x0000000098300000, 0x0000000098300000| Untracked 
| 388|0x0000000098400000, 0x0000000098400000, 0x0000000098500000|  0%| F|  |TAMS 0x0000000098400000, 0x0000000098400000| Untracked 
| 389|0x0000000098500000, 0x0000000098500000, 0x0000000098600000|  0%| F|  |TAMS 0x0000000098500000, 0x0000000098500000| Untracked 
| 390|0x0000000098600000, 0x0000000098600000, 0x0000000098700000|  0%| F|  |TAMS 0x0000000098600000, 0x0000000098600000| Untracked 
| 391|0x0000000098700000, 0x0000000098700000, 0x0000000098800000|  0%| F|  |TAMS 0x0000000098700000, 0x0000000098700000| Untracked 
| 392|0x0000000098800000, 0x0000000098800000, 0x0000000098900000|  0%| F|  |TAMS 0x0000000098800000, 0x0000000098800000| Untracked 
| 393|0x0000000098900000, 0x0000000098900000, 0x0000000098a00000|  0%| F|  |TAMS 0x0000000098900000, 0x0000000098900000| Untracked 
| 394|0x0000000098a00000, 0x0000000098a00000, 0x0000000098b00000|  0%| F|  |TAMS 0x0000000098a00000, 0x0000000098a00000| Untracked 
| 395|0x0000000098b00000, 0x0000000098b00000, 0x0000000098c00000|  0%| F|  |TAMS 0x0000000098b00000, 0x0000000098b00000| Untracked 
| 396|0x0000000098c00000, 0x0000000098c00000, 0x0000000098d00000|  0%| F|  |TAMS 0x0000000098c00000, 0x0000000098c00000| Untracked 
| 397|0x0000000098d00000, 0x0000000098d00000, 0x0000000098e00000|  0%| F|  |TAMS 0x0000000098d00000, 0x0000000098d00000| Untracked 
| 398|0x0000000098e00000, 0x0000000098e00000, 0x0000000098f00000|  0%| F|  |TAMS 0x0000000098e00000, 0x0000000098e00000| Untracked 
| 399|0x0000000098f00000, 0x0000000098f00000, 0x0000000099000000|  0%| F|  |TAMS 0x0000000098f00000, 0x0000000098f00000| Untracked 
| 400|0x0000000099000000, 0x0000000099000000, 0x0000000099100000|  0%| F|  |TAMS 0x0000000099000000, 0x0000000099000000| Untracked 
| 401|0x0000000099100000, 0x0000000099100000, 0x0000000099200000|  0%| F|  |TAMS 0x0000000099100000, 0x0000000099100000| Untracked 
| 402|0x0000000099200000, 0x0000000099200000, 0x0000000099300000|  0%| F|  |TAMS 0x0000000099200000, 0x0000000099200000| Untracked 
| 403|0x0000000099300000, 0x0000000099300000, 0x0000000099400000|  0%| F|  |TAMS 0x0000000099300000, 0x0000000099300000| Untracked 
| 404|0x0000000099400000, 0x0000000099400000, 0x0000000099500000|  0%| F|  |TAMS 0x0000000099400000, 0x0000000099400000| Untracked 
| 405|0x0000000099500000, 0x0000000099500000, 0x0000000099600000|  0%| F|  |TAMS 0x0000000099500000, 0x0000000099500000| Untracked 
| 406|0x0000000099600000, 0x0000000099600000, 0x0000000099700000|  0%| F|  |TAMS 0x0000000099600000, 0x0000000099600000| Untracked 
| 407|0x0000000099700000, 0x0000000099700000, 0x0000000099800000|  0%| F|  |TAMS 0x0000000099700000, 0x0000000099700000| Untracked 
| 408|0x0000000099800000, 0x0000000099800000, 0x0000000099900000|  0%| F|  |TAMS 0x0000000099800000, 0x0000000099800000| Untracked 
| 409|0x0000000099900000, 0x0000000099900000, 0x0000000099a00000|  0%| F|  |TAMS 0x0000000099900000, 0x0000000099900000| Untracked 
| 410|0x0000000099a00000, 0x0000000099a00000, 0x0000000099b00000|  0%| F|  |TAMS 0x0000000099a00000, 0x0000000099a00000| Untracked 
| 411|0x0000000099b00000, 0x0000000099b00000, 0x0000000099c00000|  0%| F|  |TAMS 0x0000000099b00000, 0x0000000099b00000| Untracked 
| 412|0x0000000099c00000, 0x0000000099c00000, 0x0000000099d00000|  0%| F|  |TAMS 0x0000000099c00000, 0x0000000099c00000| Untracked 
| 413|0x0000000099d00000, 0x0000000099d00000, 0x0000000099e00000|  0%| F|  |TAMS 0x0000000099d00000, 0x0000000099d00000| Untracked 
| 414|0x0000000099e00000, 0x0000000099e00000, 0x0000000099f00000|  0%| F|  |TAMS 0x0000000099e00000, 0x0000000099e00000| Untracked 
| 415|0x0000000099f00000, 0x0000000099f00000, 0x000000009a000000|  0%| F|  |TAMS 0x0000000099f00000, 0x0000000099f00000| Untracked 
| 416|0x000000009a000000, 0x000000009a000000, 0x000000009a100000|  0%| F|  |TAMS 0x000000009a000000, 0x000000009a000000| Untracked 
| 417|0x000000009a100000, 0x000000009a100000, 0x000000009a200000|  0%| F|  |TAMS 0x000000009a100000, 0x000000009a100000| Untracked 
| 418|0x000000009a200000, 0x000000009a200000, 0x000000009a300000|  0%| F|  |TAMS 0x000000009a200000, 0x000000009a200000| Untracked 
| 419|0x000000009a300000, 0x000000009a300000, 0x000000009a400000|  0%| F|  |TAMS 0x000000009a300000, 0x000000009a300000| Untracked 
| 420|0x000000009a400000, 0x000000009a4e7ff8, 0x000000009a500000| 90%| E|  |TAMS 0x000000009a400000, 0x000000009a400000| Complete 
| 421|0x000000009a500000, 0x000000009a600000, 0x000000009a600000|100%| E|CS|TAMS 0x000000009a500000, 0x000000009a500000| Complete 
| 422|0x000000009a600000, 0x000000009a700000, 0x000000009a700000|100%| E|CS|TAMS 0x000000009a600000, 0x000000009a600000| Complete 
| 423|0x000000009a700000, 0x000000009a800000, 0x000000009a800000|100%| E|CS|TAMS 0x000000009a700000, 0x000000009a700000| Complete 
| 424|0x000000009a800000, 0x000000009a900000, 0x000000009a900000|100%| E|CS|TAMS 0x000000009a800000, 0x000000009a800000| Complete 
| 425|0x000000009a900000, 0x000000009aa00000, 0x000000009aa00000|100%| E|CS|TAMS 0x000000009a900000, 0x000000009a900000| Complete 
| 426|0x000000009aa00000, 0x000000009ab00000, 0x000000009ab00000|100%| E|CS|TAMS 0x000000009aa00000, 0x000000009aa00000| Complete 
| 427|0x000000009ab00000, 0x000000009ac00000, 0x000000009ac00000|100%| E|CS|TAMS 0x000000009ab00000, 0x000000009ab00000| Complete 
| 428|0x000000009ac00000, 0x000000009ad00000, 0x000000009ad00000|100%| E|CS|TAMS 0x000000009ac00000, 0x000000009ac00000| Complete 
| 429|0x000000009ad00000, 0x000000009ae00000, 0x000000009ae00000|100%| E|  |TAMS 0x000000009ad00000, 0x000000009ad00000| Complete 
| 430|0x000000009ae00000, 0x000000009af00000, 0x000000009af00000|100%| E|CS|TAMS 0x000000009ae00000, 0x000000009ae00000| Complete 
| 431|0x000000009af00000, 0x000000009b000000, 0x000000009b000000|100%| E|CS|TAMS 0x000000009af00000, 0x000000009af00000| Complete 
| 432|0x000000009b000000, 0x000000009b100000, 0x000000009b100000|100%| E|CS|TAMS 0x000000009b000000, 0x000000009b000000| Complete 
| 433|0x000000009b100000, 0x000000009b200000, 0x000000009b200000|100%| E|CS|TAMS 0x000000009b100000, 0x000000009b100000| Complete 
| 434|0x000000009b200000, 0x000000009b300000, 0x000000009b300000|100%| E|CS|TAMS 0x000000009b200000, 0x000000009b200000| Complete 
| 435|0x000000009b300000, 0x000000009b400000, 0x000000009b400000|100%| E|CS|TAMS 0x000000009b300000, 0x000000009b300000| Complete 
| 436|0x000000009b400000, 0x000000009b500000, 0x000000009b500000|100%| E|CS|TAMS 0x000000009b400000, 0x000000009b400000| Complete 
| 437|0x000000009b500000, 0x000000009b600000, 0x000000009b600000|100%| E|CS|TAMS 0x000000009b500000, 0x000000009b500000| Complete 
| 438|0x000000009b600000, 0x000000009b700000, 0x000000009b700000|100%| E|CS|TAMS 0x000000009b600000, 0x000000009b600000| Complete 
| 439|0x000000009b700000, 0x000000009b800000, 0x000000009b800000|100%| E|CS|TAMS 0x000000009b700000, 0x000000009b700000| Complete 
| 440|0x000000009b800000, 0x000000009b900000, 0x000000009b900000|100%| E|CS|TAMS 0x000000009b800000, 0x000000009b800000| Complete 
| 441|0x000000009b900000, 0x000000009ba00000, 0x000000009ba00000|100%| E|CS|TAMS 0x000000009b900000, 0x000000009b900000| Complete 
| 442|0x000000009ba00000, 0x000000009bb00000, 0x000000009bb00000|100%| E|CS|TAMS 0x000000009ba00000, 0x000000009ba00000| Complete 
| 443|0x000000009bb00000, 0x000000009bc00000, 0x000000009bc00000|100%| E|CS|TAMS 0x000000009bb00000, 0x000000009bb00000| Complete 
| 444|0x000000009bc00000, 0x000000009bd00000, 0x000000009bd00000|100%| E|CS|TAMS 0x000000009bc00000, 0x000000009bc00000| Complete 
| 445|0x000000009bd00000, 0x000000009be00000, 0x000000009be00000|100%| E|CS|TAMS 0x000000009bd00000, 0x000000009bd00000| Complete 
| 446|0x000000009be00000, 0x000000009bf00000, 0x000000009bf00000|100%| E|CS|TAMS 0x000000009be00000, 0x000000009be00000| Complete 
| 447|0x000000009bf00000, 0x000000009c000000, 0x000000009c000000|100%| E|CS|TAMS 0x000000009bf00000, 0x000000009bf00000| Complete 
| 448|0x000000009c000000, 0x000000009c100000, 0x000000009c100000|100%| E|CS|TAMS 0x000000009c000000, 0x000000009c000000| Complete 
| 449|0x000000009c100000, 0x000000009c200000, 0x000000009c200000|100%| E|CS|TAMS 0x000000009c100000, 0x000000009c100000| Complete 
| 450|0x000000009c200000, 0x000000009c300000, 0x000000009c300000|100%| E|CS|TAMS 0x000000009c200000, 0x000000009c200000| Complete 
| 451|0x000000009c300000, 0x000000009c400000, 0x000000009c400000|100%| E|CS|TAMS 0x000000009c300000, 0x000000009c300000| Complete 
| 452|0x000000009c400000, 0x000000009c500000, 0x000000009c500000|100%| E|CS|TAMS 0x000000009c400000, 0x000000009c400000| Complete 
| 453|0x000000009c500000, 0x000000009c600000, 0x000000009c600000|100%| E|CS|TAMS 0x000000009c500000, 0x000000009c500000| Complete 
| 454|0x000000009c600000, 0x000000009c700000, 0x000000009c700000|100%| E|CS|TAMS 0x000000009c600000, 0x000000009c600000| Complete 
| 455|0x000000009c700000, 0x000000009c800000, 0x000000009c800000|100%| E|CS|TAMS 0x000000009c700000, 0x000000009c700000| Complete 
| 456|0x000000009c800000, 0x000000009c900000, 0x000000009c900000|100%| E|CS|TAMS 0x000000009c800000, 0x000000009c800000| Complete 
| 457|0x000000009c900000, 0x000000009ca00000, 0x000000009ca00000|100%| E|CS|TAMS 0x000000009c900000, 0x000000009c900000| Complete 
| 458|0x000000009ca00000, 0x000000009cb00000, 0x000000009cb00000|100%| E|CS|TAMS 0x000000009ca00000, 0x000000009ca00000| Complete 
| 459|0x000000009cb00000, 0x000000009cc00000, 0x000000009cc00000|100%| E|CS|TAMS 0x000000009cb00000, 0x000000009cb00000| Complete 
| 460|0x000000009cc00000, 0x000000009cd00000, 0x000000009cd00000|100%| E|CS|TAMS 0x000000009cc00000, 0x000000009cc00000| Complete 
| 461|0x000000009cd00000, 0x000000009ce00000, 0x000000009ce00000|100%| E|CS|TAMS 0x000000009cd00000, 0x000000009cd00000| Complete 
| 462|0x000000009ce00000, 0x000000009cf00000, 0x000000009cf00000|100%| E|CS|TAMS 0x000000009ce00000, 0x000000009ce00000| Complete 
| 463|0x000000009cf00000, 0x000000009d000000, 0x000000009d000000|100%| E|CS|TAMS 0x000000009cf00000, 0x000000009cf00000| Complete 
| 464|0x000000009d000000, 0x000000009d100000, 0x000000009d100000|100%| E|CS|TAMS 0x000000009d000000, 0x000000009d000000| Complete 
| 465|0x000000009d100000, 0x000000009d200000, 0x000000009d200000|100%| E|CS|TAMS 0x000000009d100000, 0x000000009d100000| Complete 
| 466|0x000000009d200000, 0x000000009d300000, 0x000000009d300000|100%| E|CS|TAMS 0x000000009d200000, 0x000000009d200000| Complete 
| 467|0x000000009d300000, 0x000000009d400000, 0x000000009d400000|100%| E|CS|TAMS 0x000000009d300000, 0x000000009d300000| Complete 
| 468|0x000000009d400000, 0x000000009d500000, 0x000000009d500000|100%| E|CS|TAMS 0x000000009d400000, 0x000000009d400000| Complete 
|2046|0x00000000ffe00000, 0x00000000fff00000, 0x00000000fff00000|100%| O|  |TAMS 0x00000000fff00000, 0x00000000fff00000| Untracked 
|2047|0x00000000fff00000, 0x0000000100000000, 0x0000000100000000|100%| O|  |TAMS 0x0000000100000000, 0x0000000100000000| Untracked 

Card table byte_map: [0x00000248c5e70000,0x00000248c6270000] _byte_map_base: 0x00000248c5a70000

Marking Bits (Prev, Next): (CMBitMap*) 0x00000248aec293a0, (CMBitMap*) 0x00000248aec29360
 Prev Bits: [0x00000248c8670000, 0x00000248ca670000)
 Next Bits: [0x00000248c6670000, 0x00000248c8670000)

Polling page: 0x00000248aca30000

Metaspace:

Usage:
  Non-class:    144.13 MB used.
      Class:     21.91 MB used.
       Both:    166.04 MB used.

Virtual space:
  Non-class space:      192.00 MB reserved,     144.69 MB ( 75%) committed,  3 nodes.
      Class space:        1.00 GB reserved,      22.50 MB (  2%) committed,  1 nodes.
             Both:        1.19 GB reserved,     167.19 MB ( 14%) committed. 

Chunk freelists:
   Non-Class:  15.25 MB
       Class:  9.45 MB
        Both:  24.70 MB

MaxMetaspaceSize: unlimited
CompressedClassSpaceSize: 1.00 GB
Initial GC threshold: 21.00 MB
Current GC threshold: 197.62 MB
CDS: on
MetaspaceReclaimPolicy: balanced
 - commit_granule_bytes: 65536.
 - commit_granule_words: 8192.
 - virtual_space_node_default_size: 8388608.
 - enlarge_chunks_in_place: 1.
 - new_chunks_are_fully_committed: 0.
 - uncommit_free_chunks: 1.
 - use_allocation_guard: 0.
 - handle_deallocations: 1.


Internal statistics:

num_allocs_failed_limit: 9.
num_arena_births: 2084.
num_arena_deaths: 0.
num_vsnodes_births: 4.
num_vsnodes_deaths: 0.
num_space_committed: 2674.
num_space_uncommitted: 0.
num_chunks_returned_to_freelist: 9.
num_chunks_taken_from_freelist: 9240.
num_chunk_merges: 9.
num_chunk_splits: 6159.
num_chunks_enlarged: 4160.
num_inconsistent_stats: 0.

CodeHeap 'non-profiled nmethods': size=120000Kb used=21372Kb max_used=21372Kb free=98627Kb
 bounds [0x00000248be210000, 0x00000248bf6f0000, 0x00000248c5740000]
CodeHeap 'profiled nmethods': size=120000Kb used=55860Kb max_used=55860Kb free=64139Kb
 bounds [0x00000248b6740000, 0x00000248b9dd0000, 0x00000248bdc70000]
CodeHeap 'non-nmethods': size=5760Kb used=1868Kb max_used=1961Kb free=3892Kb
 bounds [0x00000248bdc70000, 0x00000248bdee0000, 0x00000248be210000]
 total_blobs=27628 nmethods=26653 adapters=883
 compilation: enabled
              stopped_count=0, restarted_count=0
 full_count=0

Compilation events (20 events):
Event: 1368.559 Thread 0x00000248cd0bf4f0 nmethod 33538 0x00000248b9db8510 code [0x00000248b9db8840, 0x00000248b9db9eb8]
Event: 1368.559 Thread 0x00000248cd0bf4f0 33539       3       org.gradle.api.internal.artifacts.DefaultDependencyManagementServices$DependencyResolutionScopeServices::collectRepositories (36 bytes)
Event: 1368.561 Thread 0x00000248cd0bf4f0 nmethod 33539 0x00000248b9dba510 code [0x00000248b9dba780, 0x00000248b9dbb378]
Event: 1368.561 Thread 0x00000248cd0bf4f0 33540       3       org.gradle.api.internal.artifacts.DefaultDependencyManagementServices$DependencyResolutionScopeServices$$Lambda$760/0x00000248cf5ba2b8::<init> (10 bytes)
Event: 1368.562 Thread 0x00000248cd0bf4f0 nmethod 33540 0x00000248b9dbb710 code [0x00000248b9dbb8c0, 0x00000248b9dbba78]
Event: 1368.617 Thread 0x00000248cd0bf4f0 33541       1       org.gradle.api.internal.artifacts.ivyservice.ResolutionParameters::isFailingOnDynamicVersions (5 bytes)
Event: 1368.617 Thread 0x00000248cd0bf4f0 nmethod 33541 0x00000248bf6e8d10 code [0x00000248bf6e8ea0, 0x00000248bf6e8f78]
Event: 1368.617 Thread 0x00000248cd0bf4f0 33542       1       org.gradle.api.internal.artifacts.ivyservice.ResolutionParameters::isFailingOnChangingVersions (5 bytes)
Event: 1368.617 Thread 0x00000248cd0bf4f0 nmethod 33542 0x00000248bf6e9010 code [0x00000248bf6e91a0, 0x00000248bf6e9278]
Event: 1368.667 Thread 0x00000248cd0bf4f0 33545       3       org.gradle.internal.snapshot.MissingFileSnapshot::getType (4 bytes)
Event: 1368.667 Thread 0x00000248cd0bf4f0 nmethod 33545 0x00000248b9dbbb10 code [0x00000248b9dbbca0, 0x00000248b9dbbdb8]
Event: 1368.895 Thread 0x00000248cd0bf4f0 33547       3       org.gradle.internal.watch.registry.impl.SnapshotCollectingDiffListener$$Lambda$1910/0x00000248cfe2d4a0::accept (14 bytes)
Event: 1368.895 Thread 0x00000248cd0bf4f0 nmethod 33547 0x00000248b9dbbe90 code [0x00000248b9dbc040, 0x00000248b9dbc328]
Event: 1368.900 Thread 0x00000248cd0bf4f0 33548       3       org.gradle.api.internal.file.DefaultFileOperations::fileTree (20 bytes)
Event: 1368.901 Thread 0x00000248cd0bf4f0 nmethod 33548 0x00000248b9dbc410 code [0x00000248b9dbc5e0, 0x00000248b9dbc908]
Event: 1368.901 Thread 0x00000248cd0bf4f0 33549       3       org.gradle.api.internal.file.collections.DefaultConfigurableFileTree::from (6 bytes)
Event: 1368.901 Thread 0x00000248cd0bf4f0 nmethod 33549 0x00000248b9dbcb10 code [0x00000248b9dbccc0, 0x00000248b9dbce78]
Event: 1368.901 Thread 0x00000248cd0bf4f0 33550       3       org.gradle.api.internal.project.DefaultProject::fileTree (11 bytes)
Event: 1368.902 Thread 0x00000248cd0bf4f0 nmethod 33550 0x00000248b9dbcf10 code [0x00000248b9dbd160, 0x00000248b9dbdac8]
Event: 1368.904 Thread 0x00000248cd0bf4f0 33551       3       org.gradle.api.internal.file.DefaultSourceDirectorySet::getSourceTrees (170 bytes)

GC Heap History (20 events):
Event: 204.676 GC heap before
{Heap before GC invocations=73 (full 0):
 garbage-first heap   total 482304K, used 397790K [0x0000000080000000, 0x0000000100000000)
  region size 1024K, 155 young (158720K), 17 survivors (17408K)
 Metaspace       used 160116K, committed 161152K, reserved 1245184K
  class space    used 21374K, committed 21888K, reserved 1048576K
}
Event: 204.696 GC heap after
{Heap after GC invocations=74 (full 0):
 garbage-first heap   total 482304K, used 264728K [0x0000000080000000, 0x0000000100000000)
  region size 1024K, 17 young (17408K), 17 survivors (17408K)
 Metaspace       used 160116K, committed 161152K, reserved 1245184K
  class space    used 21374K, committed 21888K, reserved 1048576K
}
Event: 207.446 GC heap before
{Heap before GC invocations=74 (full 0):
 garbage-first heap   total 482304K, used 402968K [0x0000000080000000, 0x0000000100000000)
  region size 1024K, 152 young (155648K), 17 survivors (17408K)
 Metaspace       used 162182K, committed 163264K, reserved 1245184K
  class space    used 21565K, committed 22080K, reserved 1048576K
}
Event: 207.469 GC heap after
{Heap after GC invocations=75 (full 0):
 garbage-first heap   total 482304K, used 265930K [0x0000000080000000, 0x0000000100000000)
  region size 1024K, 8 young (8192K), 8 survivors (8192K)
 Metaspace       used 162182K, committed 163264K, reserved 1245184K
  class space    used 21565K, committed 22080K, reserved 1048576K
}
Event: 216.755 GC heap before
{Heap before GC invocations=75 (full 0):
 garbage-first heap   total 482304K, used 408266K [0x0000000080000000, 0x0000000100000000)
  region size 1024K, 146 young (149504K), 8 survivors (8192K)
 Metaspace       used 164706K, committed 165760K, reserved 1245184K
  class space    used 21871K, committed 22400K, reserved 1048576K
}
Event: 216.765 GC heap after
{Heap after GC invocations=76 (full 0):
 garbage-first heap   total 482304K, used 265993K [0x0000000080000000, 0x0000000100000000)
  region size 1024K, 9 young (9216K), 9 survivors (9216K)
 Metaspace       used 164706K, committed 165760K, reserved 1245184K
  class space    used 21871K, committed 22400K, reserved 1048576K
}
Event: 218.868 GC heap before
{Heap before GC invocations=76 (full 0):
 garbage-first heap   total 482304K, used 363273K [0x0000000080000000, 0x0000000100000000)
  region size 1024K, 71 young (72704K), 9 survivors (9216K)
 Metaspace       used 166890K, committed 168000K, reserved 1245184K
  class space    used 22166K, committed 22720K, reserved 1048576K
}
Event: 218.882 GC heap after
{Heap after GC invocations=77 (full 0):
 garbage-first heap   total 482304K, used 289037K [0x0000000080000000, 0x0000000100000000)
  region size 1024K, 5 young (5120K), 5 survivors (5120K)
 Metaspace       used 166890K, committed 168000K, reserved 1245184K
  class space    used 22166K, committed 22720K, reserved 1048576K
}
Event: 1238.565 GC heap before
{Heap before GC invocations=77 (full 0):
 garbage-first heap   total 482304K, used 418061K [0x0000000080000000, 0x0000000100000000)
  region size 1024K, 127 young (130048K), 5 survivors (5120K)
 Metaspace       used 168249K, committed 169408K, reserved 1245184K
  class space    used 22345K, committed 22912K, reserved 1048576K
}
Event: 1238.728 GC heap after
{Heap after GC invocations=78 (full 0):
 garbage-first heap   total 482304K, used 262156K [0x0000000080000000, 0x0000000100000000)
  region size 1024K, 9 young (9216K), 9 survivors (9216K)
 Metaspace       used 168249K, committed 169408K, reserved 1245184K
  class space    used 22345K, committed 22912K, reserved 1048576K
}
Event: 1270.685 GC heap before
{Heap before GC invocations=78 (full 0):
 garbage-first heap   total 482304K, used 411660K [0x0000000080000000, 0x0000000100000000)
  region size 1024K, 156 young (159744K), 9 survivors (9216K)
 Metaspace       used 169103K, committed 170304K, reserved 1245184K
  class space    used 22402K, committed 22976K, reserved 1048576K
}
Event: 1270.783 GC heap after
{Heap after GC invocations=79 (full 0):
 garbage-first heap   total 482304K, used 274352K [0x0000000080000000, 0x0000000100000000)
  region size 1024K, 20 young (20480K), 20 survivors (20480K)
 Metaspace       used 169103K, committed 170304K, reserved 1245184K
  class space    used 22402K, committed 22976K, reserved 1048576K
}
Event: 1293.493 GC heap before
{Heap before GC invocations=79 (full 0):
 garbage-first heap   total 482304K, used 414640K [0x0000000080000000, 0x0000000100000000)
  region size 1024K, 152 young (155648K), 20 survivors (20480K)
 Metaspace       used 169209K, committed 170432K, reserved 1245184K
  class space    used 22410K, committed 23040K, reserved 1048576K
}
Event: 1293.723 GC heap after
{Heap after GC invocations=80 (full 0):
 garbage-first heap   total 482304K, used 284639K [0x0000000080000000, 0x0000000100000000)
  region size 1024K, 7 young (7168K), 7 survivors (7168K)
 Metaspace       used 169209K, committed 170432K, reserved 1245184K
  class space    used 22410K, committed 23040K, reserved 1048576K
}
Event: 1296.032 GC heap before
{Heap before GC invocations=80 (full 0):
 garbage-first heap   total 482304K, used 409567K [0x0000000080000000, 0x0000000100000000)
  region size 1024K, 130 young (133120K), 7 survivors (7168K)
 Metaspace       used 169452K, committed 170688K, reserved 1245184K
  class space    used 22423K, committed 23040K, reserved 1048576K
}
Event: 1296.043 GC heap after
{Heap after GC invocations=81 (full 0):
 garbage-first heap   total 482304K, used 285206K [0x0000000080000000, 0x0000000100000000)
  region size 1024K, 8 young (8192K), 8 survivors (8192K)
 Metaspace       used 169452K, committed 170688K, reserved 1245184K
  class space    used 22423K, committed 23040K, reserved 1048576K
}
Event: 1299.777 GC heap before
{Heap before GC invocations=81 (full 0):
 garbage-first heap   total 482304K, used 392726K [0x0000000080000000, 0x0000000100000000)
  region size 1024K, 84 young (86016K), 8 survivors (8192K)
 Metaspace       used 169579K, committed 170816K, reserved 1245184K
  class space    used 22426K, committed 23040K, reserved 1048576K
}
Event: 1299.826 GC heap after
{Heap after GC invocations=82 (full 0):
 garbage-first heap   total 482304K, used 303848K [0x0000000080000000, 0x0000000100000000)
  region size 1024K, 6 young (6144K), 6 survivors (6144K)
 Metaspace       used 169579K, committed 170816K, reserved 1245184K
  class space    used 22426K, committed 23040K, reserved 1048576K
}
Event: 1366.996 GC heap before
{Heap before GC invocations=82 (full 0):
 garbage-first heap   total 482304K, used 428776K [0x0000000080000000, 0x0000000100000000)
  region size 1024K, 118 young (120832K), 6 survivors (6144K)
 Metaspace       used 169917K, committed 171136K, reserved 1245184K
  class space    used 22434K, committed 23040K, reserved 1048576K
}
Event: 1367.064 GC heap after
{Heap after GC invocations=83 (full 0):
 garbage-first heap   total 482304K, used 285119K [0x0000000080000000, 0x0000000100000000)
  region size 1024K, 12 young (12288K), 12 survivors (12288K)
 Metaspace       used 169917K, committed 171136K, reserved 1245184K
  class space    used 22434K, committed 23040K, reserved 1048576K
}

Dll operation events (18 events):
Event: 0.069 Loaded shared library C:\Users\perez\.jdks\ms-17.0.18\bin\java.dll
Event: 0.091 Loaded shared library C:\Users\perez\.jdks\ms-17.0.18\bin\jsvml.dll
Event: 0.204 Loaded shared library C:\Users\perez\.jdks\ms-17.0.18\bin\zip.dll
Event: 0.212 Loaded shared library C:\Users\perez\.jdks\ms-17.0.18\bin\instrument.dll
Event: 0.263 Loaded shared library C:\Users\perez\.jdks\ms-17.0.18\bin\net.dll
Event: 0.300 Loaded shared library C:\Users\perez\.jdks\ms-17.0.18\bin\nio.dll
Event: 0.303 Loaded shared library C:\Users\perez\.jdks\ms-17.0.18\bin\zip.dll
Event: 0.640 Loaded shared library C:\Users\perez\.jdks\ms-17.0.18\bin\jimage.dll
Event: 1.206 Loaded shared library C:\Users\perez\.jdks\ms-17.0.18\bin\verify.dll
Event: 1.516 Loaded shared library C:\Users\perez\AndroidStudioProjects\MyApplication\native\1def1411415f61bf3af743bc5b6707747c0891f09f0c88961ee8f79bc544acac\windows-amd64\native-platform.dll
Event: 1.581 Loaded shared library C:\Users\perez\AndroidStudioProjects\MyApplication\native\0.2.7\x86_64-windows-gnu\gradle-fileevents.dll
Event: 3.380 Loaded shared library C:\Users\perez\.jdks\ms-17.0.18\bin\management.dll
Event: 3.396 Loaded shared library C:\Users\perez\.jdks\ms-17.0.18\bin\management_ext.dll
Event: 3.862 Loaded shared library C:\Users\perez\.jdks\ms-17.0.18\bin\extnet.dll
Event: 4.627 Loaded shared library C:\Users\perez\.jdks\ms-17.0.18\bin\sunmscapi.dll
Event: 53.365 Loaded shared library C:\Users\perez\AppData\Local\Temp\native-platform14990644150687759212dir\native-platform.dll
Event: 54.387 Loaded shared library C:\Users\perez\.jdks\ms-17.0.18\bin\rmi.dll
Event: 109.949 Loaded shared library C:\Users\perez\AppData\Local\Temp\sqlite-3.41.2.2-73afa99d-795c-4ce6-aa64-8c24c8bc9957-sqlitejdbc.dll

Deoptimization events (20 events):
Event: 1366.180 Thread 0x0000024920b3acf0 DEOPT PACKING pc=0x00000248b9a22b8d sp=0x0000007480af7de0
Event: 1366.180 Thread 0x0000024920b3acf0 DEOPT UNPACKING pc=0x00000248bdcc7143 sp=0x0000007480af7288 mode 0
Event: 1366.180 Thread 0x0000024920b3acf0 DEOPT PACKING pc=0x00000248b9a22b8d sp=0x0000007480af7de0
Event: 1366.180 Thread 0x0000024920b3acf0 DEOPT UNPACKING pc=0x00000248bdcc7143 sp=0x0000007480af7288 mode 0
Event: 1366.180 Thread 0x0000024920b3acf0 DEOPT PACKING pc=0x00000248b9a22b8d sp=0x0000007480af7de0
Event: 1366.180 Thread 0x0000024920b3acf0 DEOPT UNPACKING pc=0x00000248bdcc7143 sp=0x0000007480af7288 mode 0
Event: 1366.181 Thread 0x0000024920b3acf0 DEOPT PACKING pc=0x00000248b9a22b8d sp=0x0000007480af7de0
Event: 1366.181 Thread 0x0000024920b3acf0 DEOPT UNPACKING pc=0x00000248bdcc7143 sp=0x0000007480af7288 mode 0
Event: 1366.181 Thread 0x0000024920b3acf0 DEOPT PACKING pc=0x00000248b9a22b8d sp=0x0000007480af7de0
Event: 1366.181 Thread 0x0000024920b3acf0 DEOPT UNPACKING pc=0x00000248bdcc7143 sp=0x0000007480af7288 mode 0
Event: 1366.182 Thread 0x0000024920b3acf0 DEOPT PACKING pc=0x00000248b6c6eb0a sp=0x0000007480af7ef0
Event: 1366.182 Thread 0x0000024920b3acf0 DEOPT UNPACKING pc=0x00000248bdcc7143 sp=0x0000007480af73d8 mode 0
Event: 1366.184 Thread 0x0000024920b3acf0 DEOPT PACKING pc=0x00000248b6c6eb0a sp=0x0000007480af8040
Event: 1366.184 Thread 0x0000024920b3acf0 DEOPT UNPACKING pc=0x00000248bdcc7143 sp=0x0000007480af7528 mode 0
Event: 1366.184 Thread 0x0000024920b3acf0 DEOPT PACKING pc=0x00000248b6c6eb0a sp=0x0000007480af8050
Event: 1366.184 Thread 0x0000024920b3acf0 DEOPT UNPACKING pc=0x00000248bdcc7143 sp=0x0000007480af7538 mode 0
Event: 1366.319 Thread 0x0000024920b3acf0 Uncommon trap: trap_request=0xffffffc6 fr.pc=0x00000248be5b2a08 relative=0x00000000000002a8
Event: 1366.319 Thread 0x0000024920b3acf0 Uncommon trap: reason=bimorphic_or_optimized_type_check action=maybe_recompile pc=0x00000248be5b2a08 method=com.google.common.collect.ImmutableList.copyOf(Ljava/util/Collection;)Lcom/google/common/collect/ImmutableList; @ 16 c2
Event: 1366.319 Thread 0x0000024920b3acf0 DEOPT PACKING pc=0x00000248be5b2a08 sp=0x0000007480af9060
Event: 1366.319 Thread 0x0000024920b3acf0 DEOPT UNPACKING pc=0x00000248bdcc69a3 sp=0x0000007480af9020 mode 2

Classes loaded (20 events):
Event: 222.765 Loading class java/lang/StackStreamFactory$WalkerState
Event: 222.767 Loading class java/lang/StackStreamFactory$WalkerState done
Event: 222.767 Loading class java/lang/StackStreamFactory$1
Event: 222.791 Loading class java/lang/StackStreamFactory$1 done
Event: 222.791 Loading class java/lang/StackStreamFactory$StackFrameTraverser$StackFrameBuffer
Event: 222.795 Loading class java/lang/StackStreamFactory$FrameBuffer
Event: 222.824 Loading class java/lang/StackStreamFactory$FrameBuffer done
Event: 222.824 Loading class java/lang/StackStreamFactory$StackFrameTraverser$StackFrameBuffer done
Event: 222.892 Loading class java/util/logging/LogRecord
Event: 222.900 Loading class java/util/logging/LogRecord done
Event: 1235.466 Loading class jdk/internal/math/FormattedFloatingDecimal$Form
Event: 1235.503 Loading class jdk/internal/math/FormattedFloatingDecimal$Form done
Event: 1235.509 Loading class jdk/internal/math/FormattedFloatingDecimal
Event: 1235.562 Loading class jdk/internal/math/FormattedFloatingDecimal done
Event: 1235.567 Loading class jdk/internal/math/FormattedFloatingDecimal$1
Event: 1235.577 Loading class jdk/internal/math/FormattedFloatingDecimal$1 done
Event: 1235.591 Loading class jdk/internal/math/FormattedFloatingDecimal$2
Event: 1235.595 Loading class jdk/internal/math/FormattedFloatingDecimal$2 done
Event: 1245.195 Loading class java/util/zip/ZipOutputStream$XEntry
Event: 1245.198 Loading class java/util/zip/ZipOutputStream$XEntry done

Classes unloaded (0 events):
No events

Classes redefined (0 events):
No events

Internal exceptions (20 events):
Event: 1299.702 Thread 0x000002492101ad70 Implicit null exception at 0x00000248bf18f990 to 0x00000248bf18faf4
Event: 1300.189 Thread 0x0000024920b3acf0 Exception <a 'sun/nio/fs/WindowsException'{0x000000009d361ce8}> (0x000000009d361ce8) 
thrown [s\src\hotspot\share\prims\jni.cpp, line 516]
Event: 1300.263 Thread 0x0000024920b3acf0 Exception <a 'sun/nio/fs/WindowsException'{0x000000009d392858}> (0x000000009d392858) 
thrown [s\src\hotspot\share\prims\jni.cpp, line 516]
Event: 1301.715 Thread 0x0000024916bbc100 Exception <a 'sun/nio/fs/WindowsException'{0x000000009c418e00}> (0x000000009c418e00) 
thrown [s\src\hotspot\share\prims\jni.cpp, line 516]
Event: 1301.717 Thread 0x0000024916bbc100 Exception <a 'sun/nio/fs/WindowsException'{0x000000009c419930}> (0x000000009c419930) 
thrown [s\src\hotspot\share\prims\jni.cpp, line 516]
Event: 1301.717 Thread 0x0000024916bbc100 Exception <a 'sun/nio/fs/WindowsException'{0x000000009c41a4b8}> (0x000000009c41a4b8) 
thrown [s\src\hotspot\share\prims\jni.cpp, line 516]
Event: 1301.731 Thread 0x0000024916bbc100 Exception <a 'sun/nio/fs/WindowsException'{0x000000009c429e58}> (0x000000009c429e58) 
thrown [s\src\hotspot\share\prims\jni.cpp, line 516]
Event: 1361.882 Thread 0x0000024920b3acf0 Exception <a 'sun/nio/fs/WindowsException'{0x000000009bd35aa0}> (0x000000009bd35aa0) 
thrown [s\src\hotspot\share\prims\jni.cpp, line 516]
Event: 1361.886 Thread 0x0000024920b3acf0 Exception <a 'sun/nio/fs/WindowsException'{0x000000009bd370e8}> (0x000000009bd370e8) 
thrown [s\src\hotspot\share\prims\jni.cpp, line 516]
Event: 1361.888 Thread 0x0000024920b3acf0 Exception <a 'sun/nio/fs/WindowsException'{0x000000009bd38720}> (0x000000009bd38720) 
thrown [s\src\hotspot\share\prims\jni.cpp, line 516]
Event: 1361.889 Thread 0x0000024920b3acf0 Exception <a 'sun/nio/fs/WindowsException'{0x000000009bd39898}> (0x000000009bd39898) 
thrown [s\src\hotspot\share\prims\jni.cpp, line 516]
Event: 1362.473 Thread 0x0000024920b3acf0 Exception <a 'sun/nio/fs/WindowsException'{0x000000009a402668}> (0x000000009a402668) 
thrown [s\src\hotspot\share\prims\jni.cpp, line 516]
Event: 1362.475 Thread 0x0000024920b3acf0 Exception <a 'sun/nio/fs/WindowsException'{0x000000009a403d90}> (0x000000009a403d90) 
thrown [s\src\hotspot\share\prims\jni.cpp, line 516]
Event: 1362.483 Thread 0x0000024920b3acf0 Exception <a 'sun/nio/fs/WindowsException'{0x000000009a406100}> (0x000000009a406100) 
thrown [s\src\hotspot\share\prims\jni.cpp, line 516]
Event: 1365.855 Thread 0x0000024920b3acf0 Implicit null exception at 0x00000248bf3e14de to 0x00000248bf3e158c
Event: 1366.415 Thread 0x0000024920b3acf0 Exception <a 'sun/nio/fs/WindowsException'{0x0000000096809aa0}> (0x0000000096809aa0) 
thrown [s\src\hotspot\share\prims\jni.cpp, line 516]
Event: 1366.416 Thread 0x0000024920b3acf0 Exception <a 'sun/nio/fs/WindowsException'{0x000000009680afb8}> (0x000000009680afb8) 
thrown [s\src\hotspot\share\prims\jni.cpp, line 516]
Event: 1366.416 Thread 0x0000024920b3acf0 Exception <a 'sun/nio/fs/WindowsException'{0x000000009680c520}> (0x000000009680c520) 
thrown [s\src\hotspot\share\prims\jni.cpp, line 516]
Event: 1366.416 Thread 0x0000024920b3acf0 Exception <a 'sun/nio/fs/WindowsException'{0x000000009680da88}> (0x000000009680da88) 
thrown [s\src\hotspot\share\prims\jni.cpp, line 516]
Event: 1366.849 Thread 0x0000024916bbdf60 Exception <a 'sun/nio/fs/WindowsException'{0x0000000096396fb0}> (0x0000000096396fb0) 
thrown [s\src\hotspot\share\prims\jni.cpp, line 516]

VM Operations (20 events):
Event: 1303.247 Executing VM operation: Cleanup done
Event: 1315.254 Executing VM operation: Cleanup
Event: 1315.255 Executing VM operation: Cleanup done
Event: 1318.256 Executing VM operation: Cleanup
Event: 1318.256 Executing VM operation: Cleanup done
Event: 1323.235 Executing VM operation: HandshakeAllThreads
Event: 1323.235 Executing VM operation: HandshakeAllThreads done
Event: 1360.267 Executing VM operation: Cleanup
Event: 1360.271 Executing VM operation: Cleanup done
Event: 1362.272 Executing VM operation: Cleanup
Event: 1362.273 Executing VM operation: Cleanup done
Event: 1364.273 Executing VM operation: Cleanup
Event: 1364.274 Executing VM operation: Cleanup done
Event: 1366.274 Executing VM operation: Cleanup
Event: 1366.275 Executing VM operation: Cleanup done
Event: 1366.993 Executing VM operation: G1CollectForAllocation
Event: 1367.065 Executing VM operation: G1CollectForAllocation done
Event: 1368.065 Executing VM operation: Cleanup
Event: 1368.065 Executing VM operation: Cleanup done
Event: 1369.066 Executing VM operation: Cleanup

Memory protections (0 events):
No events

Nmethod flushes (20 events):
Event: 1300.573 Thread 0x00000248cd0d8b60 flushing  nmethod 0x00000248b739d990
Event: 1300.573 Thread 0x00000248cd0d8b60 flushing  nmethod 0x00000248b739de10
Event: 1300.578 Thread 0x00000248cd0d8b60 flushing  nmethod 0x00000248b7439210
Event: 1300.580 Thread 0x00000248cd0d8b60 flushing  nmethod 0x00000248b7470310
Event: 1300.580 Thread 0x00000248cd0d8b60 flushing  nmethod 0x00000248b7477490
Event: 1300.580 Thread 0x00000248cd0d8b60 flushing  nmethod 0x00000248b7477990
Event: 1300.581 Thread 0x00000248cd0d8b60 flushing  nmethod 0x00000248b7480890
Event: 1300.581 Thread 0x00000248cd0d8b60 flushing  nmethod 0x00000248b7498190
Event: 1300.583 Thread 0x00000248cd0d8b60 flushing  nmethod 0x00000248b74c5f10
Event: 1300.590 Thread 0x00000248cd0d8b60 flushing  nmethod 0x00000248b7578a10
Event: 1300.628 Thread 0x00000248cd0d8b60 flushing  nmethod 0x00000248b79f9890
Event: 1300.631 Thread 0x00000248cd0d8b60 flushing  nmethod 0x00000248b7a61610
Event: 1300.640 Thread 0x00000248cd0d8b60 flushing  nmethod 0x00000248b7b6ef90
Event: 1300.641 Thread 0x00000248cd0d8b60 flushing  nmethod 0x00000248b7b8c390
Event: 1300.650 Thread 0x00000248cd0d8b60 flushing  nmethod 0x00000248b7cb8010
Event: 1300.651 Thread 0x00000248cd0d8b60 flushing  nmethod 0x00000248b7cdeb10
Event: 1300.899 Thread 0x00000248cd0d8b60 flushing  nmethod 0x00000248b8c94190
Event: 1300.963 Thread 0x00000248cd0d8b60 flushing  nmethod 0x00000248b9547f10
Event: 1300.965 Thread 0x00000248cd0d8b60 flushing  nmethod 0x00000248b9591310
Event: 1300.990 Thread 0x00000248cd0d8b60 flushing  nmethod 0x00000248b9ae4c90

Events (20 events):
Event: 1368.294 Thread 0x0000024916bbd030 Thread added: 0x000002491a83f110
Event: 1368.295 Thread 0x0000024916bbd030 Thread added: 0x000002491a83fb30
Event: 1368.295 Thread 0x0000024916bbd030 Thread added: 0x000002491a840040
Event: 1368.422 Thread 0x0000024916bbd030 Thread added: 0x00000249204eb730
Event: 1368.422 Thread 0x0000024916bbd030 Thread added: 0x0000024917e315a0
Event: 1368.423 Thread 0x0000024916bbd030 Thread added: 0x0000024917e33400
Event: 1368.423 Thread 0x0000024916bbd030 Thread added: 0x0000024917e324d0
Event: 1368.424 Thread 0x0000024916bbd030 Thread added: 0x0000024920a7e370
Event: 1368.425 Thread 0x0000024916bbd030 Thread added: 0x0000024920a7e880
Event: 1368.425 Thread 0x0000024916bbd030 Thread added: 0x0000024920a7f7b0
Event: 1368.556 Thread 0x0000024915e65d20 Thread exited: 0x0000024915e65d20
Event: 1368.639 Thread 0x0000024916bbd030 Thread added: 0x0000024920a7fcc0
Event: 1368.640 Thread 0x0000024916bbd030 Thread added: 0x0000024920a806e0
Event: 1368.640 Thread 0x0000024916bbd030 Thread added: 0x0000024920a801d0
Event: 1368.640 Thread 0x0000024916bbd030 Thread added: 0x0000024918460ab0
Event: 1368.640 Thread 0x0000024916bbd030 Thread added: 0x0000024918462910
Event: 1368.641 Thread 0x0000024916bbd030 Thread added: 0x0000024918460090
Event: 1368.641 Thread 0x0000024916bbd030 Thread added: 0x0000024918462400
Event: 1368.750 Thread 0x0000024916bbd030 Thread added: 0x0000024918461ef0
Event: 1368.750 Thread 0x0000024916bbd030 Thread added: 0x0000024918460fc0


Dynamic libraries:
0x00007ff7fdf90000 - 0x00007ff7fdf9e000 	C:\Users\perez\.jdks\ms-17.0.18\bin\java.exe
0x00007ffe08aa0000 - 0x00007ffe08d07000 	C:\WINDOWS\SYSTEM32\ntdll.dll
0x00007ffe07ba0000 - 0x00007ffe07c69000 	C:\WINDOWS\System32\KERNEL32.DLL
0x00007ffe05440000 - 0x00007ffe05831000 	C:\WINDOWS\System32\KERNELBASE.dll
0x00007ffe05840000 - 0x00007ffe0598b000 	C:\WINDOWS\System32\ucrtbase.dll
0x00007ffdbe080000 - 0x00007ffdbe098000 	C:\Users\perez\.jdks\ms-17.0.18\bin\jli.dll
0x00007ffdaa5d0000 - 0x00007ffdaa5ee000 	C:\Users\perez\.jdks\ms-17.0.18\bin\VCRUNTIME140.dll
0x00007ffe06b80000 - 0x00007ffe06d45000 	C:\WINDOWS\System32\USER32.dll
0x00007ffe05380000 - 0x00007ffe053a7000 	C:\WINDOWS\System32\win32u.dll
0x00007ffe06dd0000 - 0x00007ffe06dfb000 	C:\WINDOWS\System32\GDI32.dll
0x00007ffe05d20000 - 0x00007ffe05e4b000 	C:\WINDOWS\System32\gdi32full.dll
0x00007ffe05c70000 - 0x00007ffe05d13000 	C:\WINDOWS\System32\msvcp_win.dll
0x00007ffde85e0000 - 0x00007ffde8873000 	C:\WINDOWS\WinSxS\amd64_microsoft.windows.common-controls_6595b64144ccf1df_6.0.26100.8037_none_3e092faae333b53b\COMCTL32.dll
0x00007ffe08410000 - 0x00007ffe084b9000 	C:\WINDOWS\System32\msvcrt.dll
0x00007ffe06ee0000 - 0x00007ffe06f11000 	C:\WINDOWS\System32\IMM32.DLL
0x00007ffdbef70000 - 0x00007ffdbef7c000 	C:\Users\perez\.jdks\ms-17.0.18\bin\vcruntime140_1.dll
0x00007ffd5c6f0000 - 0x00007ffd5c779000 	C:\Users\perez\.jdks\ms-17.0.18\bin\msvcp140.dll
0x00007ffcf1e90000 - 0x00007ffcf2b0a000 	C:\Users\perez\.jdks\ms-17.0.18\bin\server\jvm.dll
0x00007ffe06e20000 - 0x00007ffe06edb000 	C:\WINDOWS\System32\ADVAPI32.dll
0x00007ffe06f20000 - 0x00007ffe06fc7000 	C:\WINDOWS\System32\sechost.dll
0x00007ffe087c0000 - 0x00007ffe088d8000 	C:\WINDOWS\System32\RPCRT4.dll
0x00007ffe07ac0000 - 0x00007ffe07b34000 	C:\WINDOWS\System32\WS2_32.dll
0x00007ffdff990000 - 0x00007ffdff99b000 	C:\WINDOWS\SYSTEM32\VERSION.dll
0x00007ffdff950000 - 0x00007ffdff985000 	C:\WINDOWS\SYSTEM32\WINMM.dll
0x00007ffe051e0000 - 0x00007ffe0523e000 	C:\WINDOWS\SYSTEM32\POWRPROF.dll
0x00007ffe051c0000 - 0x00007ffe051d4000 	C:\WINDOWS\SYSTEM32\UMPDC.dll
0x00007ffe04110000 - 0x00007ffe0412b000 	C:\WINDOWS\SYSTEM32\kernel.appcore.dll
0x00007ffdbd8e0000 - 0x00007ffdbd8ea000 	C:\Users\perez\.jdks\ms-17.0.18\bin\jimage.dll
0x00007ffdfa000000 - 0x00007ffdfa242000 	C:\WINDOWS\SYSTEM32\DBGHELP.DLL
0x00007ffe07730000 - 0x00007ffe07ab2000 	C:\WINDOWS\System32\combase.dll
0x00007ffe085c0000 - 0x00007ffe08697000 	C:\WINDOWS\System32\OLEAUT32.dll
0x00007ffde8b70000 - 0x00007ffde8bab000 	C:\WINDOWS\SYSTEM32\dbgcore.DLL
0x00007ffe05a50000 - 0x00007ffe05af5000 	C:\WINDOWS\System32\bcryptPrimitives.dll
0x00007ffdaa440000 - 0x00007ffdaa44f000 	C:\Users\perez\.jdks\ms-17.0.18\bin\instrument.dll
0x00007ffd56660000 - 0x00007ffd56686000 	C:\Users\perez\.jdks\ms-17.0.18\bin\java.dll
0x00007ffd0b910000 - 0x00007ffd0b9e6000 	C:\Users\perez\.jdks\ms-17.0.18\bin\jsvml.dll
0x00007ffe07ca0000 - 0x00007ffe083ff000 	C:\WINDOWS\System32\SHELL32.dll
0x00007ffe05b00000 - 0x00007ffe05c6a000 	C:\WINDOWS\System32\wintypes.dll
0x00007ffe05e50000 - 0x00007ffe066b4000 	C:\WINDOWS\System32\windows.storage.dll
0x00007ffe088e0000 - 0x00007ffe089d7000 	C:\WINDOWS\System32\SHCORE.dll
0x00007ffe06fd0000 - 0x00007ffe07037000 	C:\WINDOWS\System32\shlwapi.dll
0x00007ffe052a0000 - 0x00007ffe052c9000 	C:\WINDOWS\SYSTEM32\profapi.dll
0x00007ffd56640000 - 0x00007ffd56658000 	C:\Users\perez\.jdks\ms-17.0.18\bin\zip.dll
0x00007ffd4d5b0000 - 0x00007ffd4d5cb000 	C:\Users\perez\.jdks\ms-17.0.18\bin\net.dll
0x00007ffdfbd20000 - 0x00007ffdfbe47000 	C:\WINDOWS\SYSTEM32\WINHTTP.dll
0x00007ffe04680000 - 0x00007ffe046eb000 	C:\WINDOWS\system32\mswsock.dll
0x00007ffd4d590000 - 0x00007ffd4d5a6000 	C:\Users\perez\.jdks\ms-17.0.18\bin\nio.dll
0x00007ffd9e840000 - 0x00007ffd9e850000 	C:\Users\perez\.jdks\ms-17.0.18\bin\verify.dll
0x00007ffd5cbd0000 - 0x00007ffd5cbf7000 	C:\Users\perez\AndroidStudioProjects\MyApplication\native\1def1411415f61bf3af743bc5b6707747c0891f09f0c88961ee8f79bc544acac\windows-amd64\native-platform.dll
0x00007ffd4d040000 - 0x00007ffd4d0b8000 	C:\Users\perez\AndroidStudioProjects\MyApplication\native\0.2.7\x86_64-windows-gnu\gradle-fileevents.dll
0x00007ffd87de0000 - 0x00007ffd87dea000 	C:\Users\perez\.jdks\ms-17.0.18\bin\management.dll
0x00007ffd87a60000 - 0x00007ffd87a6c000 	C:\Users\perez\.jdks\ms-17.0.18\bin\management_ext.dll
0x00007ffe089f0000 - 0x00007ffe089f8000 	C:\WINDOWS\System32\PSAPI.DLL
0x00007ffe03ae0000 - 0x00007ffe03b13000 	C:\WINDOWS\SYSTEM32\IPHLPAPI.DLL
0x00007ffe087b0000 - 0x00007ffe087ba000 	C:\WINDOWS\System32\NSI.dll
0x00007ffdfcd00000 - 0x00007ffdfcd1d000 	C:\WINDOWS\SYSTEM32\dhcpcsvc6.DLL
0x00007ffdfccd0000 - 0x00007ffdfccf3000 	C:\WINDOWS\SYSTEM32\dhcpcsvc.DLL
0x00007ffe03b40000 - 0x00007ffe03c6a000 	C:\WINDOWS\SYSTEM32\DNSAPI.dll
0x00007ffd80490000 - 0x00007ffd80499000 	C:\Users\perez\.jdks\ms-17.0.18\bin\extnet.dll
0x00007ffe04960000 - 0x00007ffe0497b000 	C:\WINDOWS\SYSTEM32\CRYPTSP.dll
0x00007ffe04070000 - 0x00007ffe040a9000 	C:\WINDOWS\system32\rsaenh.dll
0x00007ffe04730000 - 0x00007ffe04762000 	C:\WINDOWS\SYSTEM32\USERENV.dll
0x00007ffe05270000 - 0x00007ffe0529a000 	C:\WINDOWS\SYSTEM32\bcrypt.dll
0x00007ffe04980000 - 0x00007ffe0498c000 	C:\WINDOWS\SYSTEM32\CRYPTBASE.dll
0x00007ffd6e010000 - 0x00007ffd6e01e000 	C:\Users\perez\.jdks\ms-17.0.18\bin\sunmscapi.dll
0x00007ffe066c0000 - 0x00007ffe06837000 	C:\WINDOWS\System32\CRYPT32.dll
0x00007ffe04b80000 - 0x00007ffe04bb0000 	C:\WINDOWS\SYSTEM32\ncrypt.dll
0x00007ffe04b30000 - 0x00007ffe04b6f000 	C:\WINDOWS\SYSTEM32\NTASN1.dll
0x00007ffdd9d20000 - 0x00007ffdd9d28000 	C:\WINDOWS\system32\wshunix.dll
0x00007ffdfccc0000 - 0x00007ffdfcccb000 	C:\Windows\System32\rasadhlp.dll
0x00007ffdfcdc0000 - 0x00007ffdfce46000 	C:\WINDOWS\System32\fwpuclnt.dll
0x00007ffddd7c0000 - 0x00007ffddd7d8000 	C:\WINDOWS\system32\napinsp.dll
0x00007ffddd460000 - 0x00007ffddd472000 	C:\WINDOWS\System32\winrnr.dll
0x00007ffddd420000 - 0x00007ffddd442000 	C:\WINDOWS\system32\nlansp_c.dll
0x00007ffddd3d0000 - 0x00007ffddd3e6000 	C:\WINDOWS\system32\wshbth.dll
0x00007ffdbfa40000 - 0x00007ffdbfa5e000 	C:\Users\perez\AppData\Local\Temp\native-platform14990644150687759212dir\native-platform.dll
0x00007ffdbfa30000 - 0x00007ffdbfa37000 	C:\Users\perez\.jdks\ms-17.0.18\bin\rmi.dll
0x00007ffd5cae0000 - 0x00007ffd5cbc9000 	C:\Users\perez\AppData\Local\Temp\sqlite-3.41.2.2-73afa99d-795c-4ce6-aa64-8c24c8bc9957-sqlitejdbc.dll
0x00007ffe04230000 - 0x00007ffe04266000 	C:\WINDOWS\SYSTEM32\ntmarta.dll

dbghelp: loaded successfully - version: 4.0.5 - missing functions: none
symbol engine: initialized successfully - sym options: 0x614 - pdb path: .;C:\Users\perez\.jdks\ms-17.0.18\bin;C:\WINDOWS\SYSTEM32;C:\WINDOWS\WinSxS\amd64_microsoft.windows.common-controls_6595b64144ccf1df_6.0.26100.8037_none_3e092faae333b53b;C:\Users\perez\.jdks\ms-17.0.18\bin\server;C:\Users\perez\AndroidStudioProjects\MyApplication\native\1def1411415f61bf3af743bc5b6707747c0891f09f0c88961ee8f79bc544acac\windows-amd64;C:\Users\perez\AndroidStudioProjects\MyApplication\native\0.2.7\x86_64-windows-gnu;C:\Users\perez\AppData\Local\Temp\native-platform14990644150687759212dir;C:\Users\perez\AppData\Local\Temp

VM Arguments:
jvm_args: --add-opens=java.base/java.lang=ALL-UNNAMED --add-opens=java.base/java.lang.invoke=ALL-UNNAMED --add-opens=java.base/java.util=ALL-UNNAMED --add-opens=java.prefs/java.util.prefs=ALL-UNNAMED --add-exports=jdk.compiler/com.sun.tools.javac.api=ALL-UNNAMED --add-exports=jdk.compiler/com.sun.tools.javac.util=ALL-UNNAMED --add-opens=java.base/java.util=ALL-UNNAMED --add-opens=java.prefs/java.util.prefs=ALL-UNNAMED --add-opens=java.base/java.nio.charset=ALL-UNNAMED --add-opens=java.base/java.net=ALL-UNNAMED --add-opens=java.base/java.util.concurrent.atomic=ALL-UNNAMED --add-opens=java.xml/javax.xml.namespace=ALL-UNNAMED -Xmx2048m -Dfile.encoding=UTF-8 -Duser.country=CO -Duser.language=es -Duser.variant -javaagent:C:\Users\perez\AndroidStudioProjects\MyApplication\wrapper\dists\gradle-8.13-bin\5xuhj0ry160q40clulazy9h7d\gradle-8.13\lib\agents\gradle-instrumentation-agent-8.13.jar 
java_command: org.gradle.launcher.daemon.bootstrap.GradleDaemon 8.13
java_class_path (initial): C:\Users\perez\AndroidStudioProjects\MyApplication\wrapper\dists\gradle-8.13-bin\5xuhj0ry160q40clulazy9h7d\gradle-8.13\lib\gradle-daemon-main-8.13.jar
Launcher Type: SUN_STANDARD

[Global flags]
     intx CICompilerCount                          = 4                                         {product} {ergonomic}
     uint ConcGCThreads                            = 2                                         {product} {ergonomic}
     uint G1ConcRefinementThreads                  = 8                                         {product} {ergonomic}
   size_t G1HeapRegionSize                         = 1048576                                   {product} {ergonomic}
    uintx GCDrainStackTargetSize                   = 64                                        {product} {ergonomic}
   size_t InitialHeapSize                          = 123731968                                 {product} {ergonomic}
   size_t MarkStackSize                            = 4194304                                   {product} {ergonomic}
   size_t MaxHeapSize                              = 2147483648                                {product} {command line}
   size_t MaxNewSize                               = 1287651328                                {product} {ergonomic}
   size_t MinHeapDeltaBytes                        = 1048576                                   {product} {ergonomic}
   size_t MinHeapSize                              = 8388608                                   {product} {ergonomic}
    uintx NonNMethodCodeHeapSize                   = 5839372                                {pd product} {ergonomic}
    uintx NonProfiledCodeHeapSize                  = 122909434                              {pd product} {ergonomic}
    uintx ProfiledCodeHeapSize                     = 122909434                              {pd product} {ergonomic}
    uintx ReservedCodeCacheSize                    = 251658240                              {pd product} {ergonomic}
     bool SegmentedCodeCache                       = true                                      {product} {ergonomic}
   size_t SoftMaxHeapSize                          = 2147483648                             {manageable} {ergonomic}
     bool UseCompressedClassPointers               = true                           {product lp64_product} {ergonomic}
     bool UseCompressedOops                        = true                           {product lp64_product} {ergonomic}
     bool UseG1GC                                  = true                                      {product} {ergonomic}
     bool UseLargePagesIndividualAllocation        = false                                  {pd product} {ergonomic}

Logging:
Log output configuration:
 #0: stdout all=warning uptime,level,tags
 #1: stderr all=off uptime,level,tags

Environment Variables:
PATH=C:\Program Files\dotnet\;C:\ORECLE\dbhomeXE\bin;C:\app\perez\product\21c\dbhomeXE\bin;C:\Program Files\Common Files\Oracle\Java\javapath;C:\Program Files (x86)\Common Files\Oracle\Java\javapath;C:\WINDOWS\system32;C:\WINDOWS;C:\WINDOWS\System32\Wbem;C:\WINDOWS\System32\WindowsPowerShell\v1.0\;C:\WINDOWS\System32\OpenSSH\;C:\Program Files\HP\HP One Agent;C:\Program Files (x86)\Microsoft SQL Server\160\Tools\Binn\;C:\Program Files\Microsoft SQL Server\160\Tools\Binn\;C:\Program Files\Microsoft SQL Server\Client SDK\ODBC\170\Tools\Binn\;C:\Program Files\Microsoft SQL Server\160\DTS\Binn\;C:\Program Files (x86)\Microsoft SQL Server\160\DTS\Binn\;C:\Program Files\Microsoft SQL Server\150\Tools\Binn\;C:\xampp\php;C:\ProgramData\ComposerSetup\bin;C:\flutter\bin;C:\Users\perez\AppData\Local\Android\Sdk\platform-tools;C:\Program Files\Git\cmd;C:\Program Files\nodejs\;C:\WINDOWS\system32;C:\WINDOWS;C:\WINDOWS\System32\Wbem;C:\WINDOWS\System32\WindowsPowerShell\v1.0\;C:\WINDOWS\System32\OpenSSH\;C:\Program Files\ngrok;C:\Program Files\cursor\resources\app\bin;C:\Users\perez\.config\herd\bin\nvm;C:\Program Files\nodejs;C:\Users\perez\.config\herd\bin;C:\Users\perez\AppData\Local\Programs\Python\Python313\Scripts\;C:\Users\perez\AppData\Local\Programs\Python\Python313\;C:\Users\perez\AppData\Local\Programs\oh-my-posh\bin\;C:\Program Files\MySQL\MySQL Shell 8.0\bin\;C:\xampp\php\php.exe;C:\Users\perez\AppData\Local\Programs\Microsoft VS Code\bin;C:\Users\perez\AppData\Roaming\Composer\vendor\bin;C:\Users\perez\AppData\Local\GitHubDesktop\bin;C:\Users\perez\.dotnet\tools;C:\Users\perez\.deno\bin;C:\Users\perez\AppData\Roaming\npm;C:\Users\perez\AppData\Local\Microsoft\WindowsApps;C:\ngrok;C:\Users\perez\AppData\Local\Programs\Antigravity\bin;C:\Users\perez\AppData\Local\Programs\Ollama
USERNAME=perez
OS=Windows_NT
PROCESSOR_IDENTIFIER=AMD64 Family 23 Model 104 Stepping 1, AuthenticAMD
TMP=C:\Users\perez\AppData\Local\Temp
TEMP=C:\Users\perez\AppData\Local\Temp



Periodic native trim disabled


---------------  S Y S T E M  ---------------

OS:
 Windows 11 , 64 bit Build 26100 (10.0.26100.7920)
OS uptime: 0 days 1:53 hours
Hyper-V role detected

CPU: total 8 (initial active 8) (8 cores per cpu, 2 threads per core) family 23 model 104 stepping 1 microcode 0x8608107, cx8, cmov, fxsr, ht, mmx, 3dnowpref, sse, sse2, sse3, ssse3, sse4a, sse4.1, sse4.2, popcnt, lzcnt, tsc, tscinvbit, avx, avx2, aes, clmul, bmi1, bmi2, adx, sha, fma, vzeroupper, clflush, clflushopt, hv
Processor Information for the first 8 processors :
  Max Mhz: 2600, Current Mhz: 2600, Mhz Limit: 2600

Memory: 4k page, system-wide physical 7502M (478M free)
TotalPageFile size 30030M (AvailPageFile size 22M)
current process WorkingSet (physical memory assigned to process): 420M, peak: 739M
current process commit charge ("private bytes"): 980M, peak: 994M

vm_info: OpenJDK 64-Bit Server VM (17.0.18+8-LTS) for windows-amd64 JRE (17.0.18+8-LTS), built on Jan 15 2026 18:50:45 by "MicrosoftCorporation" with MS VC++ 17.14 (VS2022)

END.
