#
# There is insufficient memory for the Java Runtime Environment to continue.
# Native memory allocation (mmap) failed to map 77594624 bytes. Error detail: G1 virtual space
# Possible reasons:
#   The system is out of physical RAM or swap space
#   This process is running with CompressedOops enabled, and the Java Heap may be blocking the growth of the native heap
# Possible solutions:
#   Reduce memory load on the system
#   Increase physical memory or swap space
#   Check if swap backing store is full
#   Decrease Java heap size (-Xmx/-Xms)
#   Decrease number of Java threads
#   Decrease Java thread stack sizes (-Xss)
#   Set larger code cache with -XX:ReservedCodeCacheSize=
#   JVM is running with Unscaled Compressed Oops mode in which the Java heap is
#     placed in the first 4GB address space. The Java Heap base address is the
#     maximum limit for the native heap growth. Please use -XX:HeapBaseMinAddress
#     to set the Java Heap base and to place the Java Heap above 4GB virtual address.
# This output file may be truncated or incomplete.
#
#  Out of Memory Error (os_windows.cpp:3690), pid=8124, tid=25588
#
# JRE version: OpenJDK Runtime Environment Microsoft-13106358 (17.0.18+8) (build 17.0.18+8-LTS)
# Java VM: OpenJDK 64-Bit Server VM Microsoft-13106358 (17.0.18+8-LTS, mixed mode, sharing, tiered, compressed oops, compressed class ptrs, g1 gc, windows-amd64)
# No core dump will be written. Minidumps are not enabled by default on client versions of Windows
#

---------------  S U M M A R Y ------------

Command Line: --add-opens=java.base/java.lang=ALL-UNNAMED --add-opens=java.base/java.lang.invoke=ALL-UNNAMED --add-opens=java.base/java.util=ALL-UNNAMED --add-opens=java.prefs/java.util.prefs=ALL-UNNAMED --add-exports=jdk.compiler/com.sun.tools.javac.api=ALL-UNNAMED --add-exports=jdk.compiler/com.sun.tools.javac.util=ALL-UNNAMED --add-opens=java.base/java.util=ALL-UNNAMED --add-opens=java.prefs/java.util.prefs=ALL-UNNAMED --add-opens=java.base/java.nio.charset=ALL-UNNAMED --add-opens=java.base/java.net=ALL-UNNAMED --add-opens=java.base/java.util.concurrent.atomic=ALL-UNNAMED --add-opens=java.xml/javax.xml.namespace=ALL-UNNAMED -Xmx2048m -Dfile.encoding=UTF-8 -Duser.country=CO -Duser.language=es -Duser.variant -javaagent:C:\Users\perez\AndroidStudioProjects\MyApplication\wrapper\dists\gradle-8.13-bin\5xuhj0ry160q40clulazy9h7d\gradle-8.13\lib\agents\gradle-instrumentation-agent-8.13.jar org.gradle.launcher.daemon.bootstrap.GradleDaemon 8.13

Host: AMD Ryzen 3 5300U with Radeon Graphics         , 8 cores, 7G,  Windows 11 , 64 bit Build 26100 (10.0.26100.7920)
Time: Thu Mar 26 16:06:59 2026 Hora est. Pacífico, Sudamérica elapsed time: 623.288704 seconds (0d 0h 10m 23s)

---------------  T H R E A D  ---------------

Current thread (0x000002394016cd60):  VMThread "VM Thread" [stack: 0x0000009ad7400000,0x0000009ad7500000] [id=25588]

Stack: [0x0000009ad7400000,0x0000009ad7500000]
Native frames: (J=compiled Java code, j=interpreted, Vv=VM code, C=native code)
V  [jvm.dll+0x68c879]  (no source info available)
V  [jvm.dll+0x845979]  (no source info available)
V  [jvm.dll+0x8476e8]  (no source info available)
V  [jvm.dll+0x847d73]  (no source info available)
V  [jvm.dll+0x24cf6f]  (no source info available)
V  [jvm.dll+0x68bc79]  (no source info available)
V  [jvm.dll+0x68023a]  (no source info available)
V  [jvm.dll+0x3101a0]  (no source info available)
V  [jvm.dll+0x310042]  (no source info available)
V  [jvm.dll+0x317599]  (no source info available)
V  [jvm.dll+0x369999]  (no source info available)
V  [jvm.dll+0x369bcd]  (no source info available)
V  [jvm.dll+0x2e69aa]  (no source info available)
V  [jvm.dll+0x2e9a28]  (no source info available)
V  [jvm.dll+0x2f4154]  (no source info available)
V  [jvm.dll+0x32913d]  (no source info available)
V  [jvm.dll+0x84c5fd]  (no source info available)
V  [jvm.dll+0x84d313]  (no source info available)
V  [jvm.dll+0x84d844]  (no source info available)
V  [jvm.dll+0x84dc28]  (no source info available)
V  [jvm.dll+0x84dd1e]  (no source info available)
V  [jvm.dll+0x7f5ebc]  (no source info available)
V  [jvm.dll+0x68de17]  (no source info available)
C  [ucrtbase.dll+0x37b0]  (no source info available)
C  [KERNEL32.DLL+0x2e8d7]  (no source info available)
C  [ntdll.dll+0x8c48c]  (no source info available)

VM_Operation (0x0000009ad70ffa00): G1PauseRemark, mode: safepoint, requested by thread 0x0000023921d39bb0


---------------  P R O C E S S  ---------------

Threads class SMR info:
_java_thread_list=0x0000023988fdf820, length=113, elements={
0x0000023921ccadf0, 0x0000023940171060, 0x0000023940171b30, 0x000002394018c7b0,
0x000002394018f090, 0x000002394018f960, 0x0000023940190230, 0x0000023940191e40,
0x00000239401932c0, 0x00000239401982b0, 0x000002394015c9c0, 0x00000239403349b0,
0x0000023986c83020, 0x00000239403024c0, 0x0000023940308bf0, 0x00000239402f04b0,
0x00000239402f09c0, 0x00000239402f0ed0, 0x000002398841a8e0, 0x0000023988418570,
0x000002398841a3d0, 0x000002398a82d400, 0x00000239884194a0, 0x0000023988418060,
0x00000239884199b0, 0x0000023988419ec0, 0x000002398841adf0, 0x000002398841b810,
0x000002398841bd20, 0x000002398841c230, 0x0000023988418a80, 0x0000023988418f90,
0x000002398841d160, 0x000002398841e090, 0x000002398841d670, 0x000002398841e5a0,
0x000002398841efc0, 0x000002398841eab0, 0x000002398841f4d0, 0x000002398841c740,
0x000002398841f9e0, 0x000002398841cc50, 0x000002398841db80, 0x0000023988f699b0,
0x0000023988f6c740, 0x0000023988f6b810, 0x0000023988f6c230, 0x0000023988f68f90,
0x0000023988f694a0, 0x0000023988f6cc50, 0x0000023988f69ec0, 0x0000023988f6db80,
0x0000023988f6adf0, 0x0000023988f6e090, 0x0000023988f6a8e0, 0x0000023988f6eab0,
0x0000023988f6b300, 0x0000023988f6efc0, 0x0000023988f6f4d0, 0x0000023988f6bd20,
0x0000023988f6f9e0, 0x0000023988f70400, 0x000002398b31e9c0, 0x000002398b31e4b0,
0x000002398b31eed0, 0x000002398b31d580, 0x000002398b31da90, 0x000002398b31d070,
0x000002398b321750, 0x000002398b322b90, 0x000002398b31f8f0, 0x000002398b320d30,
0x000002398b321c60, 0x000002398b322170, 0x000002398b31f3e0, 0x000002398b31fe00,
0x000002398b3230a0, 0x000002398b3235b0, 0x000002398b323ac0, 0x000002398b320310,
0x000002398b323fd0, 0x000002398b3244e0, 0x000002398b3249f0, 0x0000023987a42130,
0x0000023987a42640, 0x0000023987a43570, 0x0000023987a42b50, 0x0000023987a449b0,
0x0000023987a41200, 0x0000023987a46d20, 0x0000023987a453d0, 0x0000023987a47c50,
0x0000023987a47230, 0x0000023987a46300, 0x0000023987a46810, 0x0000023987a48160,
0x000002398a82f770, 0x000002398a830bb0, 0x000002398a830190, 0x000002398a82d910,
0x000002398a82e330, 0x000002398a832f20, 0x000002398a82f260, 0x000002398a833e50,
0x000002398a834360, 0x000002398a834870, 0x000002398a834d80, 0x00000239900862f0,
0x00000239900858d0, 0x0000023990084eb0, 0x0000023990083f80, 0x0000023990083050,
0x00000239402f3240
}

Java Threads: ( => current thread )
  0x0000023921ccadf0 JavaThread "main" [_thread_blocked, id=24528, stack(0x0000009ad6e00000,0x0000009ad6f00000)]
  0x0000023940171060 JavaThread "Reference Handler" daemon [_thread_blocked, id=8636, stack(0x0000009ad7500000,0x0000009ad7600000)]
  0x0000023940171b30 JavaThread "Finalizer" daemon [_thread_blocked, id=23344, stack(0x0000009ad7600000,0x0000009ad7700000)]
  0x000002394018c7b0 JavaThread "Signal Dispatcher" daemon [_thread_blocked, id=19924, stack(0x0000009ad7700000,0x0000009ad7800000)]
  0x000002394018f090 JavaThread "Attach Listener" daemon [_thread_blocked, id=25160, stack(0x0000009ad7800000,0x0000009ad7900000)]
  0x000002394018f960 JavaThread "Service Thread" daemon [_thread_blocked, id=18740, stack(0x0000009ad7900000,0x0000009ad7a00000)]
  0x0000023940190230 JavaThread "Monitor Deflation Thread" daemon [_thread_blocked, id=20492, stack(0x0000009ad7a00000,0x0000009ad7b00000)]
  0x0000023940191e40 JavaThread "C2 CompilerThread0" daemon [_thread_blocked, id=12328, stack(0x0000009ad7b00000,0x0000009ad7c00000)]
  0x00000239401932c0 JavaThread "C1 CompilerThread0" daemon [_thread_blocked, id=14264, stack(0x0000009ad7c00000,0x0000009ad7d00000)]
  0x00000239401982b0 JavaThread "Sweeper thread" daemon [_thread_blocked, id=22384, stack(0x0000009ad7d00000,0x0000009ad7e00000)]
  0x000002394015c9c0 JavaThread "Common-Cleaner" daemon [_thread_blocked, id=12884, stack(0x0000009ad7e00000,0x0000009ad7f00000)]
  0x00000239403349b0 JavaThread "Notification Thread" daemon [_thread_blocked, id=22048, stack(0x0000009ad7f00000,0x0000009ad8000000)]
  0x0000023986c83020 JavaThread "Daemon health stats" [_thread_blocked, id=25748, stack(0x0000009ad8600000,0x0000009ad8700000)]
  0x00000239403024c0 JavaThread "Incoming local TCP Connector on port 55395" [_thread_in_native, id=16808, stack(0x0000009ad8700000,0x0000009ad8800000)]
  0x0000023940308bf0 JavaThread "Daemon periodic checks" [_thread_blocked, id=20360, stack(0x0000009ad8800000,0x0000009ad8900000)]
  0x00000239402f04b0 JavaThread "Cache worker for journal cache (C:\Users\perez\AndroidStudioProjects\MyApplication\caches\journal-1)" [_thread_blocked, id=15544, stack(0x0000009ad9000000,0x0000009ad9100000)]
  0x00000239402f09c0 JavaThread "File lock request listener" [_thread_in_native, id=24728, stack(0x0000009ad9100000,0x0000009ad9200000)]
  0x00000239402f0ed0 JavaThread "Cache worker for file hash cache (C:\Users\perez\AndroidStudioProjects\MyApplication\caches\8.13\fileHashes)" [_thread_blocked, id=26356, stack(0x0000009ad9200000,0x0000009ad9300000)]
  0x000002398841a8e0 JavaThread "File watcher server" daemon [_thread_blocked, id=24640, stack(0x0000009ad9900000,0x0000009ad9a00000)]
  0x0000023988418570 JavaThread "File watcher consumer" daemon [_thread_blocked, id=25060, stack(0x0000009ad9a00000,0x0000009ad9b00000)]
  0x000002398841a3d0 JavaThread "Cache worker for file content cache (C:\Users\perez\AndroidStudioProjects\MyApplication\caches\8.13\fileContent)" [_thread_blocked, id=20780, stack(0x0000009ad9c00000,0x0000009ad9d00000)]
  0x000002398a82d400 JavaThread "Memory manager" [_thread_blocked, id=26276, stack(0x0000009adb700000,0x0000009adb800000)]
  0x00000239884194a0 JavaThread "Daemon Thread 2" [_thread_blocked, id=26308, stack(0x0000009ad6b00000,0x0000009ad6c00000)]
  0x0000023988418060 JavaThread "Handler for socket connection from /127.0.0.1:55395 to /127.0.0.1:59889" [_thread_in_native, id=25660, stack(0x0000009ad6c00000,0x0000009ad6d00000)]
  0x00000239884199b0 JavaThread "Cancel handler" [_thread_blocked, id=26780, stack(0x0000009ad6d00000,0x0000009ad6e00000)]
  0x0000023988419ec0 JavaThread "Daemon worker Thread 2" [_thread_blocked, id=26656, stack(0x0000009ad8900000,0x0000009ad8a00000)]
  0x000002398841adf0 JavaThread "Asynchronous log dispatcher for DefaultDaemonConnection: socket connection from /127.0.0.1:55395 to /127.0.0.1:59889" [_thread_blocked, id=11260, stack(0x0000009ad8a00000,0x0000009ad8b00000)]
  0x000002398841b810 JavaThread "Stdin handler" [_thread_blocked, id=26544, stack(0x0000009ad8b00000,0x0000009ad8c00000)]
  0x000002398841bd20 JavaThread "Daemon client event forwarder" [_thread_blocked, id=25824, stack(0x0000009ad8c00000,0x0000009ad8d00000)]
  0x000002398841c230 JavaThread "Cache worker for file hash cache (C:\Users\perez\Downloads\Movil_chicamocha\MobileApp_UsoChicamocha\.gradle\8.13\fileHashes)" [_thread_blocked, id=14636, stack(0x0000009ad8d00000,0x0000009ad8e00000)]
  0x0000023988418a80 JavaThread "Cache worker for Build Output Cleanup Cache (C:\Users\perez\Downloads\Movil_chicamocha\MobileApp_UsoChicamocha\.gradle\buildOutputCleanup)" [_thread_blocked, id=26880, stack(0x0000009ad8e00000,0x0000009ad8f00000)]
  0x0000023988418f90 JavaThread "Cache worker for checksums cache (C:\Users\perez\Downloads\Movil_chicamocha\MobileApp_UsoChicamocha\.gradle\8.13\checksums)" [_thread_blocked, id=26264, stack(0x0000009ad8f00000,0x0000009ad9000000)]
  0x000002398841d160 JavaThread "Cache worker for cache directory md-supplier (C:\Users\perez\AndroidStudioProjects\MyApplication\caches\8.13\md-supplier)" [_thread_blocked, id=24776, stack(0x0000009ad9600000,0x0000009ad9700000)]
  0x000002398841e090 JavaThread "Cache worker for cache directory md-rule (C:\Users\perez\AndroidStudioProjects\MyApplication\caches\8.13\md-rule)" [_thread_blocked, id=26260, stack(0x0000009ad9700000,0x0000009ad9800000)]
  0x000002398841d670 JavaThread "Unconstrained build operations" [_thread_blocked, id=22428, stack(0x0000009ad9d00000,0x0000009ad9e00000)]
  0x000002398841e5a0 JavaThread "Unconstrained build operations Thread 2" [_thread_blocked, id=27604, stack(0x0000009ad9e00000,0x0000009ad9f00000)]
  0x000002398841efc0 JavaThread "Unconstrained build operations Thread 3" [_thread_blocked, id=27312, stack(0x0000009ad9f00000,0x0000009ada000000)]
  0x000002398841eab0 JavaThread "Unconstrained build operations Thread 4" [_thread_blocked, id=1312, stack(0x0000009ada000000,0x0000009ada100000)]
  0x000002398841f4d0 JavaThread "Unconstrained build operations Thread 5" [_thread_blocked, id=26828, stack(0x0000009ada100000,0x0000009ada200000)]
  0x000002398841c740 JavaThread "Unconstrained build operations Thread 6" [_thread_blocked, id=26584, stack(0x0000009ada200000,0x0000009ada300000)]
  0x000002398841f9e0 JavaThread "Unconstrained build operations Thread 7" [_thread_blocked, id=27112, stack(0x0000009ada300000,0x0000009ada400000)]
  0x000002398841cc50 JavaThread "Unconstrained build operations Thread 8" [_thread_blocked, id=27472, stack(0x0000009ada400000,0x0000009ada500000)]
  0x000002398841db80 JavaThread "Unconstrained build operations Thread 9" [_thread_blocked, id=27076, stack(0x0000009ada500000,0x0000009ada600000)]
  0x0000023988f699b0 JavaThread "Unconstrained build operations Thread 10" [_thread_blocked, id=27640, stack(0x0000009ada600000,0x0000009ada700000)]
  0x0000023988f6c740 JavaThread "Unconstrained build operations Thread 11" [_thread_blocked, id=26768, stack(0x0000009ada700000,0x0000009ada800000)]
  0x0000023988f6b810 JavaThread "Unconstrained build operations Thread 12" [_thread_blocked, id=26296, stack(0x0000009ada800000,0x0000009ada900000)]
  0x0000023988f6c230 JavaThread "Unconstrained build operations Thread 13" [_thread_blocked, id=26672, stack(0x0000009ada900000,0x0000009adaa00000)]
  0x0000023988f68f90 JavaThread "Unconstrained build operations Thread 14" [_thread_blocked, id=2568, stack(0x0000009adaa00000,0x0000009adab00000)]
  0x0000023988f694a0 JavaThread "build event listener" [_thread_blocked, id=24480, stack(0x0000009ad9b00000,0x0000009ad9c00000)]
  0x0000023988f6cc50 JavaThread "build event listener" [_thread_blocked, id=26708, stack(0x0000009adab00000,0x0000009adac00000)]
  0x0000023988f69ec0 JavaThread "Problems report writer" [_thread_blocked, id=21948, stack(0x0000009adad00000,0x0000009adae00000)]
  0x0000023988f6db80 JavaThread "included builds" [_thread_blocked, id=26920, stack(0x0000009adae00000,0x0000009adaf00000)]
  0x0000023988f6adf0 JavaThread "Execution worker" [_thread_blocked, id=17428, stack(0x0000009adaf00000,0x0000009adb000000)]
  0x0000023988f6e090 JavaThread "Execution worker Thread 2" [_thread_blocked, id=20576, stack(0x0000009adb000000,0x0000009adb100000)]
  0x0000023988f6a8e0 JavaThread "Execution worker Thread 3" [_thread_blocked, id=25172, stack(0x0000009adb100000,0x0000009adb200000)]
  0x0000023988f6eab0 JavaThread "Execution worker Thread 4" [_thread_blocked, id=25688, stack(0x0000009adb200000,0x0000009adb300000)]
  0x0000023988f6b300 JavaThread "Execution worker Thread 5" [_thread_blocked, id=16604, stack(0x0000009adb300000,0x0000009adb400000)]
  0x0000023988f6efc0 JavaThread "Execution worker Thread 6" [_thread_blocked, id=23464, stack(0x0000009adb400000,0x0000009adb500000)]
  0x0000023988f6f4d0 JavaThread "Execution worker Thread 7" [_thread_blocked, id=27000, stack(0x0000009adb500000,0x0000009adb600000)]
  0x0000023988f6bd20 JavaThread "Cache worker for execution history cache (C:\Users\perez\Downloads\Movil_chicamocha\MobileApp_UsoChicamocha\.gradle\8.13\executionHistory)" [_thread_blocked, id=25312, stack(0x0000009adb600000,0x0000009adb700000)]
  0x0000023988f6f9e0 JavaThread "Unconstrained build operations Thread 15" [_thread_blocked, id=17528, stack(0x0000009adb800000,0x0000009adb900000)]
  0x0000023988f70400 JavaThread "Unconstrained build operations Thread 16" [_thread_blocked, id=22600, stack(0x0000009adb900000,0x0000009adba00000)]
  0x000002398b31e9c0 JavaThread "Unconstrained build operations Thread 17" [_thread_blocked, id=27024, stack(0x0000009adba00000,0x0000009adbb00000)]
  0x000002398b31e4b0 JavaThread "Unconstrained build operations Thread 18" [_thread_blocked, id=25224, stack(0x0000009adbb00000,0x0000009adbc00000)]
  0x000002398b31eed0 JavaThread "Unconstrained build operations Thread 19" [_thread_blocked, id=21088, stack(0x0000009adbc00000,0x0000009adbd00000)]
  0x000002398b31d580 JavaThread "Unconstrained build operations Thread 20" [_thread_blocked, id=10496, stack(0x0000009adbd00000,0x0000009adbe00000)]
  0x000002398b31da90 JavaThread "Unconstrained build operations Thread 21" [_thread_blocked, id=26324, stack(0x0000009adbe00000,0x0000009adbf00000)]
  0x000002398b31d070 JavaThread "Unconstrained build operations Thread 22" [_thread_blocked, id=7716, stack(0x0000009adc000000,0x0000009adc100000)]
  0x000002398b321750 JavaThread "Unconstrained build operations Thread 23" [_thread_blocked, id=27496, stack(0x0000009adc100000,0x0000009adc200000)]
  0x000002398b322b90 JavaThread "Unconstrained build operations Thread 24" [_thread_blocked, id=24532, stack(0x0000009adc200000,0x0000009adc300000)]
  0x000002398b31f8f0 JavaThread "Unconstrained build operations Thread 25" [_thread_blocked, id=19004, stack(0x0000009adc300000,0x0000009adc400000)]
  0x000002398b320d30 JavaThread "Unconstrained build operations Thread 26" [_thread_blocked, id=1612, stack(0x0000009adc400000,0x0000009adc500000)]
  0x000002398b321c60 JavaThread "Unconstrained build operations Thread 27" [_thread_blocked, id=18064, stack(0x0000009adc500000,0x0000009adc600000)]
  0x000002398b322170 JavaThread "Unconstrained build operations Thread 28" [_thread_blocked, id=26560, stack(0x0000009adc600000,0x0000009adc700000)]
  0x000002398b31f3e0 JavaThread "Unconstrained build operations Thread 29" [_thread_blocked, id=24400, stack(0x0000009adc700000,0x0000009adc800000)]
  0x000002398b31fe00 JavaThread "Unconstrained build operations Thread 30" [_thread_blocked, id=25880, stack(0x0000009adc800000,0x0000009adc900000)]
  0x000002398b3230a0 JavaThread "Unconstrained build operations Thread 31" [_thread_blocked, id=21268, stack(0x0000009adc900000,0x0000009adca00000)]
  0x000002398b3235b0 JavaThread "Unconstrained build operations Thread 32" [_thread_blocked, id=17236, stack(0x0000009adca00000,0x0000009adcb00000)]
  0x000002398b323ac0 JavaThread "Unconstrained build operations Thread 33" [_thread_blocked, id=14832, stack(0x0000009adcb00000,0x0000009adcc00000)]
  0x000002398b320310 JavaThread "Unconstrained build operations Thread 34" [_thread_blocked, id=19556, stack(0x0000009adcc00000,0x0000009adcd00000)]
  0x000002398b323fd0 JavaThread "Unconstrained build operations Thread 35" [_thread_blocked, id=25648, stack(0x0000009adcd00000,0x0000009adce00000)]
  0x000002398b3244e0 JavaThread "Unconstrained build operations Thread 36" [_thread_blocked, id=15444, stack(0x0000009adce00000,0x0000009adcf00000)]
  0x000002398b3249f0 JavaThread "Unconstrained build operations Thread 37" [_thread_blocked, id=27052, stack(0x0000009adcf00000,0x0000009add000000)]
  0x0000023987a42130 JavaThread "Unconstrained build operations Thread 38" [_thread_blocked, id=12856, stack(0x0000009add000000,0x0000009add100000)]
  0x0000023987a42640 JavaThread "Unconstrained build operations Thread 39" [_thread_blocked, id=27480, stack(0x0000009add100000,0x0000009add200000)]
  0x0000023987a43570 JavaThread "Unconstrained build operations Thread 40" [_thread_blocked, id=13572, stack(0x0000009add200000,0x0000009add300000)]
  0x0000023987a42b50 JavaThread "Unconstrained build operations Thread 41" [_thread_blocked, id=15568, stack(0x0000009add300000,0x0000009add400000)]
  0x0000023987a449b0 JavaThread "Unconstrained build operations Thread 42" [_thread_blocked, id=24392, stack(0x0000009add400000,0x0000009add500000)]
  0x0000023987a41200 JavaThread "Unconstrained build operations Thread 43" [_thread_blocked, id=18068, stack(0x0000009add500000,0x0000009add600000)]
  0x0000023987a46d20 JavaThread "Unconstrained build operations Thread 44" [_thread_blocked, id=26616, stack(0x0000009adbf00000,0x0000009adc000000)]
  0x0000023987a453d0 JavaThread "Unconstrained build operations Thread 45" [_thread_blocked, id=26704, stack(0x0000009add600000,0x0000009add700000)]
  0x0000023987a47c50 JavaThread "WorkerExecutor Queue" [_thread_blocked, id=21820, stack(0x0000009add700000,0x0000009add800000)]
  0x0000023987a47230 JavaThread "Unconstrained build operations Thread 46" [_thread_blocked, id=26176, stack(0x0000009add800000,0x0000009add900000)]
  0x0000023987a46300 JavaThread "Unconstrained build operations Thread 47" [_thread_blocked, id=18896, stack(0x0000009add900000,0x0000009adda00000)]
  0x0000023987a46810 JavaThread "Unconstrained build operations Thread 48" [_thread_blocked, id=8388, stack(0x0000009adda00000,0x0000009addb00000)]
  0x0000023987a48160 JavaThread "Unconstrained build operations Thread 49" [_thread_blocked, id=24732, stack(0x0000009addb00000,0x0000009addc00000)]
  0x000002398a82f770 JavaThread "Unconstrained build operations Thread 50" [_thread_blocked, id=26988, stack(0x0000009addc00000,0x0000009addd00000)]
  0x000002398a830bb0 JavaThread "RMI Scheduler(0)" daemon [_thread_blocked, id=20840, stack(0x0000009addd00000,0x0000009adde00000)]
  0x000002398a830190 JavaThread "RMI GC Daemon" daemon [_thread_blocked, id=21852, stack(0x0000009addf00000,0x0000009ade000000)]
  0x000002398a82d910 JavaThread "RMI TCP Accept-0" daemon [_thread_in_native, id=27300, stack(0x0000009ade000000,0x0000009ade100000)]
  0x000002398a82e330 JavaThread "RMI Reaper" [_thread_blocked, id=17000, stack(0x0000009ade100000,0x0000009ade200000)]
  0x000002398a832f20 JavaThread "RMI TCP Connection(3)-127.0.0.1" daemon [_thread_in_native, id=7892, stack(0x0000009ade200000,0x0000009ade300000)]
  0x000002398a82f260 JavaThread "WorkerExecutor Queue Thread 2" [_thread_blocked, id=25440, stack(0x0000009adac00000,0x0000009adad00000)]
  0x000002398a833e50 JavaThread "RMI TCP Connection(2)-127.0.0.1" daemon [_thread_in_native, id=26076, stack(0x0000009ade300000,0x0000009ade400000)]
  0x000002398a834360 JavaThread "Cache worker for Java compile cache (C:\Users\perez\AndroidStudioProjects\MyApplication\caches\8.13\javaCompile)" [_thread_blocked, id=25992, stack(0x0000009adde00000,0x0000009addf00000)]
  0x000002398a834870 JavaThread "Build operations" [_thread_blocked, id=22292, stack(0x0000009ade700000,0x0000009ade800000)]
  0x000002398a834d80 JavaThread "Build operations Thread 2" [_thread_blocked, id=5128, stack(0x0000009ade800000,0x0000009ade900000)]
  0x00000239900862f0 JavaThread "Build operations Thread 3" [_thread_blocked, id=21076, stack(0x0000009ade900000,0x0000009adea00000)]
  0x00000239900858d0 JavaThread "Build operations Thread 4" [_thread_blocked, id=20064, stack(0x0000009adea00000,0x0000009adeb00000)]
  0x0000023990084eb0 JavaThread "Build operations Thread 5" [_thread_blocked, id=18220, stack(0x0000009adeb00000,0x0000009adec00000)]
  0x0000023990083f80 JavaThread "Build operations Thread 6" [_thread_blocked, id=5948, stack(0x0000009adec00000,0x0000009aded00000)]
  0x0000023990083050 JavaThread "Build operations Thread 7" [_thread_blocked, id=25004, stack(0x0000009aded00000,0x0000009adee00000)]
  0x00000239402f3240 JavaThread "Unconstrained build operations Thread 51" [_thread_blocked, id=26680, stack(0x0000009ade600000,0x0000009ade700000)]

Other Threads:
=>0x000002394016cd60 VMThread "VM Thread" [stack: 0x0000009ad7400000,0x0000009ad7500000] [id=25588]
  0x0000023921ccbb80 WatcherThread [stack: 0x0000009ad8000000,0x0000009ad8100000] [id=11824]
  0x0000023921d28d40 GCTaskThread "GC Thread#0" [stack: 0x0000009ad6f00000,0x0000009ad7000000] [id=25056]
  0x0000023940453130 GCTaskThread "GC Thread#1" [stack: 0x0000009ad8100000,0x0000009ad8200000] [id=15448]
  0x000002394048f560 GCTaskThread "GC Thread#2" [stack: 0x0000009ad8200000,0x0000009ad8300000] [id=25020]
  0x0000023940891080 GCTaskThread "GC Thread#3" [stack: 0x0000009ad8300000,0x0000009ad8400000] [id=23088]
  0x0000023940892700 GCTaskThread "GC Thread#4" [stack: 0x0000009ad8400000,0x0000009ad8500000] [id=328]
  0x0000023940891e90 GCTaskThread "GC Thread#5" [stack: 0x0000009ad9300000,0x0000009ad9400000] [id=25616]
  0x0000023940891350 GCTaskThread "GC Thread#6" [stack: 0x0000009ad9400000,0x0000009ad9500000] [id=25628]
  0x00000239408918f0 GCTaskThread "GC Thread#7" [stack: 0x0000009ad9500000,0x0000009ad9600000] [id=14224]
  0x0000023921d39bb0 ConcurrentGCThread "G1 Main Marker" [stack: 0x0000009ad7000000,0x0000009ad7100000] [id=5888]
  0x0000023921d3a4e0 ConcurrentGCThread "G1 Conc#0" [stack: 0x0000009ad7100000,0x0000009ad7200000] [id=24504]
  0x00000239878bfbc0 ConcurrentGCThread "G1 Conc#1" [stack: 0x0000009ad9800000,0x0000009ad9900000] [id=25196]
  0x00000239400264e0 ConcurrentGCThread "G1 Refine#0" [stack: 0x0000009ad7200000,0x0000009ad7300000] [id=20472]
  0x00000239405756b0 ConcurrentGCThread "G1 Refine#1" [stack: 0x0000009ad8500000,0x0000009ad8600000] [id=24572]
  0x0000023940027840 ConcurrentGCThread "G1 Service" [stack: 0x0000009ad7300000,0x0000009ad7400000] [id=20728]

Threads with active compile tasks:

VM state: at safepoint (normal execution)

VM Mutex/Monitor currently owned by a thread:  ([mutex/lock_event])
[0x0000023921cc6bb0] Threads_lock - owner thread: 0x000002394016cd60
[0x0000023921cc6f10] Heap_lock - owner thread: 0x0000023921d39bb0

Heap address: 0x0000000080000000, size: 2048 MB, Compressed Oops mode: 32-bit

CDS archive(s) mapped at: [0x0000023941000000-0x0000023941bb0000-0x0000023941bb0000), size 12255232, SharedBaseAddress: 0x0000023941000000, ArchiveRelocationMode: 1.
Compressed class space mapped at: 0x0000023942000000-0x0000023982000000, reserved size: 1073741824
Narrow klass base: 0x0000023941000000, Narrow klass shift: 0, Narrow klass range: 0x100000000

GC Precious Log:
 CPUs: 8 total, 8 available
 Memory: 7502M
 Large Page Support: Disabled
 NUMA Support: Disabled
 Compressed Oops: Enabled (32-bit)
 Heap Region Size: 1M
 Heap Min Capacity: 8M
 Heap Initial Capacity: 118M
 Heap Max Capacity: 2G
 Pre-touch: Disabled
 Parallel Workers: 8
 Concurrent Workers: 2
 Concurrent Refinement Workers: 8
 Periodic GC: Disabled

Heap:
 garbage-first heap   total 276480K, used 209794K [0x0000000080000000, 0x0000000100000000)
  region size 1024K, 38 young (38912K), 5 survivors (5120K)
 Metaspace       used 113940K, committed 115072K, reserved 1179648K
  class space    used 15551K, committed 16128K, reserved 1048576K

Heap Regions: E=young(eden), S=young(survivor), O=old, HS=humongous(starts), HC=humongous(continues), CS=collection set, F=free, OA=open archive, CA=closed archive, TAMS=top-at-mark-start (previous, next)
|   0|0x0000000080000000, 0x0000000080100000, 0x0000000080100000|100%|HS|  |TAMS 0x0000000080100000, 0x0000000080000000| Complete 
|   1|0x0000000080100000, 0x0000000080200000, 0x0000000080200000|100%|HC|  |TAMS 0x0000000080200000, 0x0000000080100000| Complete 
|   2|0x0000000080200000, 0x0000000080300000, 0x0000000080300000|100%|HC|  |TAMS 0x0000000080300000, 0x0000000080200000| Complete 
|   3|0x0000000080300000, 0x0000000080400000, 0x0000000080400000|100%| O|  |TAMS 0x0000000080400000, 0x0000000080300000| Untracked 
|   4|0x0000000080400000, 0x0000000080500000, 0x0000000080500000|100%| O|  |TAMS 0x0000000080500000, 0x0000000080400000| Untracked 
|   5|0x0000000080500000, 0x0000000080600000, 0x0000000080600000|100%| O|  |TAMS 0x0000000080600000, 0x0000000080500000| Untracked 
|   6|0x0000000080600000, 0x0000000080700000, 0x0000000080700000|100%|HS|  |TAMS 0x0000000080700000, 0x0000000080600000| Complete 
|   7|0x0000000080700000, 0x0000000080800000, 0x0000000080800000|100%| O|  |TAMS 0x0000000080800000, 0x0000000080700000| Untracked 
|   8|0x0000000080800000, 0x0000000080900000, 0x0000000080900000|100%| O|  |TAMS 0x0000000080900000, 0x0000000080800000| Untracked 
|   9|0x0000000080900000, 0x0000000080a00000, 0x0000000080a00000|100%| O|  |TAMS 0x0000000080a00000, 0x0000000080900000| Untracked 
|  10|0x0000000080a00000, 0x0000000080b00000, 0x0000000080b00000|100%| O|  |TAMS 0x0000000080b00000, 0x0000000080a00000| Untracked 
|  11|0x0000000080b00000, 0x0000000080c00000, 0x0000000080c00000|100%| O|  |TAMS 0x0000000080c00000, 0x0000000080b00000| Untracked 
|  12|0x0000000080c00000, 0x0000000080d00000, 0x0000000080d00000|100%| O|  |TAMS 0x0000000080d00000, 0x0000000080c00000| Untracked 
|  13|0x0000000080d00000, 0x0000000080e00000, 0x0000000080e00000|100%| O|  |TAMS 0x0000000080e00000, 0x0000000080d00000| Untracked 
|  14|0x0000000080e00000, 0x0000000080f00000, 0x0000000080f00000|100%| O|  |TAMS 0x0000000080f00000, 0x0000000080e00000| Updating 
|  15|0x0000000080f00000, 0x0000000081000000, 0x0000000081000000|100%| O|  |TAMS 0x0000000081000000, 0x0000000080f00000| Untracked 
|  16|0x0000000081000000, 0x0000000081100000, 0x0000000081100000|100%| O|  |TAMS 0x0000000081100000, 0x0000000081000000| Untracked 
|  17|0x0000000081100000, 0x0000000081200000, 0x0000000081200000|100%| O|  |TAMS 0x0000000081200000, 0x0000000081100000| Untracked 
|  18|0x0000000081200000, 0x0000000081300000, 0x0000000081300000|100%| O|  |TAMS 0x0000000081300000, 0x0000000081200000| Untracked 
|  19|0x0000000081300000, 0x0000000081400000, 0x0000000081400000|100%| O|  |TAMS 0x0000000081400000, 0x0000000081300000| Untracked 
|  20|0x0000000081400000, 0x0000000081500000, 0x0000000081500000|100%| O|  |TAMS 0x0000000081500000, 0x0000000081400000| Updating 
|  21|0x0000000081500000, 0x0000000081600000, 0x0000000081600000|100%| O|  |TAMS 0x0000000081600000, 0x0000000081500000| Untracked 
|  22|0x0000000081600000, 0x0000000081700000, 0x0000000081700000|100%| O|  |TAMS 0x0000000081700000, 0x0000000081600000| Untracked 
|  23|0x0000000081700000, 0x0000000081800000, 0x0000000081800000|100%| O|  |TAMS 0x0000000081800000, 0x0000000081700000| Untracked 
|  24|0x0000000081800000, 0x0000000081900000, 0x0000000081900000|100%| O|  |TAMS 0x0000000081900000, 0x0000000081800000| Untracked 
|  25|0x0000000081900000, 0x0000000081a00000, 0x0000000081a00000|100%| O|  |TAMS 0x0000000081a00000, 0x0000000081900000| Updating 
|  26|0x0000000081a00000, 0x0000000081b00000, 0x0000000081b00000|100%| O|  |TAMS 0x0000000081b00000, 0x0000000081a00000| Untracked 
|  27|0x0000000081b00000, 0x0000000081c00000, 0x0000000081c00000|100%| O|  |TAMS 0x0000000081c00000, 0x0000000081b00000| Updating 
|  28|0x0000000081c00000, 0x0000000081d00000, 0x0000000081d00000|100%| O|  |TAMS 0x0000000081d00000, 0x0000000081c00000| Updating 
|  29|0x0000000081d00000, 0x0000000081e00000, 0x0000000081e00000|100%| O|  |TAMS 0x0000000081e00000, 0x0000000081d00000| Untracked 
|  30|0x0000000081e00000, 0x0000000081f00000, 0x0000000081f00000|100%| O|  |TAMS 0x0000000081f00000, 0x0000000081e00000| Updating 
|  31|0x0000000081f00000, 0x0000000082000000, 0x0000000082000000|100%| O|  |TAMS 0x0000000082000000, 0x0000000081f00000| Untracked 
|  32|0x0000000082000000, 0x0000000082100000, 0x0000000082100000|100%| O|  |TAMS 0x0000000082100000, 0x0000000082000000| Untracked 
|  33|0x0000000082100000, 0x0000000082200000, 0x0000000082200000|100%| O|  |TAMS 0x0000000082200000, 0x0000000082100000| Untracked 
|  34|0x0000000082200000, 0x0000000082300000, 0x0000000082300000|100%| O|  |TAMS 0x0000000082300000, 0x0000000082200000| Updating 
|  35|0x0000000082300000, 0x0000000082400000, 0x0000000082400000|100%| O|  |TAMS 0x0000000082400000, 0x0000000082300000| Untracked 
|  36|0x0000000082400000, 0x0000000082500000, 0x0000000082500000|100%| O|  |TAMS 0x0000000082500000, 0x0000000082400000| Updating 
|  37|0x0000000082500000, 0x0000000082600000, 0x0000000082600000|100%| O|  |TAMS 0x0000000082600000, 0x0000000082500000| Untracked 
|  38|0x0000000082600000, 0x0000000082700000, 0x0000000082700000|100%| O|  |TAMS 0x0000000082700000, 0x0000000082600000| Untracked 
|  39|0x0000000082700000, 0x0000000082800000, 0x0000000082800000|100%| O|  |TAMS 0x0000000082800000, 0x0000000082700000| Untracked 
|  40|0x0000000082800000, 0x0000000082900000, 0x0000000082900000|100%| O|  |TAMS 0x0000000082900000, 0x0000000082800000| Untracked 
|  41|0x0000000082900000, 0x0000000082a00000, 0x0000000082a00000|100%|HS|  |TAMS 0x0000000082a00000, 0x0000000082900000| Complete 
|  42|0x0000000082a00000, 0x0000000082b00000, 0x0000000082b00000|100%|HS|  |TAMS 0x0000000082b00000, 0x0000000082a00000| Complete 
|  43|0x0000000082b00000, 0x0000000082c00000, 0x0000000082c00000|100%|HS|  |TAMS 0x0000000082c00000, 0x0000000082b00000| Complete 
|  44|0x0000000082c00000, 0x0000000082d00000, 0x0000000082d00000|100%|HC|  |TAMS 0x0000000082d00000, 0x0000000082c00000| Complete 
|  45|0x0000000082d00000, 0x0000000082e00000, 0x0000000082e00000|100%|HS|  |TAMS 0x0000000082e00000, 0x0000000082d00000| Complete 
|  46|0x0000000082e00000, 0x0000000082f00000, 0x0000000082f00000|100%|HC|  |TAMS 0x0000000082f00000, 0x0000000082e00000| Complete 
|  47|0x0000000082f00000, 0x0000000083000000, 0x0000000083000000|100%|HS|  |TAMS 0x0000000083000000, 0x0000000082f00000| Complete 
|  48|0x0000000083000000, 0x0000000083100000, 0x0000000083100000|100%|HS|  |TAMS 0x0000000083100000, 0x0000000083000000| Complete 
|  49|0x0000000083100000, 0x0000000083200000, 0x0000000083200000|100%|HC|  |TAMS 0x0000000083200000, 0x0000000083100000| Complete 
|  50|0x0000000083200000, 0x0000000083300000, 0x0000000083300000|100%|HC|  |TAMS 0x0000000083300000, 0x0000000083200000| Complete 
|  51|0x0000000083300000, 0x0000000083400000, 0x0000000083400000|100%|HS|  |TAMS 0x0000000083400000, 0x0000000083300000| Complete 
|  52|0x0000000083400000, 0x0000000083500000, 0x0000000083500000|100%|HS|  |TAMS 0x0000000083500000, 0x0000000083400000| Complete 
|  53|0x0000000083500000, 0x0000000083600000, 0x0000000083600000|100%| O|  |TAMS 0x0000000083600000, 0x0000000083500000| Untracked 
|  54|0x0000000083600000, 0x0000000083700000, 0x0000000083700000|100%| O|  |TAMS 0x0000000083700000, 0x0000000083600000| Updating 
|  55|0x0000000083700000, 0x0000000083800000, 0x0000000083800000|100%|HS|  |TAMS 0x0000000083800000, 0x0000000083700000| Complete 
|  56|0x0000000083800000, 0x0000000083900000, 0x0000000083900000|100%| O|  |TAMS 0x0000000083900000, 0x0000000083800000| Updating 
|  57|0x0000000083900000, 0x0000000083a00000, 0x0000000083a00000|100%| O|  |TAMS 0x0000000083a00000, 0x0000000083900000| Updating 
|  58|0x0000000083a00000, 0x0000000083b00000, 0x0000000083b00000|100%| O|  |TAMS 0x0000000083b00000, 0x0000000083a00000| Updating 
|  59|0x0000000083b00000, 0x0000000083c00000, 0x0000000083c00000|100%| O|  |TAMS 0x0000000083c00000, 0x0000000083b00000| Untracked 
|  60|0x0000000083c00000, 0x0000000083d00000, 0x0000000083d00000|100%| O|  |TAMS 0x0000000083d00000, 0x0000000083c00000| Untracked 
|  61|0x0000000083d00000, 0x0000000083e00000, 0x0000000083e00000|100%|HS|  |TAMS 0x0000000083e00000, 0x0000000083d00000| Complete 
|  62|0x0000000083e00000, 0x0000000083f00000, 0x0000000083f00000|100%| O|  |TAMS 0x0000000083f00000, 0x0000000083e00000| Untracked 
|  63|0x0000000083f00000, 0x0000000084000000, 0x0000000084000000|100%| O|  |TAMS 0x0000000084000000, 0x0000000083f00000| Untracked 
|  64|0x0000000084000000, 0x0000000084100000, 0x0000000084100000|100%| O|  |TAMS 0x0000000084100000, 0x0000000084000000| Untracked 
|  65|0x0000000084100000, 0x0000000084200000, 0x0000000084200000|100%| O|  |TAMS 0x0000000084200000, 0x0000000084100000| Untracked 
|  66|0x0000000084200000, 0x0000000084300000, 0x0000000084300000|100%| O|  |TAMS 0x0000000084300000, 0x0000000084200000| Updating 
|  67|0x0000000084300000, 0x0000000084400000, 0x0000000084400000|100%| O|  |TAMS 0x0000000084400000, 0x0000000084300000| Untracked 
|  68|0x0000000084400000, 0x0000000084500000, 0x0000000084500000|100%| O|  |TAMS 0x0000000084500000, 0x0000000084400000| Untracked 
|  69|0x0000000084500000, 0x0000000084600000, 0x0000000084600000|100%| O|  |TAMS 0x0000000084600000, 0x0000000084500000| Untracked 
|  70|0x0000000084600000, 0x0000000084700000, 0x0000000084700000|100%| O|  |TAMS 0x0000000084700000, 0x0000000084600000| Untracked 
|  71|0x0000000084700000, 0x0000000084800000, 0x0000000084800000|100%| O|  |TAMS 0x0000000084700000, 0x0000000084700000| Untracked 
|  72|0x0000000084800000, 0x0000000084900000, 0x0000000084900000|100%| O|  |TAMS 0x0000000084800000, 0x0000000084800000| Untracked 
|  73|0x0000000084900000, 0x0000000084a00000, 0x0000000084a00000|100%| O|  |TAMS 0x0000000084a00000, 0x0000000084900000| Untracked 
|  74|0x0000000084a00000, 0x0000000084b00000, 0x0000000084b00000|100%| O|  |TAMS 0x0000000084b00000, 0x0000000084a00000| Updating 
|  75|0x0000000084b00000, 0x0000000084c00000, 0x0000000084c00000|100%| O|  |TAMS 0x0000000084c00000, 0x0000000084b00000| Updating 
|  76|0x0000000084c00000, 0x0000000084d00000, 0x0000000084d00000|100%|HS|  |TAMS 0x0000000084d00000, 0x0000000084c00000| Complete 
|  77|0x0000000084d00000, 0x0000000084e00000, 0x0000000084e00000|100%|HC|  |TAMS 0x0000000084e00000, 0x0000000084d00000| Complete 
|  78|0x0000000084e00000, 0x0000000084f00000, 0x0000000084f00000|100%|HC|  |TAMS 0x0000000084f00000, 0x0000000084e00000| Complete 
|  79|0x0000000084f00000, 0x0000000085000000, 0x0000000085000000|100%| O|  |TAMS 0x0000000085000000, 0x0000000084f00000| Untracked 
|  80|0x0000000085000000, 0x0000000085100000, 0x0000000085100000|100%| O|  |TAMS 0x0000000085100000, 0x0000000085000000| Updating 
|  81|0x0000000085100000, 0x0000000085200000, 0x0000000085200000|100%| O|  |TAMS 0x0000000085200000, 0x0000000085100000| Untracked 
|  82|0x0000000085200000, 0x0000000085300000, 0x0000000085300000|100%| O|  |TAMS 0x0000000085300000, 0x0000000085200000| Updating 
|  83|0x0000000085300000, 0x0000000085400000, 0x0000000085400000|100%| O|  |TAMS 0x0000000085400000, 0x0000000085300000| Untracked 
|  84|0x0000000085400000, 0x0000000085500000, 0x0000000085500000|100%| O|  |TAMS 0x0000000085500000, 0x0000000085400000| Untracked 
|  85|0x0000000085500000, 0x0000000085600000, 0x0000000085600000|100%| O|  |TAMS 0x0000000085600000, 0x0000000085500000| Updating 
|  86|0x0000000085600000, 0x0000000085700000, 0x0000000085700000|100%| O|  |TAMS 0x0000000085700000, 0x0000000085600000| Updating 
|  87|0x0000000085700000, 0x0000000085800000, 0x0000000085800000|100%| O|  |TAMS 0x0000000085800000, 0x0000000085700000| Updating 
|  88|0x0000000085800000, 0x0000000085900000, 0x0000000085900000|100%| O|  |TAMS 0x0000000085900000, 0x0000000085800000| Updating 
|  89|0x0000000085900000, 0x0000000085a00000, 0x0000000085a00000|100%| O|  |TAMS 0x0000000085a00000, 0x0000000085900000| Untracked 
|  90|0x0000000085a00000, 0x0000000085b00000, 0x0000000085b00000|100%| O|  |TAMS 0x0000000085b00000, 0x0000000085a00000| Updating 
|  91|0x0000000085b00000, 0x0000000085c00000, 0x0000000085c00000|100%| O|  |TAMS 0x0000000085c00000, 0x0000000085b00000| Updating 
|  92|0x0000000085c00000, 0x0000000085d00000, 0x0000000085d00000|100%| O|  |TAMS 0x0000000085d00000, 0x0000000085c00000| Untracked 
|  93|0x0000000085d00000, 0x0000000085e00000, 0x0000000085e00000|100%| O|  |TAMS 0x0000000085e00000, 0x0000000085d00000| Updating 
|  94|0x0000000085e00000, 0x0000000085f00000, 0x0000000085f00000|100%| O|  |TAMS 0x0000000085f00000, 0x0000000085e00000| Updating 
|  95|0x0000000085f00000, 0x0000000086000000, 0x0000000086000000|100%| O|  |TAMS 0x0000000086000000, 0x0000000085f00000| Untracked 
|  96|0x0000000086000000, 0x0000000086100000, 0x0000000086100000|100%| O|  |TAMS 0x0000000086100000, 0x0000000086000000| Updating 
|  97|0x0000000086100000, 0x0000000086200000, 0x0000000086200000|100%| O|  |TAMS 0x0000000086200000, 0x0000000086100000| Untracked 
|  98|0x0000000086200000, 0x0000000086300000, 0x0000000086300000|100%| O|  |TAMS 0x0000000086300000, 0x0000000086200000| Updating 
|  99|0x0000000086300000, 0x0000000086400000, 0x0000000086400000|100%| O|  |TAMS 0x0000000086400000, 0x0000000086300000| Updating 
| 100|0x0000000086400000, 0x0000000086500000, 0x0000000086500000|100%| O|  |TAMS 0x0000000086400000, 0x0000000086400000| Untracked 
| 101|0x0000000086500000, 0x0000000086600000, 0x0000000086600000|100%| O|  |TAMS 0x0000000086500000, 0x0000000086500000| Untracked 
| 102|0x0000000086600000, 0x0000000086700000, 0x0000000086700000|100%| O|  |TAMS 0x0000000086700000, 0x0000000086600000| Updating 
| 103|0x0000000086700000, 0x0000000086800000, 0x0000000086800000|100%| O|  |TAMS 0x0000000086800000, 0x0000000086700000| Untracked 
| 104|0x0000000086800000, 0x0000000086900000, 0x0000000086900000|100%| O|  |TAMS 0x0000000086900000, 0x0000000086800000| Updating 
| 105|0x0000000086900000, 0x0000000086a00000, 0x0000000086a00000|100%| O|  |TAMS 0x0000000086a00000, 0x0000000086900000| Updating 
| 106|0x0000000086a00000, 0x0000000086b00000, 0x0000000086b00000|100%| O|  |TAMS 0x0000000086b00000, 0x0000000086a00000| Updating 
| 107|0x0000000086b00000, 0x0000000086c00000, 0x0000000086c00000|100%| O|  |TAMS 0x0000000086c00000, 0x0000000086b00000| Updating 
| 108|0x0000000086c00000, 0x0000000086d00000, 0x0000000086d00000|100%| O|  |TAMS 0x0000000086d00000, 0x0000000086c00000| Updating 
| 109|0x0000000086d00000, 0x0000000086e00000, 0x0000000086e00000|100%| O|  |TAMS 0x0000000086e00000, 0x0000000086d00000| Updating 
| 110|0x0000000086e00000, 0x0000000086f00000, 0x0000000086f00000|100%| O|  |TAMS 0x0000000086f00000, 0x0000000086e00000| Untracked 
| 111|0x0000000086f00000, 0x0000000087000000, 0x0000000087000000|100%| O|  |TAMS 0x0000000087000000, 0x0000000086f00000| Updating 
| 112|0x0000000087000000, 0x0000000087100000, 0x0000000087100000|100%|HS|  |TAMS 0x0000000087100000, 0x0000000087000000| Complete 
| 113|0x0000000087100000, 0x0000000087200000, 0x0000000087200000|100%|HC|  |TAMS 0x0000000087200000, 0x0000000087100000| Complete 
| 114|0x0000000087200000, 0x0000000087300000, 0x0000000087300000|100%| O|  |TAMS 0x0000000087300000, 0x0000000087200000| Untracked 
| 115|0x0000000087300000, 0x0000000087400000, 0x0000000087400000|100%| O|  |TAMS 0x0000000087400000, 0x0000000087300000| Updating 
| 116|0x0000000087400000, 0x0000000087500000, 0x0000000087500000|100%| O|  |TAMS 0x0000000087500000, 0x0000000087400000| Untracked 
| 117|0x0000000087500000, 0x0000000087600000, 0x0000000087600000|100%| O|  |TAMS 0x0000000087600000, 0x0000000087500000| Updating 
| 118|0x0000000087600000, 0x0000000087700000, 0x0000000087700000|100%| O|  |TAMS 0x0000000087700000, 0x0000000087600000| Updating 
| 119|0x0000000087700000, 0x0000000087800000, 0x0000000087800000|100%| O|  |TAMS 0x0000000087800000, 0x0000000087700000| Updating 
| 120|0x0000000087800000, 0x0000000087900000, 0x0000000087900000|100%| O|  |TAMS 0x0000000087900000, 0x0000000087800000| Updating 
| 121|0x0000000087900000, 0x0000000087a00000, 0x0000000087a00000|100%| O|  |TAMS 0x0000000087a00000, 0x0000000087900000| Updating 
| 122|0x0000000087a00000, 0x0000000087b00000, 0x0000000087b00000|100%| O|  |TAMS 0x0000000087b00000, 0x0000000087a00000| Updating 
| 123|0x0000000087b00000, 0x0000000087c00000, 0x0000000087c00000|100%| O|  |TAMS 0x0000000087c00000, 0x0000000087b00000| Untracked 
| 124|0x0000000087c00000, 0x0000000087d00000, 0x0000000087d00000|100%|HS|  |TAMS 0x0000000087d00000, 0x0000000087c00000| Complete 
| 125|0x0000000087d00000, 0x0000000087e00000, 0x0000000087e00000|100%|HC|  |TAMS 0x0000000087e00000, 0x0000000087d00000| Complete 
| 126|0x0000000087e00000, 0x0000000087f00000, 0x0000000087f00000|100%| O|  |TAMS 0x0000000087f00000, 0x0000000087e00000| Updating 
| 127|0x0000000087f00000, 0x0000000088000000, 0x0000000088000000|100%| O|  |TAMS 0x0000000088000000, 0x0000000087f00000| Untracked 
| 128|0x0000000088000000, 0x0000000088100000, 0x0000000088100000|100%| O|  |TAMS 0x0000000088100000, 0x0000000088000000| Updating 
| 129|0x0000000088100000, 0x0000000088200000, 0x0000000088200000|100%| O|  |TAMS 0x0000000088200000, 0x0000000088100000| Updating 
| 130|0x0000000088200000, 0x0000000088300000, 0x0000000088300000|100%| O|  |TAMS 0x0000000088300000, 0x0000000088200000| Untracked 
| 131|0x0000000088300000, 0x0000000088400000, 0x0000000088400000|100%| O|  |TAMS 0x0000000088400000, 0x0000000088300000| Updating 
| 132|0x0000000088400000, 0x0000000088500000, 0x0000000088500000|100%| O|  |TAMS 0x0000000088500000, 0x0000000088400000| Updating 
| 133|0x0000000088500000, 0x0000000088600000, 0x0000000088600000|100%| O|  |TAMS 0x0000000088600000, 0x0000000088500000| Untracked 
| 134|0x0000000088600000, 0x0000000088700000, 0x0000000088700000|100%| O|  |TAMS 0x0000000088700000, 0x0000000088600000| Updating 
| 135|0x0000000088700000, 0x0000000088800000, 0x0000000088800000|100%| O|  |TAMS 0x0000000088800000, 0x0000000088700000| Updating 
| 136|0x0000000088800000, 0x0000000088900000, 0x0000000088900000|100%| O|  |TAMS 0x0000000088900000, 0x0000000088800000| Updating 
| 137|0x0000000088900000, 0x0000000088a00000, 0x0000000088a00000|100%| O|  |TAMS 0x0000000088a00000, 0x0000000088900000| Updating 
| 138|0x0000000088a00000, 0x0000000088b00000, 0x0000000088b00000|100%| O|  |TAMS 0x0000000088b00000, 0x0000000088a00000| Untracked 
| 139|0x0000000088b00000, 0x0000000088c00000, 0x0000000088c00000|100%| O|  |TAMS 0x0000000088c00000, 0x0000000088b00000| Untracked 
| 140|0x0000000088c00000, 0x0000000088d00000, 0x0000000088d00000|100%| O|  |TAMS 0x0000000088d00000, 0x0000000088c00000| Updating 
| 141|0x0000000088d00000, 0x0000000088e00000, 0x0000000088e00000|100%| O|  |TAMS 0x0000000088e00000, 0x0000000088d00000| Updating 
| 142|0x0000000088e00000, 0x0000000088f00000, 0x0000000088f00000|100%| O|  |TAMS 0x0000000088ef0000, 0x0000000088e00000| Updating 
| 143|0x0000000088f00000, 0x0000000089000000, 0x0000000089000000|100%| O|  |TAMS 0x0000000089000000, 0x0000000088f00000| Untracked 
| 144|0x0000000089000000, 0x0000000089100000, 0x0000000089100000|100%| O|  |TAMS 0x0000000089100000, 0x0000000089000000| Updating 
| 145|0x0000000089100000, 0x0000000089200000, 0x0000000089200000|100%| O|  |TAMS 0x0000000089200000, 0x0000000089100000| Untracked 
| 146|0x0000000089200000, 0x0000000089300000, 0x0000000089300000|100%| O|  |TAMS 0x0000000089300000, 0x0000000089200000| Untracked 
| 147|0x0000000089300000, 0x0000000089400000, 0x0000000089400000|100%| O|  |TAMS 0x0000000089400000, 0x0000000089300000| Untracked 
| 148|0x0000000089400000, 0x0000000089500000, 0x0000000089500000|100%| O|  |TAMS 0x0000000089500000, 0x0000000089400000| Untracked 
| 149|0x0000000089500000, 0x0000000089600000, 0x0000000089600000|100%| O|  |TAMS 0x0000000089600000, 0x0000000089500000| Untracked 
| 150|0x0000000089600000, 0x0000000089700000, 0x0000000089700000|100%| O|  |TAMS 0x0000000089700000, 0x0000000089600000| Untracked 
| 151|0x0000000089700000, 0x0000000089800000, 0x0000000089800000|100%| O|  |TAMS 0x0000000089800000, 0x0000000089700000| Updating 
| 152|0x0000000089800000, 0x0000000089900000, 0x0000000089900000|100%| O|  |TAMS 0x0000000089900000, 0x0000000089800000| Untracked 
| 153|0x0000000089900000, 0x0000000089a00000, 0x0000000089a00000|100%| O|  |TAMS 0x0000000089a00000, 0x0000000089900000| Untracked 
| 154|0x0000000089a00000, 0x0000000089b00000, 0x0000000089b00000|100%| O|  |TAMS 0x0000000089b00000, 0x0000000089a00000| Untracked 
| 155|0x0000000089b00000, 0x0000000089c00000, 0x0000000089c00000|100%| O|  |TAMS 0x0000000089b00000, 0x0000000089b00000| Untracked 
| 156|0x0000000089c00000, 0x0000000089c00000, 0x0000000089d00000|  0%| F|  |TAMS 0x0000000089c00000, 0x0000000089c00000| Untracked 
| 157|0x0000000089d00000, 0x0000000089e00000, 0x0000000089e00000|100%| O|  |TAMS 0x0000000089e00000, 0x0000000089d00000| Updating 
| 158|0x0000000089e00000, 0x0000000089f00000, 0x0000000089f00000|100%| O|  |TAMS 0x0000000089f00000, 0x0000000089e00000| Untracked 
| 159|0x0000000089f00000, 0x000000008a000000, 0x000000008a000000|100%| O|  |TAMS 0x000000008a000000, 0x0000000089f00000| Untracked 
| 160|0x000000008a000000, 0x000000008a100000, 0x000000008a100000|100%| O|  |TAMS 0x000000008a100000, 0x000000008a000000| Updating 
| 161|0x000000008a100000, 0x000000008a200000, 0x000000008a200000|100%| O|  |TAMS 0x000000008a200000, 0x000000008a100000| Updating 
| 162|0x000000008a200000, 0x000000008a300000, 0x000000008a300000|100%| O|  |TAMS 0x000000008a300000, 0x000000008a200000| Untracked 
| 163|0x000000008a300000, 0x000000008a400000, 0x000000008a400000|100%| O|  |TAMS 0x000000008a400000, 0x000000008a300000| Untracked 
| 164|0x000000008a400000, 0x000000008a500000, 0x000000008a500000|100%| O|  |TAMS 0x000000008a500000, 0x000000008a400000| Untracked 
| 165|0x000000008a500000, 0x000000008a600000, 0x000000008a600000|100%| O|  |TAMS 0x000000008a600000, 0x000000008a500000| Untracked 
| 166|0x000000008a600000, 0x000000008a700000, 0x000000008a700000|100%| O|  |TAMS 0x000000008a700000, 0x000000008a600000| Untracked 
| 167|0x000000008a700000, 0x000000008a800000, 0x000000008a800000|100%| O|  |TAMS 0x000000008a800000, 0x000000008a700000| Updating 
| 168|0x000000008a800000, 0x000000008a900000, 0x000000008a900000|100%| O|  |TAMS 0x000000008a900000, 0x000000008a800000| Updating 
| 169|0x000000008a900000, 0x000000008a900000, 0x000000008aa00000|  0%| F|  |TAMS 0x000000008a900000, 0x000000008a900000| Untracked 
| 170|0x000000008aa00000, 0x000000008aa00000, 0x000000008ab00000|  0%| F|  |TAMS 0x000000008aa00000, 0x000000008aa00000| Untracked 
| 171|0x000000008ab00000, 0x000000008ab00000, 0x000000008ac00000|  0%| F|  |TAMS 0x000000008ab00000, 0x000000008ab00000| Untracked 
| 172|0x000000008ac00000, 0x000000008ac00000, 0x000000008ad00000|  0%| F|  |TAMS 0x000000008ac00000, 0x000000008ac00000| Untracked 
| 173|0x000000008ad00000, 0x000000008ad00000, 0x000000008ae00000|  0%| F|  |TAMS 0x000000008ad00000, 0x000000008ad00000| Untracked 
| 174|0x000000008ae00000, 0x000000008ae00000, 0x000000008af00000|  0%| F|  |TAMS 0x000000008ae00000, 0x000000008ae00000| Untracked 
| 175|0x000000008af00000, 0x000000008af00000, 0x000000008b000000|  0%| F|  |TAMS 0x000000008af00000, 0x000000008af00000| Untracked 
| 176|0x000000008b000000, 0x000000008b000000, 0x000000008b100000|  0%| F|  |TAMS 0x000000008b000000, 0x000000008b000000| Untracked 
| 177|0x000000008b100000, 0x000000008b100000, 0x000000008b200000|  0%| F|  |TAMS 0x000000008b100000, 0x000000008b100000| Untracked 
| 178|0x000000008b200000, 0x000000008b200000, 0x000000008b300000|  0%| F|  |TAMS 0x000000008b200000, 0x000000008b200000| Untracked 
| 179|0x000000008b300000, 0x000000008b300000, 0x000000008b400000|  0%| F|  |TAMS 0x000000008b300000, 0x000000008b300000| Untracked 
| 180|0x000000008b400000, 0x000000008b400000, 0x000000008b500000|  0%| F|  |TAMS 0x000000008b400000, 0x000000008b400000| Untracked 
| 181|0x000000008b500000, 0x000000008b500000, 0x000000008b600000|  0%| F|  |TAMS 0x000000008b500000, 0x000000008b500000| Untracked 
| 182|0x000000008b600000, 0x000000008b600000, 0x000000008b700000|  0%| F|  |TAMS 0x000000008b600000, 0x000000008b600000| Untracked 
| 183|0x000000008b700000, 0x000000008b700000, 0x000000008b800000|  0%| F|  |TAMS 0x000000008b700000, 0x000000008b700000| Untracked 
| 184|0x000000008b800000, 0x000000008b800000, 0x000000008b900000|  0%| F|  |TAMS 0x000000008b800000, 0x000000008b800000| Untracked 
| 185|0x000000008b900000, 0x000000008b900000, 0x000000008ba00000|  0%| F|  |TAMS 0x000000008b900000, 0x000000008b900000| Untracked 
| 186|0x000000008ba00000, 0x000000008ba00000, 0x000000008bb00000|  0%| F|  |TAMS 0x000000008ba00000, 0x000000008ba00000| Untracked 
| 187|0x000000008bb00000, 0x000000008bb00000, 0x000000008bc00000|  0%| F|  |TAMS 0x000000008bb00000, 0x000000008bb00000| Untracked 
| 188|0x000000008bc00000, 0x000000008bc00000, 0x000000008bd00000|  0%| F|  |TAMS 0x000000008bc00000, 0x000000008bc00000| Untracked 
| 189|0x000000008bd00000, 0x000000008bd00000, 0x000000008be00000|  0%| F|  |TAMS 0x000000008bd00000, 0x000000008bd00000| Untracked 
| 190|0x000000008be00000, 0x000000008be00000, 0x000000008bf00000|  0%| F|  |TAMS 0x000000008be00000, 0x000000008be00000| Untracked 
| 191|0x000000008bf00000, 0x000000008bf00000, 0x000000008c000000|  0%| F|  |TAMS 0x000000008bf00000, 0x000000008bf00000| Untracked 
| 192|0x000000008c000000, 0x000000008c000000, 0x000000008c100000|  0%| F|  |TAMS 0x000000008c000000, 0x000000008c000000| Untracked 
| 193|0x000000008c100000, 0x000000008c100000, 0x000000008c200000|  0%| F|  |TAMS 0x000000008c100000, 0x000000008c100000| Untracked 
| 194|0x000000008c200000, 0x000000008c200000, 0x000000008c300000|  0%| F|  |TAMS 0x000000008c200000, 0x000000008c200000| Untracked 
| 195|0x000000008c300000, 0x000000008c300000, 0x000000008c400000|  0%| F|  |TAMS 0x000000008c300000, 0x000000008c300000| Untracked 
| 196|0x000000008c400000, 0x000000008c400000, 0x000000008c500000|  0%| F|  |TAMS 0x000000008c400000, 0x000000008c400000| Untracked 
| 197|0x000000008c500000, 0x000000008c500000, 0x000000008c600000|  0%| F|  |TAMS 0x000000008c500000, 0x000000008c500000| Untracked 
| 198|0x000000008c600000, 0x000000008c600000, 0x000000008c700000|  0%| F|  |TAMS 0x000000008c600000, 0x000000008c600000| Untracked 
| 199|0x000000008c700000, 0x000000008c700000, 0x000000008c800000|  0%| F|  |TAMS 0x000000008c700000, 0x000000008c700000| Untracked 
| 200|0x000000008c800000, 0x000000008c800000, 0x000000008c900000|  0%| F|  |TAMS 0x000000008c800000, 0x000000008c800000| Untracked 
| 201|0x000000008c900000, 0x000000008c900000, 0x000000008ca00000|  0%| F|  |TAMS 0x000000008c900000, 0x000000008c900000| Untracked 
| 202|0x000000008ca00000, 0x000000008ca00000, 0x000000008cb00000|  0%| F|  |TAMS 0x000000008ca00000, 0x000000008ca00000| Untracked 
| 203|0x000000008cb00000, 0x000000008cb00000, 0x000000008cc00000|  0%| F|  |TAMS 0x000000008cb00000, 0x000000008cb00000| Untracked 
| 204|0x000000008cc00000, 0x000000008cc00000, 0x000000008cd00000|  0%| F|  |TAMS 0x000000008cc00000, 0x000000008cc00000| Untracked 
| 205|0x000000008cd00000, 0x000000008cd00000, 0x000000008ce00000|  0%| F|  |TAMS 0x000000008cd00000, 0x000000008cd00000| Untracked 
| 206|0x000000008ce00000, 0x000000008ce00000, 0x000000008cf00000|  0%| F|  |TAMS 0x000000008ce00000, 0x000000008ce00000| Untracked 
| 207|0x000000008cf00000, 0x000000008cf00000, 0x000000008d000000|  0%| F|  |TAMS 0x000000008cf00000, 0x000000008cf00000| Untracked 
| 208|0x000000008d000000, 0x000000008d000000, 0x000000008d100000|  0%| F|  |TAMS 0x000000008d000000, 0x000000008d000000| Untracked 
| 209|0x000000008d100000, 0x000000008d100000, 0x000000008d200000|  0%| F|  |TAMS 0x000000008d100000, 0x000000008d100000| Untracked 
| 210|0x000000008d200000, 0x000000008d200000, 0x000000008d300000|  0%| F|  |TAMS 0x000000008d200000, 0x000000008d200000| Untracked 
| 211|0x000000008d300000, 0x000000008d300000, 0x000000008d400000|  0%| F|  |TAMS 0x000000008d300000, 0x000000008d300000| Untracked 
| 212|0x000000008d400000, 0x000000008d400000, 0x000000008d500000|  0%| F|  |TAMS 0x000000008d400000, 0x000000008d400000| Untracked 
| 213|0x000000008d500000, 0x000000008d500000, 0x000000008d600000|  0%| F|  |TAMS 0x000000008d500000, 0x000000008d500000| Untracked 
| 214|0x000000008d600000, 0x000000008d600000, 0x000000008d700000|  0%| F|  |TAMS 0x000000008d600000, 0x000000008d600000| Untracked 
| 215|0x000000008d700000, 0x000000008d700000, 0x000000008d800000|  0%| F|  |TAMS 0x000000008d700000, 0x000000008d700000| Untracked 
| 216|0x000000008d800000, 0x000000008d800000, 0x000000008d900000|  0%| F|  |TAMS 0x000000008d800000, 0x000000008d800000| Untracked 
| 217|0x000000008d900000, 0x000000008d900000, 0x000000008da00000|  0%| F|  |TAMS 0x000000008d900000, 0x000000008d900000| Untracked 
| 218|0x000000008da00000, 0x000000008dae0a60, 0x000000008db00000| 87%| S|CS|TAMS 0x000000008da00000, 0x000000008da00000| Complete 
| 219|0x000000008db00000, 0x000000008dc00000, 0x000000008dc00000|100%| S|CS|TAMS 0x000000008db00000, 0x000000008db00000| Complete 
| 220|0x000000008dc00000, 0x000000008dd00000, 0x000000008dd00000|100%| S|CS|TAMS 0x000000008dc00000, 0x000000008dc00000| Complete 
| 221|0x000000008dd00000, 0x000000008de00000, 0x000000008de00000|100%| S|CS|TAMS 0x000000008dd00000, 0x000000008dd00000| Complete 
| 222|0x000000008de00000, 0x000000008df00000, 0x000000008df00000|100%| S|CS|TAMS 0x000000008de00000, 0x000000008de00000| Complete 
| 223|0x000000008df00000, 0x000000008df00000, 0x000000008e000000|  0%| F|  |TAMS 0x000000008df00000, 0x000000008df00000| Untracked 
| 224|0x000000008e000000, 0x000000008e000000, 0x000000008e100000|  0%| F|  |TAMS 0x000000008e000000, 0x000000008e000000| Untracked 
| 225|0x000000008e100000, 0x000000008e100000, 0x000000008e200000|  0%| F|  |TAMS 0x000000008e100000, 0x000000008e100000| Untracked 
| 226|0x000000008e200000, 0x000000008e200000, 0x000000008e300000|  0%| F|  |TAMS 0x000000008e200000, 0x000000008e200000| Untracked 
| 227|0x000000008e300000, 0x000000008e300000, 0x000000008e400000|  0%| F|  |TAMS 0x000000008e300000, 0x000000008e300000| Untracked 
| 228|0x000000008e400000, 0x000000008e400000, 0x000000008e500000|  0%| F|  |TAMS 0x000000008e400000, 0x000000008e400000| Untracked 
| 229|0x000000008e500000, 0x000000008e500000, 0x000000008e600000|  0%| F|  |TAMS 0x000000008e500000, 0x000000008e500000| Untracked 
| 230|0x000000008e600000, 0x000000008e600000, 0x000000008e700000|  0%| F|  |TAMS 0x000000008e600000, 0x000000008e600000| Untracked 
| 231|0x000000008e700000, 0x000000008e700000, 0x000000008e800000|  0%| F|  |TAMS 0x000000008e700000, 0x000000008e700000| Untracked 
| 232|0x000000008e800000, 0x000000008e800000, 0x000000008e900000|  0%| F|  |TAMS 0x000000008e800000, 0x000000008e800000| Untracked 
| 233|0x000000008e900000, 0x000000008e900000, 0x000000008ea00000|  0%| F|  |TAMS 0x000000008e900000, 0x000000008e900000| Untracked 
| 234|0x000000008ea00000, 0x000000008ea00000, 0x000000008eb00000|  0%| F|  |TAMS 0x000000008ea00000, 0x000000008ea00000| Untracked 
| 235|0x000000008eb00000, 0x000000008eb00000, 0x000000008ec00000|  0%| F|  |TAMS 0x000000008eb00000, 0x000000008eb00000| Untracked 
| 236|0x000000008ec00000, 0x000000008ec00000, 0x000000008ed00000|  0%| F|  |TAMS 0x000000008ec00000, 0x000000008ec00000| Untracked 
| 237|0x000000008ed00000, 0x000000008edf3b08, 0x000000008ee00000| 95%| E|  |TAMS 0x000000008ed00000, 0x000000008ed00000| Complete 
| 238|0x000000008ee00000, 0x000000008ef00000, 0x000000008ef00000|100%| E|CS|TAMS 0x000000008ee00000, 0x000000008ee00000| Complete 
| 239|0x000000008ef00000, 0x000000008f000000, 0x000000008f000000|100%| E|CS|TAMS 0x000000008ef00000, 0x000000008ef00000| Complete 
| 240|0x000000008f000000, 0x000000008f100000, 0x000000008f100000|100%| E|CS|TAMS 0x000000008f000000, 0x000000008f000000| Complete 
| 241|0x000000008f100000, 0x000000008f200000, 0x000000008f200000|100%| E|CS|TAMS 0x000000008f100000, 0x000000008f100000| Complete 
| 242|0x000000008f200000, 0x000000008f300000, 0x000000008f300000|100%| E|CS|TAMS 0x000000008f200000, 0x000000008f200000| Complete 
| 243|0x000000008f300000, 0x000000008f400000, 0x000000008f400000|100%| E|CS|TAMS 0x000000008f300000, 0x000000008f300000| Complete 
| 244|0x000000008f400000, 0x000000008f500000, 0x000000008f500000|100%| E|CS|TAMS 0x000000008f400000, 0x000000008f400000| Complete 
| 245|0x000000008f500000, 0x000000008f600000, 0x000000008f600000|100%| E|CS|TAMS 0x000000008f500000, 0x000000008f500000| Complete 
| 246|0x000000008f600000, 0x000000008f700000, 0x000000008f700000|100%| E|CS|TAMS 0x000000008f600000, 0x000000008f600000| Complete 
| 247|0x000000008f700000, 0x000000008f800000, 0x000000008f800000|100%| E|CS|TAMS 0x000000008f700000, 0x000000008f700000| Complete 
| 248|0x000000008f800000, 0x000000008f900000, 0x000000008f900000|100%| E|CS|TAMS 0x000000008f800000, 0x000000008f800000| Complete 
| 249|0x000000008f900000, 0x000000008fa00000, 0x000000008fa00000|100%| E|CS|TAMS 0x000000008f900000, 0x000000008f900000| Complete 
| 250|0x000000008fa00000, 0x000000008fb00000, 0x000000008fb00000|100%| E|CS|TAMS 0x000000008fa00000, 0x000000008fa00000| Complete 
| 251|0x000000008fb00000, 0x000000008fc00000, 0x000000008fc00000|100%| E|CS|TAMS 0x000000008fb00000, 0x000000008fb00000| Complete 
| 252|0x000000008fc00000, 0x000000008fd00000, 0x000000008fd00000|100%| E|CS|TAMS 0x000000008fc00000, 0x000000008fc00000| Complete 
| 253|0x000000008fd00000, 0x000000008fe00000, 0x000000008fe00000|100%| E|CS|TAMS 0x000000008fd00000, 0x000000008fd00000| Complete 
| 254|0x000000008fe00000, 0x000000008ff00000, 0x000000008ff00000|100%| E|CS|TAMS 0x000000008fe00000, 0x000000008fe00000| Complete 
| 255|0x000000008ff00000, 0x0000000090000000, 0x0000000090000000|100%| E|CS|TAMS 0x000000008ff00000, 0x000000008ff00000| Complete 
| 256|0x0000000090000000, 0x0000000090100000, 0x0000000090100000|100%| E|CS|TAMS 0x0000000090000000, 0x0000000090000000| Complete 
| 257|0x0000000090100000, 0x0000000090200000, 0x0000000090200000|100%| E|CS|TAMS 0x0000000090100000, 0x0000000090100000| Complete 
| 258|0x0000000090200000, 0x0000000090300000, 0x0000000090300000|100%| E|CS|TAMS 0x0000000090200000, 0x0000000090200000| Complete 
| 259|0x0000000090300000, 0x0000000090400000, 0x0000000090400000|100%| E|CS|TAMS 0x0000000090300000, 0x0000000090300000| Complete 
| 260|0x0000000090400000, 0x0000000090500000, 0x0000000090500000|100%| E|CS|TAMS 0x0000000090400000, 0x0000000090400000| Complete 
| 261|0x0000000090500000, 0x0000000090600000, 0x0000000090600000|100%| E|CS|TAMS 0x0000000090500000, 0x0000000090500000| Complete 
| 262|0x0000000090600000, 0x0000000090700000, 0x0000000090700000|100%| E|CS|TAMS 0x0000000090600000, 0x0000000090600000| Complete 
| 263|0x0000000090700000, 0x0000000090800000, 0x0000000090800000|100%| E|CS|TAMS 0x0000000090700000, 0x0000000090700000| Complete 
| 264|0x0000000090800000, 0x0000000090900000, 0x0000000090900000|100%| E|CS|TAMS 0x0000000090800000, 0x0000000090800000| Complete 
| 265|0x0000000090900000, 0x0000000090a00000, 0x0000000090a00000|100%| E|CS|TAMS 0x0000000090900000, 0x0000000090900000| Complete 
| 266|0x0000000090a00000, 0x0000000090b00000, 0x0000000090b00000|100%| E|CS|TAMS 0x0000000090a00000, 0x0000000090a00000| Complete 
| 267|0x0000000090b00000, 0x0000000090c00000, 0x0000000090c00000|100%| E|CS|TAMS 0x0000000090b00000, 0x0000000090b00000| Complete 
| 268|0x0000000090c00000, 0x0000000090d00000, 0x0000000090d00000|100%| E|CS|TAMS 0x0000000090c00000, 0x0000000090c00000| Complete 
| 269|0x0000000090d00000, 0x0000000090e00000, 0x0000000090e00000|100%| E|CS|TAMS 0x0000000090d00000, 0x0000000090d00000| Complete 

Card table byte_map: [0x0000023938f70000,0x0000023939370000] _byte_map_base: 0x0000023938b70000

Marking Bits (Prev, Next): (CMBitMap*) 0x0000023921d292c0, (CMBitMap*) 0x0000023921d29280
 Prev Bits: [0x000002393b770000, 0x000002393d770000)
 Next Bits: [0x0000023939770000, 0x000002393b770000)

Polling page: 0x000002391fad0000

Metaspace:

Usage:
  Non-class:     96.08 MB used.
      Class:     15.19 MB used.
       Both:    111.27 MB used.

Virtual space:
  Non-class space:      128.00 MB reserved,      96.62 MB ( 75%) committed,  2 nodes.
      Class space:        1.00 GB reserved,      15.75 MB (  2%) committed,  1 nodes.
             Both:        1.12 GB reserved,     112.38 MB ( 10%) committed. 

Chunk freelists:
   Non-Class:  15.38 MB
       Class:  294.00 KB
        Both:  15.66 MB

MaxMetaspaceSize: unlimited
CompressedClassSpaceSize: 1.00 GB
Initial GC threshold: 21.00 MB
Current GC threshold: 168.69 MB
CDS: on
MetaspaceReclaimPolicy: balanced
 - commit_granule_bytes: 65536.
 - commit_granule_words: 8192.
 - virtual_space_node_default_size: 8388608.
 - enlarge_chunks_in_place: 1.
 - new_chunks_are_fully_committed: 0.
 - uncommit_free_chunks: 1.
 - use_allocation_guard: 0.
 - handle_deallocations: 1.


Internal statistics:

num_allocs_failed_limit: 9.
num_arena_births: 1814.
num_arena_deaths: 0.
num_vsnodes_births: 3.
num_vsnodes_deaths: 0.
num_space_committed: 1797.
num_space_uncommitted: 0.
num_chunks_returned_to_freelist: 9.
num_chunks_taken_from_freelist: 6960.
num_chunk_merges: 9.
num_chunk_splits: 4394.
num_chunks_enlarged: 2662.
num_inconsistent_stats: 0.

CodeHeap 'non-profiled nmethods': size=120000Kb used=11799Kb max_used=12300Kb free=108200Kb
 bounds [0x0000023931310000, 0x0000023931f20000, 0x0000023938840000]
CodeHeap 'profiled nmethods': size=120000Kb used=29239Kb max_used=29940Kb free=90760Kb
 bounds [0x0000023929840000, 0x000002392b580000, 0x0000023930d70000]
CodeHeap 'non-nmethods': size=5760Kb used=1762Kb max_used=1817Kb free=3997Kb
 bounds [0x0000023930d70000, 0x0000023930fe0000, 0x0000023931310000]
 total_blobs=16802 nmethods=15933 adapters=780
 compilation: enabled
              stopped_count=0, restarted_count=0
 full_count=0

Compilation events (20 events):
Event: 621.185 Thread 0x0000023940191e40 20525       4       java.util.BitSet::clear (70 bytes)
Event: 621.187 Thread 0x0000023940191e40 nmethod 20525 0x000002393196ec90 code [0x000002393196ee20, 0x000002393196efb8]
Event: 621.187 Thread 0x0000023940191e40 20529       4       org.gradle.api.internal.artifacts.transform.TransformStepSubject::<init> (5 bytes)
Event: 621.188 Thread 0x0000023940191e40 nmethod 20529 0x000002393196e990 code [0x000002393196eb00, 0x000002393196eb78]
Event: 621.191 Thread 0x0000023940191e40 20530       4       com.google.common.collect.SingletonImmutableList::spliterator (13 bytes)
Event: 621.192 Thread 0x0000023940191e40 nmethod 20530 0x000002393196e610 code [0x000002393196e7a0, 0x000002393196e878]
Event: 621.193 Thread 0x0000023940191e40 20531       4       org.gradle.internal.snapshot.SnapshotUtil$$Lambda$508/0x00000239424ba000::visitEntry (9 bytes)
Event: 621.195 Thread 0x0000023940191e40 nmethod 20531 0x00000239316f6c10 code [0x00000239316f6da0, 0x00000239316f6ec8]
Event: 621.200 Thread 0x0000023940191e40 20532       4       org.gradle.api.internal.changedetection.state.CachingResourceHasher::hash (19 bytes)
Event: 621.206 Thread 0x0000023940191e40 nmethod 20532 0x00000239316f6190 code [0x00000239316f6380, 0x00000239316f67a8]
Event: 621.206 Thread 0x0000023940191e40 20533       4       org.gradle.api.internal.changedetection.state.DefaultResourceSnapshotterCacheService::hashFile (19 bytes)
Event: 621.208 Thread 0x0000023940191e40 nmethod 20533 0x00000239316f5a90 code [0x00000239316f5c20, 0x00000239316f5d88]
Event: 621.208 Thread 0x0000023940191e40 20534       4       org.gradle.api.internal.changedetection.state.SplitResourceSnapshotterCacheService::hashFile (47 bytes)
Event: 621.209 Thread 0x00000239401932c0 20535       1       org.gradle.internal.management.DependencyResolutionManagementInternal$RepositoriesModeInternal::useProjectRepositories (5 bytes)
Event: 621.210 Thread 0x00000239401932c0 nmethod 20535 0x0000023931959510 code [0x00000239319596a0, 0x0000023931959778]
Event: 621.214 Thread 0x0000023940191e40 nmethod 20534 0x0000023931958b10 code [0x0000023931958d00, 0x00000239319590c8]
Event: 621.220 Thread 0x00000239401932c0 20536       1       java.security.DrbgParameters$NextBytes::getStrength (5 bytes)
Event: 621.220 Thread 0x00000239401932c0 nmethod 20536 0x0000023931958810 code [0x00000239319589a0, 0x0000023931958a78]
Event: 621.220 Thread 0x00000239401932c0 20537       1       java.security.DrbgParameters$NextBytes::getPredictionResistance (5 bytes)
Event: 621.220 Thread 0x00000239401932c0 nmethod 20537 0x0000023931958510 code [0x00000239319586a0, 0x0000023931958778]

GC Heap History (20 events):
Event: 575.739 GC heap before
{Heap before GC invocations=66 (full 0):
 garbage-first heap   total 232448K, used 194830K [0x0000000080000000, 0x0000000100000000)
  region size 1024K, 51 young (52224K), 6 survivors (6144K)
 Metaspace       used 99019K, committed 100032K, reserved 1179648K
  class space    used 13729K, committed 14208K, reserved 1048576K
}
Event: 575.756 GC heap after
{Heap after GC invocations=67 (full 0):
 garbage-first heap   total 232448K, used 155302K [0x0000000080000000, 0x0000000100000000)
  region size 1024K, 7 young (7168K), 7 survivors (7168K)
 Metaspace       used 99019K, committed 100032K, reserved 1179648K
  class space    used 13729K, committed 14208K, reserved 1048576K
}
Event: 577.104 GC heap before
{Heap before GC invocations=67 (full 0):
 garbage-first heap   total 232448K, used 195238K [0x0000000080000000, 0x0000000100000000)
  region size 1024K, 47 young (48128K), 7 survivors (7168K)
 Metaspace       used 99120K, committed 100160K, reserved 1179648K
  class space    used 13734K, committed 14272K, reserved 1048576K
}
Event: 577.131 GC heap after
{Heap after GC invocations=68 (full 0):
 garbage-first heap   total 232448K, used 160275K [0x0000000080000000, 0x0000000100000000)
  region size 1024K, 5 young (5120K), 5 survivors (5120K)
 Metaspace       used 99120K, committed 100160K, reserved 1179648K
  class space    used 13734K, committed 14272K, reserved 1048576K
}
Event: 580.974 GC heap before
{Heap before GC invocations=68 (full 0):
 garbage-first heap   total 232448K, used 196115K [0x0000000080000000, 0x0000000100000000)
  region size 1024K, 41 young (41984K), 5 survivors (5120K)
 Metaspace       used 100159K, committed 101184K, reserved 1179648K
  class space    used 13870K, committed 14400K, reserved 1048576K
}
Event: 580.991 GC heap after
{Heap after GC invocations=69 (full 0):
 garbage-first heap   total 232448K, used 163213K [0x0000000080000000, 0x0000000100000000)
  region size 1024K, 3 young (3072K), 3 survivors (3072K)
 Metaspace       used 100159K, committed 101184K, reserved 1179648K
  class space    used 13870K, committed 14400K, reserved 1048576K
}
Event: 581.982 GC heap before
{Heap before GC invocations=69 (full 0):
 garbage-first heap   total 232448K, used 197005K [0x0000000080000000, 0x0000000100000000)
  region size 1024K, 37 young (37888K), 3 survivors (3072K)
 Metaspace       used 102341K, committed 103360K, reserved 1179648K
  class space    used 14126K, committed 14656K, reserved 1048576K
}
Event: 582.005 GC heap after
{Heap after GC invocations=70 (full 0):
 garbage-first heap   total 232448K, used 166347K [0x0000000080000000, 0x0000000100000000)
  region size 1024K, 5 young (5120K), 5 survivors (5120K)
 Metaspace       used 102341K, committed 103360K, reserved 1179648K
  class space    used 14126K, committed 14656K, reserved 1048576K
}
Event: 595.764 GC heap before
{Heap before GC invocations=71 (full 0):
 garbage-first heap   total 276480K, used 191947K [0x0000000080000000, 0x0000000100000000)
  region size 1024K, 33 young (33792K), 5 survivors (5120K)
 Metaspace       used 103449K, committed 104512K, reserved 1179648K
  class space    used 14304K, committed 14848K, reserved 1048576K
}
Event: 595.792 GC heap after
{Heap after GC invocations=72 (full 0):
 garbage-first heap   total 276480K, used 166119K [0x0000000080000000, 0x0000000100000000)
  region size 1024K, 2 young (2048K), 2 survivors (2048K)
 Metaspace       used 103449K, committed 104512K, reserved 1179648K
  class space    used 14304K, committed 14848K, reserved 1048576K
}
Event: 596.661 GC heap before
{Heap before GC invocations=72 (full 0):
 garbage-first heap   total 276480K, used 177383K [0x0000000080000000, 0x0000000100000000)
  region size 1024K, 13 young (13312K), 2 survivors (2048K)
 Metaspace       used 103526K, committed 104576K, reserved 1179648K
  class space    used 14313K, committed 14848K, reserved 1048576K
}
Event: 596.697 GC heap after
{Heap after GC invocations=73 (full 0):
 garbage-first heap   total 276480K, used 145715K [0x0000000080000000, 0x0000000100000000)
  region size 1024K, 1 young (1024K), 1 survivors (1024K)
 Metaspace       used 103526K, committed 104576K, reserved 1179648K
  class space    used 14313K, committed 14848K, reserved 1048576K
}
Event: 606.583 GC heap before
{Heap before GC invocations=73 (full 0):
 garbage-first heap   total 276480K, used 158003K [0x0000000080000000, 0x0000000100000000)
  region size 1024K, 13 young (13312K), 1 survivors (1024K)
 Metaspace       used 103689K, committed 104768K, reserved 1179648K
  class space    used 14338K, committed 14848K, reserved 1048576K
}
Event: 606.617 GC heap after
{Heap after GC invocations=74 (full 0):
 garbage-first heap   total 276480K, used 139516K [0x0000000080000000, 0x0000000100000000)
  region size 1024K, 1 young (1024K), 1 survivors (1024K)
 Metaspace       used 103689K, committed 104768K, reserved 1179648K
  class space    used 14338K, committed 14848K, reserved 1048576K
}
Event: 609.447 GC heap before
{Heap before GC invocations=74 (full 0):
 garbage-first heap   total 276480K, used 230652K [0x0000000080000000, 0x0000000100000000)
  region size 1024K, 86 young (88064K), 1 survivors (1024K)
 Metaspace       used 105073K, committed 106176K, reserved 1179648K
  class space    used 14430K, committed 14976K, reserved 1048576K
}
Event: 609.477 GC heap after
{Heap after GC invocations=75 (full 0):
 garbage-first heap   total 276480K, used 154765K [0x0000000080000000, 0x0000000100000000)
  region size 1024K, 11 young (11264K), 11 survivors (11264K)
 Metaspace       used 105073K, committed 106176K, reserved 1179648K
  class space    used 14430K, committed 14976K, reserved 1048576K
}
Event: 613.338 GC heap before
{Heap before GC invocations=75 (full 0):
 garbage-first heap   total 276480K, used 231565K [0x0000000080000000, 0x0000000100000000)
  region size 1024K, 79 young (80896K), 11 survivors (11264K)
 Metaspace       used 112496K, committed 113664K, reserved 1179648K
  class space    used 15364K, committed 15936K, reserved 1048576K
}
Event: 613.390 GC heap after
{Heap after GC invocations=76 (full 0):
 garbage-first heap   total 276480K, used 177088K [0x0000000080000000, 0x0000000100000000)
  region size 1024K, 10 young (10240K), 10 survivors (10240K)
 Metaspace       used 112496K, committed 113664K, reserved 1179648K
  class space    used 15364K, committed 15936K, reserved 1048576K
}
Event: 620.292 GC heap before
{Heap before GC invocations=76 (full 0):
 garbage-first heap   total 276480K, used 224192K [0x0000000080000000, 0x0000000100000000)
  region size 1024K, 57 young (58368K), 10 survivors (10240K)
 Metaspace       used 113913K, committed 115072K, reserved 1179648K
  class space    used 15550K, committed 16128K, reserved 1048576K
}
Event: 620.333 GC heap after
{Heap after GC invocations=77 (full 0):
 garbage-first heap   total 276480K, used 177026K [0x0000000080000000, 0x0000000100000000)
  region size 1024K, 5 young (5120K), 5 survivors (5120K)
 Metaspace       used 113913K, committed 115072K, reserved 1179648K
  class space    used 15550K, committed 16128K, reserved 1048576K
}

Dll operation events (16 events):
Event: 0.030 Loaded shared library C:\Users\perez\.jdks\ms-17.0.18\bin\java.dll
Event: 0.066 Loaded shared library C:\Users\perez\.jdks\ms-17.0.18\bin\jsvml.dll
Event: 0.320 Loaded shared library C:\Users\perez\.jdks\ms-17.0.18\bin\zip.dll
Event: 0.328 Loaded shared library C:\Users\perez\.jdks\ms-17.0.18\bin\instrument.dll
Event: 0.382 Loaded shared library C:\Users\perez\.jdks\ms-17.0.18\bin\net.dll
Event: 0.389 Loaded shared library C:\Users\perez\.jdks\ms-17.0.18\bin\nio.dll
Event: 0.399 Loaded shared library C:\Users\perez\.jdks\ms-17.0.18\bin\zip.dll
Event: 1.223 Loaded shared library C:\Users\perez\.jdks\ms-17.0.18\bin\jimage.dll
Event: 1.984 Loaded shared library C:\Users\perez\.jdks\ms-17.0.18\bin\verify.dll
Event: 2.271 Loaded shared library C:\Users\perez\AndroidStudioProjects\MyApplication\native\1def1411415f61bf3af743bc5b6707747c0891f09f0c88961ee8f79bc544acac\windows-amd64\native-platform.dll
Event: 2.345 Loaded shared library C:\Users\perez\AndroidStudioProjects\MyApplication\native\0.2.7\x86_64-windows-gnu\gradle-fileevents.dll
Event: 6.397 Loaded shared library C:\Users\perez\.jdks\ms-17.0.18\bin\management.dll
Event: 6.405 Loaded shared library C:\Users\perez\.jdks\ms-17.0.18\bin\management_ext.dll
Event: 7.686 Loaded shared library C:\Users\perez\.jdks\ms-17.0.18\bin\extnet.dll
Event: 9.663 Loaded shared library C:\Users\perez\.jdks\ms-17.0.18\bin\sunmscapi.dll
Event: 582.500 Loaded shared library C:\Users\perez\.jdks\ms-17.0.18\bin\rmi.dll

Deoptimization events (20 events):
Event: 620.366 Thread 0x00000239402f3240 Uncommon trap: trap_request=0xffffffde fr.pc=0x0000023931d4e0d4 relative=0x00000000000047d4
Event: 620.366 Thread 0x00000239402f3240 Uncommon trap: reason=class_check action=maybe_recompile pc=0x0000023931d4e0d4 method=kotlin.io.FilesKt__FilePathComponentsKt.toComponents(Ljava/io/File;)Lkotlin/io/FilePathComponents; @ 108 c2
Event: 620.366 Thread 0x00000239402f3240 DEOPT PACKING pc=0x0000023931d4e0d4 sp=0x0000009ade6fb830
Event: 620.366 Thread 0x00000239402f3240 DEOPT UNPACKING pc=0x0000023930dc69a3 sp=0x0000009ade6fb7e8 mode 2
Event: 620.367 Thread 0x00000239402f3240 Uncommon trap: trap_request=0xffffffde fr.pc=0x0000023931d4e0d4 relative=0x00000000000047d4
Event: 620.367 Thread 0x00000239402f3240 Uncommon trap: reason=class_check action=maybe_recompile pc=0x0000023931d4e0d4 method=kotlin.io.FilesKt__FilePathComponentsKt.toComponents(Ljava/io/File;)Lkotlin/io/FilePathComponents; @ 108 c2
Event: 620.367 Thread 0x00000239402f3240 DEOPT PACKING pc=0x0000023931d4e0d4 sp=0x0000009ade6fb830
Event: 620.367 Thread 0x00000239402f3240 DEOPT UNPACKING pc=0x0000023930dc69a3 sp=0x0000009ade6fb7e8 mode 2
Event: 620.367 Thread 0x00000239402f3240 Uncommon trap: trap_request=0xffffffde fr.pc=0x0000023931d4e0d4 relative=0x00000000000047d4
Event: 620.367 Thread 0x00000239402f3240 Uncommon trap: reason=class_check action=maybe_recompile pc=0x0000023931d4e0d4 method=kotlin.io.FilesKt__FilePathComponentsKt.toComponents(Ljava/io/File;)Lkotlin/io/FilePathComponents; @ 108 c2
Event: 620.367 Thread 0x00000239402f3240 DEOPT PACKING pc=0x0000023931d4e0d4 sp=0x0000009ade6fb830
Event: 620.367 Thread 0x00000239402f3240 DEOPT UNPACKING pc=0x0000023930dc69a3 sp=0x0000009ade6fb7e8 mode 2
Event: 620.368 Thread 0x00000239402f3240 Uncommon trap: trap_request=0xffffffde fr.pc=0x0000023931d4e0d4 relative=0x00000000000047d4
Event: 620.368 Thread 0x00000239402f3240 Uncommon trap: reason=class_check action=maybe_recompile pc=0x0000023931d4e0d4 method=kotlin.io.FilesKt__FilePathComponentsKt.toComponents(Ljava/io/File;)Lkotlin/io/FilePathComponents; @ 108 c2
Event: 620.368 Thread 0x00000239402f3240 DEOPT PACKING pc=0x0000023931d4e0d4 sp=0x0000009ade6fb830
Event: 620.368 Thread 0x00000239402f3240 DEOPT UNPACKING pc=0x0000023930dc69a3 sp=0x0000009ade6fb7e8 mode 2
Event: 621.118 Thread 0x00000239402f3240 Uncommon trap: trap_request=0xffffff45 fr.pc=0x00000239318c9140 relative=0x0000000000000f20
Event: 621.118 Thread 0x00000239402f3240 Uncommon trap: reason=unstable_if action=reinterpret pc=0x00000239318c9140 method=org.gradle.internal.snapshot.VfsRelativePath.compareToFirstSegment(Ljava/lang/String;Lorg/gradle/internal/snapshot/CaseSensitivity;)I @ 156 c2
Event: 621.118 Thread 0x00000239402f3240 DEOPT PACKING pc=0x00000239318c9140 sp=0x0000009ade6fc870
Event: 621.118 Thread 0x00000239402f3240 DEOPT UNPACKING pc=0x0000023930dc69a3 sp=0x0000009ade6fc7f0 mode 2

Classes loaded (20 events):
Event: 612.909 Loading class jdk/internal/access/JavaUtilCollectionAccess done
Event: 612.909 Loading class java/util/ImmutableCollections$Access$1 done
Event: 613.949 Loading class java/text/BreakIterator
Event: 613.950 Loading class java/text/BreakIterator done
Event: 613.996 Loading class java/util/regex/Pattern$Pos
Event: 613.997 Loading class java/util/regex/Pattern$Pos done
Event: 614.026 Loading class java/util/function/ToIntBiFunction
Event: 614.030 Loading class java/util/function/ToIntBiFunction done
Event: 614.039 Loading class java/nio/channels/Channels$1
Event: 614.040 Loading class java/nio/channels/Channels$1 done
Event: 614.114 Loading class java/util/stream/Nodes$FixedNodeBuilder
Event: 614.115 Loading class java/util/stream/Nodes$ArrayNode
Event: 614.115 Loading class java/util/stream/Nodes$ArrayNode done
Event: 614.115 Loading class java/util/stream/Nodes$FixedNodeBuilder done
Event: 614.136 Loading class java/util/EnumMap$Values
Event: 614.136 Loading class java/util/EnumMap$Values done
Event: 614.136 Loading class java/util/EnumMap$ValueIterator
Event: 614.137 Loading class java/util/EnumMap$ValueIterator done
Event: 614.270 Loading class java/util/PriorityQueue
Event: 614.272 Loading class java/util/PriorityQueue done

Classes unloaded (0 events):
No events

Classes redefined (0 events):
No events

Internal exceptions (20 events):
Event: 613.708 Thread 0x0000023988f6b300 Exception <a 'sun/nio/fs/WindowsException'{0x000000009087b780}> (0x000000009087b780) 
thrown [s\src\hotspot\share\prims\jni.cpp, line 516]
Event: 613.709 Thread 0x0000023988f6b300 Exception <a 'sun/nio/fs/WindowsException'{0x0000000090882cb8}> (0x0000000090882cb8) 
thrown [s\src\hotspot\share\prims\jni.cpp, line 516]
Event: 613.710 Thread 0x0000023988f6b300 Exception <a 'sun/nio/fs/WindowsException'{0x0000000090884410}> (0x0000000090884410) 
thrown [s\src\hotspot\share\prims\jni.cpp, line 516]
Event: 613.720 Thread 0x0000023988f6b300 Exception <a 'sun/nio/fs/WindowsException'{0x00000000908b3a28}> (0x00000000908b3a28) 
thrown [s\src\hotspot\share\prims\jni.cpp, line 516]
Event: 613.721 Thread 0x0000023988f6b300 Exception <a 'sun/nio/fs/WindowsException'{0x00000000908b6618}> (0x00000000908b6618) 
thrown [s\src\hotspot\share\prims\jni.cpp, line 516]
Event: 613.721 Thread 0x0000023988f6b300 Exception <a 'sun/nio/fs/WindowsException'{0x00000000908b7d90}> (0x00000000908b7d90) 
thrown [s\src\hotspot\share\prims\jni.cpp, line 516]
Event: 613.790 Thread 0x0000023988f6b300 Exception <a 'sun/nio/fs/WindowsException'{0x000000009076af48}> (0x000000009076af48) 
thrown [s\src\hotspot\share\prims\jni.cpp, line 516]
Event: 613.792 Thread 0x0000023988f6b300 Exception <a 'sun/nio/fs/WindowsException'{0x000000009076e298}> (0x000000009076e298) 
thrown [s\src\hotspot\share\prims\jni.cpp, line 516]
Event: 613.792 Thread 0x0000023988f6b300 Exception <a 'sun/nio/fs/WindowsException'{0x000000009076fa10}> (0x000000009076fa10) 
thrown [s\src\hotspot\share\prims\jni.cpp, line 516]
Event: 613.799 Thread 0x0000023988f6b300 Exception <a 'sun/nio/fs/WindowsException'{0x0000000090781f88}> (0x0000000090781f88) 
thrown [s\src\hotspot\share\prims\jni.cpp, line 516]
Event: 613.800 Thread 0x0000023988f6b300 Exception <a 'sun/nio/fs/WindowsException'{0x00000000907895d8}> (0x00000000907895d8) 
thrown [s\src\hotspot\share\prims\jni.cpp, line 516]
Event: 613.801 Thread 0x0000023988f6b300 Exception <a 'sun/nio/fs/WindowsException'{0x000000009078ad20}> (0x000000009078ad20) 
thrown [s\src\hotspot\share\prims\jni.cpp, line 516]
Event: 614.037 Thread 0x0000023988f6b300 Exception <a 'sun/nio/fs/WindowsException'{0x000000009059acd0}> (0x000000009059acd0) 
thrown [s\src\hotspot\share\prims\jni.cpp, line 516]
Event: 614.056 Thread 0x0000023988f6b300 Exception <a 'sun/nio/fs/WindowsException'{0x00000000905bbf58}> (0x00000000905bbf58) 
thrown [s\src\hotspot\share\prims\jni.cpp, line 516]
Event: 614.065 Thread 0x0000023988f6b300 Exception <a 'sun/nio/fs/WindowsException'{0x00000000905c3110}> (0x00000000905c3110) 
thrown [s\src\hotspot\share\prims\jni.cpp, line 516]
Event: 614.072 Thread 0x0000023988f6b300 Exception <a 'sun/nio/fs/WindowsException'{0x00000000905c8620}> (0x00000000905c8620) 
thrown [s\src\hotspot\share\prims\jni.cpp, line 516]
Event: 614.122 Thread 0x0000023988f6b300 Exception <a 'sun/nio/fs/WindowsException'{0x000000009045cd08}> (0x000000009045cd08) 
thrown [s\src\hotspot\share\prims\jni.cpp, line 516]
Event: 614.130 Thread 0x0000023988f6b300 Exception <a 'sun/nio/fs/WindowsException'{0x00000000904669d8}> (0x00000000904669d8) 
thrown [s\src\hotspot\share\prims\jni.cpp, line 516]
Event: 614.958 Thread 0x0000023988f6b300 Implicit null exception at 0x0000023931ef9c94 to 0x0000023931f00a78
Event: 615.059 Thread 0x000002398841bd20 Exception <a 'java/lang/NoSuchMethodError'{0x000000008efa7f30}: static Lorg/gradle/internal/build/event/types/DefaultJavaCompileTaskSuccessResult;.<clinit>()V> (0x000000008efa7f30) 
thrown [s\src\hotspot\share\prims\jni.cpp, line 1112]

VM Operations (20 events):
Event: 613.052 Executing VM operation: Cleanup done
Event: 613.338 Executing VM operation: G1CollectForAllocation
Event: 613.390 Executing VM operation: G1CollectForAllocation done
Event: 613.415 Executing VM operation: HandshakeAllThreads
Event: 613.416 Executing VM operation: HandshakeAllThreads done
Event: 613.869 Executing VM operation: ICBufferFull
Event: 613.869 Executing VM operation: ICBufferFull done
Event: 613.896 Executing VM operation: HandshakeAllThreads
Event: 613.897 Executing VM operation: HandshakeAllThreads done
Event: 614.019 Executing VM operation: HandshakeAllThreads
Event: 614.020 Executing VM operation: HandshakeAllThreads done
Event: 615.020 Executing VM operation: Cleanup
Event: 615.021 Executing VM operation: Cleanup done
Event: 616.021 Executing VM operation: Cleanup
Event: 617.169 Executing VM operation: Cleanup done
Event: 619.170 Executing VM operation: Cleanup
Event: 619.170 Executing VM operation: Cleanup done
Event: 620.292 Executing VM operation: G1CollectForAllocation
Event: 620.334 Executing VM operation: G1CollectForAllocation done
Event: 621.264 Executing VM operation: G1PauseRemark

Memory protections (0 events):
No events

Nmethod flushes (20 events):
Event: 613.468 Thread 0x00000239401982b0 flushing  nmethod 0x000002392b51dc10
Event: 613.468 Thread 0x00000239401982b0 flushing  nmethod 0x000002392b51fd90
Event: 613.468 Thread 0x00000239401982b0 flushing  nmethod 0x000002392b522910
Event: 613.468 Thread 0x00000239401982b0 flushing  nmethod 0x000002392b522c90
Event: 613.468 Thread 0x00000239401982b0 flushing  nmethod 0x000002392b523090
Event: 613.468 Thread 0x00000239401982b0 flushing  nmethod 0x000002392b523410
Event: 613.468 Thread 0x00000239401982b0 flushing  nmethod 0x000002392b523e10
Event: 613.468 Thread 0x00000239401982b0 flushing  nmethod 0x000002392b524c90
Event: 613.468 Thread 0x00000239401982b0 flushing  nmethod 0x000002392b525910
Event: 613.468 Thread 0x00000239401982b0 flushing  nmethod 0x000002392b527190
Event: 613.468 Thread 0x00000239401982b0 flushing  nmethod 0x000002392b527d10
Event: 613.468 Thread 0x00000239401982b0 flushing  nmethod 0x000002392b528f90
Event: 613.468 Thread 0x00000239401982b0 flushing  nmethod 0x000002392b529390
Event: 613.468 Thread 0x00000239401982b0 flushing  nmethod 0x000002392b52a910
Event: 613.468 Thread 0x00000239401982b0 flushing  nmethod 0x000002392b52b390
Event: 613.468 Thread 0x00000239401982b0 flushing  nmethod 0x000002392b52bb90
Event: 613.468 Thread 0x00000239401982b0 flushing  nmethod 0x000002392b52c290
Event: 613.468 Thread 0x00000239401982b0 flushing  nmethod 0x000002392b52d610
Event: 613.468 Thread 0x00000239401982b0 flushing  nmethod 0x000002392b52f210
Event: 613.468 Thread 0x00000239401982b0 flushing  nmethod 0x000002392b531f90

Events (20 events):
Event: 595.074 Thread 0x00000239401932c0 Thread added: 0x0000023989ba5060
Event: 595.828 Thread 0x000002398a82f260 Thread exited: 0x000002398a82f260
Event: 596.369 Thread 0x0000023989ba5060 Thread exited: 0x0000023989ba5060
Event: 596.570 Thread 0x0000023988f6efc0 Thread added: 0x000002398a82f260
Event: 596.617 Thread 0x0000023987a47c50 Thread added: 0x000002398a834870
Event: 596.718 Thread 0x000002398a82d910 Thread added: 0x000002398a833e50
Event: 606.376 Thread 0x00000239401932c0 Thread added: 0x0000023990fb1b00
Event: 606.621 Thread 0x000002398a834870 Thread exited: 0x000002398a834870
Event: 607.037 Thread 0x0000023990fb1b00 Thread exited: 0x0000023990fb1b00
Event: 607.178 Thread 0x0000023988f6b300 Thread added: 0x000002398a834360
Event: 607.253 Thread 0x0000023940191e40 Thread added: 0x0000023990fb15b0
Event: 607.316 Thread 0x0000023988f6b300 Thread added: 0x000002398a834870
Event: 607.317 Thread 0x0000023988f6b300 Thread added: 0x000002398a834d80
Event: 607.318 Thread 0x0000023988f6b300 Thread added: 0x00000239900862f0
Event: 607.318 Thread 0x0000023988f6b300 Thread added: 0x00000239900858d0
Event: 607.319 Thread 0x0000023988f6b300 Thread added: 0x0000023990084eb0
Event: 607.319 Thread 0x0000023988f6b300 Thread added: 0x0000023990083f80
Event: 607.320 Thread 0x0000023988f6b300 Thread added: 0x0000023990083050
Event: 608.407 Thread 0x0000023990fb15b0 Thread exited: 0x0000023990fb15b0
Event: 615.189 Thread 0x0000023988f6b300 Thread added: 0x00000239402f3240


Dynamic libraries:
0x00007ff7fdf90000 - 0x00007ff7fdf9e000 	C:\Users\perez\.jdks\ms-17.0.18\bin\java.exe
0x00007ffe08aa0000 - 0x00007ffe08d07000 	C:\WINDOWS\SYSTEM32\ntdll.dll
0x00007ffe07ba0000 - 0x00007ffe07c69000 	C:\WINDOWS\System32\KERNEL32.DLL
0x00007ffe05440000 - 0x00007ffe05831000 	C:\WINDOWS\System32\KERNELBASE.dll
0x00007ffe05840000 - 0x00007ffe0598b000 	C:\WINDOWS\System32\ucrtbase.dll
0x00007ffdbe080000 - 0x00007ffdbe098000 	C:\Users\perez\.jdks\ms-17.0.18\bin\jli.dll
0x00007ffe06b80000 - 0x00007ffe06d45000 	C:\WINDOWS\System32\USER32.dll
0x00007ffe05380000 - 0x00007ffe053a7000 	C:\WINDOWS\System32\win32u.dll
0x00007ffe06dd0000 - 0x00007ffe06dfb000 	C:\WINDOWS\System32\GDI32.dll
0x00007ffe05d20000 - 0x00007ffe05e4b000 	C:\WINDOWS\System32\gdi32full.dll
0x00007ffe05c70000 - 0x00007ffe05d13000 	C:\WINDOWS\System32\msvcp_win.dll
0x00007ffde85e0000 - 0x00007ffde8873000 	C:\WINDOWS\WinSxS\amd64_microsoft.windows.common-controls_6595b64144ccf1df_6.0.26100.8037_none_3e092faae333b53b\COMCTL32.dll
0x00007ffe08410000 - 0x00007ffe084b9000 	C:\WINDOWS\System32\msvcrt.dll
0x00007ffdaa5d0000 - 0x00007ffdaa5ee000 	C:\Users\perez\.jdks\ms-17.0.18\bin\VCRUNTIME140.dll
0x00007ffe06ee0000 - 0x00007ffe06f11000 	C:\WINDOWS\System32\IMM32.DLL
0x00007ffdbef70000 - 0x00007ffdbef7c000 	C:\Users\perez\.jdks\ms-17.0.18\bin\vcruntime140_1.dll
0x00007ffd5c6f0000 - 0x00007ffd5c779000 	C:\Users\perez\.jdks\ms-17.0.18\bin\msvcp140.dll
0x00007ffcf1e90000 - 0x00007ffcf2b0a000 	C:\Users\perez\.jdks\ms-17.0.18\bin\server\jvm.dll
0x00007ffe06e20000 - 0x00007ffe06edb000 	C:\WINDOWS\System32\ADVAPI32.dll
0x00007ffe06f20000 - 0x00007ffe06fc7000 	C:\WINDOWS\System32\sechost.dll
0x00007ffe087c0000 - 0x00007ffe088d8000 	C:\WINDOWS\System32\RPCRT4.dll
0x00007ffe07ac0000 - 0x00007ffe07b34000 	C:\WINDOWS\System32\WS2_32.dll
0x00007ffe051e0000 - 0x00007ffe0523e000 	C:\WINDOWS\SYSTEM32\POWRPROF.dll
0x00007ffdff950000 - 0x00007ffdff985000 	C:\WINDOWS\SYSTEM32\WINMM.dll
0x00007ffdff990000 - 0x00007ffdff99b000 	C:\WINDOWS\SYSTEM32\VERSION.dll
0x00007ffe051c0000 - 0x00007ffe051d4000 	C:\WINDOWS\SYSTEM32\UMPDC.dll
0x00007ffe04110000 - 0x00007ffe0412b000 	C:\WINDOWS\SYSTEM32\kernel.appcore.dll
0x00007ffdbd8e0000 - 0x00007ffdbd8ea000 	C:\Users\perez\.jdks\ms-17.0.18\bin\jimage.dll
0x00007ffdfa000000 - 0x00007ffdfa242000 	C:\WINDOWS\SYSTEM32\DBGHELP.DLL
0x00007ffe07730000 - 0x00007ffe07ab2000 	C:\WINDOWS\System32\combase.dll
0x00007ffe085c0000 - 0x00007ffe08697000 	C:\WINDOWS\System32\OLEAUT32.dll
0x00007ffde8b70000 - 0x00007ffde8bab000 	C:\WINDOWS\SYSTEM32\dbgcore.DLL
0x00007ffe05a50000 - 0x00007ffe05af5000 	C:\WINDOWS\System32\bcryptPrimitives.dll
0x00007ffd0b7b0000 - 0x00007ffd0b7bf000 	C:\Users\perez\.jdks\ms-17.0.18\bin\instrument.dll
0x00007ffd56660000 - 0x00007ffd56686000 	C:\Users\perez\.jdks\ms-17.0.18\bin\java.dll
0x00007ffd0b910000 - 0x00007ffd0b9e6000 	C:\Users\perez\.jdks\ms-17.0.18\bin\jsvml.dll
0x00007ffe07ca0000 - 0x00007ffe083ff000 	C:\WINDOWS\System32\SHELL32.dll
0x00007ffe05b00000 - 0x00007ffe05c6a000 	C:\WINDOWS\System32\wintypes.dll
0x00007ffe05e50000 - 0x00007ffe066b4000 	C:\WINDOWS\System32\windows.storage.dll
0x00007ffe088e0000 - 0x00007ffe089d7000 	C:\WINDOWS\System32\SHCORE.dll
0x00007ffe06fd0000 - 0x00007ffe07037000 	C:\WINDOWS\System32\shlwapi.dll
0x00007ffe052a0000 - 0x00007ffe052c9000 	C:\WINDOWS\SYSTEM32\profapi.dll
0x00007ffd56640000 - 0x00007ffd56658000 	C:\Users\perez\.jdks\ms-17.0.18\bin\zip.dll
0x00007ffd4d5b0000 - 0x00007ffd4d5cb000 	C:\Users\perez\.jdks\ms-17.0.18\bin\net.dll
0x00007ffdfbd20000 - 0x00007ffdfbe47000 	C:\WINDOWS\SYSTEM32\WINHTTP.dll
0x00007ffe04680000 - 0x00007ffe046eb000 	C:\WINDOWS\system32\mswsock.dll
0x00007ffd4d590000 - 0x00007ffd4d5a6000 	C:\Users\perez\.jdks\ms-17.0.18\bin\nio.dll
0x00007ffd9e840000 - 0x00007ffd9e850000 	C:\Users\perez\.jdks\ms-17.0.18\bin\verify.dll
0x00007ffd5cbd0000 - 0x00007ffd5cbf7000 	C:\Users\perez\AndroidStudioProjects\MyApplication\native\1def1411415f61bf3af743bc5b6707747c0891f09f0c88961ee8f79bc544acac\windows-amd64\native-platform.dll
0x00007ffd0b5b0000 - 0x00007ffd0b628000 	C:\Users\perez\AndroidStudioProjects\MyApplication\native\0.2.7\x86_64-windows-gnu\gradle-fileevents.dll
0x00007ffd87de0000 - 0x00007ffd87dea000 	C:\Users\perez\.jdks\ms-17.0.18\bin\management.dll
0x00007ffd87a60000 - 0x00007ffd87a6c000 	C:\Users\perez\.jdks\ms-17.0.18\bin\management_ext.dll
0x00007ffe089f0000 - 0x00007ffe089f8000 	C:\WINDOWS\System32\PSAPI.DLL
0x00007ffe03ae0000 - 0x00007ffe03b13000 	C:\WINDOWS\SYSTEM32\IPHLPAPI.DLL
0x00007ffe087b0000 - 0x00007ffe087ba000 	C:\WINDOWS\System32\NSI.dll
0x00007ffdfcd00000 - 0x00007ffdfcd1d000 	C:\WINDOWS\SYSTEM32\dhcpcsvc6.DLL
0x00007ffdfccd0000 - 0x00007ffdfccf3000 	C:\WINDOWS\SYSTEM32\dhcpcsvc.DLL
0x00007ffe03b40000 - 0x00007ffe03c6a000 	C:\WINDOWS\SYSTEM32\DNSAPI.dll
0x00007ffd80490000 - 0x00007ffd80499000 	C:\Users\perez\.jdks\ms-17.0.18\bin\extnet.dll
0x00007ffe04960000 - 0x00007ffe0497b000 	C:\WINDOWS\SYSTEM32\CRYPTSP.dll
0x00007ffe04070000 - 0x00007ffe040a9000 	C:\WINDOWS\system32\rsaenh.dll
0x00007ffe04730000 - 0x00007ffe04762000 	C:\WINDOWS\SYSTEM32\USERENV.dll
0x00007ffe05270000 - 0x00007ffe0529a000 	C:\WINDOWS\SYSTEM32\bcrypt.dll
0x00007ffe04980000 - 0x00007ffe0498c000 	C:\WINDOWS\SYSTEM32\CRYPTBASE.dll
0x00007ffd0b4c0000 - 0x00007ffd0b4ce000 	C:\Users\perez\.jdks\ms-17.0.18\bin\sunmscapi.dll
0x00007ffe066c0000 - 0x00007ffe06837000 	C:\WINDOWS\System32\CRYPT32.dll
0x00007ffe04b80000 - 0x00007ffe04bb0000 	C:\WINDOWS\SYSTEM32\ncrypt.dll
0x00007ffe04b30000 - 0x00007ffe04b6f000 	C:\WINDOWS\SYSTEM32\NTASN1.dll
0x00007ffdd9d20000 - 0x00007ffdd9d28000 	C:\WINDOWS\system32\wshunix.dll
0x00007ffddd7c0000 - 0x00007ffddd7d8000 	C:\WINDOWS\system32\napinsp.dll
0x00007ffddd460000 - 0x00007ffddd472000 	C:\WINDOWS\System32\winrnr.dll
0x00007ffddd420000 - 0x00007ffddd442000 	C:\WINDOWS\system32\nlansp_c.dll
0x00007ffddd3d0000 - 0x00007ffddd3e6000 	C:\WINDOWS\system32\wshbth.dll
0x00007ffdfccc0000 - 0x00007ffdfcccb000 	C:\Windows\System32\rasadhlp.dll
0x00007ffdfcdc0000 - 0x00007ffdfce46000 	C:\WINDOWS\System32\fwpuclnt.dll
0x00007ffdbfa30000 - 0x00007ffdbfa37000 	C:\Users\perez\.jdks\ms-17.0.18\bin\rmi.dll

dbghelp: loaded successfully - version: 4.0.5 - missing functions: none
symbol engine: initialized successfully - sym options: 0x614 - pdb path: .;C:\Users\perez\.jdks\ms-17.0.18\bin;C:\WINDOWS\SYSTEM32;C:\WINDOWS\WinSxS\amd64_microsoft.windows.common-controls_6595b64144ccf1df_6.0.26100.8037_none_3e092faae333b53b;C:\Users\perez\.jdks\ms-17.0.18\bin\server;C:\Users\perez\AndroidStudioProjects\MyApplication\native\1def1411415f61bf3af743bc5b6707747c0891f09f0c88961ee8f79bc544acac\windows-amd64;C:\Users\perez\AndroidStudioProjects\MyApplication\native\0.2.7\x86_64-windows-gnu

VM Arguments:
jvm_args: --add-opens=java.base/java.lang=ALL-UNNAMED --add-opens=java.base/java.lang.invoke=ALL-UNNAMED --add-opens=java.base/java.util=ALL-UNNAMED --add-opens=java.prefs/java.util.prefs=ALL-UNNAMED --add-exports=jdk.compiler/com.sun.tools.javac.api=ALL-UNNAMED --add-exports=jdk.compiler/com.sun.tools.javac.util=ALL-UNNAMED --add-opens=java.base/java.util=ALL-UNNAMED --add-opens=java.prefs/java.util.prefs=ALL-UNNAMED --add-opens=java.base/java.nio.charset=ALL-UNNAMED --add-opens=java.base/java.net=ALL-UNNAMED --add-opens=java.base/java.util.concurrent.atomic=ALL-UNNAMED --add-opens=java.xml/javax.xml.namespace=ALL-UNNAMED -Xmx2048m -Dfile.encoding=UTF-8 -Duser.country=CO -Duser.language=es -Duser.variant -javaagent:C:\Users\perez\AndroidStudioProjects\MyApplication\wrapper\dists\gradle-8.13-bin\5xuhj0ry160q40clulazy9h7d\gradle-8.13\lib\agents\gradle-instrumentation-agent-8.13.jar 
java_command: org.gradle.launcher.daemon.bootstrap.GradleDaemon 8.13
java_class_path (initial): C:\Users\perez\AndroidStudioProjects\MyApplication\wrapper\dists\gradle-8.13-bin\5xuhj0ry160q40clulazy9h7d\gradle-8.13\lib\gradle-daemon-main-8.13.jar
Launcher Type: SUN_STANDARD

[Global flags]
     intx CICompilerCount                          = 4                                         {product} {ergonomic}
     uint ConcGCThreads                            = 2                                         {product} {ergonomic}
     uint G1ConcRefinementThreads                  = 8                                         {product} {ergonomic}
   size_t G1HeapRegionSize                         = 1048576                                   {product} {ergonomic}
    uintx GCDrainStackTargetSize                   = 64                                        {product} {ergonomic}
   size_t InitialHeapSize                          = 123731968                                 {product} {ergonomic}
   size_t MarkStackSize                            = 4194304                                   {product} {ergonomic}
   size_t MaxHeapSize                              = 2147483648                                {product} {command line}
   size_t MaxNewSize                               = 1287651328                                {product} {ergonomic}
   size_t MinHeapDeltaBytes                        = 1048576                                   {product} {ergonomic}
   size_t MinHeapSize                              = 8388608                                   {product} {ergonomic}
    uintx NonNMethodCodeHeapSize                   = 5839372                                {pd product} {ergonomic}
    uintx NonProfiledCodeHeapSize                  = 122909434                              {pd product} {ergonomic}
    uintx ProfiledCodeHeapSize                     = 122909434                              {pd product} {ergonomic}
    uintx ReservedCodeCacheSize                    = 251658240                              {pd product} {ergonomic}
     bool SegmentedCodeCache                       = true                                      {product} {ergonomic}
   size_t SoftMaxHeapSize                          = 2147483648                             {manageable} {ergonomic}
     bool UseCompressedClassPointers               = true                           {product lp64_product} {ergonomic}
     bool UseCompressedOops                        = true                           {product lp64_product} {ergonomic}
     bool UseG1GC                                  = true                                      {product} {ergonomic}
     bool UseLargePagesIndividualAllocation        = false                                  {pd product} {ergonomic}

Logging:
Log output configuration:
 #0: stdout all=warning uptime,level,tags
 #1: stderr all=off uptime,level,tags

Environment Variables:
PATH=C:\Program Files\dotnet\;C:\ORECLE\dbhomeXE\bin;C:\app\perez\product\21c\dbhomeXE\bin;C:\Program Files\Common Files\Oracle\Java\javapath;C:\Program Files (x86)\Common Files\Oracle\Java\javapath;C:\WINDOWS\system32;C:\WINDOWS;C:\WINDOWS\System32\Wbem;C:\WINDOWS\System32\WindowsPowerShell\v1.0\;C:\WINDOWS\System32\OpenSSH\;C:\Program Files\HP\HP One Agent;C:\Program Files (x86)\Microsoft SQL Server\160\Tools\Binn\;C:\Program Files\Microsoft SQL Server\160\Tools\Binn\;C:\Program Files\Microsoft SQL Server\Client SDK\ODBC\170\Tools\Binn\;C:\Program Files\Microsoft SQL Server\160\DTS\Binn\;C:\Program Files (x86)\Microsoft SQL Server\160\DTS\Binn\;C:\Program Files\Microsoft SQL Server\150\Tools\Binn\;C:\xampp\php;C:\ProgramData\ComposerSetup\bin;C:\flutter\bin;C:\Users\perez\AppData\Local\Android\Sdk\platform-tools;C:\Program Files\Git\cmd;C:\Program Files\nodejs\;C:\WINDOWS\system32;C:\WINDOWS;C:\WINDOWS\System32\Wbem;C:\WINDOWS\System32\WindowsPowerShell\v1.0\;C:\WINDOWS\System32\OpenSSH\;C:\Program Files\ngrok;C:\Program Files\cursor\resources\app\bin;C:\Users\perez\.config\herd\bin\nvm;C:\Program Files\nodejs;C:\Users\perez\.config\herd\bin;C:\Users\perez\AppData\Local\Programs\Python\Python313\Scripts\;C:\Users\perez\AppData\Local\Programs\Python\Python313\;C:\Users\perez\AppData\Local\Programs\oh-my-posh\bin\;C:\Program Files\MySQL\MySQL Shell 8.0\bin\;C:\xampp\php\php.exe;C:\Users\perez\AppData\Local\Programs\Microsoft VS Code\bin;C:\Users\perez\AppData\Roaming\Composer\vendor\bin;C:\Users\perez\AppData\Local\GitHubDesktop\bin;C:\Users\perez\.dotnet\tools;C:\Users\perez\.deno\bin;C:\Users\perez\AppData\Roaming\npm;C:\Users\perez\AppData\Local\Microsoft\WindowsApps;C:\ngrok;C:\Users\perez\AppData\Local\Programs\Antigravity\bin;C:\Users\perez\AppData\Local\Programs\Ollama
USERNAME=perez
OS=Windows_NT
PROCESSOR_IDENTIFIER=AMD64 Family 23 Model 104 Stepping 1, AuthenticAMD
TMP=C:\Users\perez\AppData\Local\Temp
TEMP=C:\Users\perez\AppData\Local\Temp



Periodic native trim disabled


---------------  S Y S T E M  ---------------

OS:
 Windows 11 , 64 bit Build 26100 (10.0.26100.7920)
OS uptime: 0 days 2:04 hours
Hyper-V role detected

CPU: total 8 (initial active 8) (8 cores per cpu, 2 threads per core) family 23 model 104 stepping 1 microcode 0x8608107, cx8, cmov, fxsr, ht, mmx, 3dnowpref, sse, sse2, sse3, ssse3, sse4a, sse4.1, sse4.2, popcnt, lzcnt, tsc, tscinvbit, avx, avx2, aes, clmul, bmi1, bmi2, adx, sha, fma, vzeroupper, clflush, clflushopt, hv
Processor Information for the first 8 processors :
  Max Mhz: 2600, Current Mhz: 2600, Mhz Limit: 2600

Memory: 4k page, system-wide physical 7502M (282M free)
TotalPageFile size 30030M (AvailPageFile size 5M)
current process WorkingSet (physical memory assigned to process): 350M, peak: 422M
current process commit charge ("private bytes"): 632M, peak: 707M

vm_info: OpenJDK 64-Bit Server VM (17.0.18+8-LTS) for windows-amd64 JRE (17.0.18+8-LTS), built on Jan 15 2026 18:50:45 by "MicrosoftCorporation" with MS VC++ 17.14 (VS2022)

END.
