#
# There is insufficient memory for the Java Runtime Environment to continue.
# Native memory allocation (mmap) failed to map 616562688 bytes. Error detail: G1 virtual space
# Possible reasons:
#   The system is out of physical RAM or swap space
#   This process is running with CompressedOops enabled, and the Java Heap may be blocking the growth of the native heap
# Possible solutions:
#   Reduce memory load on the system
#   Increase physical memory or swap space
#   Check if swap backing store is full
#   Decrease Java heap size (-Xmx/-Xms)
#   Decrease number of Java threads
#   Decrease Java thread stack sizes (-Xss)
#   Set larger code cache with -XX:ReservedCodeCacheSize=
#   JVM is running with Unscaled Compressed Oops mode in which the Java heap is
#     placed in the first 4GB address space. The Java Heap base address is the
#     maximum limit for the native heap growth. Please use -XX:HeapBaseMinAddress
#     to set the Java Heap base and to place the Java Heap above 4GB virtual address.
# This output file may be truncated or incomplete.
#
#  Out of Memory Error (os_windows.cpp:3815), pid=1664, tid=21688
#
# JRE version: OpenJDK Runtime Environment (21.0.3) (build 21.0.3+-12282718-b509.11)
# Java VM: OpenJDK 64-Bit Server VM (21.0.3+-12282718-b509.11, mixed mode, tiered, compressed oops, compressed class ptrs, g1 gc, windows-amd64)
# No core dump will be written. Minidumps are not enabled by default on client versions of Windows
#

---------------  S U M M A R Y ------------

Command Line: --add-opens=java.base/java.lang=ALL-UNNAMED --add-opens=java.base/java.lang.invoke=ALL-UNNAMED --add-opens=java.base/java.util=ALL-UNNAMED --add-opens=java.prefs/java.util.prefs=ALL-UNNAMED --add-exports=jdk.compiler/com.sun.tools.javac.api=ALL-UNNAMED --add-exports=jdk.compiler/com.sun.tools.javac.util=ALL-UNNAMED --add-opens=java.base/java.util=ALL-UNNAMED --add-opens=java.prefs/java.util.prefs=ALL-UNNAMED --add-opens=java.base/java.nio.charset=ALL-UNNAMED --add-opens=java.base/java.net=ALL-UNNAMED --add-opens=java.base/java.util.concurrent.atomic=ALL-UNNAMED --add-opens=java.xml/javax.xml.namespace=ALL-UNNAMED -Xmx2048m -Dfile.encoding=UTF-8 -Duser.country=CO -Duser.language=es -Duser.variant -javaagent:C:\Users\perez\AndroidStudioProjects\MyApplication\wrapper\dists\gradle-8.13-bin\5xuhj0ry160q40clulazy9h7d\gradle-8.13\lib\agents\gradle-instrumentation-agent-8.13.jar org.gradle.launcher.daemon.bootstrap.GradleDaemon 8.13

Host: AMD Ryzen 3 5300U with Radeon Graphics         , 8 cores, 7G,  Windows 11 , 64 bit Build 26100 (10.0.26100.7920)
Time: Fri Feb 27 15:58:33 2026 Hora est. Pacífico, Sudamérica elapsed time: 2236.149450 seconds (0d 0h 37m 16s)

---------------  T H R E A D  ---------------

Current thread (0x00000207940719f0):  VMThread "VM Thread"          [id=21688, stack(0x0000002503100000,0x0000002503200000) (1024K)]

Stack: [0x0000002503100000,0x0000002503200000]
Native frames: (J=compiled Java code, j=interpreted, Vv=VM code, C=native code)
V  [jvm.dll+0x6cafb9]
V  [jvm.dll+0x858523]
V  [jvm.dll+0x85aa7e]
V  [jvm.dll+0x85b163]
V  [jvm.dll+0x27d356]
V  [jvm.dll+0x6c7865]
V  [jvm.dll+0x6bbd3a]
V  [jvm.dll+0x35199b]
V  [jvm.dll+0x3595d6]
V  [jvm.dll+0x3aa826]
V  [jvm.dll+0x3aaaf8]
V  [jvm.dll+0x3240bc]
V  [jvm.dll+0x324147]
V  [jvm.dll+0x36a00c]
V  [jvm.dll+0x36879e]
V  [jvm.dll+0x3237c1]
V  [jvm.dll+0x367eb0]
V  [jvm.dll+0x860ac8]
V  [jvm.dll+0x861bc4]
V  [jvm.dll+0x862100]
V  [jvm.dll+0x862393]
V  [jvm.dll+0x800d78]
V  [jvm.dll+0x6c98cd]
C  [ucrtbase.dll+0x37b0]
C  [KERNEL32.DLL+0x2e8d7]
C  [ntdll.dll+0x8c48c]

VM_Operation (0x00000025041ff060): G1CollectForAllocation, mode: safepoint, requested by thread 0x00000207b3a76720


---------------  P R O C E S S  ---------------

Threads class SMR info:
_java_thread_list=0x00000207be7a3870, length=39, elements={
0x0000020794098960, 0x00000207adc2be70, 0x00000207adc2d440, 0x00000207adc162b0,
0x00000207adc146e0, 0x00000207adc2ef30, 0x00000207adc387b0, 0x00000207adc39210,
0x00000207adc477c0, 0x00000207add4d720, 0x00000207adf015d0, 0x00000207b392c270,
0x00000207b3c62f80, 0x00000207b3c0eb80, 0x00000207b3a76720, 0x00000207b3a78160,
0x00000207b3a76db0, 0x00000207b594e300, 0x00000207b594b510, 0x00000207b594f6b0,
0x00000207b5e1bda0, 0x00000207b8c9ae90, 0x00000207b8c9e9a0, 0x00000207b8c9dc80,
0x00000207b8c9d5f0, 0x00000207bef88ef0, 0x00000207c100dd20, 0x00000207c1ce6b00,
0x00000207b6b1db60, 0x00000207b6b1ef10, 0x00000207b6b1f5a0, 0x00000207c7ede7f0,
0x00000207c7edfba0, 0x00000207c7edee80, 0x00000207c7ee0230, 0x00000207c099b410,
0x00000207c099a060, 0x00000207be5b2100, 0x00000207be5b0d50
}

Java Threads: ( => current thread )
  0x0000020794098960 JavaThread "main"                              [_thread_blocked, id=3736, stack(0x0000002502a00000,0x0000002502b00000) (1024K)]
  0x00000207adc2be70 JavaThread "Reference Handler"          daemon [_thread_blocked, id=8900, stack(0x0000002503200000,0x0000002503300000) (1024K)]
  0x00000207adc2d440 JavaThread "Finalizer"                  daemon [_thread_blocked, id=20116, stack(0x0000002503300000,0x0000002503400000) (1024K)]
  0x00000207adc162b0 JavaThread "Signal Dispatcher"          daemon [_thread_blocked, id=32220, stack(0x0000002503400000,0x0000002503500000) (1024K)]
  0x00000207adc146e0 JavaThread "Attach Listener"            daemon [_thread_blocked, id=1572, stack(0x0000002503500000,0x0000002503600000) (1024K)]
  0x00000207adc2ef30 JavaThread "Service Thread"             daemon [_thread_blocked, id=33400, stack(0x0000002503600000,0x0000002503700000) (1024K)]
  0x00000207adc387b0 JavaThread "Monitor Deflation Thread"   daemon [_thread_blocked, id=33096, stack(0x0000002503700000,0x0000002503800000) (1024K)]
  0x00000207adc39210 JavaThread "C2 CompilerThread0"         daemon [_thread_blocked, id=33280, stack(0x0000002503800000,0x0000002503900000) (1024K)]
  0x00000207adc477c0 JavaThread "C1 CompilerThread0"         daemon [_thread_blocked, id=30356, stack(0x0000002503900000,0x0000002503a00000) (1024K)]
  0x00000207add4d720 JavaThread "Common-Cleaner"             daemon [_thread_blocked, id=28092, stack(0x0000002503a00000,0x0000002503b00000) (1024K)]
  0x00000207adf015d0 JavaThread "Notification Thread"        daemon [_thread_blocked, id=26656, stack(0x0000002503b00000,0x0000002503c00000) (1024K)]
  0x00000207b392c270 JavaThread "Daemon health stats"               [_thread_blocked, id=34872, stack(0x0000002503c00000,0x0000002503d00000) (1024K)]
  0x00000207b3c62f80 JavaThread "Incoming local TCP Connector on port 51340"        [_thread_in_native, id=26356, stack(0x0000002504500000,0x0000002504600000) (1024K)]
  0x00000207b3c0eb80 JavaThread "Daemon periodic checks"            [_thread_blocked, id=1864, stack(0x0000002504600000,0x0000002504700000) (1024K)]
  0x00000207b3a76720 JavaThread "Cache worker for journal cache (C:\Users\perez\AndroidStudioProjects\MyApplication\caches\journal-1)"        [_thread_blocked, id=34788, stack(0x0000002504100000,0x0000002504200000) (1024K)]
  0x00000207b3a78160 JavaThread "File lock request listener"        [_thread_in_native, id=12268, stack(0x0000002504f00000,0x0000002505000000) (1024K)]
  0x00000207b3a76db0 JavaThread "Cache worker for file hash cache (C:\Users\perez\AndroidStudioProjects\MyApplication\caches\8.13\fileHashes)"        [_thread_blocked, id=30640, stack(0x0000002505000000,0x0000002505100000) (1024K)]
  0x00000207b594e300 JavaThread "File watcher server"        daemon [_thread_blocked, id=34760, stack(0x0000002505400000,0x0000002505500000) (1024K)]
  0x00000207b594b510 JavaThread "File watcher consumer"      daemon [_thread_blocked, id=2040, stack(0x0000002505500000,0x0000002505600000) (1024K)]
  0x00000207b594f6b0 JavaThread "Cache worker for file content cache (C:\Users\perez\AndroidStudioProjects\MyApplication\caches\8.13\fileContent)"        [_thread_blocked, id=34772, stack(0x0000002505700000,0x0000002505800000) (1024K)]
  0x00000207b5e1bda0 JavaThread "Memory manager"                    [_thread_blocked, id=32428, stack(0x0000002507000000,0x0000002507100000) (1024K)]
  0x00000207b8c9ae90 JavaThread "RMI Scheduler(0)"           daemon [_thread_blocked, id=18992, stack(0x000000250ad00000,0x000000250ae00000) (1024K)]
  0x00000207b8c9e9a0 JavaThread "RMI GC Daemon"              daemon [_thread_blocked, id=33136, stack(0x000000250b800000,0x000000250b900000) (1024K)]
  0x00000207b8c9dc80 JavaThread "RMI TCP Accept-0"           daemon [_thread_in_native, id=33996, stack(0x000000250b900000,0x000000250ba00000) (1024K)]
  0x00000207b8c9d5f0 JavaThread "RMI Reaper"                        [_thread_blocked, id=32080, stack(0x000000250ba00000,0x000000250bb00000) (1024K)]
  0x00000207bef88ef0 JavaThread "Cache worker for Java compile cache (C:\Users\perez\AndroidStudioProjects\MyApplication\caches\8.13\javaCompile)"        [_thread_blocked, id=27588, stack(0x000000250bf00000,0x000000250c000000) (1024K)]
  0x00000207c100dd20 JavaThread "RMI TCP Connection(22)-127.0.0.1" daemon [_thread_in_native, id=31916, stack(0x0000002502800000,0x0000002502900000) (1024K)]
  0x00000207c1ce6b00 JavaThread "Daemon Thread 5"                   [_thread_blocked, id=6544, stack(0x0000002502700000,0x0000002502800000) (1024K)]
  0x00000207b6b1db60 JavaThread "Handler for socket connection from /127.0.0.1:51340 to /127.0.0.1:65218"        [_thread_in_native, id=28456, stack(0x0000002502900000,0x0000002502a00000) (1024K)]
  0x00000207b6b1ef10 JavaThread "Cancel handler"                    [_thread_blocked, id=33184, stack(0x0000002504700000,0x0000002504800000) (1024K)]
  0x00000207b6b1f5a0 JavaThread "Daemon worker Thread 5"            [_thread_blocked, id=16584, stack(0x0000002504800000,0x0000002504900000) (1024K)]
  0x00000207c7ede7f0 JavaThread "Asynchronous log dispatcher for DefaultDaemonConnection: socket connection from /127.0.0.1:51340 to /127.0.0.1:65218"        [_thread_blocked, id=32904, stack(0x0000002504900000,0x0000002504a00000) (1024K)]
  0x00000207c7edfba0 JavaThread "Stdin handler"                     [_thread_blocked, id=35368, stack(0x0000002504a00000,0x0000002504b00000) (1024K)]
  0x00000207c7edee80 JavaThread "Daemon client event forwarder"        [_thread_blocked, id=31472, stack(0x0000002504b00000,0x0000002504c00000) (1024K)]
  0x00000207c7ee0230 JavaThread "Cache worker for file hash cache (C:\Users\perez\Downloads\Movil_chicamocha\MobileApp_UsoChicamocha\.gradle\8.13\fileHashes)"        [_thread_blocked, id=11096, stack(0x0000002504c00000,0x0000002504d00000) (1024K)]
  0x00000207c099b410 JavaThread "Cache worker for Build Output Cleanup Cache (C:\Users\perez\Downloads\Movil_chicamocha\MobileApp_UsoChicamocha\.gradle\buildOutputCleanup)"        [_thread_blocked, id=27220, stack(0x0000002504d00000,0x0000002504e00000) (1024K)]
  0x00000207c099a060 JavaThread "Cache worker for checksums cache (C:\Users\perez\Downloads\Movil_chicamocha\MobileApp_UsoChicamocha\.gradle\8.13\checksums)"        [_thread_blocked, id=32696, stack(0x0000002505100000,0x0000002505200000) (1024K)]
  0x00000207be5b2100 JavaThread "Cache worker for cache directory md-supplier (C:\Users\perez\AndroidStudioProjects\MyApplication\caches\8.13\md-supplier)"        [_thread_blocked, id=34108, stack(0x0000002505200000,0x0000002505300000) (1024K)]
  0x00000207be5b0d50 JavaThread "Cache worker for cache directory md-rule (C:\Users\perez\AndroidStudioProjects\MyApplication\caches\8.13\md-rule)"        [_thread_blocked, id=35424, stack(0x0000002505300000,0x0000002505400000) (1024K)]
Total: 39

Other Threads:
=>0x00000207940719f0 VMThread "VM Thread"                           [id=21688, stack(0x0000002503100000,0x0000002503200000) (1024K)]
  0x00000207ad9e95b0 WatcherThread "VM Periodic Task Thread"        [id=14012, stack(0x0000002503000000,0x0000002503100000) (1024K)]
  0x00000207940707d0 WorkerThread "GC Thread#0"                     [id=25336, stack(0x0000002502b00000,0x0000002502c00000) (1024K)]
  0x0000020794070b70 WorkerThread "GC Thread#1"                     [id=2760, stack(0x0000002503d00000,0x0000002503e00000) (1024K)]
  0x00000207940712b0 WorkerThread "GC Thread#2"                     [id=31500, stack(0x0000002503e00000,0x0000002503f00000) (1024K)]
  0x00000207b23c8400 WorkerThread "GC Thread#3"                     [id=25992, stack(0x0000002503f00000,0x0000002504000000) (1024K)]
  0x00000207b23c99c0 WorkerThread "GC Thread#4"                     [id=32552, stack(0x0000002504000000,0x0000002504100000) (1024K)]
  0x00000207b23c8ee0 WorkerThread "GC Thread#5"                     [id=31884, stack(0x0000002504200000,0x0000002504300000) (1024K)]
  0x00000207b23c6360 WorkerThread "GC Thread#6"                     [id=20464, stack(0x0000002504300000,0x0000002504400000) (1024K)]
  0x00000207b23c5fc0 WorkerThread "GC Thread#7"                     [id=33644, stack(0x0000002504400000,0x0000002504500000) (1024K)]
  0x00000207943c5f10 ConcurrentGCThread "G1 Main Marker"            [id=32748, stack(0x0000002502c00000,0x0000002502d00000) (1024K)]
  0x0000020794070f10 WorkerThread "G1 Conc#0"                       [id=29924, stack(0x0000002502d00000,0x0000002502e00000) (1024K)]
  0x00000207b23c7cc0 WorkerThread "G1 Conc#1"                       [id=25736, stack(0x0000002504e00000,0x0000002504f00000) (1024K)]
  0x00000207ad89e140 ConcurrentGCThread "G1 Refine#0"               [id=4952, stack(0x0000002502e00000,0x0000002502f00000) (1024K)]
  0x00000207ad89ea60 ConcurrentGCThread "G1 Service"                [id=9508, stack(0x0000002502f00000,0x0000002503000000) (1024K)]
Total: 15

Threads with active compile tasks:
Total: 0

VM state: at safepoint (normal execution)

VM Mutex/Monitor currently owned by a thread:  ([mutex/lock_event])
[0x00007ffa7b6220c8] Threads_lock - owner thread: 0x00000207940719f0
[0x00007ffa7b6221c8] Heap_lock - owner thread: 0x00000207b3a76720

Heap address: 0x0000000080000000, size: 2048 MB, Compressed Oops mode: 32-bit

CDS archive(s) not mapped
Compressed class space mapped at: 0x0000000100000000-0x0000000140000000, reserved size: 1073741824
Narrow klass base: 0x0000000000000000, Narrow klass shift: 3, Narrow klass range: 0x140000000

GC Precious Log:
 CardTable entry size: 512
 Card Set container configuration: InlinePtr #cards 5 size 8 Array Of Cards #cards 12 size 40 Howl #buckets 4 coarsen threshold 1843 Howl Bitmap #cards 512 size 80 coarsen threshold 460 Card regions per heap region 1 cards per card region 2048
 CPUs: 8 total, 8 available
 Memory: 7502M
 Large Page Support: Disabled
 NUMA Support: Disabled
 Compressed Oops: Enabled (32-bit)
 Heap Region Size: 1M
 Heap Min Capacity: 8M
 Heap Initial Capacity: 118M
 Heap Max Capacity: 2G
 Pre-touch: Disabled
 Parallel Workers: 8
 Concurrent Workers: 2
 Concurrent Refinement Workers: 8
 Periodic GC: Disabled

Heap:
 garbage-first heap   total 592896K, used 280960K [0x0000000080000000, 0x0000000100000000)
  region size 1024K, 6 young (6144K), 6 survivors (6144K)
 Metaspace       used 269843K, committed 271552K, reserved 1310720K
  class space    used 34458K, committed 35264K, reserved 1048576K

Heap Regions: E=young(eden), S=young(survivor), O=old, HS=humongous(starts), HC=humongous(continues), CS=collection set, F=free, TAMS=top-at-mark-start, PB=parsable bottom
|   0|0x0000000080000000, 0x0000000080100000, 0x0000000080100000|100%|HS|  |TAMS 0x0000000080000000| PB 0x0000000080000000| Complete 
|   1|0x0000000080100000, 0x0000000080200000, 0x0000000080200000|100%|HC|  |TAMS 0x0000000080100000| PB 0x0000000080100000| Complete 
|   2|0x0000000080200000, 0x0000000080300000, 0x0000000080300000|100%|HC|  |TAMS 0x0000000080200000| PB 0x0000000080200000| Complete 
|   3|0x0000000080300000, 0x0000000080400000, 0x0000000080400000|100%| O|  |TAMS 0x0000000080300000| PB 0x0000000080300000| Untracked 
|   4|0x0000000080400000, 0x0000000080500000, 0x0000000080500000|100%| O|  |TAMS 0x0000000080400000| PB 0x0000000080400000| Untracked 
|   5|0x0000000080500000, 0x0000000080600000, 0x0000000080600000|100%| O|  |TAMS 0x0000000080500000| PB 0x0000000080500000| Untracked 
|   6|0x0000000080600000, 0x0000000080700000, 0x0000000080700000|100%|HS|  |TAMS 0x0000000080600000| PB 0x0000000080600000| Complete 
|   7|0x0000000080700000, 0x0000000080800000, 0x0000000080800000|100%| O|  |TAMS 0x0000000080700000| PB 0x0000000080700000| Untracked 
|   8|0x0000000080800000, 0x0000000080900000, 0x0000000080900000|100%| O|  |TAMS 0x0000000080800000| PB 0x0000000080800000| Untracked 
|   9|0x0000000080900000, 0x0000000080a00000, 0x0000000080a00000|100%| O|  |TAMS 0x0000000080900000| PB 0x0000000080900000| Untracked 
|  10|0x0000000080a00000, 0x0000000080b00000, 0x0000000080b00000|100%| O|  |TAMS 0x0000000080a00000| PB 0x0000000080a00000| Untracked 
|  11|0x0000000080b00000, 0x0000000080c00000, 0x0000000080c00000|100%| O|  |TAMS 0x0000000080b00000| PB 0x0000000080b00000| Untracked 
|  12|0x0000000080c00000, 0x0000000080d00000, 0x0000000080d00000|100%| O|  |TAMS 0x0000000080c00000| PB 0x0000000080c00000| Untracked 
|  13|0x0000000080d00000, 0x0000000080e00000, 0x0000000080e00000|100%| O|  |TAMS 0x0000000080d00000| PB 0x0000000080d00000| Untracked 
|  14|0x0000000080e00000, 0x0000000080f00000, 0x0000000080f00000|100%| O|  |TAMS 0x0000000080e00000| PB 0x0000000080e00000| Untracked 
|  15|0x0000000080f00000, 0x0000000081000000, 0x0000000081000000|100%| O|  |TAMS 0x0000000080f00000| PB 0x0000000080f00000| Untracked 
|  16|0x0000000081000000, 0x0000000081100000, 0x0000000081100000|100%| O|  |TAMS 0x0000000081000000| PB 0x0000000081000000| Untracked 
|  17|0x0000000081100000, 0x0000000081200000, 0x0000000081200000|100%| O|  |TAMS 0x0000000081100000| PB 0x0000000081100000| Untracked 
|  18|0x0000000081200000, 0x0000000081300000, 0x0000000081300000|100%| O|  |TAMS 0x0000000081200000| PB 0x0000000081200000| Untracked 
|  19|0x0000000081300000, 0x0000000081400000, 0x0000000081400000|100%| O|  |TAMS 0x0000000081300000| PB 0x0000000081300000| Untracked 
|  20|0x0000000081400000, 0x0000000081500000, 0x0000000081500000|100%| O|  |TAMS 0x0000000081400000| PB 0x0000000081400000| Untracked 
|  21|0x0000000081500000, 0x0000000081600000, 0x0000000081600000|100%| O|  |TAMS 0x0000000081500000| PB 0x0000000081500000| Untracked 
|  22|0x0000000081600000, 0x0000000081700000, 0x0000000081700000|100%| O|  |TAMS 0x0000000081600000| PB 0x0000000081600000| Untracked 
|  23|0x0000000081700000, 0x0000000081800000, 0x0000000081800000|100%| O|  |TAMS 0x0000000081700000| PB 0x0000000081700000| Untracked 
|  24|0x0000000081800000, 0x0000000081900000, 0x0000000081900000|100%| O|  |TAMS 0x0000000081800000| PB 0x0000000081800000| Untracked 
|  25|0x0000000081900000, 0x0000000081a00000, 0x0000000081a00000|100%| O|  |TAMS 0x0000000081900000| PB 0x0000000081900000| Untracked 
|  26|0x0000000081a00000, 0x0000000081b00000, 0x0000000081b00000|100%| O|  |TAMS 0x0000000081a00000| PB 0x0000000081a00000| Untracked 
|  27|0x0000000081b00000, 0x0000000081c00000, 0x0000000081c00000|100%| O|  |TAMS 0x0000000081b00000| PB 0x0000000081b00000| Untracked 
|  28|0x0000000081c00000, 0x0000000081d00000, 0x0000000081d00000|100%| O|  |TAMS 0x0000000081c00000| PB 0x0000000081c00000| Untracked 
|  29|0x0000000081d00000, 0x0000000081e00000, 0x0000000081e00000|100%| O|  |TAMS 0x0000000081d00000| PB 0x0000000081d00000| Untracked 
|  30|0x0000000081e00000, 0x0000000081f00000, 0x0000000081f00000|100%| O|  |TAMS 0x0000000081e00000| PB 0x0000000081e00000| Untracked 
|  31|0x0000000081f00000, 0x0000000082000000, 0x0000000082000000|100%| O|  |TAMS 0x0000000081f00000| PB 0x0000000081f00000| Untracked 
|  32|0x0000000082000000, 0x0000000082100000, 0x0000000082100000|100%| O|  |TAMS 0x0000000082000000| PB 0x0000000082000000| Untracked 
|  33|0x0000000082100000, 0x0000000082200000, 0x0000000082200000|100%| O|  |TAMS 0x0000000082100000| PB 0x0000000082100000| Untracked 
|  34|0x0000000082200000, 0x0000000082300000, 0x0000000082300000|100%| O|  |TAMS 0x0000000082200000| PB 0x0000000082200000| Untracked 
|  35|0x0000000082300000, 0x0000000082400000, 0x0000000082400000|100%| O|  |TAMS 0x0000000082300000| PB 0x0000000082300000| Untracked 
|  36|0x0000000082400000, 0x0000000082500000, 0x0000000082500000|100%| O|  |TAMS 0x0000000082400000| PB 0x0000000082400000| Untracked 
|  37|0x0000000082500000, 0x0000000082600000, 0x0000000082600000|100%| O|  |TAMS 0x0000000082500000| PB 0x0000000082500000| Untracked 
|  38|0x0000000082600000, 0x0000000082700000, 0x0000000082700000|100%| O|  |TAMS 0x0000000082600000| PB 0x0000000082600000| Untracked 
|  39|0x0000000082700000, 0x0000000082800000, 0x0000000082800000|100%| O|  |TAMS 0x0000000082700000| PB 0x0000000082700000| Untracked 
|  40|0x0000000082800000, 0x0000000082900000, 0x0000000082900000|100%| O|  |TAMS 0x0000000082800000| PB 0x0000000082800000| Untracked 
|  41|0x0000000082900000, 0x0000000082a00000, 0x0000000082a00000|100%| O|  |TAMS 0x0000000082900000| PB 0x0000000082900000| Untracked 
|  42|0x0000000082a00000, 0x0000000082b00000, 0x0000000082b00000|100%| O|  |TAMS 0x0000000082a00000| PB 0x0000000082a00000| Untracked 
|  43|0x0000000082b00000, 0x0000000082c00000, 0x0000000082c00000|100%| O|  |TAMS 0x0000000082b00000| PB 0x0000000082b00000| Untracked 
|  44|0x0000000082c00000, 0x0000000082d00000, 0x0000000082d00000|100%| O|  |TAMS 0x0000000082c00000| PB 0x0000000082c00000| Untracked 
|  45|0x0000000082d00000, 0x0000000082e00000, 0x0000000082e00000|100%| O|  |TAMS 0x0000000082d00000| PB 0x0000000082d00000| Untracked 
|  46|0x0000000082e00000, 0x0000000082f00000, 0x0000000082f00000|100%| O|  |TAMS 0x0000000082e00000| PB 0x0000000082e00000| Untracked 
|  47|0x0000000082f00000, 0x0000000082f00000, 0x0000000083000000|  0%| F|  |TAMS 0x0000000082f00000| PB 0x0000000082f00000| Untracked 
|  48|0x0000000083000000, 0x0000000083100000, 0x0000000083100000|100%| O|  |TAMS 0x0000000083000000| PB 0x0000000083000000| Untracked 
|  49|0x0000000083100000, 0x0000000083200000, 0x0000000083200000|100%|HS|  |TAMS 0x0000000083100000| PB 0x0000000083100000| Complete 
|  50|0x0000000083200000, 0x0000000083300000, 0x0000000083300000|100%|HS|  |TAMS 0x0000000083200000| PB 0x0000000083200000| Complete 
|  51|0x0000000083300000, 0x0000000083400000, 0x0000000083400000|100%|HS|  |TAMS 0x0000000083300000| PB 0x0000000083300000| Complete 
|  52|0x0000000083400000, 0x0000000083500000, 0x0000000083500000|100%|HC|  |TAMS 0x0000000083400000| PB 0x0000000083400000| Complete 
|  53|0x0000000083500000, 0x0000000083600000, 0x0000000083600000|100%|HS|  |TAMS 0x0000000083500000| PB 0x0000000083500000| Complete 
|  54|0x0000000083600000, 0x0000000083700000, 0x0000000083700000|100%|HC|  |TAMS 0x0000000083600000| PB 0x0000000083600000| Complete 
|  55|0x0000000083700000, 0x0000000083800000, 0x0000000083800000|100%|HS|  |TAMS 0x0000000083700000| PB 0x0000000083700000| Complete 
|  56|0x0000000083800000, 0x0000000083900000, 0x0000000083900000|100%|HS|  |TAMS 0x0000000083800000| PB 0x0000000083800000| Complete 
|  57|0x0000000083900000, 0x0000000083a00000, 0x0000000083a00000|100%|HC|  |TAMS 0x0000000083900000| PB 0x0000000083900000| Complete 
|  58|0x0000000083a00000, 0x0000000083b00000, 0x0000000083b00000|100%|HC|  |TAMS 0x0000000083a00000| PB 0x0000000083a00000| Complete 
|  59|0x0000000083b00000, 0x0000000083c00000, 0x0000000083c00000|100%|HS|  |TAMS 0x0000000083b00000| PB 0x0000000083b00000| Complete 
|  60|0x0000000083c00000, 0x0000000083d00000, 0x0000000083d00000|100%|HS|  |TAMS 0x0000000083c00000| PB 0x0000000083c00000| Complete 
|  61|0x0000000083d00000, 0x0000000083e00000, 0x0000000083e00000|100%|HS|  |TAMS 0x0000000083d00000| PB 0x0000000083d00000| Complete 
|  62|0x0000000083e00000, 0x0000000083f00000, 0x0000000083f00000|100%| O|  |TAMS 0x0000000083e00000| PB 0x0000000083e00000| Untracked 
|  63|0x0000000083f00000, 0x0000000084000000, 0x0000000084000000|100%| O|  |TAMS 0x0000000083f00000| PB 0x0000000083f00000| Untracked 
|  64|0x0000000084000000, 0x0000000084100000, 0x0000000084100000|100%| O|  |TAMS 0x0000000084000000| PB 0x0000000084000000| Untracked 
|  65|0x0000000084100000, 0x0000000084200000, 0x0000000084200000|100%| O|  |TAMS 0x0000000084100000| PB 0x0000000084100000| Untracked 
|  66|0x0000000084200000, 0x0000000084300000, 0x0000000084300000|100%| O|  |TAMS 0x0000000084200000| PB 0x0000000084200000| Untracked 
|  67|0x0000000084300000, 0x0000000084400000, 0x0000000084400000|100%| O|  |TAMS 0x0000000084300000| PB 0x0000000084300000| Untracked 
|  68|0x0000000084400000, 0x0000000084500000, 0x0000000084500000|100%| O|  |TAMS 0x0000000084400000| PB 0x0000000084400000| Untracked 
|  69|0x0000000084500000, 0x0000000084600000, 0x0000000084600000|100%|HS|  |TAMS 0x0000000084500000| PB 0x0000000084500000| Complete 
|  70|0x0000000084600000, 0x0000000084700000, 0x0000000084700000|100%| O|  |TAMS 0x0000000084600000| PB 0x0000000084600000| Untracked 
|  71|0x0000000084700000, 0x0000000084800000, 0x0000000084800000|100%| O|  |TAMS 0x0000000084700000| PB 0x0000000084700000| Untracked 
|  72|0x0000000084800000, 0x0000000084900000, 0x0000000084900000|100%| O|  |TAMS 0x0000000084800000| PB 0x0000000084800000| Untracked 
|  73|0x0000000084900000, 0x0000000084a00000, 0x0000000084a00000|100%| O|  |TAMS 0x0000000084900000| PB 0x0000000084900000| Untracked 
|  74|0x0000000084a00000, 0x0000000084b00000, 0x0000000084b00000|100%|HS|  |TAMS 0x0000000084a00000| PB 0x0000000084a00000| Complete 
|  75|0x0000000084b00000, 0x0000000084c00000, 0x0000000084c00000|100%|HC|  |TAMS 0x0000000084b00000| PB 0x0000000084b00000| Complete 
|  76|0x0000000084c00000, 0x0000000084d00000, 0x0000000084d00000|100%|HC|  |TAMS 0x0000000084c00000| PB 0x0000000084c00000| Complete 
|  77|0x0000000084d00000, 0x0000000084e00000, 0x0000000084e00000|100%| O|  |TAMS 0x0000000084d00000| PB 0x0000000084d00000| Untracked 
|  78|0x0000000084e00000, 0x0000000084f00000, 0x0000000084f00000|100%| O|  |TAMS 0x0000000084e00000| PB 0x0000000084e00000| Untracked 
|  79|0x0000000084f00000, 0x0000000085000000, 0x0000000085000000|100%| O|  |TAMS 0x0000000084f00000| PB 0x0000000084f00000| Untracked 
|  80|0x0000000085000000, 0x0000000085100000, 0x0000000085100000|100%| O|  |TAMS 0x0000000085000000| PB 0x0000000085000000| Untracked 
|  81|0x0000000085100000, 0x0000000085200000, 0x0000000085200000|100%| O|  |TAMS 0x0000000085100000| PB 0x0000000085100000| Untracked 
|  82|0x0000000085200000, 0x0000000085300000, 0x0000000085300000|100%| O|  |TAMS 0x0000000085200000| PB 0x0000000085200000| Untracked 
|  83|0x0000000085300000, 0x0000000085400000, 0x0000000085400000|100%| O|  |TAMS 0x0000000085300000| PB 0x0000000085300000| Untracked 
|  84|0x0000000085400000, 0x0000000085500000, 0x0000000085500000|100%| O|  |TAMS 0x0000000085400000| PB 0x0000000085400000| Untracked 
|  85|0x0000000085500000, 0x0000000085600000, 0x0000000085600000|100%| O|  |TAMS 0x0000000085500000| PB 0x0000000085500000| Untracked 
|  86|0x0000000085600000, 0x0000000085700000, 0x0000000085700000|100%| O|  |TAMS 0x0000000085600000| PB 0x0000000085600000| Untracked 
|  87|0x0000000085700000, 0x0000000085800000, 0x0000000085800000|100%| O|  |TAMS 0x0000000085700000| PB 0x0000000085700000| Untracked 
|  88|0x0000000085800000, 0x0000000085900000, 0x0000000085900000|100%| O|  |TAMS 0x0000000085800000| PB 0x0000000085800000| Untracked 
|  89|0x0000000085900000, 0x0000000085a00000, 0x0000000085a00000|100%| O|  |TAMS 0x0000000085900000| PB 0x0000000085900000| Untracked 
|  90|0x0000000085a00000, 0x0000000085b00000, 0x0000000085b00000|100%| O|  |TAMS 0x0000000085a00000| PB 0x0000000085a00000| Untracked 
|  91|0x0000000085b00000, 0x0000000085c00000, 0x0000000085c00000|100%| O|  |TAMS 0x0000000085b00000| PB 0x0000000085b00000| Untracked 
|  92|0x0000000085c00000, 0x0000000085d00000, 0x0000000085d00000|100%| O|  |TAMS 0x0000000085c00000| PB 0x0000000085c00000| Untracked 
|  93|0x0000000085d00000, 0x0000000085e00000, 0x0000000085e00000|100%| O|  |TAMS 0x0000000085d00000| PB 0x0000000085d00000| Untracked 
|  94|0x0000000085e00000, 0x0000000085f00000, 0x0000000085f00000|100%| O|  |TAMS 0x0000000085e00000| PB 0x0000000085e00000| Untracked 
|  95|0x0000000085f00000, 0x0000000086000000, 0x0000000086000000|100%| O|  |TAMS 0x0000000085f00000| PB 0x0000000085f00000| Untracked 
|  96|0x0000000086000000, 0x0000000086100000, 0x0000000086100000|100%| O|  |TAMS 0x0000000086000000| PB 0x0000000086000000| Untracked 
|  97|0x0000000086100000, 0x0000000086200000, 0x0000000086200000|100%| O|  |TAMS 0x0000000086100000| PB 0x0000000086100000| Untracked 
|  98|0x0000000086200000, 0x0000000086300000, 0x0000000086300000|100%| O|  |TAMS 0x0000000086200000| PB 0x0000000086200000| Untracked 
|  99|0x0000000086300000, 0x0000000086400000, 0x0000000086400000|100%| O|  |TAMS 0x0000000086300000| PB 0x0000000086300000| Untracked 
| 100|0x0000000086400000, 0x0000000086500000, 0x0000000086500000|100%| O|  |TAMS 0x0000000086400000| PB 0x0000000086400000| Untracked 
| 101|0x0000000086500000, 0x0000000086600000, 0x0000000086600000|100%| O|  |TAMS 0x0000000086500000| PB 0x0000000086500000| Untracked 
| 102|0x0000000086600000, 0x0000000086700000, 0x0000000086700000|100%| O|  |TAMS 0x0000000086600000| PB 0x0000000086600000| Untracked 
| 103|0x0000000086700000, 0x0000000086800000, 0x0000000086800000|100%| O|  |TAMS 0x0000000086700000| PB 0x0000000086700000| Untracked 
| 104|0x0000000086800000, 0x0000000086900000, 0x0000000086900000|100%| O|  |TAMS 0x0000000086800000| PB 0x0000000086800000| Untracked 
| 105|0x0000000086900000, 0x0000000086a00000, 0x0000000086a00000|100%| O|  |TAMS 0x0000000086900000| PB 0x0000000086900000| Untracked 
| 106|0x0000000086a00000, 0x0000000086b00000, 0x0000000086b00000|100%| O|  |TAMS 0x0000000086a00000| PB 0x0000000086a00000| Untracked 
| 107|0x0000000086b00000, 0x0000000086c00000, 0x0000000086c00000|100%| O|  |TAMS 0x0000000086b00000| PB 0x0000000086b00000| Untracked 
| 108|0x0000000086c00000, 0x0000000086d00000, 0x0000000086d00000|100%| O|  |TAMS 0x0000000086c00000| PB 0x0000000086c00000| Untracked 
| 109|0x0000000086d00000, 0x0000000086e00000, 0x0000000086e00000|100%| O|  |TAMS 0x0000000086d00000| PB 0x0000000086d00000| Untracked 
| 110|0x0000000086e00000, 0x0000000086f00000, 0x0000000086f00000|100%| O|  |TAMS 0x0000000086e00000| PB 0x0000000086e00000| Untracked 
| 111|0x0000000086f00000, 0x0000000087000000, 0x0000000087000000|100%| O|  |TAMS 0x0000000086f00000| PB 0x0000000086f00000| Untracked 
| 112|0x0000000087000000, 0x0000000087100000, 0x0000000087100000|100%| O|  |TAMS 0x0000000087000000| PB 0x0000000087000000| Untracked 
| 113|0x0000000087100000, 0x0000000087200000, 0x0000000087200000|100%| O|  |TAMS 0x0000000087100000| PB 0x0000000087100000| Untracked 
| 114|0x0000000087200000, 0x0000000087300000, 0x0000000087300000|100%| O|  |TAMS 0x0000000087200000| PB 0x0000000087200000| Untracked 
| 115|0x0000000087300000, 0x0000000087400000, 0x0000000087400000|100%| O|  |TAMS 0x0000000087300000| PB 0x0000000087300000| Untracked 
| 116|0x0000000087400000, 0x0000000087500000, 0x0000000087500000|100%| O|  |TAMS 0x0000000087400000| PB 0x0000000087400000| Untracked 
| 117|0x0000000087500000, 0x0000000087500000, 0x0000000087600000|  0%| F|  |TAMS 0x0000000087500000| PB 0x0000000087500000| Untracked 
| 118|0x0000000087600000, 0x0000000087700000, 0x0000000087700000|100%| O|  |TAMS 0x0000000087600000| PB 0x0000000087600000| Untracked 
| 119|0x0000000087700000, 0x0000000087800000, 0x0000000087800000|100%| O|  |TAMS 0x0000000087700000| PB 0x0000000087700000| Untracked 
| 120|0x0000000087800000, 0x0000000087900000, 0x0000000087900000|100%|HS|  |TAMS 0x0000000087800000| PB 0x0000000087800000| Complete 
| 121|0x0000000087900000, 0x0000000087a00000, 0x0000000087a00000|100%|HC|  |TAMS 0x0000000087900000| PB 0x0000000087900000| Complete 
| 122|0x0000000087a00000, 0x0000000087b00000, 0x0000000087b00000|100%| O|  |TAMS 0x0000000087a00000| PB 0x0000000087a00000| Untracked 
| 123|0x0000000087b00000, 0x0000000087c00000, 0x0000000087c00000|100%| O|  |TAMS 0x0000000087b00000| PB 0x0000000087b00000| Untracked 
| 124|0x0000000087c00000, 0x0000000087d00000, 0x0000000087d00000|100%|HS|  |TAMS 0x0000000087c00000| PB 0x0000000087c00000| Complete 
| 125|0x0000000087d00000, 0x0000000087d00000, 0x0000000087e00000|  0%| F|  |TAMS 0x0000000087d00000| PB 0x0000000087d00000| Untracked 
| 126|0x0000000087e00000, 0x0000000087f00000, 0x0000000087f00000|100%| O|  |TAMS 0x0000000087e00000| PB 0x0000000087e00000| Untracked 
| 127|0x0000000087f00000, 0x0000000088000000, 0x0000000088000000|100%| O|  |TAMS 0x0000000087f00000| PB 0x0000000087f00000| Untracked 
| 128|0x0000000088000000, 0x0000000088100000, 0x0000000088100000|100%| O|  |TAMS 0x0000000088000000| PB 0x0000000088000000| Untracked 
| 129|0x0000000088100000, 0x0000000088200000, 0x0000000088200000|100%| O|  |TAMS 0x0000000088100000| PB 0x0000000088100000| Untracked 
| 130|0x0000000088200000, 0x0000000088300000, 0x0000000088300000|100%| O|  |TAMS 0x0000000088200000| PB 0x0000000088200000| Untracked 
| 131|0x0000000088300000, 0x0000000088400000, 0x0000000088400000|100%| O|  |TAMS 0x0000000088300000| PB 0x0000000088300000| Untracked 
| 132|0x0000000088400000, 0x0000000088500000, 0x0000000088500000|100%| O|  |TAMS 0x0000000088400000| PB 0x0000000088400000| Untracked 
| 133|0x0000000088500000, 0x0000000088500000, 0x0000000088600000|  0%| F|  |TAMS 0x0000000088500000| PB 0x0000000088500000| Untracked 
| 134|0x0000000088600000, 0x0000000088700000, 0x0000000088700000|100%| O|  |TAMS 0x0000000088600000| PB 0x0000000088600000| Untracked 
| 135|0x0000000088700000, 0x0000000088800000, 0x0000000088800000|100%| O|  |TAMS 0x0000000088700000| PB 0x0000000088700000| Untracked 
| 136|0x0000000088800000, 0x0000000088900000, 0x0000000088900000|100%| O|  |TAMS 0x0000000088800000| PB 0x0000000088800000| Untracked 
| 137|0x0000000088900000, 0x0000000088a00000, 0x0000000088a00000|100%| O|  |TAMS 0x0000000088900000| PB 0x0000000088900000| Untracked 
| 138|0x0000000088a00000, 0x0000000088b00000, 0x0000000088b00000|100%| O|  |TAMS 0x0000000088a00000| PB 0x0000000088a00000| Untracked 
| 139|0x0000000088b00000, 0x0000000088c00000, 0x0000000088c00000|100%| O|  |TAMS 0x0000000088b00000| PB 0x0000000088b00000| Untracked 
| 140|0x0000000088c00000, 0x0000000088d00000, 0x0000000088d00000|100%| O|  |TAMS 0x0000000088c00000| PB 0x0000000088c00000| Untracked 
| 141|0x0000000088d00000, 0x0000000088e00000, 0x0000000088e00000|100%| O|  |TAMS 0x0000000088d00000| PB 0x0000000088d00000| Untracked 
| 142|0x0000000088e00000, 0x0000000088f00000, 0x0000000088f00000|100%|HS|  |TAMS 0x0000000088e00000| PB 0x0000000088e00000| Complete 
| 143|0x0000000088f00000, 0x0000000089000000, 0x0000000089000000|100%|HC|  |TAMS 0x0000000088f00000| PB 0x0000000088f00000| Complete 
| 144|0x0000000089000000, 0x0000000089100000, 0x0000000089100000|100%| O|  |TAMS 0x0000000089000000| PB 0x0000000089000000| Untracked 
| 145|0x0000000089100000, 0x0000000089200000, 0x0000000089200000|100%| O|  |TAMS 0x0000000089100000| PB 0x0000000089100000| Untracked 
| 146|0x0000000089200000, 0x0000000089300000, 0x0000000089300000|100%|HS|  |TAMS 0x0000000089200000| PB 0x0000000089200000| Complete 
| 147|0x0000000089300000, 0x0000000089400000, 0x0000000089400000|100%|HC|  |TAMS 0x0000000089300000| PB 0x0000000089300000| Complete 
| 148|0x0000000089400000, 0x0000000089500000, 0x0000000089500000|100%| O|  |TAMS 0x0000000089400000| PB 0x0000000089400000| Untracked 
| 149|0x0000000089500000, 0x0000000089600000, 0x0000000089600000|100%| O|  |TAMS 0x0000000089500000| PB 0x0000000089500000| Untracked 
| 150|0x0000000089600000, 0x0000000089700000, 0x0000000089700000|100%| O|  |TAMS 0x0000000089600000| PB 0x0000000089600000| Untracked 
| 151|0x0000000089700000, 0x0000000089800000, 0x0000000089800000|100%| O|  |TAMS 0x0000000089700000| PB 0x0000000089700000| Untracked 
| 152|0x0000000089800000, 0x0000000089900000, 0x0000000089900000|100%| O|  |TAMS 0x0000000089800000| PB 0x0000000089800000| Untracked 
| 153|0x0000000089900000, 0x0000000089a00000, 0x0000000089a00000|100%| O|  |TAMS 0x0000000089900000| PB 0x0000000089900000| Untracked 
| 154|0x0000000089a00000, 0x0000000089b00000, 0x0000000089b00000|100%| O|  |TAMS 0x0000000089a00000| PB 0x0000000089a00000| Untracked 
| 155|0x0000000089b00000, 0x0000000089c00000, 0x0000000089c00000|100%| O|  |TAMS 0x0000000089b00000| PB 0x0000000089b00000| Untracked 
| 156|0x0000000089c00000, 0x0000000089d00000, 0x0000000089d00000|100%| O|  |TAMS 0x0000000089c00000| PB 0x0000000089c00000| Untracked 
| 157|0x0000000089d00000, 0x0000000089e00000, 0x0000000089e00000|100%| O|  |TAMS 0x0000000089d00000| PB 0x0000000089d00000| Untracked 
| 158|0x0000000089e00000, 0x0000000089f00000, 0x0000000089f00000|100%| O|  |TAMS 0x0000000089e00000| PB 0x0000000089e00000| Untracked 
| 159|0x0000000089f00000, 0x000000008a000000, 0x000000008a000000|100%| O|  |TAMS 0x0000000089f00000| PB 0x0000000089f00000| Untracked 
| 160|0x000000008a000000, 0x000000008a100000, 0x000000008a100000|100%| O|  |TAMS 0x000000008a000000| PB 0x000000008a000000| Untracked 
| 161|0x000000008a100000, 0x000000008a200000, 0x000000008a200000|100%| O|  |TAMS 0x000000008a100000| PB 0x000000008a100000| Untracked 
| 162|0x000000008a200000, 0x000000008a200000, 0x000000008a300000|  0%| F|  |TAMS 0x000000008a200000| PB 0x000000008a200000| Untracked 
| 163|0x000000008a300000, 0x000000008a400000, 0x000000008a400000|100%| O|  |TAMS 0x000000008a300000| PB 0x000000008a300000| Untracked 
| 164|0x000000008a400000, 0x000000008a500000, 0x000000008a500000|100%| O|  |TAMS 0x000000008a400000| PB 0x000000008a400000| Untracked 
| 165|0x000000008a500000, 0x000000008a600000, 0x000000008a600000|100%| O|  |TAMS 0x000000008a500000| PB 0x000000008a500000| Untracked 
| 166|0x000000008a600000, 0x000000008a700000, 0x000000008a700000|100%| O|  |TAMS 0x000000008a600000| PB 0x000000008a600000| Untracked 
| 167|0x000000008a700000, 0x000000008a800000, 0x000000008a800000|100%| O|  |TAMS 0x000000008a700000| PB 0x000000008a700000| Untracked 
| 168|0x000000008a800000, 0x000000008a900000, 0x000000008a900000|100%| O|  |TAMS 0x000000008a800000| PB 0x000000008a800000| Untracked 
| 169|0x000000008a900000, 0x000000008aa00000, 0x000000008aa00000|100%| O|  |TAMS 0x000000008a900000| PB 0x000000008a900000| Untracked 
| 170|0x000000008aa00000, 0x000000008ab00000, 0x000000008ab00000|100%| O|  |TAMS 0x000000008aa00000| PB 0x000000008aa00000| Untracked 
| 171|0x000000008ab00000, 0x000000008ac00000, 0x000000008ac00000|100%| O|  |TAMS 0x000000008ab00000| PB 0x000000008ab00000| Untracked 
| 172|0x000000008ac00000, 0x000000008ad00000, 0x000000008ad00000|100%| O|  |TAMS 0x000000008ac00000| PB 0x000000008ac00000| Untracked 
| 173|0x000000008ad00000, 0x000000008ae00000, 0x000000008ae00000|100%| O|  |TAMS 0x000000008ad00000| PB 0x000000008ad00000| Untracked 
| 174|0x000000008ae00000, 0x000000008af00000, 0x000000008af00000|100%| O|  |TAMS 0x000000008ae00000| PB 0x000000008ae00000| Untracked 
| 175|0x000000008af00000, 0x000000008b000000, 0x000000008b000000|100%| O|  |TAMS 0x000000008af00000| PB 0x000000008af00000| Untracked 
| 176|0x000000008b000000, 0x000000008b100000, 0x000000008b100000|100%| O|  |TAMS 0x000000008b000000| PB 0x000000008b000000| Untracked 
| 177|0x000000008b100000, 0x000000008b200000, 0x000000008b200000|100%|HS|  |TAMS 0x000000008b100000| PB 0x000000008b100000| Complete 
| 178|0x000000008b200000, 0x000000008b300000, 0x000000008b300000|100%|HC|  |TAMS 0x000000008b200000| PB 0x000000008b200000| Complete 
| 179|0x000000008b300000, 0x000000008b400000, 0x000000008b400000|100%| O|  |TAMS 0x000000008b300000| PB 0x000000008b300000| Untracked 
| 180|0x000000008b400000, 0x000000008b500000, 0x000000008b500000|100%| O|  |TAMS 0x000000008b400000| PB 0x000000008b400000| Untracked 
| 181|0x000000008b500000, 0x000000008b600000, 0x000000008b600000|100%| O|  |TAMS 0x000000008b500000| PB 0x000000008b500000| Untracked 
| 182|0x000000008b600000, 0x000000008b700000, 0x000000008b700000|100%| O|  |TAMS 0x000000008b600000| PB 0x000000008b600000| Untracked 
| 183|0x000000008b700000, 0x000000008b800000, 0x000000008b800000|100%| O|  |TAMS 0x000000008b700000| PB 0x000000008b700000| Untracked 
| 184|0x000000008b800000, 0x000000008b900000, 0x000000008b900000|100%| O|  |TAMS 0x000000008b800000| PB 0x000000008b800000| Untracked 
| 185|0x000000008b900000, 0x000000008ba00000, 0x000000008ba00000|100%| O|  |TAMS 0x000000008b900000| PB 0x000000008b900000| Untracked 
| 186|0x000000008ba00000, 0x000000008bb00000, 0x000000008bb00000|100%| O|  |TAMS 0x000000008ba00000| PB 0x000000008ba00000| Untracked 
| 187|0x000000008bb00000, 0x000000008bc00000, 0x000000008bc00000|100%| O|  |TAMS 0x000000008bb00000| PB 0x000000008bb00000| Untracked 
| 188|0x000000008bc00000, 0x000000008bd00000, 0x000000008bd00000|100%| O|  |TAMS 0x000000008bc00000| PB 0x000000008bc00000| Untracked 
| 189|0x000000008bd00000, 0x000000008be00000, 0x000000008be00000|100%| O|  |TAMS 0x000000008bd00000| PB 0x000000008bd00000| Untracked 
| 190|0x000000008be00000, 0x000000008bf00000, 0x000000008bf00000|100%| O|  |TAMS 0x000000008be00000| PB 0x000000008be00000| Untracked 
| 191|0x000000008bf00000, 0x000000008c000000, 0x000000008c000000|100%| O|  |TAMS 0x000000008bf00000| PB 0x000000008bf00000| Untracked 
| 192|0x000000008c000000, 0x000000008c100000, 0x000000008c100000|100%| O|  |TAMS 0x000000008c000000| PB 0x000000008c000000| Untracked 
| 193|0x000000008c100000, 0x000000008c200000, 0x000000008c200000|100%| O|  |TAMS 0x000000008c100000| PB 0x000000008c100000| Untracked 
| 194|0x000000008c200000, 0x000000008c300000, 0x000000008c300000|100%| O|  |TAMS 0x000000008c200000| PB 0x000000008c200000| Untracked 
| 195|0x000000008c300000, 0x000000008c400000, 0x000000008c400000|100%| O|  |TAMS 0x000000008c300000| PB 0x000000008c300000| Untracked 
| 196|0x000000008c400000, 0x000000008c500000, 0x000000008c500000|100%| O|  |TAMS 0x000000008c400000| PB 0x000000008c400000| Untracked 
| 197|0x000000008c500000, 0x000000008c600000, 0x000000008c600000|100%| O|  |TAMS 0x000000008c500000| PB 0x000000008c500000| Untracked 
| 198|0x000000008c600000, 0x000000008c700000, 0x000000008c700000|100%| O|  |TAMS 0x000000008c600000| PB 0x000000008c600000| Untracked 
| 199|0x000000008c700000, 0x000000008c800000, 0x000000008c800000|100%| O|  |TAMS 0x000000008c700000| PB 0x000000008c700000| Untracked 
| 200|0x000000008c800000, 0x000000008c900000, 0x000000008c900000|100%| O|  |TAMS 0x000000008c800000| PB 0x000000008c800000| Untracked 
| 201|0x000000008c900000, 0x000000008ca00000, 0x000000008ca00000|100%| O|  |TAMS 0x000000008c900000| PB 0x000000008c900000| Untracked 
| 202|0x000000008ca00000, 0x000000008cb00000, 0x000000008cb00000|100%| O|  |TAMS 0x000000008ca00000| PB 0x000000008ca00000| Untracked 
| 203|0x000000008cb00000, 0x000000008cc00000, 0x000000008cc00000|100%| O|  |TAMS 0x000000008cb00000| PB 0x000000008cb00000| Untracked 
| 204|0x000000008cc00000, 0x000000008cd00000, 0x000000008cd00000|100%| O|  |TAMS 0x000000008cc00000| PB 0x000000008cc00000| Untracked 
| 205|0x000000008cd00000, 0x000000008ce00000, 0x000000008ce00000|100%| O|  |TAMS 0x000000008cd00000| PB 0x000000008cd00000| Untracked 
| 206|0x000000008ce00000, 0x000000008cf00000, 0x000000008cf00000|100%| O|  |TAMS 0x000000008ce00000| PB 0x000000008ce00000| Untracked 
| 207|0x000000008cf00000, 0x000000008d000000, 0x000000008d000000|100%| O|  |TAMS 0x000000008cf00000| PB 0x000000008cf00000| Untracked 
| 208|0x000000008d000000, 0x000000008d100000, 0x000000008d100000|100%|HS|  |TAMS 0x000000008d000000| PB 0x000000008d000000| Complete 
| 209|0x000000008d100000, 0x000000008d200000, 0x000000008d200000|100%|HC|  |TAMS 0x000000008d100000| PB 0x000000008d100000| Complete 
| 210|0x000000008d200000, 0x000000008d300000, 0x000000008d300000|100%| O|  |TAMS 0x000000008d200000| PB 0x000000008d200000| Untracked 
| 211|0x000000008d300000, 0x000000008d400000, 0x000000008d400000|100%| O|  |TAMS 0x000000008d300000| PB 0x000000008d300000| Untracked 
| 212|0x000000008d400000, 0x000000008d500000, 0x000000008d500000|100%| O|  |TAMS 0x000000008d400000| PB 0x000000008d400000| Untracked 
| 213|0x000000008d500000, 0x000000008d600000, 0x000000008d600000|100%| O|  |TAMS 0x000000008d500000| PB 0x000000008d500000| Untracked 
| 214|0x000000008d600000, 0x000000008d700000, 0x000000008d700000|100%| O|  |TAMS 0x000000008d600000| PB 0x000000008d600000| Untracked 
| 215|0x000000008d700000, 0x000000008d800000, 0x000000008d800000|100%| O|  |TAMS 0x000000008d700000| PB 0x000000008d700000| Untracked 
| 216|0x000000008d800000, 0x000000008d900000, 0x000000008d900000|100%| O|  |TAMS 0x000000008d800000| PB 0x000000008d800000| Untracked 
| 217|0x000000008d900000, 0x000000008da00000, 0x000000008da00000|100%| O|  |TAMS 0x000000008d900000| PB 0x000000008d900000| Untracked 
| 218|0x000000008da00000, 0x000000008db00000, 0x000000008db00000|100%| O|  |TAMS 0x000000008da00000| PB 0x000000008da00000| Untracked 
| 219|0x000000008db00000, 0x000000008dc00000, 0x000000008dc00000|100%|HS|  |TAMS 0x000000008db00000| PB 0x000000008db00000| Complete 
| 220|0x000000008dc00000, 0x000000008dd00000, 0x000000008dd00000|100%|HC|  |TAMS 0x000000008dc00000| PB 0x000000008dc00000| Complete 
| 221|0x000000008dd00000, 0x000000008de00000, 0x000000008de00000|100%|HS|  |TAMS 0x000000008dd00000| PB 0x000000008dd00000| Complete 
| 222|0x000000008de00000, 0x000000008df00000, 0x000000008df00000|100%|HC|  |TAMS 0x000000008de00000| PB 0x000000008de00000| Complete 
| 223|0x000000008df00000, 0x000000008e000000, 0x000000008e000000|100%| O|  |TAMS 0x000000008df00000| PB 0x000000008df00000| Untracked 
| 224|0x000000008e000000, 0x000000008e100000, 0x000000008e100000|100%| O|  |TAMS 0x000000008e000000| PB 0x000000008e000000| Untracked 
| 225|0x000000008e100000, 0x000000008e200000, 0x000000008e200000|100%| O|  |TAMS 0x000000008e100000| PB 0x000000008e100000| Untracked 
| 226|0x000000008e200000, 0x000000008e300000, 0x000000008e300000|100%| O|  |TAMS 0x000000008e200000| PB 0x000000008e200000| Untracked 
| 227|0x000000008e300000, 0x000000008e400000, 0x000000008e400000|100%| O|  |TAMS 0x000000008e300000| PB 0x000000008e300000| Untracked 
| 228|0x000000008e400000, 0x000000008e500000, 0x000000008e500000|100%| O|  |TAMS 0x000000008e400000| PB 0x000000008e400000| Untracked 
| 229|0x000000008e500000, 0x000000008e600000, 0x000000008e600000|100%| O|  |TAMS 0x000000008e500000| PB 0x000000008e500000| Untracked 
| 230|0x000000008e600000, 0x000000008e700000, 0x000000008e700000|100%| O|  |TAMS 0x000000008e600000| PB 0x000000008e600000| Untracked 
| 231|0x000000008e700000, 0x000000008e800000, 0x000000008e800000|100%| O|  |TAMS 0x000000008e700000| PB 0x000000008e700000| Untracked 
| 232|0x000000008e800000, 0x000000008e900000, 0x000000008e900000|100%| O|  |TAMS 0x000000008e800000| PB 0x000000008e800000| Untracked 
| 233|0x000000008e900000, 0x000000008ea00000, 0x000000008ea00000|100%| O|  |TAMS 0x000000008e900000| PB 0x000000008e900000| Untracked 
| 234|0x000000008ea00000, 0x000000008eb00000, 0x000000008eb00000|100%| O|  |TAMS 0x000000008ea00000| PB 0x000000008ea00000| Untracked 
| 235|0x000000008eb00000, 0x000000008ec00000, 0x000000008ec00000|100%| O|  |TAMS 0x000000008eb00000| PB 0x000000008eb00000| Untracked 
| 236|0x000000008ec00000, 0x000000008ed00000, 0x000000008ed00000|100%| O|  |TAMS 0x000000008ec00000| PB 0x000000008ec00000| Untracked 
| 237|0x000000008ed00000, 0x000000008ee00000, 0x000000008ee00000|100%| O|  |TAMS 0x000000008ed00000| PB 0x000000008ed00000| Untracked 
| 238|0x000000008ee00000, 0x000000008ef00000, 0x000000008ef00000|100%| O|  |TAMS 0x000000008ee00000| PB 0x000000008ee00000| Untracked 
| 239|0x000000008ef00000, 0x000000008f000000, 0x000000008f000000|100%| O|  |TAMS 0x000000008ef00000| PB 0x000000008ef00000| Untracked 
| 240|0x000000008f000000, 0x000000008f100000, 0x000000008f100000|100%| O|  |TAMS 0x000000008f000000| PB 0x000000008f000000| Untracked 
| 241|0x000000008f100000, 0x000000008f200000, 0x000000008f200000|100%| O|  |TAMS 0x000000008f100000| PB 0x000000008f100000| Untracked 
| 242|0x000000008f200000, 0x000000008f300000, 0x000000008f300000|100%| O|  |TAMS 0x000000008f200000| PB 0x000000008f200000| Untracked 
| 243|0x000000008f300000, 0x000000008f400000, 0x000000008f400000|100%| O|  |TAMS 0x000000008f300000| PB 0x000000008f300000| Untracked 
| 244|0x000000008f400000, 0x000000008f500000, 0x000000008f500000|100%| O|  |TAMS 0x000000008f400000| PB 0x000000008f400000| Untracked 
| 245|0x000000008f500000, 0x000000008f600000, 0x000000008f600000|100%| O|  |TAMS 0x000000008f500000| PB 0x000000008f500000| Untracked 
| 246|0x000000008f600000, 0x000000008f700000, 0x000000008f700000|100%| O|  |TAMS 0x000000008f600000| PB 0x000000008f600000| Untracked 
| 247|0x000000008f700000, 0x000000008f800000, 0x000000008f800000|100%| O|  |TAMS 0x000000008f700000| PB 0x000000008f700000| Untracked 
| 248|0x000000008f800000, 0x000000008f900000, 0x000000008f900000|100%| O|  |TAMS 0x000000008f800000| PB 0x000000008f800000| Untracked 
| 249|0x000000008f900000, 0x000000008fa00000, 0x000000008fa00000|100%| O|  |TAMS 0x000000008f900000| PB 0x000000008f900000| Untracked 
| 250|0x000000008fa00000, 0x000000008fb00000, 0x000000008fb00000|100%| O|  |TAMS 0x000000008fa00000| PB 0x000000008fa00000| Untracked 
| 251|0x000000008fb00000, 0x000000008fc00000, 0x000000008fc00000|100%| O|  |TAMS 0x000000008fb00000| PB 0x000000008fb00000| Untracked 
| 252|0x000000008fc00000, 0x000000008fd00000, 0x000000008fd00000|100%| O|  |TAMS 0x000000008fc00000| PB 0x000000008fc00000| Untracked 
| 253|0x000000008fd00000, 0x000000008fe00000, 0x000000008fe00000|100%| O|  |TAMS 0x000000008fd00000| PB 0x000000008fd00000| Untracked 
| 254|0x000000008fe00000, 0x000000008ff00000, 0x000000008ff00000|100%| O|  |TAMS 0x000000008fe00000| PB 0x000000008fe00000| Untracked 
| 255|0x000000008ff00000, 0x0000000090000000, 0x0000000090000000|100%| O|  |TAMS 0x000000008ff00000| PB 0x000000008ff00000| Untracked 
| 256|0x0000000090000000, 0x0000000090100000, 0x0000000090100000|100%| O|  |TAMS 0x0000000090000000| PB 0x0000000090000000| Untracked 
| 257|0x0000000090100000, 0x0000000090200000, 0x0000000090200000|100%| O|  |TAMS 0x0000000090100000| PB 0x0000000090100000| Untracked 
| 258|0x0000000090200000, 0x0000000090300000, 0x0000000090300000|100%| O|  |TAMS 0x0000000090200000| PB 0x0000000090200000| Untracked 
| 259|0x0000000090300000, 0x0000000090400000, 0x0000000090400000|100%| O|  |TAMS 0x0000000090300000| PB 0x0000000090300000| Untracked 
| 260|0x0000000090400000, 0x0000000090500000, 0x0000000090500000|100%| O|  |TAMS 0x0000000090400000| PB 0x0000000090400000| Untracked 
| 261|0x0000000090500000, 0x0000000090500000, 0x0000000090600000|  0%| F|  |TAMS 0x0000000090500000| PB 0x0000000090500000| Untracked 
| 262|0x0000000090600000, 0x0000000090600000, 0x0000000090700000|  0%| F|  |TAMS 0x0000000090600000| PB 0x0000000090600000| Untracked 
| 263|0x0000000090700000, 0x0000000090700000, 0x0000000090800000|  0%| F|  |TAMS 0x0000000090700000| PB 0x0000000090700000| Untracked 
| 264|0x0000000090800000, 0x0000000090800000, 0x0000000090900000|  0%| F|  |TAMS 0x0000000090800000| PB 0x0000000090800000| Untracked 
| 265|0x0000000090900000, 0x0000000090a00000, 0x0000000090a00000|100%| O|  |TAMS 0x0000000090900000| PB 0x0000000090900000| Untracked 
| 266|0x0000000090a00000, 0x0000000090b00000, 0x0000000090b00000|100%| O|  |TAMS 0x0000000090a00000| PB 0x0000000090a00000| Untracked 
| 267|0x0000000090b00000, 0x0000000090c00000, 0x0000000090c00000|100%| O|  |TAMS 0x0000000090b00000| PB 0x0000000090b00000| Untracked 
| 268|0x0000000090c00000, 0x0000000090d00000, 0x0000000090d00000|100%| O|  |TAMS 0x0000000090c00000| PB 0x0000000090c00000| Untracked 
| 269|0x0000000090d00000, 0x0000000090e00000, 0x0000000090e00000|100%| O|  |TAMS 0x0000000090d00000| PB 0x0000000090d00000| Untracked 
| 270|0x0000000090e00000, 0x0000000090f00000, 0x0000000090f00000|100%| O|  |TAMS 0x0000000090e00000| PB 0x0000000090e00000| Untracked 
| 271|0x0000000090f00000, 0x0000000091000000, 0x0000000091000000|100%| O|  |TAMS 0x0000000090f00000| PB 0x0000000090f00000| Untracked 
| 272|0x0000000091000000, 0x0000000091100000, 0x0000000091100000|100%| O|  |TAMS 0x0000000091000000| PB 0x0000000091000000| Untracked 
| 273|0x0000000091100000, 0x0000000091100000, 0x0000000091200000|  0%| F|  |TAMS 0x0000000091100000| PB 0x0000000091100000| Untracked 
| 274|0x0000000091200000, 0x0000000091200000, 0x0000000091300000|  0%| F|  |TAMS 0x0000000091200000| PB 0x0000000091200000| Untracked 
| 275|0x0000000091300000, 0x0000000091300000, 0x0000000091400000|  0%| F|  |TAMS 0x0000000091300000| PB 0x0000000091300000| Untracked 
| 276|0x0000000091400000, 0x0000000091400000, 0x0000000091500000|  0%| F|  |TAMS 0x0000000091400000| PB 0x0000000091400000| Untracked 
| 277|0x0000000091500000, 0x0000000091500000, 0x0000000091600000|  0%| F|  |TAMS 0x0000000091500000| PB 0x0000000091500000| Untracked 
| 278|0x0000000091600000, 0x0000000091600000, 0x0000000091700000|  0%| F|  |TAMS 0x0000000091600000| PB 0x0000000091600000| Untracked 
| 279|0x0000000091700000, 0x0000000091700000, 0x0000000091800000|  0%| F|  |TAMS 0x0000000091700000| PB 0x0000000091700000| Untracked 
| 280|0x0000000091800000, 0x0000000091800000, 0x0000000091900000|  0%| F|  |TAMS 0x0000000091800000| PB 0x0000000091800000| Untracked 
| 281|0x0000000091900000, 0x0000000091900000, 0x0000000091a00000|  0%| F|  |TAMS 0x0000000091900000| PB 0x0000000091900000| Untracked 
| 282|0x0000000091a00000, 0x0000000091a00000, 0x0000000091b00000|  0%| F|  |TAMS 0x0000000091a00000| PB 0x0000000091a00000| Untracked 
| 283|0x0000000091b00000, 0x0000000091b00000, 0x0000000091c00000|  0%| F|  |TAMS 0x0000000091b00000| PB 0x0000000091b00000| Untracked 
| 284|0x0000000091c00000, 0x0000000091c00000, 0x0000000091d00000|  0%| F|  |TAMS 0x0000000091c00000| PB 0x0000000091c00000| Untracked 
| 285|0x0000000091d00000, 0x0000000091d00000, 0x0000000091e00000|  0%| F|  |TAMS 0x0000000091d00000| PB 0x0000000091d00000| Untracked 
| 286|0x0000000091e00000, 0x0000000091e00000, 0x0000000091f00000|  0%| F|  |TAMS 0x0000000091e00000| PB 0x0000000091e00000| Untracked 
| 287|0x0000000091f00000, 0x0000000091f00000, 0x0000000092000000|  0%| F|  |TAMS 0x0000000091f00000| PB 0x0000000091f00000| Untracked 
| 288|0x0000000092000000, 0x0000000092000000, 0x0000000092100000|  0%| F|  |TAMS 0x0000000092000000| PB 0x0000000092000000| Untracked 
| 289|0x0000000092100000, 0x0000000092100000, 0x0000000092200000|  0%| F|  |TAMS 0x0000000092100000| PB 0x0000000092100000| Untracked 
| 290|0x0000000092200000, 0x0000000092200000, 0x0000000092300000|  0%| F|  |TAMS 0x0000000092200000| PB 0x0000000092200000| Untracked 
| 291|0x0000000092300000, 0x0000000092300000, 0x0000000092400000|  0%| F|  |TAMS 0x0000000092300000| PB 0x0000000092300000| Untracked 
| 292|0x0000000092400000, 0x0000000092400000, 0x0000000092500000|  0%| F|  |TAMS 0x0000000092400000| PB 0x0000000092400000| Untracked 
| 293|0x0000000092500000, 0x0000000092500000, 0x0000000092600000|  0%| F|  |TAMS 0x0000000092500000| PB 0x0000000092500000| Untracked 
| 294|0x0000000092600000, 0x0000000092600000, 0x0000000092700000|  0%| F|  |TAMS 0x0000000092600000| PB 0x0000000092600000| Untracked 
| 295|0x0000000092700000, 0x0000000092700000, 0x0000000092800000|  0%| F|  |TAMS 0x0000000092700000| PB 0x0000000092700000| Untracked 
| 296|0x0000000092800000, 0x0000000092800000, 0x0000000092900000|  0%| F|  |TAMS 0x0000000092800000| PB 0x0000000092800000| Untracked 
| 297|0x0000000092900000, 0x0000000092900000, 0x0000000092a00000|  0%| F|  |TAMS 0x0000000092900000| PB 0x0000000092900000| Untracked 
| 298|0x0000000092a00000, 0x0000000092a00000, 0x0000000092b00000|  0%| F|  |TAMS 0x0000000092a00000| PB 0x0000000092a00000| Untracked 
| 299|0x0000000092b00000, 0x0000000092b00000, 0x0000000092c00000|  0%| F|  |TAMS 0x0000000092b00000| PB 0x0000000092b00000| Untracked 
| 300|0x0000000092c00000, 0x0000000092c00000, 0x0000000092d00000|  0%| F|  |TAMS 0x0000000092c00000| PB 0x0000000092c00000| Untracked 
| 301|0x0000000092d00000, 0x0000000092d00000, 0x0000000092e00000|  0%| F|  |TAMS 0x0000000092d00000| PB 0x0000000092d00000| Untracked 
| 302|0x0000000092e00000, 0x0000000092e00000, 0x0000000092f00000|  0%| F|  |TAMS 0x0000000092e00000| PB 0x0000000092e00000| Untracked 
| 303|0x0000000092f00000, 0x0000000092f00000, 0x0000000093000000|  0%| F|  |TAMS 0x0000000092f00000| PB 0x0000000092f00000| Untracked 
| 304|0x0000000093000000, 0x0000000093000000, 0x0000000093100000|  0%| F|  |TAMS 0x0000000093000000| PB 0x0000000093000000| Untracked 
| 305|0x0000000093100000, 0x0000000093100000, 0x0000000093200000|  0%| F|  |TAMS 0x0000000093100000| PB 0x0000000093100000| Untracked 
| 306|0x0000000093200000, 0x0000000093200000, 0x0000000093300000|  0%| F|  |TAMS 0x0000000093200000| PB 0x0000000093200000| Untracked 
| 307|0x0000000093300000, 0x0000000093300000, 0x0000000093400000|  0%| F|  |TAMS 0x0000000093300000| PB 0x0000000093300000| Untracked 
| 308|0x0000000093400000, 0x0000000093400000, 0x0000000093500000|  0%| F|  |TAMS 0x0000000093400000| PB 0x0000000093400000| Untracked 
| 309|0x0000000093500000, 0x0000000093500000, 0x0000000093600000|  0%| F|  |TAMS 0x0000000093500000| PB 0x0000000093500000| Untracked 
| 310|0x0000000093600000, 0x0000000093600000, 0x0000000093700000|  0%| F|  |TAMS 0x0000000093600000| PB 0x0000000093600000| Untracked 
| 311|0x0000000093700000, 0x0000000093700000, 0x0000000093800000|  0%| F|  |TAMS 0x0000000093700000| PB 0x0000000093700000| Untracked 
| 312|0x0000000093800000, 0x0000000093800000, 0x0000000093900000|  0%| F|  |TAMS 0x0000000093800000| PB 0x0000000093800000| Untracked 
| 313|0x0000000093900000, 0x0000000093927bb0, 0x0000000093a00000| 15%| O|  |TAMS 0x0000000093900000| PB 0x0000000093900000| Untracked 
| 314|0x0000000093a00000, 0x0000000093a00000, 0x0000000093b00000|  0%| F|  |TAMS 0x0000000093a00000| PB 0x0000000093a00000| Untracked 
| 315|0x0000000093b00000, 0x0000000093b00000, 0x0000000093c00000|  0%| F|  |TAMS 0x0000000093b00000| PB 0x0000000093b00000| Untracked 
| 316|0x0000000093c00000, 0x0000000093c00000, 0x0000000093d00000|  0%| F|  |TAMS 0x0000000093c00000| PB 0x0000000093c00000| Untracked 
| 317|0x0000000093d00000, 0x0000000093d00000, 0x0000000093e00000|  0%| F|  |TAMS 0x0000000093d00000| PB 0x0000000093d00000| Untracked 
| 318|0x0000000093e00000, 0x0000000093e00000, 0x0000000093f00000|  0%| F|  |TAMS 0x0000000093e00000| PB 0x0000000093e00000| Untracked 
| 319|0x0000000093f00000, 0x0000000093f00000, 0x0000000094000000|  0%| F|  |TAMS 0x0000000093f00000| PB 0x0000000093f00000| Untracked 
| 320|0x0000000094000000, 0x0000000094000000, 0x0000000094100000|  0%| F|  |TAMS 0x0000000094000000| PB 0x0000000094000000| Untracked 
| 321|0x0000000094100000, 0x0000000094100000, 0x0000000094200000|  0%| F|  |TAMS 0x0000000094100000| PB 0x0000000094100000| Untracked 
| 322|0x0000000094200000, 0x0000000094200000, 0x0000000094300000|  0%| F|  |TAMS 0x0000000094200000| PB 0x0000000094200000| Untracked 
| 323|0x0000000094300000, 0x0000000094300000, 0x0000000094400000|  0%| F|  |TAMS 0x0000000094300000| PB 0x0000000094300000| Untracked 
| 324|0x0000000094400000, 0x0000000094400000, 0x0000000094500000|  0%| F|  |TAMS 0x0000000094400000| PB 0x0000000094400000| Untracked 
| 325|0x0000000094500000, 0x0000000094500000, 0x0000000094600000|  0%| F|  |TAMS 0x0000000094500000| PB 0x0000000094500000| Untracked 
| 326|0x0000000094600000, 0x0000000094600000, 0x0000000094700000|  0%| F|  |TAMS 0x0000000094600000| PB 0x0000000094600000| Untracked 
| 327|0x0000000094700000, 0x0000000094700000, 0x0000000094800000|  0%| F|  |TAMS 0x0000000094700000| PB 0x0000000094700000| Untracked 
| 328|0x0000000094800000, 0x0000000094800000, 0x0000000094900000|  0%| F|  |TAMS 0x0000000094800000| PB 0x0000000094800000| Untracked 
| 329|0x0000000094900000, 0x0000000094900000, 0x0000000094a00000|  0%| F|  |TAMS 0x0000000094900000| PB 0x0000000094900000| Untracked 
| 330|0x0000000094a00000, 0x0000000094a00000, 0x0000000094b00000|  0%| F|  |TAMS 0x0000000094a00000| PB 0x0000000094a00000| Untracked 
| 331|0x0000000094b00000, 0x0000000094b00000, 0x0000000094c00000|  0%| F|  |TAMS 0x0000000094b00000| PB 0x0000000094b00000| Untracked 
| 332|0x0000000094c00000, 0x0000000094c00000, 0x0000000094d00000|  0%| F|  |TAMS 0x0000000094c00000| PB 0x0000000094c00000| Untracked 
| 333|0x0000000094d00000, 0x0000000094d00000, 0x0000000094e00000|  0%| F|  |TAMS 0x0000000094d00000| PB 0x0000000094d00000| Untracked 
| 334|0x0000000094e00000, 0x0000000094e00000, 0x0000000094f00000|  0%| F|  |TAMS 0x0000000094e00000| PB 0x0000000094e00000| Untracked 
| 335|0x0000000094f00000, 0x0000000094f00000, 0x0000000095000000|  0%| F|  |TAMS 0x0000000094f00000| PB 0x0000000094f00000| Untracked 
| 336|0x0000000095000000, 0x0000000095000000, 0x0000000095100000|  0%| F|  |TAMS 0x0000000095000000| PB 0x0000000095000000| Untracked 
| 337|0x0000000095100000, 0x0000000095100000, 0x0000000095200000|  0%| F|  |TAMS 0x0000000095100000| PB 0x0000000095100000| Untracked 
| 338|0x0000000095200000, 0x0000000095200000, 0x0000000095300000|  0%| F|  |TAMS 0x0000000095200000| PB 0x0000000095200000| Untracked 
| 339|0x0000000095300000, 0x0000000095300000, 0x0000000095400000|  0%| F|  |TAMS 0x0000000095300000| PB 0x0000000095300000| Untracked 
| 340|0x0000000095400000, 0x0000000095400000, 0x0000000095500000|  0%| F|  |TAMS 0x0000000095400000| PB 0x0000000095400000| Untracked 
| 341|0x0000000095500000, 0x0000000095500000, 0x0000000095600000|  0%| F|  |TAMS 0x0000000095500000| PB 0x0000000095500000| Untracked 
| 342|0x0000000095600000, 0x0000000095600000, 0x0000000095700000|  0%| F|  |TAMS 0x0000000095600000| PB 0x0000000095600000| Untracked 
| 343|0x0000000095700000, 0x0000000095700000, 0x0000000095800000|  0%| F|  |TAMS 0x0000000095700000| PB 0x0000000095700000| Untracked 
| 344|0x0000000095800000, 0x0000000095800000, 0x0000000095900000|  0%| F|  |TAMS 0x0000000095800000| PB 0x0000000095800000| Untracked 
| 345|0x0000000095900000, 0x0000000095900000, 0x0000000095a00000|  0%| F|  |TAMS 0x0000000095900000| PB 0x0000000095900000| Untracked 
| 346|0x0000000095a00000, 0x0000000095a00000, 0x0000000095b00000|  0%| F|  |TAMS 0x0000000095a00000| PB 0x0000000095a00000| Untracked 
| 347|0x0000000095b00000, 0x0000000095b00000, 0x0000000095c00000|  0%| F|  |TAMS 0x0000000095b00000| PB 0x0000000095b00000| Untracked 
| 348|0x0000000095c00000, 0x0000000095c00000, 0x0000000095d00000|  0%| F|  |TAMS 0x0000000095c00000| PB 0x0000000095c00000| Untracked 
| 349|0x0000000095d00000, 0x0000000095d00000, 0x0000000095e00000|  0%| F|  |TAMS 0x0000000095d00000| PB 0x0000000095d00000| Untracked 
| 350|0x0000000095e00000, 0x0000000095e00000, 0x0000000095f00000|  0%| F|  |TAMS 0x0000000095e00000| PB 0x0000000095e00000| Untracked 
| 351|0x0000000095f00000, 0x0000000095f00000, 0x0000000096000000|  0%| F|  |TAMS 0x0000000095f00000| PB 0x0000000095f00000| Untracked 
| 352|0x0000000096000000, 0x0000000096000000, 0x0000000096100000|  0%| F|  |TAMS 0x0000000096000000| PB 0x0000000096000000| Untracked 
| 353|0x0000000096100000, 0x0000000096100000, 0x0000000096200000|  0%| F|  |TAMS 0x0000000096100000| PB 0x0000000096100000| Untracked 
| 354|0x0000000096200000, 0x0000000096200000, 0x0000000096300000|  0%| F|  |TAMS 0x0000000096200000| PB 0x0000000096200000| Untracked 
| 355|0x0000000096300000, 0x0000000096300000, 0x0000000096400000|  0%| F|  |TAMS 0x0000000096300000| PB 0x0000000096300000| Untracked 
| 356|0x0000000096400000, 0x0000000096400000, 0x0000000096500000|  0%| F|  |TAMS 0x0000000096400000| PB 0x0000000096400000| Untracked 
| 357|0x0000000096500000, 0x0000000096500000, 0x0000000096600000|  0%| F|  |TAMS 0x0000000096500000| PB 0x0000000096500000| Untracked 
| 358|0x0000000096600000, 0x0000000096600000, 0x0000000096700000|  0%| F|  |TAMS 0x0000000096600000| PB 0x0000000096600000| Untracked 
| 359|0x0000000096700000, 0x0000000096700000, 0x0000000096800000|  0%| F|  |TAMS 0x0000000096700000| PB 0x0000000096700000| Untracked 
| 360|0x0000000096800000, 0x0000000096800000, 0x0000000096900000|  0%| F|  |TAMS 0x0000000096800000| PB 0x0000000096800000| Untracked 
| 361|0x0000000096900000, 0x0000000096900000, 0x0000000096a00000|  0%| F|  |TAMS 0x0000000096900000| PB 0x0000000096900000| Untracked 
| 362|0x0000000096a00000, 0x0000000096a00000, 0x0000000096b00000|  0%| F|  |TAMS 0x0000000096a00000| PB 0x0000000096a00000| Untracked 
| 363|0x0000000096b00000, 0x0000000096b00000, 0x0000000096c00000|  0%| F|  |TAMS 0x0000000096b00000| PB 0x0000000096b00000| Untracked 
| 364|0x0000000096c00000, 0x0000000096c00000, 0x0000000096d00000|  0%| F|  |TAMS 0x0000000096c00000| PB 0x0000000096c00000| Untracked 
| 365|0x0000000096d00000, 0x0000000096d00000, 0x0000000096e00000|  0%| F|  |TAMS 0x0000000096d00000| PB 0x0000000096d00000| Untracked 
| 366|0x0000000096e00000, 0x0000000096e00000, 0x0000000096f00000|  0%| F|  |TAMS 0x0000000096e00000| PB 0x0000000096e00000| Untracked 
| 367|0x0000000096f00000, 0x0000000096f00000, 0x0000000097000000|  0%| F|  |TAMS 0x0000000096f00000| PB 0x0000000096f00000| Untracked 
| 368|0x0000000097000000, 0x0000000097000000, 0x0000000097100000|  0%| F|  |TAMS 0x0000000097000000| PB 0x0000000097000000| Untracked 
| 369|0x0000000097100000, 0x0000000097100000, 0x0000000097200000|  0%| F|  |TAMS 0x0000000097100000| PB 0x0000000097100000| Untracked 
| 370|0x0000000097200000, 0x0000000097200000, 0x0000000097300000|  0%| F|  |TAMS 0x0000000097200000| PB 0x0000000097200000| Untracked 
| 371|0x0000000097300000, 0x0000000097300000, 0x0000000097400000|  0%| F|  |TAMS 0x0000000097300000| PB 0x0000000097300000| Untracked 
| 372|0x0000000097400000, 0x0000000097400000, 0x0000000097500000|  0%| F|  |TAMS 0x0000000097400000| PB 0x0000000097400000| Untracked 
| 373|0x0000000097500000, 0x0000000097500000, 0x0000000097600000|  0%| F|  |TAMS 0x0000000097500000| PB 0x0000000097500000| Untracked 
| 374|0x0000000097600000, 0x0000000097600000, 0x0000000097700000|  0%| F|  |TAMS 0x0000000097600000| PB 0x0000000097600000| Untracked 
| 375|0x0000000097700000, 0x0000000097700000, 0x0000000097800000|  0%| F|  |TAMS 0x0000000097700000| PB 0x0000000097700000| Untracked 
| 376|0x0000000097800000, 0x0000000097800000, 0x0000000097900000|  0%| F|  |TAMS 0x0000000097800000| PB 0x0000000097800000| Untracked 
| 377|0x0000000097900000, 0x0000000097900000, 0x0000000097a00000|  0%| F|  |TAMS 0x0000000097900000| PB 0x0000000097900000| Untracked 
| 378|0x0000000097a00000, 0x0000000097a00000, 0x0000000097b00000|  0%| F|  |TAMS 0x0000000097a00000| PB 0x0000000097a00000| Untracked 
| 379|0x0000000097b00000, 0x0000000097b00000, 0x0000000097c00000|  0%| F|  |TAMS 0x0000000097b00000| PB 0x0000000097b00000| Untracked 
| 380|0x0000000097c00000, 0x0000000097c00000, 0x0000000097d00000|  0%| F|  |TAMS 0x0000000097c00000| PB 0x0000000097c00000| Untracked 
| 381|0x0000000097d00000, 0x0000000097d00000, 0x0000000097e00000|  0%| F|  |TAMS 0x0000000097d00000| PB 0x0000000097d00000| Untracked 
| 382|0x0000000097e00000, 0x0000000097e00000, 0x0000000097f00000|  0%| F|  |TAMS 0x0000000097e00000| PB 0x0000000097e00000| Untracked 
| 383|0x0000000097f00000, 0x0000000097f00000, 0x0000000098000000|  0%| F|  |TAMS 0x0000000097f00000| PB 0x0000000097f00000| Untracked 
| 384|0x0000000098000000, 0x0000000098000000, 0x0000000098100000|  0%| F|  |TAMS 0x0000000098000000| PB 0x0000000098000000| Untracked 
| 385|0x0000000098100000, 0x0000000098100000, 0x0000000098200000|  0%| F|  |TAMS 0x0000000098100000| PB 0x0000000098100000| Untracked 
| 386|0x0000000098200000, 0x0000000098200000, 0x0000000098300000|  0%| F|  |TAMS 0x0000000098200000| PB 0x0000000098200000| Untracked 
| 387|0x0000000098300000, 0x0000000098300000, 0x0000000098400000|  0%| F|  |TAMS 0x0000000098300000| PB 0x0000000098300000| Untracked 
| 388|0x0000000098400000, 0x0000000098400000, 0x0000000098500000|  0%| F|  |TAMS 0x0000000098400000| PB 0x0000000098400000| Untracked 
| 389|0x0000000098500000, 0x0000000098500000, 0x0000000098600000|  0%| F|  |TAMS 0x0000000098500000| PB 0x0000000098500000| Untracked 
| 390|0x0000000098600000, 0x0000000098600000, 0x0000000098700000|  0%| F|  |TAMS 0x0000000098600000| PB 0x0000000098600000| Untracked 
| 391|0x0000000098700000, 0x0000000098700000, 0x0000000098800000|  0%| F|  |TAMS 0x0000000098700000| PB 0x0000000098700000| Untracked 
| 392|0x0000000098800000, 0x0000000098800000, 0x0000000098900000|  0%| F|  |TAMS 0x0000000098800000| PB 0x0000000098800000| Untracked 
| 393|0x0000000098900000, 0x0000000098900000, 0x0000000098a00000|  0%| F|  |TAMS 0x0000000098900000| PB 0x0000000098900000| Untracked 
| 394|0x0000000098a00000, 0x0000000098a00000, 0x0000000098b00000|  0%| F|  |TAMS 0x0000000098a00000| PB 0x0000000098a00000| Untracked 
| 395|0x0000000098b00000, 0x0000000098b00000, 0x0000000098c00000|  0%| F|  |TAMS 0x0000000098b00000| PB 0x0000000098b00000| Untracked 
| 396|0x0000000098c00000, 0x0000000098c00000, 0x0000000098d00000|  0%| F|  |TAMS 0x0000000098c00000| PB 0x0000000098c00000| Untracked 
| 397|0x0000000098d00000, 0x0000000098d00000, 0x0000000098e00000|  0%| F|  |TAMS 0x0000000098d00000| PB 0x0000000098d00000| Untracked 
| 398|0x0000000098e00000, 0x0000000098e00000, 0x0000000098f00000|  0%| F|  |TAMS 0x0000000098e00000| PB 0x0000000098e00000| Untracked 
| 399|0x0000000098f00000, 0x0000000098f00000, 0x0000000099000000|  0%| F|  |TAMS 0x0000000098f00000| PB 0x0000000098f00000| Untracked 
| 400|0x0000000099000000, 0x0000000099000000, 0x0000000099100000|  0%| F|  |TAMS 0x0000000099000000| PB 0x0000000099000000| Untracked 
| 401|0x0000000099100000, 0x0000000099100000, 0x0000000099200000|  0%| F|  |TAMS 0x0000000099100000| PB 0x0000000099100000| Untracked 
| 402|0x0000000099200000, 0x0000000099200000, 0x0000000099300000|  0%| F|  |TAMS 0x0000000099200000| PB 0x0000000099200000| Untracked 
| 403|0x0000000099300000, 0x0000000099300000, 0x0000000099400000|  0%| F|  |TAMS 0x0000000099300000| PB 0x0000000099300000| Untracked 
| 404|0x0000000099400000, 0x0000000099400000, 0x0000000099500000|  0%| F|  |TAMS 0x0000000099400000| PB 0x0000000099400000| Untracked 
| 405|0x0000000099500000, 0x0000000099500000, 0x0000000099600000|  0%| F|  |TAMS 0x0000000099500000| PB 0x0000000099500000| Untracked 
| 406|0x0000000099600000, 0x0000000099600000, 0x0000000099700000|  0%| F|  |TAMS 0x0000000099600000| PB 0x0000000099600000| Untracked 
| 407|0x0000000099700000, 0x0000000099700000, 0x0000000099800000|  0%| F|  |TAMS 0x0000000099700000| PB 0x0000000099700000| Untracked 
| 408|0x0000000099800000, 0x0000000099800000, 0x0000000099900000|  0%| F|  |TAMS 0x0000000099800000| PB 0x0000000099800000| Untracked 
| 409|0x0000000099900000, 0x0000000099900000, 0x0000000099a00000|  0%| F|  |TAMS 0x0000000099900000| PB 0x0000000099900000| Untracked 
| 410|0x0000000099a00000, 0x0000000099a00000, 0x0000000099b00000|  0%| F|  |TAMS 0x0000000099a00000| PB 0x0000000099a00000| Untracked 
| 411|0x0000000099b00000, 0x0000000099b00000, 0x0000000099c00000|  0%| F|  |TAMS 0x0000000099b00000| PB 0x0000000099b00000| Untracked 
| 412|0x0000000099c00000, 0x0000000099c00000, 0x0000000099d00000|  0%| F|  |TAMS 0x0000000099c00000| PB 0x0000000099c00000| Untracked 
| 413|0x0000000099d00000, 0x0000000099d00000, 0x0000000099e00000|  0%| F|  |TAMS 0x0000000099d00000| PB 0x0000000099d00000| Untracked 
| 414|0x0000000099e00000, 0x0000000099e00000, 0x0000000099f00000|  0%| F|  |TAMS 0x0000000099e00000| PB 0x0000000099e00000| Untracked 
| 415|0x0000000099f00000, 0x0000000099f00000, 0x000000009a000000|  0%| F|  |TAMS 0x0000000099f00000| PB 0x0000000099f00000| Untracked 
| 416|0x000000009a000000, 0x000000009a000000, 0x000000009a100000|  0%| F|  |TAMS 0x000000009a000000| PB 0x000000009a000000| Untracked 
| 417|0x000000009a100000, 0x000000009a100000, 0x000000009a200000|  0%| F|  |TAMS 0x000000009a100000| PB 0x000000009a100000| Untracked 
| 418|0x000000009a200000, 0x000000009a200000, 0x000000009a300000|  0%| F|  |TAMS 0x000000009a200000| PB 0x000000009a200000| Untracked 
| 419|0x000000009a300000, 0x000000009a300000, 0x000000009a400000|  0%| F|  |TAMS 0x000000009a300000| PB 0x000000009a300000| Untracked 
| 420|0x000000009a400000, 0x000000009a400000, 0x000000009a500000|  0%| F|  |TAMS 0x000000009a400000| PB 0x000000009a400000| Untracked 
| 421|0x000000009a500000, 0x000000009a500000, 0x000000009a600000|  0%| F|  |TAMS 0x000000009a500000| PB 0x000000009a500000| Untracked 
| 422|0x000000009a600000, 0x000000009a6385c0, 0x000000009a700000| 22%| S|CS|TAMS 0x000000009a600000| PB 0x000000009a600000| Complete 
| 423|0x000000009a700000, 0x000000009a800000, 0x000000009a800000|100%| S|CS|TAMS 0x000000009a700000| PB 0x000000009a700000| Complete 
| 424|0x000000009a800000, 0x000000009a900000, 0x000000009a900000|100%| S|CS|TAMS 0x000000009a800000| PB 0x000000009a800000| Complete 
| 425|0x000000009a900000, 0x000000009aa00000, 0x000000009aa00000|100%| S|CS|TAMS 0x000000009a900000| PB 0x000000009a900000| Complete 
| 426|0x000000009aa00000, 0x000000009ab00000, 0x000000009ab00000|100%| S|CS|TAMS 0x000000009aa00000| PB 0x000000009aa00000| Complete 
| 427|0x000000009ab00000, 0x000000009ac00000, 0x000000009ac00000|100%| S|CS|TAMS 0x000000009ab00000| PB 0x000000009ab00000| Complete 
| 428|0x000000009ac00000, 0x000000009ac00000, 0x000000009ad00000|  0%| F|  |TAMS 0x000000009ac00000| PB 0x000000009ac00000| Untracked 
| 429|0x000000009ad00000, 0x000000009ad00000, 0x000000009ae00000|  0%| F|  |TAMS 0x000000009ad00000| PB 0x000000009ad00000| Untracked 
| 430|0x000000009ae00000, 0x000000009ae00000, 0x000000009af00000|  0%| F|  |TAMS 0x000000009ae00000| PB 0x000000009ae00000| Untracked 
| 431|0x000000009af00000, 0x000000009af00000, 0x000000009b000000|  0%| F|  |TAMS 0x000000009af00000| PB 0x000000009af00000| Untracked 
| 432|0x000000009b000000, 0x000000009b000000, 0x000000009b100000|  0%| F|  |TAMS 0x000000009b000000| PB 0x000000009b000000| Untracked 
| 433|0x000000009b100000, 0x000000009b100000, 0x000000009b200000|  0%| F|  |TAMS 0x000000009b100000| PB 0x000000009b100000| Untracked 
| 434|0x000000009b200000, 0x000000009b200000, 0x000000009b300000|  0%| F|  |TAMS 0x000000009b200000| PB 0x000000009b200000| Untracked 
| 435|0x000000009b300000, 0x000000009b300000, 0x000000009b400000|  0%| F|  |TAMS 0x000000009b300000| PB 0x000000009b300000| Untracked 
| 436|0x000000009b400000, 0x000000009b400000, 0x000000009b500000|  0%| F|  |TAMS 0x000000009b400000| PB 0x000000009b400000| Untracked 
| 437|0x000000009b500000, 0x000000009b500000, 0x000000009b600000|  0%| F|  |TAMS 0x000000009b500000| PB 0x000000009b500000| Untracked 
| 438|0x000000009b600000, 0x000000009b600000, 0x000000009b700000|  0%| F|  |TAMS 0x000000009b600000| PB 0x000000009b600000| Untracked 
| 439|0x000000009b700000, 0x000000009b700000, 0x000000009b800000|  0%| F|  |TAMS 0x000000009b700000| PB 0x000000009b700000| Untracked 
| 440|0x000000009b800000, 0x000000009b800000, 0x000000009b900000|  0%| F|  |TAMS 0x000000009b800000| PB 0x000000009b800000| Untracked 
| 441|0x000000009b900000, 0x000000009b900000, 0x000000009ba00000|  0%| F|  |TAMS 0x000000009b900000| PB 0x000000009b900000| Untracked 
| 442|0x000000009ba00000, 0x000000009ba00000, 0x000000009bb00000|  0%| F|  |TAMS 0x000000009ba00000| PB 0x000000009ba00000| Untracked 
| 443|0x000000009bb00000, 0x000000009bb00000, 0x000000009bc00000|  0%| F|  |TAMS 0x000000009bb00000| PB 0x000000009bb00000| Untracked 
| 444|0x000000009bc00000, 0x000000009bc00000, 0x000000009bd00000|  0%| F|  |TAMS 0x000000009bc00000| PB 0x000000009bc00000| Untracked 
| 445|0x000000009bd00000, 0x000000009bd00000, 0x000000009be00000|  0%| F|  |TAMS 0x000000009bd00000| PB 0x000000009bd00000| Untracked 
| 446|0x000000009be00000, 0x000000009be00000, 0x000000009bf00000|  0%| F|  |TAMS 0x000000009be00000| PB 0x000000009be00000| Untracked 
| 447|0x000000009bf00000, 0x000000009bf00000, 0x000000009c000000|  0%| F|  |TAMS 0x000000009bf00000| PB 0x000000009bf00000| Untracked 
| 448|0x000000009c000000, 0x000000009c000000, 0x000000009c100000|  0%| F|  |TAMS 0x000000009c000000| PB 0x000000009c000000| Untracked 
| 449|0x000000009c100000, 0x000000009c100000, 0x000000009c200000|  0%| F|  |TAMS 0x000000009c100000| PB 0x000000009c100000| Untracked 
| 450|0x000000009c200000, 0x000000009c200000, 0x000000009c300000|  0%| F|  |TAMS 0x000000009c200000| PB 0x000000009c200000| Untracked 
| 451|0x000000009c300000, 0x000000009c300000, 0x000000009c400000|  0%| F|  |TAMS 0x000000009c300000| PB 0x000000009c300000| Untracked 
| 452|0x000000009c400000, 0x000000009c400000, 0x000000009c500000|  0%| F|  |TAMS 0x000000009c400000| PB 0x000000009c400000| Untracked 
| 453|0x000000009c500000, 0x000000009c500000, 0x000000009c600000|  0%| F|  |TAMS 0x000000009c500000| PB 0x000000009c500000| Untracked 
| 454|0x000000009c600000, 0x000000009c600000, 0x000000009c700000|  0%| F|  |TAMS 0x000000009c600000| PB 0x000000009c600000| Untracked 
| 455|0x000000009c700000, 0x000000009c700000, 0x000000009c800000|  0%| F|  |TAMS 0x000000009c700000| PB 0x000000009c700000| Untracked 
| 456|0x000000009c800000, 0x000000009c800000, 0x000000009c900000|  0%| F|  |TAMS 0x000000009c800000| PB 0x000000009c800000| Untracked 
| 457|0x000000009c900000, 0x000000009c900000, 0x000000009ca00000|  0%| F|  |TAMS 0x000000009c900000| PB 0x000000009c900000| Untracked 
| 458|0x000000009ca00000, 0x000000009ca00000, 0x000000009cb00000|  0%| F|  |TAMS 0x000000009ca00000| PB 0x000000009ca00000| Untracked 
| 459|0x000000009cb00000, 0x000000009cb00000, 0x000000009cc00000|  0%| F|  |TAMS 0x000000009cb00000| PB 0x000000009cb00000| Untracked 
| 460|0x000000009cc00000, 0x000000009cc00000, 0x000000009cd00000|  0%| F|  |TAMS 0x000000009cc00000| PB 0x000000009cc00000| Untracked 
| 461|0x000000009cd00000, 0x000000009cd00000, 0x000000009ce00000|  0%| F|  |TAMS 0x000000009cd00000| PB 0x000000009cd00000| Untracked 
| 462|0x000000009ce00000, 0x000000009ce00000, 0x000000009cf00000|  0%| F|  |TAMS 0x000000009ce00000| PB 0x000000009ce00000| Untracked 
| 463|0x000000009cf00000, 0x000000009cf00000, 0x000000009d000000|  0%| F|  |TAMS 0x000000009cf00000| PB 0x000000009cf00000| Untracked 
| 464|0x000000009d000000, 0x000000009d000000, 0x000000009d100000|  0%| F|  |TAMS 0x000000009d000000| PB 0x000000009d000000| Untracked 
| 465|0x000000009d100000, 0x000000009d100000, 0x000000009d200000|  0%| F|  |TAMS 0x000000009d100000| PB 0x000000009d100000| Untracked 
| 466|0x000000009d200000, 0x000000009d200000, 0x000000009d300000|  0%| F|  |TAMS 0x000000009d200000| PB 0x000000009d200000| Untracked 
| 467|0x000000009d300000, 0x000000009d300000, 0x000000009d400000|  0%| F|  |TAMS 0x000000009d300000| PB 0x000000009d300000| Untracked 
| 468|0x000000009d400000, 0x000000009d400000, 0x000000009d500000|  0%| F|  |TAMS 0x000000009d400000| PB 0x000000009d400000| Untracked 
| 469|0x000000009d500000, 0x000000009d500000, 0x000000009d600000|  0%| F|  |TAMS 0x000000009d500000| PB 0x000000009d500000| Untracked 
| 470|0x000000009d600000, 0x000000009d600000, 0x000000009d700000|  0%| F|  |TAMS 0x000000009d600000| PB 0x000000009d600000| Untracked 
| 471|0x000000009d700000, 0x000000009d700000, 0x000000009d800000|  0%| F|  |TAMS 0x000000009d700000| PB 0x000000009d700000| Untracked 
| 472|0x000000009d800000, 0x000000009d800000, 0x000000009d900000|  0%| F|  |TAMS 0x000000009d800000| PB 0x000000009d800000| Untracked 
| 473|0x000000009d900000, 0x000000009d900000, 0x000000009da00000|  0%| F|  |TAMS 0x000000009d900000| PB 0x000000009d900000| Untracked 
| 474|0x000000009da00000, 0x000000009da00000, 0x000000009db00000|  0%| F|  |TAMS 0x000000009da00000| PB 0x000000009da00000| Untracked 
| 475|0x000000009db00000, 0x000000009db00000, 0x000000009dc00000|  0%| F|  |TAMS 0x000000009db00000| PB 0x000000009db00000| Untracked 
| 476|0x000000009dc00000, 0x000000009dc00000, 0x000000009dd00000|  0%| F|  |TAMS 0x000000009dc00000| PB 0x000000009dc00000| Untracked 
| 477|0x000000009dd00000, 0x000000009dd00000, 0x000000009de00000|  0%| F|  |TAMS 0x000000009dd00000| PB 0x000000009dd00000| Untracked 
| 478|0x000000009de00000, 0x000000009de00000, 0x000000009df00000|  0%| F|  |TAMS 0x000000009de00000| PB 0x000000009de00000| Untracked 
| 479|0x000000009df00000, 0x000000009df00000, 0x000000009e000000|  0%| F|  |TAMS 0x000000009df00000| PB 0x000000009df00000| Untracked 
| 480|0x000000009e000000, 0x000000009e000000, 0x000000009e100000|  0%| F|  |TAMS 0x000000009e000000| PB 0x000000009e000000| Untracked 
| 481|0x000000009e100000, 0x000000009e100000, 0x000000009e200000|  0%| F|  |TAMS 0x000000009e100000| PB 0x000000009e100000| Untracked 
| 482|0x000000009e200000, 0x000000009e200000, 0x000000009e300000|  0%| F|  |TAMS 0x000000009e200000| PB 0x000000009e200000| Untracked 
| 483|0x000000009e300000, 0x000000009e300000, 0x000000009e400000|  0%| F|  |TAMS 0x000000009e300000| PB 0x000000009e300000| Untracked 
| 484|0x000000009e400000, 0x000000009e400000, 0x000000009e500000|  0%| F|  |TAMS 0x000000009e400000| PB 0x000000009e400000| Untracked 
| 485|0x000000009e500000, 0x000000009e500000, 0x000000009e600000|  0%| F|  |TAMS 0x000000009e500000| PB 0x000000009e500000| Untracked 
| 486|0x000000009e600000, 0x000000009e600000, 0x000000009e700000|  0%| F|  |TAMS 0x000000009e600000| PB 0x000000009e600000| Untracked 
| 487|0x000000009e700000, 0x000000009e700000, 0x000000009e800000|  0%| F|  |TAMS 0x000000009e700000| PB 0x000000009e700000| Untracked 
| 488|0x000000009e800000, 0x000000009e800000, 0x000000009e900000|  0%| F|  |TAMS 0x000000009e800000| PB 0x000000009e800000| Untracked 
| 489|0x000000009e900000, 0x000000009e900000, 0x000000009ea00000|  0%| F|  |TAMS 0x000000009e900000| PB 0x000000009e900000| Untracked 
| 490|0x000000009ea00000, 0x000000009ea00000, 0x000000009eb00000|  0%| F|  |TAMS 0x000000009ea00000| PB 0x000000009ea00000| Untracked 
| 491|0x000000009eb00000, 0x000000009eb00000, 0x000000009ec00000|  0%| F|  |TAMS 0x000000009eb00000| PB 0x000000009eb00000| Untracked 
| 492|0x000000009ec00000, 0x000000009ec00000, 0x000000009ed00000|  0%| F|  |TAMS 0x000000009ec00000| PB 0x000000009ec00000| Untracked 
| 493|0x000000009ed00000, 0x000000009ed00000, 0x000000009ee00000|  0%| F|  |TAMS 0x000000009ed00000| PB 0x000000009ed00000| Untracked 
| 494|0x000000009ee00000, 0x000000009ee00000, 0x000000009ef00000|  0%| F|  |TAMS 0x000000009ee00000| PB 0x000000009ee00000| Untracked 
| 495|0x000000009ef00000, 0x000000009ef00000, 0x000000009f000000|  0%| F|  |TAMS 0x000000009ef00000| PB 0x000000009ef00000| Untracked 
| 496|0x000000009f000000, 0x000000009f000000, 0x000000009f100000|  0%| F|  |TAMS 0x000000009f000000| PB 0x000000009f000000| Untracked 
| 497|0x000000009f100000, 0x000000009f100000, 0x000000009f200000|  0%| F|  |TAMS 0x000000009f100000| PB 0x000000009f100000| Untracked 
| 498|0x000000009f200000, 0x000000009f200000, 0x000000009f300000|  0%| F|  |TAMS 0x000000009f200000| PB 0x000000009f200000| Untracked 
| 499|0x000000009f300000, 0x000000009f300000, 0x000000009f400000|  0%| F|  |TAMS 0x000000009f300000| PB 0x000000009f300000| Untracked 
| 500|0x000000009f400000, 0x000000009f400000, 0x000000009f500000|  0%| F|  |TAMS 0x000000009f400000| PB 0x000000009f400000| Untracked 
| 501|0x000000009f500000, 0x000000009f500000, 0x000000009f600000|  0%| F|  |TAMS 0x000000009f500000| PB 0x000000009f500000| Untracked 
| 502|0x000000009f600000, 0x000000009f600000, 0x000000009f700000|  0%| F|  |TAMS 0x000000009f600000| PB 0x000000009f600000| Untracked 
| 503|0x000000009f700000, 0x000000009f700000, 0x000000009f800000|  0%| F|  |TAMS 0x000000009f700000| PB 0x000000009f700000| Untracked 
| 504|0x000000009f800000, 0x000000009f800000, 0x000000009f900000|  0%| F|  |TAMS 0x000000009f800000| PB 0x000000009f800000| Untracked 
| 505|0x000000009f900000, 0x000000009f900000, 0x000000009fa00000|  0%| F|  |TAMS 0x000000009f900000| PB 0x000000009f900000| Untracked 
| 506|0x000000009fa00000, 0x000000009fa00000, 0x000000009fb00000|  0%| F|  |TAMS 0x000000009fa00000| PB 0x000000009fa00000| Untracked 
| 507|0x000000009fb00000, 0x000000009fb00000, 0x000000009fc00000|  0%| F|  |TAMS 0x000000009fb00000| PB 0x000000009fb00000| Untracked 
| 508|0x000000009fc00000, 0x000000009fc00000, 0x000000009fd00000|  0%| F|  |TAMS 0x000000009fc00000| PB 0x000000009fc00000| Untracked 
| 509|0x000000009fd00000, 0x000000009fd00000, 0x000000009fe00000|  0%| F|  |TAMS 0x000000009fd00000| PB 0x000000009fd00000| Untracked 
| 510|0x000000009fe00000, 0x000000009fe00000, 0x000000009ff00000|  0%| F|  |TAMS 0x000000009fe00000| PB 0x000000009fe00000| Untracked 
| 511|0x000000009ff00000, 0x000000009ff00000, 0x00000000a0000000|  0%| F|  |TAMS 0x000000009ff00000| PB 0x000000009ff00000| Untracked 
| 512|0x00000000a0000000, 0x00000000a0000000, 0x00000000a0100000|  0%| F|  |TAMS 0x00000000a0000000| PB 0x00000000a0000000| Untracked 
| 513|0x00000000a0100000, 0x00000000a0100000, 0x00000000a0200000|  0%| F|  |TAMS 0x00000000a0100000| PB 0x00000000a0100000| Untracked 
| 514|0x00000000a0200000, 0x00000000a0200000, 0x00000000a0300000|  0%| F|  |TAMS 0x00000000a0200000| PB 0x00000000a0200000| Untracked 
| 515|0x00000000a0300000, 0x00000000a0300000, 0x00000000a0400000|  0%| F|  |TAMS 0x00000000a0300000| PB 0x00000000a0300000| Untracked 
| 516|0x00000000a0400000, 0x00000000a0400000, 0x00000000a0500000|  0%| F|  |TAMS 0x00000000a0400000| PB 0x00000000a0400000| Untracked 
| 517|0x00000000a0500000, 0x00000000a0500000, 0x00000000a0600000|  0%| F|  |TAMS 0x00000000a0500000| PB 0x00000000a0500000| Untracked 
| 518|0x00000000a0600000, 0x00000000a0600000, 0x00000000a0700000|  0%| F|  |TAMS 0x00000000a0600000| PB 0x00000000a0600000| Untracked 
| 519|0x00000000a0700000, 0x00000000a0700000, 0x00000000a0800000|  0%| F|  |TAMS 0x00000000a0700000| PB 0x00000000a0700000| Untracked 
| 520|0x00000000a0800000, 0x00000000a0800000, 0x00000000a0900000|  0%| F|  |TAMS 0x00000000a0800000| PB 0x00000000a0800000| Untracked 
| 521|0x00000000a0900000, 0x00000000a0900000, 0x00000000a0a00000|  0%| F|  |TAMS 0x00000000a0900000| PB 0x00000000a0900000| Untracked 
| 522|0x00000000a0a00000, 0x00000000a0a00000, 0x00000000a0b00000|  0%| F|  |TAMS 0x00000000a0a00000| PB 0x00000000a0a00000| Untracked 
| 523|0x00000000a0b00000, 0x00000000a0b00000, 0x00000000a0c00000|  0%| F|  |TAMS 0x00000000a0b00000| PB 0x00000000a0b00000| Untracked 
| 524|0x00000000a0c00000, 0x00000000a0c00000, 0x00000000a0d00000|  0%| F|  |TAMS 0x00000000a0c00000| PB 0x00000000a0c00000| Untracked 
| 525|0x00000000a0d00000, 0x00000000a0d00000, 0x00000000a0e00000|  0%| F|  |TAMS 0x00000000a0d00000| PB 0x00000000a0d00000| Untracked 
| 526|0x00000000a0e00000, 0x00000000a0e00000, 0x00000000a0f00000|  0%| F|  |TAMS 0x00000000a0e00000| PB 0x00000000a0e00000| Untracked 
| 527|0x00000000a0f00000, 0x00000000a0f00000, 0x00000000a1000000|  0%| F|  |TAMS 0x00000000a0f00000| PB 0x00000000a0f00000| Untracked 
| 528|0x00000000a1000000, 0x00000000a1000000, 0x00000000a1100000|  0%| F|  |TAMS 0x00000000a1000000| PB 0x00000000a1000000| Untracked 
| 529|0x00000000a1100000, 0x00000000a1100000, 0x00000000a1200000|  0%| F|  |TAMS 0x00000000a1100000| PB 0x00000000a1100000| Untracked 
| 530|0x00000000a1200000, 0x00000000a1200000, 0x00000000a1300000|  0%| F|  |TAMS 0x00000000a1200000| PB 0x00000000a1200000| Untracked 
| 531|0x00000000a1300000, 0x00000000a1300000, 0x00000000a1400000|  0%| F|  |TAMS 0x00000000a1300000| PB 0x00000000a1300000| Untracked 
| 532|0x00000000a1400000, 0x00000000a1400000, 0x00000000a1500000|  0%| F|  |TAMS 0x00000000a1400000| PB 0x00000000a1400000| Untracked 
| 533|0x00000000a1500000, 0x00000000a1500000, 0x00000000a1600000|  0%| F|  |TAMS 0x00000000a1500000| PB 0x00000000a1500000| Untracked 
| 534|0x00000000a1600000, 0x00000000a1600000, 0x00000000a1700000|  0%| F|  |TAMS 0x00000000a1600000| PB 0x00000000a1600000| Untracked 
| 535|0x00000000a1700000, 0x00000000a1700000, 0x00000000a1800000|  0%| F|  |TAMS 0x00000000a1700000| PB 0x00000000a1700000| Untracked 
| 536|0x00000000a1800000, 0x00000000a1800000, 0x00000000a1900000|  0%| F|  |TAMS 0x00000000a1800000| PB 0x00000000a1800000| Untracked 
| 537|0x00000000a1900000, 0x00000000a1900000, 0x00000000a1a00000|  0%| F|  |TAMS 0x00000000a1900000| PB 0x00000000a1900000| Untracked 
| 538|0x00000000a1a00000, 0x00000000a1a00000, 0x00000000a1b00000|  0%| F|  |TAMS 0x00000000a1a00000| PB 0x00000000a1a00000| Untracked 
|2008|0x00000000fd800000, 0x00000000fd800000, 0x00000000fd900000|  0%| F|  |TAMS 0x00000000fd800000| PB 0x00000000fd800000| Untracked 
|2009|0x00000000fd900000, 0x00000000fd900000, 0x00000000fda00000|  0%| F|  |TAMS 0x00000000fd900000| PB 0x00000000fd900000| Untracked 
|2010|0x00000000fda00000, 0x00000000fda00000, 0x00000000fdb00000|  0%| F|  |TAMS 0x00000000fda00000| PB 0x00000000fda00000| Untracked 
|2011|0x00000000fdb00000, 0x00000000fdb00000, 0x00000000fdc00000|  0%| F|  |TAMS 0x00000000fdb00000| PB 0x00000000fdb00000| Untracked 
|2012|0x00000000fdc00000, 0x00000000fdc00000, 0x00000000fdd00000|  0%| F|  |TAMS 0x00000000fdc00000| PB 0x00000000fdc00000| Untracked 
|2013|0x00000000fdd00000, 0x00000000fdd00000, 0x00000000fde00000|  0%| F|  |TAMS 0x00000000fdd00000| PB 0x00000000fdd00000| Untracked 
|2014|0x00000000fde00000, 0x00000000fde00000, 0x00000000fdf00000|  0%| F|  |TAMS 0x00000000fde00000| PB 0x00000000fde00000| Untracked 
|2015|0x00000000fdf00000, 0x00000000fdf00000, 0x00000000fe000000|  0%| F|  |TAMS 0x00000000fdf00000| PB 0x00000000fdf00000| Untracked 
|2016|0x00000000fe000000, 0x00000000fe000000, 0x00000000fe100000|  0%| F|  |TAMS 0x00000000fe000000| PB 0x00000000fe000000| Untracked 
|2017|0x00000000fe100000, 0x00000000fe100000, 0x00000000fe200000|  0%| F|  |TAMS 0x00000000fe100000| PB 0x00000000fe100000| Untracked 
|2018|0x00000000fe200000, 0x00000000fe200000, 0x00000000fe300000|  0%| F|  |TAMS 0x00000000fe200000| PB 0x00000000fe200000| Untracked 
|2019|0x00000000fe300000, 0x00000000fe300000, 0x00000000fe400000|  0%| F|  |TAMS 0x00000000fe300000| PB 0x00000000fe300000| Untracked 
|2020|0x00000000fe400000, 0x00000000fe400000, 0x00000000fe500000|  0%| F|  |TAMS 0x00000000fe400000| PB 0x00000000fe400000| Untracked 
|2021|0x00000000fe500000, 0x00000000fe500000, 0x00000000fe600000|  0%| F|  |TAMS 0x00000000fe500000| PB 0x00000000fe500000| Untracked 
|2022|0x00000000fe600000, 0x00000000fe600000, 0x00000000fe700000|  0%| F|  |TAMS 0x00000000fe600000| PB 0x00000000fe600000| Untracked 
|2023|0x00000000fe700000, 0x00000000fe700000, 0x00000000fe800000|  0%| F|  |TAMS 0x00000000fe700000| PB 0x00000000fe700000| Untracked 
|2024|0x00000000fe800000, 0x00000000fe800000, 0x00000000fe900000|  0%| F|  |TAMS 0x00000000fe800000| PB 0x00000000fe800000| Untracked 
|2025|0x00000000fe900000, 0x00000000fe900000, 0x00000000fea00000|  0%| F|  |TAMS 0x00000000fe900000| PB 0x00000000fe900000| Untracked 
|2026|0x00000000fea00000, 0x00000000fea00000, 0x00000000feb00000|  0%| F|  |TAMS 0x00000000fea00000| PB 0x00000000fea00000| Untracked 
|2027|0x00000000feb00000, 0x00000000feb00000, 0x00000000fec00000|  0%| F|  |TAMS 0x00000000feb00000| PB 0x00000000feb00000| Untracked 
|2028|0x00000000fec00000, 0x00000000fec00000, 0x00000000fed00000|  0%| F|  |TAMS 0x00000000fec00000| PB 0x00000000fec00000| Untracked 
|2029|0x00000000fed00000, 0x00000000fed00000, 0x00000000fee00000|  0%| F|  |TAMS 0x00000000fed00000| PB 0x00000000fed00000| Untracked 
|2030|0x00000000fee00000, 0x00000000fee00000, 0x00000000fef00000|  0%| F|  |TAMS 0x00000000fee00000| PB 0x00000000fee00000| Untracked 
|2031|0x00000000fef00000, 0x00000000fef00000, 0x00000000ff000000|  0%| F|  |TAMS 0x00000000fef00000| PB 0x00000000fef00000| Untracked 
|2032|0x00000000ff000000, 0x00000000ff000000, 0x00000000ff100000|  0%| F|  |TAMS 0x00000000ff000000| PB 0x00000000ff000000| Untracked 
|2033|0x00000000ff100000, 0x00000000ff100000, 0x00000000ff200000|  0%| F|  |TAMS 0x00000000ff100000| PB 0x00000000ff100000| Untracked 
|2034|0x00000000ff200000, 0x00000000ff200000, 0x00000000ff300000|  0%| F|  |TAMS 0x00000000ff200000| PB 0x00000000ff200000| Untracked 
|2035|0x00000000ff300000, 0x00000000ff400000, 0x00000000ff400000|100%| O|  |TAMS 0x00000000ff300000| PB 0x00000000ff300000| Untracked 
|2036|0x00000000ff400000, 0x00000000ff400000, 0x00000000ff500000|  0%| F|  |TAMS 0x00000000ff400000| PB 0x00000000ff400000| Untracked 
|2037|0x00000000ff500000, 0x00000000ff500000, 0x00000000ff600000|  0%| F|  |TAMS 0x00000000ff500000| PB 0x00000000ff500000| Untracked 
|2038|0x00000000ff600000, 0x00000000ff600000, 0x00000000ff700000|  0%| F|  |TAMS 0x00000000ff600000| PB 0x00000000ff600000| Untracked 
|2039|0x00000000ff700000, 0x00000000ff700000, 0x00000000ff800000|  0%| F|  |TAMS 0x00000000ff700000| PB 0x00000000ff700000| Untracked 
|2040|0x00000000ff800000, 0x00000000ff800000, 0x00000000ff900000|  0%| F|  |TAMS 0x00000000ff800000| PB 0x00000000ff800000| Untracked 
|2041|0x00000000ff900000, 0x00000000ff900000, 0x00000000ffa00000|  0%| F|  |TAMS 0x00000000ff900000| PB 0x00000000ff900000| Untracked 
|2042|0x00000000ffa00000, 0x00000000ffa00000, 0x00000000ffb00000|  0%| F|  |TAMS 0x00000000ffa00000| PB 0x00000000ffa00000| Untracked 
|2043|0x00000000ffb00000, 0x00000000ffc00000, 0x00000000ffc00000|100%| O|  |TAMS 0x00000000ffb00000| PB 0x00000000ffb00000| Untracked 
|2044|0x00000000ffc00000, 0x00000000ffc00000, 0x00000000ffd00000|  0%| F|  |TAMS 0x00000000ffc00000| PB 0x00000000ffc00000| Untracked 
|2045|0x00000000ffd00000, 0x00000000ffe00000, 0x00000000ffe00000|100%| O|  |TAMS 0x00000000ffd00000| PB 0x00000000ffd00000| Untracked 
|2046|0x00000000ffe00000, 0x00000000fff00000, 0x00000000fff00000|100%| O|  |TAMS 0x00000000ffe00000| PB 0x00000000ffe00000| Untracked 
|2047|0x00000000fff00000, 0x0000000100000000, 0x0000000100000000|100%| O|  |TAMS 0x00000000fff00000| PB 0x00000000fff00000| Untracked 

Card table byte_map: [0x00000207a8b40000,0x00000207a8f40000] _byte_map_base: 0x00000207a8740000

Marking Bits: (CMBitMap*) 0x00000207943b5630
 Bits: [0x00000207a8f40000, 0x00000207aaf40000)

Polling page: 0x0000020794420000

Metaspace:

Usage:
  Non-class:    229.87 MB used.
      Class:     33.65 MB used.
       Both:    263.52 MB used.

Virtual space:
  Non-class space:      256.00 MB reserved,     230.75 MB ( 90%) committed,  4 nodes.
      Class space:        1.00 GB reserved,      34.44 MB (  3%) committed,  1 nodes.
             Both:        1.25 GB reserved,     265.19 MB ( 21%) committed. 

Chunk freelists:
   Non-Class:  8.80 MB
       Class:  13.44 MB
        Both:  22.23 MB

MaxMetaspaceSize: unlimited
CompressedClassSpaceSize: 1.00 GB
Initial GC threshold: 21.00 MB
Current GC threshold: 408.75 MB
CDS: off
 - commit_granule_bytes: 65536.
 - commit_granule_words: 8192.
 - virtual_space_node_default_size: 8388608.
 - enlarge_chunks_in_place: 1.
 - use_allocation_guard: 0.


Internal statistics:

num_allocs_failed_limit: 9.
num_arena_births: 5048.
num_arena_deaths: 2322.
num_vsnodes_births: 5.
num_vsnodes_deaths: 0.
num_space_committed: 4269.
num_space_uncommitted: 20.
num_chunks_returned_to_freelist: 2761.
num_chunks_taken_from_freelist: 16860.
num_chunk_merges: 987.
num_chunk_splits: 11382.
num_chunks_enlarged: 8434.
num_inconsistent_stats: 0.

CodeHeap 'non-profiled nmethods': size=120000Kb used=25348Kb max_used=25348Kb free=94652Kb
 bounds [0x00000207a07b0000, 0x00000207a20e0000, 0x00000207a7ce0000]
CodeHeap 'profiled nmethods': size=120000Kb used=52703Kb max_used=53590Kb free=67296Kb
 bounds [0x0000020798ce0000, 0x000002079c140000, 0x00000207a0210000]
CodeHeap 'non-nmethods': size=5760Kb used=2288Kb max_used=2358Kb free=3471Kb
 bounds [0x00000207a0210000, 0x00000207a0480000, 0x00000207a07b0000]
 total_blobs=25063 nmethods=24084 adapters=881
 compilation: enabled
              stopped_count=0, restarted_count=0
 full_count=0

Compilation events (20 events):
Event: 2233.536 Thread 0x00000207adc477c0 46666       3       com.google.common.collect.MapMakerInternalMap$Segment::newEntryArray (9 bytes)
Event: 2233.541 Thread 0x00000207adc477c0 nmethod 46666 0x0000020798e7cc90 code [0x0000020798e7ce40, 0x0000020798e7d148]
Event: 2233.633 Thread 0x00000207adc477c0 46667       1       org.gradle.internal.dispatch.ProxyDispatchAdapter::getSource (5 bytes)
Event: 2233.636 Thread 0x00000207adc477c0 nmethod 46667 0x00000207a18ebe10 code [0x00000207a18ebfa0, 0x00000207a18ec068]
Event: 2233.693 Thread 0x00000207adc39210 46668   !   4       org.gradle.internal.service.DefaultServiceRegistry$FactoryService::bind (297 bytes)
Event: 2233.911 Thread 0x00000207adc477c0 46669       3       org.gradle.internal.event.DefaultListenerManager$ListenerDetails::useAsListener (46 bytes)
Event: 2233.928 Thread 0x00000207adc477c0 nmethod 46669 0x0000020799dc1790 code [0x0000020799dc19c0, 0x0000020799dc21d8]
Event: 2233.928 Thread 0x00000207adc477c0 46670       3       org.gradle.api.internal.DefaultNamedDomainObjectCollection::<init> (77 bytes)
Event: 2233.975 Thread 0x00000207adc477c0 nmethod 46670 0x0000020799b70c90 code [0x0000020799b70f80, 0x0000020799b72208]
Event: 2233.975 Thread 0x00000207adc477c0 46672       3       java.lang.invoke.LambdaForm$MH/0x000000010063c800::linkToTargetMethod (10 bytes)
Event: 2233.976 Thread 0x00000207adc477c0 nmethod 46672 0x0000020798e7c710 code [0x0000020798e7c8e0, 0x0000020798e7cba8]
Event: 2234.086 Thread 0x00000207adc39210 nmethod 46668 0x00000207a150a590 code [0x00000207a150aac0, 0x00000207a150d3b8]
Event: 2234.087 Thread 0x00000207adc39210 46673       4       org.gradle.internal.service.DefaultServiceRegistry$FactoryService::assembleParameters (58 bytes)
Event: 2234.099 Thread 0x00000207adc39210 nmethod 46673 0x00000207a1930210 code [0x00000207a19303c0, 0x00000207a1930770]
Event: 2234.099 Thread 0x00000207adc39210 46674       4       org.gradle.internal.service.DefaultServiceRegistry::find (28 bytes)
Event: 2234.144 Thread 0x00000207adc39210 nmethod 46674 0x00000207a07e6790 code [0x00000207a07e6a40, 0x00000207a07e7350]
Event: 2234.522 Thread 0x00000207adc39210 46675       4       java.lang.ClassLoader::getSystemClassLoader (96 bytes)
Event: 2234.527 Thread 0x00000207adc39210 nmethod 46675 0x00000207a1931610 code [0x00000207a19317a0, 0x00000207a1931848]
Event: 2234.598 Thread 0x00000207adc477c0 46676       1       org.gradle.internal.operations.OperationFinishEvent::getFailure (5 bytes)
Event: 2234.601 Thread 0x00000207adc477c0 nmethod 46676 0x00000207a1931310 code [0x00000207a19314a0, 0x00000207a1931568]

GC Heap History (20 events):
Event: 1818.881 GC heap after
{Heap after GC invocations=112 (full 0):
 garbage-first heap   total 592896K, used 224172K [0x0000000080000000, 0x0000000100000000)
  region size 1024K, 6 young (6144K), 6 survivors (6144K)
 Metaspace       used 248772K, committed 251456K, reserved 1310720K
  class space    used 32143K, committed 33408K, reserved 1048576K
}
Event: 1848.516 GC heap before
{Heap before GC invocations=112 (full 0):
 garbage-first heap   total 592896K, used 379820K [0x0000000080000000, 0x0000000100000000)
  region size 1024K, 159 young (162816K), 6 survivors (6144K)
 Metaspace       used 249037K, committed 251712K, reserved 1310720K
  class space    used 32151K, committed 33408K, reserved 1048576K
}
Event: 1848.639 GC heap after
{Heap after GC invocations=113 (full 0):
 garbage-first heap   total 592896K, used 239067K [0x0000000080000000, 0x0000000100000000)
  region size 1024K, 20 young (20480K), 20 survivors (20480K)
 Metaspace       used 249037K, committed 251712K, reserved 1310720K
  class space    used 32151K, committed 33408K, reserved 1048576K
}
Event: 1866.748 GC heap before
{Heap before GC invocations=114 (full 0):
 garbage-first heap   total 592896K, used 550363K [0x0000000080000000, 0x0000000100000000)
  region size 1024K, 295 young (302080K), 20 survivors (20480K)
 Metaspace       used 251922K, committed 254016K, reserved 1310720K
  class space    used 32126K, committed 33408K, reserved 1048576K
}
Event: 1866.822 GC heap after
{Heap after GC invocations=115 (full 0):
 garbage-first heap   total 592896K, used 254146K [0x0000000080000000, 0x0000000100000000)
  region size 1024K, 27 young (27648K), 27 survivors (27648K)
 Metaspace       used 251922K, committed 254016K, reserved 1310720K
  class space    used 32126K, committed 33408K, reserved 1048576K
}
Event: 1866.835 GC heap before
{Heap before GC invocations=115 (full 0):
 garbage-first heap   total 592896K, used 255170K [0x0000000080000000, 0x0000000100000000)
  region size 1024K, 28 young (28672K), 27 survivors (27648K)
 Metaspace       used 251924K, committed 254016K, reserved 1310720K
  class space    used 32126K, committed 33408K, reserved 1048576K
}
Event: 1866.907 GC heap after
{Heap after GC invocations=116 (full 0):
 garbage-first heap   total 592896K, used 238286K [0x0000000080000000, 0x0000000100000000)
  region size 1024K, 3 young (3072K), 3 survivors (3072K)
 Metaspace       used 251924K, committed 254016K, reserved 1310720K
  class space    used 32126K, committed 33408K, reserved 1048576K
}
Event: 1874.593 GC heap before
{Heap before GC invocations=116 (full 0):
 garbage-first heap   total 592896K, used 464590K [0x0000000080000000, 0x0000000100000000)
  region size 1024K, 211 young (216064K), 3 survivors (3072K)
 Metaspace       used 265650K, committed 267328K, reserved 1310720K
  class space    used 33856K, committed 34624K, reserved 1048576K
}
Event: 1874.918 GC heap after
{Heap after GC invocations=117 (full 0):
 garbage-first heap   total 592896K, used 271616K [0x0000000080000000, 0x0000000100000000)
  region size 1024K, 27 young (27648K), 27 survivors (27648K)
 Metaspace       used 265650K, committed 267328K, reserved 1310720K
  class space    used 33856K, committed 34624K, reserved 1048576K
}
Event: 1874.972 GC heap before
{Heap before GC invocations=117 (full 0):
 garbage-first heap   total 592896K, used 272640K [0x0000000080000000, 0x0000000100000000)
  region size 1024K, 28 young (28672K), 27 survivors (27648K)
 Metaspace       used 265691K, committed 267328K, reserved 1310720K
  class space    used 33862K, committed 34624K, reserved 1048576K
}
Event: 1875.215 GC heap after
{Heap after GC invocations=118 (full 0):
 garbage-first heap   total 592896K, used 271515K [0x0000000080000000, 0x0000000100000000)
  region size 1024K, 3 young (3072K), 3 survivors (3072K)
 Metaspace       used 265691K, committed 267328K, reserved 1310720K
  class space    used 33862K, committed 34624K, reserved 1048576K
}
Event: 1879.359 GC heap before
{Heap before GC invocations=118 (full 0):
 garbage-first heap   total 592896K, used 387227K [0x0000000080000000, 0x0000000100000000)
  region size 1024K, 117 young (119808K), 3 survivors (3072K)
 Metaspace       used 269725K, committed 271360K, reserved 1310720K
  class space    used 34457K, committed 35200K, reserved 1048576K
}
Event: 1879.387 GC heap after
{Heap after GC invocations=119 (full 0):
 garbage-first heap   total 592896K, used 275562K [0x0000000080000000, 0x0000000100000000)
  region size 1024K, 7 young (7168K), 7 survivors (7168K)
 Metaspace       used 269725K, committed 271360K, reserved 1310720K
  class space    used 34457K, committed 35200K, reserved 1048576K
}
Event: 1882.973 GC heap before
{Heap before GC invocations=119 (full 0):
 garbage-first heap   total 592896K, used 368746K [0x0000000080000000, 0x0000000100000000)
  region size 1024K, 95 young (97280K), 7 survivors (7168K)
 Metaspace       used 269743K, committed 271360K, reserved 1310720K
  class space    used 34457K, committed 35200K, reserved 1048576K
}
Event: 1883.043 GC heap after
{Heap after GC invocations=120 (full 0):
 garbage-first heap   total 592896K, used 284246K [0x0000000080000000, 0x0000000100000000)
  region size 1024K, 12 young (12288K), 12 survivors (12288K)
 Metaspace       used 269743K, committed 271360K, reserved 1310720K
  class space    used 34457K, committed 35200K, reserved 1048576K
}
Event: 1884.982 GC heap before
{Heap before GC invocations=120 (full 0):
 garbage-first heap   total 592896K, used 411222K [0x0000000080000000, 0x0000000100000000)
  region size 1024K, 137 young (140288K), 12 survivors (12288K)
 Metaspace       used 269759K, committed 271424K, reserved 1310720K
  class space    used 34457K, committed 35200K, reserved 1048576K
}
Event: 1885.260 GC heap after
{Heap after GC invocations=121 (full 0):
 garbage-first heap   total 592896K, used 285926K [0x0000000080000000, 0x0000000100000000)
  region size 1024K, 10 young (10240K), 10 survivors (10240K)
 Metaspace       used 269759K, committed 271424K, reserved 1310720K
  class space    used 34457K, committed 35200K, reserved 1048576K
}
Event: 1885.755 GC heap before
{Heap before GC invocations=121 (full 0):
 garbage-first heap   total 592896K, used 413926K [0x0000000080000000, 0x0000000100000000)
  region size 1024K, 135 young (138240K), 10 survivors (10240K)
 Metaspace       used 269768K, committed 271424K, reserved 1310720K
  class space    used 34457K, committed 35200K, reserved 1048576K
}
Event: 1885.910 GC heap after
{Heap after GC invocations=122 (full 0):
 garbage-first heap   total 592896K, used 284869K [0x0000000080000000, 0x0000000100000000)
  region size 1024K, 5 young (5120K), 5 survivors (5120K)
 Metaspace       used 269768K, committed 271424K, reserved 1310720K
  class space    used 34457K, committed 35200K, reserved 1048576K
}
Event: 2234.607 GC heap before
{Heap before GC invocations=122 (full 0):
 garbage-first heap   total 592896K, used 470213K [0x0000000080000000, 0x0000000100000000)
  region size 1024K, 146 young (149504K), 5 survivors (5120K)
 Metaspace       used 269843K, committed 271552K, reserved 1310720K
  class space    used 34458K, committed 35264K, reserved 1048576K
}

Dll operation events (3 events):
Event: 0.019 Loaded shared library C:\Program Files\Android\Android Studio2\jbr\bin\java.dll
Event: 0.027 Loaded shared library C:\Program Files\Android\Android Studio2\jbr\bin\zip.dll
Event: 0.994 Loaded shared library C:\Program Files\Android\Android Studio2\jbr\bin\verify.dll

Deoptimization events (20 events):
Event: 1888.698 Thread 0x00000207c634d360 DEOPT PACKING pc=0x00000207998df04e sp=0x000000250abfd1b0
Event: 1888.698 Thread 0x00000207c634d360 DEOPT UNPACKING pc=0x00000207a0264e42 sp=0x000000250abfc628 mode 0
Event: 1888.699 Thread 0x00000207c634d360 DEOPT PACKING pc=0x00000207998df04e sp=0x000000250abfd1b0
Event: 1888.699 Thread 0x00000207c634d360 DEOPT UNPACKING pc=0x00000207a0264e42 sp=0x000000250abfc628 mode 0
Event: 1889.054 Thread 0x00000207bf643000 Uncommon trap: trap_request=0xffffffbe fr.pc=0x00000207a11d5350 relative=0x0000000000000130
Event: 1889.054 Thread 0x00000207bf643000 Uncommon trap: reason=profile_predicate action=maybe_recompile pc=0x00000207a11d5350 method=java.util.HashMap.containsValue(Ljava/lang/Object;)Z @ 31 c2
Event: 1889.054 Thread 0x00000207bf643000 DEOPT PACKING pc=0x00000207a11d5350 sp=0x00000025047fb3a0
Event: 1889.054 Thread 0x00000207bf643000 DEOPT UNPACKING pc=0x00000207a02646a2 sp=0x00000025047fb308 mode 2
Event: 2231.639 Thread 0x00000207b3c62f80 Uncommon trap: trap_request=0xffffff45 fr.pc=0x00000207a0fa50a4 relative=0x0000000000000624
Event: 2231.641 Thread 0x00000207b3c62f80 Uncommon trap: reason=unstable_if action=reinterpret pc=0x00000207a0fa50a4 method=java.lang.Integer.stringSize(I)I @ 19 c2
Event: 2231.642 Thread 0x00000207b3c62f80 DEOPT PACKING pc=0x00000207a0fa50a4 sp=0x00000025045fe5f0
Event: 2231.645 Thread 0x00000207b3c62f80 DEOPT UNPACKING pc=0x00000207a02646a2 sp=0x00000025045fe4e0 mode 2
Event: 2234.196 Thread 0x00000207b6b1f5a0 Uncommon trap: trap_request=0xffffffd6 fr.pc=0x00000207a150c6b4 relative=0x0000000000001bf4
Event: 2234.196 Thread 0x00000207b6b1f5a0 Uncommon trap: reason=array_check action=maybe_recompile pc=0x00000207a150c6b4 method=org.gradle.internal.service.DefaultServiceRegistry$FactoryService.bind()V @ 281 c2
Event: 2234.196 Thread 0x00000207b6b1f5a0 DEOPT PACKING pc=0x00000207a150c6b4 sp=0x00000025048fa410
Event: 2234.196 Thread 0x00000207b6b1f5a0 DEOPT UNPACKING pc=0x00000207a02646a2 sp=0x00000025048fa3f0 mode 2
Event: 2234.196 Thread 0x00000207b6b1f5a0 Uncommon trap: trap_request=0xffffffd6 fr.pc=0x00000207a150c6b4 relative=0x0000000000001bf4
Event: 2234.196 Thread 0x00000207b6b1f5a0 Uncommon trap: reason=array_check action=maybe_recompile pc=0x00000207a150c6b4 method=org.gradle.internal.service.DefaultServiceRegistry$FactoryService.bind()V @ 281 c2
Event: 2234.196 Thread 0x00000207b6b1f5a0 DEOPT PACKING pc=0x00000207a150c6b4 sp=0x00000025048fa160
Event: 2234.197 Thread 0x00000207b6b1f5a0 DEOPT UNPACKING pc=0x00000207a02646a2 sp=0x00000025048fa140 mode 2

Classes loaded (20 events):
Event: 128.331 Loading class javax/management/InstanceNotFoundException
Event: 128.331 Loading class javax/management/InstanceNotFoundException done
Event: 128.585 Loading class java/util/concurrent/CompletableFuture$AsyncRun
Event: 128.586 Loading class java/util/concurrent/CompletableFuture$AsyncRun done
Event: 360.950 Loading class java/lang/StackStreamFactory
Event: 361.124 Loading class java/lang/StackStreamFactory done
Event: 361.131 Loading class java/lang/StackWalker$ExtendedOption
Event: 361.153 Loading class java/lang/StackWalker$ExtendedOption done
Event: 361.157 Loading class java/lang/StackStreamFactory$StackFrameTraverser
Event: 361.241 Loading class java/lang/StackStreamFactory$StackFrameTraverser done
Event: 361.245 Loading class java/lang/StackStreamFactory$WalkerState
Event: 361.253 Loading class java/lang/StackStreamFactory$WalkerState done
Event: 361.256 Loading class java/lang/StackStreamFactory$StackFrameTraverser$StackFrameBuffer
Event: 361.300 Loading class java/lang/StackStreamFactory$FrameBuffer
Event: 361.319 Loading class java/lang/StackStreamFactory$FrameBuffer done
Event: 361.320 Loading class java/lang/StackStreamFactory$StackFrameTraverser$StackFrameBuffer done
Event: 361.377 Loading class java/util/logging/LogRecord
Event: 361.496 Loading class java/util/logging/LogRecord done
Event: 542.508 Loading class jdk/internal/math/FormattedFPDecimal
Event: 542.623 Loading class jdk/internal/math/FormattedFPDecimal done

Classes unloaded (20 events):
Event: 1849.538 Thread 0x00000207940719f0 Unloading class 0x00000001001b9000 'java/lang/invoke/LambdaForm$MH+0x00000001001b9000'
Event: 1849.539 Thread 0x00000207940719f0 Unloading class 0x00000001001b0800 'java/lang/invoke/LambdaForm$MH+0x00000001001b0800'
Event: 1849.539 Thread 0x00000207940719f0 Unloading class 0x00000001001b0000 'java/lang/invoke/LambdaForm$MH+0x00000001001b0000'
Event: 1849.539 Thread 0x00000207940719f0 Unloading class 0x00000001001aec00 'java/lang/invoke/LambdaForm$MH+0x00000001001aec00'
Event: 1849.539 Thread 0x00000207940719f0 Unloading class 0x00000001001ae800 'java/lang/invoke/LambdaForm$MH+0x00000001001ae800'
Event: 1849.539 Thread 0x00000207940719f0 Unloading class 0x00000001001a4800 'java/lang/invoke/LambdaForm$MH+0x00000001001a4800'
Event: 1849.539 Thread 0x00000207940719f0 Unloading class 0x00000001001a4400 'java/lang/invoke/LambdaForm$MH+0x00000001001a4400'
Event: 1849.539 Thread 0x00000207940719f0 Unloading class 0x00000001001a4000 'java/lang/invoke/LambdaForm$BMH+0x00000001001a4000'
Event: 1849.539 Thread 0x00000207940719f0 Unloading class 0x0000000100139000 'java/lang/invoke/LambdaForm$MH+0x0000000100139000'
Event: 1849.539 Thread 0x00000207940719f0 Unloading class 0x0000000100138c00 'java/lang/invoke/LambdaForm$MH+0x0000000100138c00'
Event: 1849.539 Thread 0x00000207940719f0 Unloading class 0x0000000100121800 'java/lang/invoke/LambdaForm$MH+0x0000000100121800'
Event: 1849.539 Thread 0x00000207940719f0 Unloading class 0x0000000100121400 'java/lang/invoke/LambdaForm$MH+0x0000000100121400'
Event: 1849.539 Thread 0x00000207940719f0 Unloading class 0x0000000100120c00 'java/lang/invoke/LambdaForm$MH+0x0000000100120c00'
Event: 1849.539 Thread 0x00000207940719f0 Unloading class 0x00000001000fa000 'java/lang/invoke/LambdaForm$MH+0x00000001000fa000'
Event: 1849.540 Thread 0x00000207940719f0 Unloading class 0x00000001000f9c00 'java/lang/invoke/LambdaForm$MH+0x00000001000f9c00'
Event: 1849.540 Thread 0x00000207940719f0 Unloading class 0x00000001000f8000 'java/lang/invoke/LambdaForm$MH+0x00000001000f8000'
Event: 1849.540 Thread 0x00000207940719f0 Unloading class 0x00000001000c1c00 'java/lang/invoke/LambdaForm$MH+0x00000001000c1c00'
Event: 1849.540 Thread 0x00000207940719f0 Unloading class 0x00000001000c1800 'java/lang/invoke/LambdaForm$MH+0x00000001000c1800'
Event: 1849.540 Thread 0x00000207940719f0 Unloading class 0x00000001000c1400 'java/lang/invoke/LambdaForm$MH+0x00000001000c1400'
Event: 1849.540 Thread 0x00000207940719f0 Unloading class 0x00000001000c0c00 'java/lang/invoke/LambdaForm$MH+0x00000001000c0c00'

Classes redefined (0 events):
No events

Internal exceptions (20 events):
Event: 1886.434 Thread 0x00000207c634bfb0 Exception <a 'sun/nio/fs/WindowsException'{0x00000000a1494588}> (0x00000000a1494588) 
thrown [s\src\hotspot\share\prims\jni.cpp, line 535]
Event: 1886.439 Thread 0x00000207c634bfb0 Exception <a 'sun/nio/fs/WindowsException'{0x00000000a14a0a28}> (0x00000000a14a0a28) 
thrown [s\src\hotspot\share\prims\jni.cpp, line 535]
Event: 1886.448 Thread 0x00000207c634bfb0 Exception <a 'sun/nio/fs/WindowsException'{0x00000000a14ae488}> (0x00000000a14ae488) 
thrown [s\src\hotspot\share\prims\jni.cpp, line 535]
Event: 1886.453 Thread 0x00000207c634bfb0 Exception <a 'sun/nio/fs/WindowsException'{0x00000000a14b9590}> (0x00000000a14b9590) 
thrown [s\src\hotspot\share\prims\jni.cpp, line 535]
Event: 1886.462 Thread 0x00000207c634bfb0 Exception <a 'sun/nio/fs/WindowsException'{0x00000000a13c2380}> (0x00000000a13c2380) 
thrown [s\src\hotspot\share\prims\jni.cpp, line 535]
Event: 1886.469 Thread 0x00000207c634bfb0 Exception <a 'sun/nio/fs/WindowsException'{0x00000000a13ca410}> (0x00000000a13ca410) 
thrown [s\src\hotspot\share\prims\jni.cpp, line 535]
Event: 1886.490 Thread 0x00000207c634bfb0 Exception <a 'sun/nio/fs/WindowsException'{0x00000000a13d4ef0}> (0x00000000a13d4ef0) 
thrown [s\src\hotspot\share\prims\jni.cpp, line 535]
Event: 1886.494 Thread 0x00000207c634bfb0 Exception <a 'sun/nio/fs/WindowsException'{0x00000000a13e2110}> (0x00000000a13e2110) 
thrown [s\src\hotspot\share\prims\jni.cpp, line 535]
Event: 1887.101 Thread 0x00000207c634b290 Exception <a 'sun/nio/fs/WindowsException'{0x00000000a04c6cc0}> (0x00000000a04c6cc0) 
thrown [s\src\hotspot\share\prims\jni.cpp, line 535]
Event: 1888.014 Thread 0x00000207c634ac00 Exception <a 'sun/nio/fs/WindowsException'{0x000000009ed0d158}> (0x000000009ed0d158) 
thrown [s\src\hotspot\share\prims\jni.cpp, line 535]
Event: 1888.983 Thread 0x00000207bf643000 Exception <a 'sun/nio/fs/WindowsException'{0x000000009e7859a0}> (0x000000009e7859a0) 
thrown [s\src\hotspot\share\prims\jni.cpp, line 535]
Event: 1889.073 Thread 0x00000207bf643000 Exception <a 'sun/nio/fs/WindowsException'{0x000000009e7b03b0}> (0x000000009e7b03b0) 
thrown [s\src\hotspot\share\prims\jni.cpp, line 535]
Event: 1889.973 Thread 0x00000207b6b202c0 Exception <a 'sun/nio/fs/WindowsException'{0x000000009d62a7d8}> (0x000000009d62a7d8) 
thrown [s\src\hotspot\share\prims\jni.cpp, line 535]
Event: 1889.975 Thread 0x00000207b6b202c0 Exception <a 'sun/nio/fs/WindowsException'{0x000000009d62b320}> (0x000000009d62b320) 
thrown [s\src\hotspot\share\prims\jni.cpp, line 535]
Event: 1889.975 Thread 0x00000207b6b202c0 Exception <a 'sun/nio/fs/WindowsException'{0x000000009d62bec0}> (0x000000009d62bec0) 
thrown [s\src\hotspot\share\prims\jni.cpp, line 535]
Event: 1889.986 Thread 0x00000207b6b202c0 Exception <a 'sun/nio/fs/WindowsException'{0x000000009d63b800}> (0x000000009d63b800) 
thrown [s\src\hotspot\share\prims\jni.cpp, line 535]
Event: 2233.587 Thread 0x00000207b6b1f5a0 Exception <a 'sun/nio/fs/WindowsException'{0x000000009c71f138}> (0x000000009c71f138) 
thrown [s\src\hotspot\share\prims\jni.cpp, line 535]
Event: 2233.596 Thread 0x00000207b6b1f5a0 Exception <a 'sun/nio/fs/WindowsException'{0x000000009c720670}> (0x000000009c720670) 
thrown [s\src\hotspot\share\prims\jni.cpp, line 535]
Event: 2233.597 Thread 0x00000207b6b1f5a0 Exception <a 'sun/nio/fs/WindowsException'{0x000000009c721b98}> (0x000000009c721b98) 
thrown [s\src\hotspot\share\prims\jni.cpp, line 535]
Event: 2233.597 Thread 0x00000207b6b1f5a0 Exception <a 'sun/nio/fs/WindowsException'{0x000000009c722d28}> (0x000000009c722d28) 
thrown [s\src\hotspot\share\prims\jni.cpp, line 535]

ZGC Phase Switch (0 events):
No events

VM Operations (20 events):
Event: 1887.912 Executing VM operation: Cleanup done
Event: 1888.912 Executing VM operation: Cleanup
Event: 1888.912 Executing VM operation: Cleanup done
Event: 1889.913 Executing VM operation: Cleanup
Event: 1889.913 Executing VM operation: Cleanup done
Event: 1924.640 Executing VM operation: HandshakeAllThreads (HandshakeForDeflation)
Event: 1924.640 Executing VM operation: HandshakeAllThreads (HandshakeForDeflation) done
Event: 1924.640 Executing VM operation: RendezvousGCThreads
Event: 1924.640 Executing VM operation: RendezvousGCThreads done
Event: 1928.641 Executing VM operation: Cleanup
Event: 1928.641 Executing VM operation: Cleanup done
Event: 1946.653 Executing VM operation: Cleanup
Event: 1946.653 Executing VM operation: Cleanup done
Event: 2101.734 Executing VM operation: Cleanup
Event: 2101.737 Executing VM operation: Cleanup done
Event: 2232.810 Executing VM operation: Cleanup
Event: 2232.812 Executing VM operation: Cleanup done
Event: 2233.813 Executing VM operation: Cleanup
Event: 2233.814 Executing VM operation: Cleanup done
Event: 2234.606 Executing VM operation: G1CollectForAllocation (G1 Evacuation Pause)

Events (20 events):
Event: 1957.250 Thread 0x00000207c126e090 Thread exited: 0x00000207c126e090
Event: 1965.822 Thread 0x00000207c0c95b10 Thread exited: 0x00000207c0c95b10
Event: 1974.394 Thread 0x00000207c100bc50 Thread exited: 0x00000207c100bc50
Event: 1982.965 Thread 0x00000207c126edb0 Thread exited: 0x00000207c126edb0
Event: 1991.537 Thread 0x00000207be149a80 Thread exited: 0x00000207be149a80
Event: 2000.128 Thread 0x00000207c100c2e0 Thread exited: 0x00000207c100c2e0
Event: 2003.361 Thread 0x00000207bf643d20 Thread exited: 0x00000207bf643d20
Event: 2153.979 Thread 0x00000207c100dd20 Thread added: 0x00000207c100dd20
Event: 2231.736 Thread 0x00000207c1ce6b00 Thread added: 0x00000207c1ce6b00
Event: 2231.781 Thread 0x00000207b6b1db60 Thread added: 0x00000207b6b1db60
Event: 2231.949 Thread 0x00000207b6b1ef10 Thread added: 0x00000207b6b1ef10
Event: 2232.042 Thread 0x00000207b6b1f5a0 Thread added: 0x00000207b6b1f5a0
Event: 2232.168 Thread 0x00000207c7ede7f0 Thread added: 0x00000207c7ede7f0
Event: 2232.239 Thread 0x00000207c7edfba0 Thread added: 0x00000207c7edfba0
Event: 2232.249 Thread 0x00000207c7edee80 Thread added: 0x00000207c7edee80
Event: 2233.104 Thread 0x00000207c7ee0230 Thread added: 0x00000207c7ee0230
Event: 2233.142 Thread 0x00000207c099b410 Thread added: 0x00000207c099b410
Event: 2233.722 Thread 0x00000207c099a060 Thread added: 0x00000207c099a060
Event: 2233.832 Thread 0x00000207be5b2100 Thread added: 0x00000207be5b2100
Event: 2233.864 Thread 0x00000207be5b0d50 Thread added: 0x00000207be5b0d50


Dynamic libraries:
0x00007ff739fb0000 - 0x00007ff739fba000 	C:\Program Files\Android\Android Studio2\jbr\bin\java.exe
0x00007ffb86c40000 - 0x00007ffb86ea7000 	C:\WINDOWS\SYSTEM32\ntdll.dll
0x00007ffb86580000 - 0x00007ffb86649000 	C:\WINDOWS\System32\KERNEL32.DLL
0x00007ffb83680000 - 0x00007ffb83a71000 	C:\WINDOWS\System32\KERNELBASE.dll
0x00007ffb84890000 - 0x00007ffb849db000 	C:\WINDOWS\System32\ucrtbase.dll
0x00007ffb6c4f0000 - 0x00007ffb6c50b000 	C:\Program Files\Android\Android Studio2\jbr\bin\VCRUNTIME140.dll
0x00007ffb1de50000 - 0x00007ffb1de68000 	C:\Program Files\Android\Android Studio2\jbr\bin\jli.dll
0x00007ffb85260000 - 0x00007ffb85425000 	C:\WINDOWS\System32\USER32.dll
0x00007ffb66300000 - 0x00007ffb66593000 	C:\WINDOWS\WinSxS\amd64_microsoft.windows.common-controls_6595b64144ccf1df_6.0.26100.7922_none_3e089e1ee3342171\COMCTL32.dll
0x00007ffb83c80000 - 0x00007ffb83ca7000 	C:\WINDOWS\System32\win32u.dll
0x00007ffb85a80000 - 0x00007ffb85b29000 	C:\WINDOWS\System32\msvcrt.dll
0x00007ffb85970000 - 0x00007ffb8599b000 	C:\WINDOWS\System32\GDI32.dll
0x00007ffb83d70000 - 0x00007ffb83e9a000 	C:\WINDOWS\System32\gdi32full.dll
0x00007ffb83520000 - 0x00007ffb835c3000 	C:\WINDOWS\System32\msvcp_win.dll
0x00007ffb85220000 - 0x00007ffb85251000 	C:\WINDOWS\System32\IMM32.DLL
0x00007ffb6ac50000 - 0x00007ffb6ac5c000 	C:\Program Files\Android\Android Studio2\jbr\bin\vcruntime140_1.dll
0x00007ffab67f0000 - 0x00007ffab687d000 	C:\Program Files\Android\Android Studio2\jbr\bin\msvcp140.dll
0x00007ffa7aa80000 - 0x00007ffa7b6fd000 	C:\Program Files\Android\Android Studio2\jbr\bin\server\jvm.dll
0x00007ffb859c0000 - 0x00007ffb85a7b000 	C:\WINDOWS\System32\ADVAPI32.dll
0x00007ffb86650000 - 0x00007ffb866f7000 	C:\WINDOWS\System32\sechost.dll
0x00007ffb862b0000 - 0x00007ffb863c8000 	C:\WINDOWS\System32\RPCRT4.dll
0x00007ffb851a0000 - 0x00007ffb85214000 	C:\WINDOWS\System32\WS2_32.dll
0x00007ffb7da50000 - 0x00007ffb7da5b000 	C:\WINDOWS\SYSTEM32\VERSION.dll
0x00007ffb83380000 - 0x00007ffb833de000 	C:\WINDOWS\SYSTEM32\POWRPROF.dll
0x00007ffb7da10000 - 0x00007ffb7da45000 	C:\WINDOWS\SYSTEM32\WINMM.dll
0x00007ffb83360000 - 0x00007ffb83374000 	C:\WINDOWS\SYSTEM32\UMPDC.dll
0x00007ffb822b0000 - 0x00007ffb822cb000 	C:\WINDOWS\SYSTEM32\kernel.appcore.dll
0x00007ffb6c510000 - 0x00007ffb6c51a000 	C:\Program Files\Android\Android Studio2\jbr\bin\jimage.dll
0x00007ffb780b0000 - 0x00007ffb782f2000 	C:\WINDOWS\SYSTEM32\DBGHELP.DLL
0x00007ffb86870000 - 0x00007ffb86bf2000 	C:\WINDOWS\System32\combase.dll
0x00007ffb85430000 - 0x00007ffb85507000 	C:\WINDOWS\System32\OLEAUT32.dll
0x00007ffb65ac0000 - 0x00007ffb65afb000 	C:\WINDOWS\SYSTEM32\dbgcore.DLL
0x00007ffb835d0000 - 0x00007ffb83675000 	C:\WINDOWS\System32\bcryptPrimitives.dll
0x00007ffb6ad40000 - 0x00007ffb6ad4e000 	C:\Program Files\Android\Android Studio2\jbr\bin\instrument.dll
0x00007ffb6ac30000 - 0x00007ffb6ac4f000 	C:\Program Files\Android\Android Studio2\jbr\bin\java.dll
0x00007ffb6ac10000 - 0x00007ffb6ac28000 	C:\Program Files\Android\Android Studio2\jbr\bin\zip.dll
0x00007ffb85b40000 - 0x00007ffb8629f000 	C:\WINDOWS\System32\SHELL32.dll
0x00007ffb83b10000 - 0x00007ffb83c7a000 	C:\WINDOWS\System32\wintypes.dll
0x00007ffb84020000 - 0x00007ffb84884000 	C:\WINDOWS\System32\windows.storage.dll
0x00007ffb85670000 - 0x00007ffb85767000 	C:\WINDOWS\System32\SHCORE.dll
0x00007ffb85020000 - 0x00007ffb85087000 	C:\WINDOWS\System32\shlwapi.dll
0x00007ffb83440000 - 0x00007ffb83469000 	C:\WINDOWS\SYSTEM32\profapi.dll
0x00007ffb6ac00000 - 0x00007ffb6ac10000 	C:\Program Files\Android\Android Studio2\jbr\bin\net.dll
0x00007ffb7a9d0000 - 0x00007ffb7aaf7000 	C:\WINDOWS\SYSTEM32\WINHTTP.dll
0x00007ffb82820000 - 0x00007ffb8288b000 	C:\WINDOWS\system32\mswsock.dll
0x00007ffb6abe0000 - 0x00007ffb6abf6000 	C:\Program Files\Android\Android Studio2\jbr\bin\nio.dll
0x00007ffb58420000 - 0x00007ffb58430000 	C:\Program Files\Android\Android Studio2\jbr\bin\verify.dll
0x00007ffb6afa0000 - 0x00007ffb6afc7000 	C:\Users\perez\AndroidStudioProjects\MyApplication\native\1def1411415f61bf3af743bc5b6707747c0891f09f0c88961ee8f79bc544acac\windows-amd64\native-platform.dll
0x00007ffaaec00000 - 0x00007ffaaec78000 	C:\Users\perez\AndroidStudioProjects\MyApplication\native\0.2.7\x86_64-windows-gnu\gradle-fileevents.dll
0x00007ffb6a9d0000 - 0x00007ffb6a9d9000 	C:\Program Files\Android\Android Studio2\jbr\bin\management.dll
0x00007ffb6a9c0000 - 0x00007ffb6a9cb000 	C:\Program Files\Android\Android Studio2\jbr\bin\management_ext.dll
0x00007ffb85960000 - 0x00007ffb85968000 	C:\WINDOWS\System32\PSAPI.DLL
0x00007ffb81cf0000 - 0x00007ffb81d23000 	C:\WINDOWS\SYSTEM32\IPHLPAPI.DLL
0x00007ffb85b30000 - 0x00007ffb85b3a000 	C:\WINDOWS\System32\NSI.dll
0x00007ffb6abd0000 - 0x00007ffb6abd9000 	C:\Program Files\Android\Android Studio2\jbr\bin\extnet.dll
0x00007ffb82b00000 - 0x00007ffb82b1b000 	C:\WINDOWS\SYSTEM32\CRYPTSP.dll
0x00007ffb82210000 - 0x00007ffb82249000 	C:\WINDOWS\system32\rsaenh.dll
0x00007ffb828d0000 - 0x00007ffb82902000 	C:\WINDOWS\SYSTEM32\USERENV.dll
0x00007ffb83410000 - 0x00007ffb8343a000 	C:\WINDOWS\SYSTEM32\bcrypt.dll
0x00007ffb82b20000 - 0x00007ffb82b2c000 	C:\WINDOWS\SYSTEM32\CRYPTBASE.dll
0x00007ffb472a0000 - 0x00007ffb472a8000 	C:\WINDOWS\system32\wshunix.dll
0x00007ffb5b430000 - 0x00007ffb5b448000 	C:\WINDOWS\system32\napinsp.dll
0x00007ffb81d90000 - 0x00007ffb81eba000 	C:\WINDOWS\SYSTEM32\DNSAPI.dll
0x00007ffb5b410000 - 0x00007ffb5b422000 	C:\WINDOWS\System32\winrnr.dll
0x00007ffb5b3e0000 - 0x00007ffb5b402000 	C:\WINDOWS\system32\nlansp_c.dll
0x00007ffb5b3c0000 - 0x00007ffb5b3d6000 	C:\WINDOWS\system32\wshbth.dll
0x00007ffb7b410000 - 0x00007ffb7b41b000 	C:\Windows\System32\rasadhlp.dll
0x00007ffb7df00000 - 0x00007ffb7df86000 	C:\WINDOWS\System32\fwpuclnt.dll
0x00007ffb19300000 - 0x00007ffb1931e000 	C:\Users\perez\AppData\Local\Temp\native-platform17579357380565097704dir\native-platform.dll
0x00007ffb46d50000 - 0x00007ffb46d57000 	C:\Program Files\Android\Android Studio2\jbr\bin\rmi.dll
0x00007ffb823d0000 - 0x00007ffb82406000 	C:\WINDOWS\SYSTEM32\ntmarta.dll

dbghelp: loaded successfully - version: 4.0.5 - missing functions: none
symbol engine: initialized successfully - sym options: 0x614 - pdb path: .;C:\Program Files\Android\Android Studio2\jbr\bin;C:\WINDOWS\SYSTEM32;C:\WINDOWS\WinSxS\amd64_microsoft.windows.common-controls_6595b64144ccf1df_6.0.26100.7922_none_3e089e1ee3342171;C:\Program Files\Android\Android Studio2\jbr\bin\server;C:\Users\perez\AndroidStudioProjects\MyApplication\native\1def1411415f61bf3af743bc5b6707747c0891f09f0c88961ee8f79bc544acac\windows-amd64;C:\Users\perez\AndroidStudioProjects\MyApplication\native\0.2.7\x86_64-windows-gnu;C:\Users\perez\AppData\Local\Temp\native-platform17579357380565097704dir

VM Arguments:
jvm_args: --add-opens=java.base/java.lang=ALL-UNNAMED --add-opens=java.base/java.lang.invoke=ALL-UNNAMED --add-opens=java.base/java.util=ALL-UNNAMED --add-opens=java.prefs/java.util.prefs=ALL-UNNAMED --add-exports=jdk.compiler/com.sun.tools.javac.api=ALL-UNNAMED --add-exports=jdk.compiler/com.sun.tools.javac.util=ALL-UNNAMED --add-opens=java.base/java.util=ALL-UNNAMED --add-opens=java.prefs/java.util.prefs=ALL-UNNAMED --add-opens=java.base/java.nio.charset=ALL-UNNAMED --add-opens=java.base/java.net=ALL-UNNAMED --add-opens=java.base/java.util.concurrent.atomic=ALL-UNNAMED --add-opens=java.xml/javax.xml.namespace=ALL-UNNAMED -Xmx2048m -Dfile.encoding=UTF-8 -Duser.country=CO -Duser.language=es -Duser.variant -javaagent:C:\Users\perez\AndroidStudioProjects\MyApplication\wrapper\dists\gradle-8.13-bin\5xuhj0ry160q40clulazy9h7d\gradle-8.13\lib\agents\gradle-instrumentation-agent-8.13.jar 
java_command: org.gradle.launcher.daemon.bootstrap.GradleDaemon 8.13
java_class_path (initial): C:\Users\perez\AndroidStudioProjects\MyApplication\wrapper\dists\gradle-8.13-bin\5xuhj0ry160q40clulazy9h7d\gradle-8.13\lib\gradle-daemon-main-8.13.jar
Launcher Type: SUN_STANDARD

[Global flags]
     intx CICompilerCount                          = 4                                         {product} {ergonomic}
     uint ConcGCThreads                            = 2                                         {product} {ergonomic}
     uint G1ConcRefinementThreads                  = 8                                         {product} {ergonomic}
   size_t G1HeapRegionSize                         = 1048576                                   {product} {ergonomic}
    uintx GCDrainStackTargetSize                   = 64                                        {product} {ergonomic}
   size_t InitialHeapSize                          = 123731968                                 {product} {ergonomic}
   size_t MarkStackSize                            = 4194304                                   {product} {ergonomic}
   size_t MaxHeapSize                              = 2147483648                                {product} {command line}
   size_t MaxNewSize                               = 1287651328                                {product} {ergonomic}
   size_t MinHeapDeltaBytes                        = 1048576                                   {product} {ergonomic}
   size_t MinHeapSize                              = 8388608                                   {product} {ergonomic}
    uintx NonNMethodCodeHeapSize                   = 5839372                                {pd product} {ergonomic}
    uintx NonProfiledCodeHeapSize                  = 122909434                              {pd product} {ergonomic}
    uintx ProfiledCodeHeapSize                     = 122909434                              {pd product} {ergonomic}
    uintx ReservedCodeCacheSize                    = 251658240                              {pd product} {ergonomic}
     bool SegmentedCodeCache                       = true                                      {product} {ergonomic}
   size_t SoftMaxHeapSize                          = 2147483648                             {manageable} {ergonomic}
     bool UseCompressedOops                        = true                           {product lp64_product} {ergonomic}
     bool UseG1GC                                  = true                                      {product} {ergonomic}
     bool UseLargePagesIndividualAllocation        = false                                  {pd product} {ergonomic}

Logging:
Log output configuration:
 #0: stdout all=warning uptime,level,tags foldmultilines=false
 #1: stderr all=off uptime,level,tags foldmultilines=false

Environment Variables:
PATH=C:\Program Files\dotnet\;C:\ORECLE\dbhomeXE\bin;C:\app\perez\product\21c\dbhomeXE\bin;C:\Program Files\Common Files\Oracle\Java\javapath;C:\Program Files (x86)\Common Files\Oracle\Java\javapath;C:\WINDOWS\system32;C:\WINDOWS;C:\WINDOWS\System32\Wbem;C:\WINDOWS\System32\WindowsPowerShell\v1.0\;C:\WINDOWS\System32\OpenSSH\;C:\Program Files\HP\HP One Agent;C:\Program Files (x86)\Microsoft SQL Server\160\Tools\Binn\;C:\Program Files\Microsoft SQL Server\160\Tools\Binn\;C:\Program Files\Microsoft SQL Server\Client SDK\ODBC\170\Tools\Binn\;C:\Program Files\Microsoft SQL Server\160\DTS\Binn\;C:\Program Files (x86)\Microsoft SQL Server\160\DTS\Binn\;C:\Program Files\Microsoft SQL Server\150\Tools\Binn\;C:\xampp\php;C:\ProgramData\ComposerSetup\bin;C:\flutter\bin;C:\Users\perez\AppData\Local\Android\Sdk\platform-tools;C:\Program Files\Git\cmd;C:\Program Files\nodejs\;C:\WINDOWS\system32;C:\WINDOWS;C:\WINDOWS\System32\Wbem;C:\WINDOWS\System32\WindowsPowerShell\v1.0\;C:\WINDOWS\System32\OpenSSH\;C:\Program Files\ngrok;C:\Program Files\cursor\resources\app\bin;C:\Users\perez\AppData\Local\Programs\Python\Python313\Scripts\;C:\Users\perez\AppData\Local\Programs\Python\Python313\;C:\Users\perez\AppData\Local\Programs\oh-my-posh\bin\;C:\Program Files\MySQL\MySQL Shell 8.0\bin\;C:\xampp\php\php.exe;C:\Users\perez\AppData\Local\Programs\Microsoft VS Code\bin;C:\Users\perez\AppData\Roaming\Composer\vendor\bin;C:\Users\perez\AppData\Local\GitHubDesktop\bin;C:\Users\perez\.dotnet\tools;C:\Users\perez\.deno\bin;C:\Users\perez\AppData\Roaming\npm;C:\Users\perez\AppData\Local\Microsoft\WindowsApps;C:\ngrok;C:\Users\perez\AppData\Local\Programs\Antigravity\bin;C:\Users\perez\AppData\Local\Programs\Ollama
USERNAME=perez
OS=Windows_NT
PROCESSOR_IDENTIFIER=AMD64 Family 23 Model 104 Stepping 1, AuthenticAMD
TMP=C:\Users\perez\AppData\Local\Temp
TEMP=C:\Users\perez\AppData\Local\Temp




Periodic native trim disabled

JNI global refs:
JNI global refs: 28, weak refs: 0

JNI global refs memory usage: 835, weak refs: 833

Process memory usage:
Resident Set Size: 198636K (2% of 7682164K total physical memory with 394720K free physical memory)

OOME stack traces (most recent first):
Classloader memory used:
Loader java.net.URLClassLoader                                                         : 106M
Loader org.gradle.internal.classloader.VisitableURLClassLoader$InstrumentingVisitableURLClassLoader: 56081K
Loader org.gradle.internal.classloader.VisitableURLClassLoader                         : 47791K
Loader bootstrap                                                                       : 30588K
Loader org.gradle.initialization.MixInLegacyTypesClassLoader                           : 13139K
Loader jdk.internal.loader.ClassLoaders$AppClassLoader                                 : 10512K
Loader jdk.internal.loader.ClassLoaders$PlatformClassLoader                            : 970K
Loader jdk.internal.reflect.DelegatingClassLoader                                      : 757K
Loader jdk.internal.jrtfs.JrtFileSystemProvider$JrtFsLoader                            : 584K
Loader org.gradle.internal.classloader.VisitableURLClassLoader                         : 357K
Loader sun.reflect.misc.MethodUtil                                                     : 2960B

Classes loaded by more than one classloader:
Class kotlin.jvm.internal.Lambda                                                      : loaded 11 times (x 72B)
Class kotlin.NoWhenBranchMatchedException                                             : loaded 11 times (x 79B)
Class kotlin.jvm.functions.Function1                                                  : loaded 11 times (x 67B)
Class kotlin.UninitializedPropertyAccessException                                     : loaded 11 times (x 79B)
Class kotlin.KotlinNullPointerException                                               : loaded 11 times (x 80B)
Class kotlin.SynchronizedLazyImpl                                                     : loaded 11 times (x 73B)
Class kotlin.Lazy                                                                     : loaded 11 times (x 67B)
Class kotlin.LazyKt__LazyJVMKt                                                        : loaded 11 times (x 68B)
Class kotlin.LazyKt                                                                   : loaded 11 times (x 68B)
Class kotlin.jvm.internal.Intrinsics                                                  : loaded 11 times (x 68B)
Class kotlin.Function                                                                 : loaded 11 times (x 67B)
Class kotlin.LazyKt__LazyKt                                                           : loaded 11 times (x 68B)
Class kotlin.jvm.functions.Function0                                                  : loaded 11 times (x 67B)
Class kotlin.jvm.internal.FunctionBase                                                : loaded 11 times (x 67B)
Class kotlin.UNINITIALIZED_VALUE                                                      : loaded 11 times (x 68B)
Class com.google.common.base.Function                                                 : loaded 10 times (x 67B)
Class com.google.common.base.CharMatcher$AnyOf                                        : loaded 10 times (x 109B)
Class kotlin.enums.EnumEntries                                                        : loaded 10 times (x 67B)
Class com.google.common.collect.ImmutableMapEntry$NonTerminalImmutableMapEntry        : loaded 10 times (x 82B)
Class com.google.common.collect.ImmutableSet$RegularSetBuilderImpl                    : loaded 10 times (x 74B)
Class com.google.common.collect.ImmutableCollection                                   : loaded 10 times (x 122B)
Class kotlin.NotImplementedError                                                      : loaded 10 times (x 79B)
Class kotlin.text.StringsKt__StringsKt                                                : loaded 10 times (x 68B)
Class kotlin.collections.CollectionsKt__CollectionsJVMKt                              : loaded 10 times (x 68B)
Class com.google.common.collect.ImmutableMapEntrySet$RegularEntrySet                  : loaded 10 times (x 149B)
Class kotlin.ranges.IntProgression                                                    : loaded 10 times (x 78B)
Class com.google.common.collect.ImmutableList                                         : loaded 10 times (x 203B)
Class com.google.common.base.CharMatcher$InRange                                      : loaded 10 times (x 108B)
Class com.google.common.collect.ImmutableSet$EmptySetBuilderImpl                      : loaded 10 times (x 73B)
Class com.google.common.collect.RegularImmutableList                                  : loaded 10 times (x 210B)
Class kotlin.jvm.internal.CallableReference$NoReceiver                                : loaded 10 times (x 68B)
Class com.google.common.collect.Iterators$MergingIterator                             : loaded 10 times (x 78B)
Class com.google.common.collect.Maps$BiMapConverter                                   : loaded 10 times (x 87B)
Class com.google.common.collect.ImmutableSet$JdkBackedSetBuilderImpl                  : loaded 10 times (x 73B)
Class com.google.common.collect.Iterators$5                                           : loaded 10 times (x 79B)
Class kotlin.collections.ArraysKt__ArraysJVMKt                                        : loaded 10 times (x 68B)
Class kotlin.enums.EnumEntriesList                                                    : loaded 10 times (x 220B)
Class kotlin.internal.ProgressionUtilKt                                               : loaded 10 times (x 68B)
Class kotlin.jvm.internal.FunctionReference                                           : loaded 10 times (x 119B)
Class kotlin.ranges.RangesKt                                                          : loaded 10 times (x 68B)
Class com.google.common.collect.Iterators$ArrayItr                                    : loaded 10 times (x 94B)
Class com.google.common.collect.ImmutableCollection$Builder                           : loaded 10 times (x 73B)
Class com.google.common.collect.RegularImmutableSet                                   : loaded 10 times (x 146B)
Class com.google.common.base.Converter                                                : loaded 10 times (x 87B)
Class com.google.common.collect.RegularImmutableMap$KeySet                            : loaded 10 times (x 149B)
Class kotlin.collections.CollectionsKt__MutableCollectionsJVMKt                       : loaded 10 times (x 68B)
Class com.google.common.base.CharMatcher$IsEither                                     : loaded 10 times (x 108B)
Class kotlin.text.StringsKt___StringsKt                                               : loaded 10 times (x 68B)
Class com.google.common.collect.Sets$4                                                : loaded 10 times (x 136B)
Class kotlin.collections.ArraysUtilJVM                                                : loaded 10 times (x 68B)
Class kotlin.enums.EnumEntriesKt                                                      : loaded 10 times (x 68B)
Class com.google.common.base.Supplier                                                 : loaded 10 times (x 67B)
Class kotlin.reflect.KAnnotatedElement                                                : loaded 10 times (x 67B)
Class com.google.common.collect.ImmutableList$SubList                                 : loaded 10 times (x 206B)
Class com.google.common.collect.ImmutableSet$CachingAsList                            : loaded 10 times (x 145B)
Class com.google.common.base.CharMatcher$Or                                           : loaded 10 times (x 109B)
Class kotlin.jvm.internal.markers.KMappedMarker                                       : loaded 10 times (x 67B)
Class kotlin.collections.CollectionsKt__ReversedViewsKt                               : loaded 10 times (x 68B)
Class kotlin.collections.CollectionsKt__IteratorsKt                                   : loaded 10 times (x 68B)
Class kotlin.jvm.KotlinReflectionNotSupportedError                                    : loaded 10 times (x 79B)
Class com.google.common.collect.Iterators$4                                           : loaded 10 times (x 79B)
Class kotlin.collections.SetsKt__SetsJVMKt                                            : loaded 10 times (x 68B)
Class kotlin.ranges.IntRange$Companion                                                : loaded 10 times (x 68B)
Class kotlin.ranges.IntRange                                                          : loaded 10 times (x 90B)
Class com.google.common.collect.ImmutableMapEntry                                     : loaded 10 times (x 82B)
Class kotlin.TuplesKt                                                                 : loaded 10 times (x 68B)
Class com.google.common.base.Joiner                                                   : loaded 10 times (x 76B)
Class com.google.common.collect.ImmutableBiMap                                        : loaded 10 times (x 140B)
Class com.google.common.base.Joiner$2                                                 : loaded 10 times (x 76B)
Class com.google.common.collect.AbstractListMultimap                                  : loaded 10 times (x 169B)
Class com.google.common.base.CharMatcher$1                                            : loaded 10 times (x 110B)
Class com.google.common.base.CharMatcher$NamedFastMatcher                             : loaded 10 times (x 109B)
Class com.google.common.collect.SortedIterable                                        : loaded 10 times (x 67B)
Class kotlin.collections.CollectionsKt___CollectionsJvmKt                             : loaded 10 times (x 68B)
Class kotlin.collections.CollectionsKt__IteratorsJVMKt                                : loaded 10 times (x 68B)
Class kotlin.collections.AbstractCollection                                           : loaded 10 times (x 114B)
Class com.google.common.collect.RegularImmutableMap$BucketOverflowException           : loaded 10 times (x 79B)
Class com.google.common.collect.Sets$3                                                : loaded 10 times (x 136B)
Class kotlin.text.StringsKt__StringBuilderKt                                          : loaded 10 times (x 68B)
Class kotlin.collections.AbstractList                                                 : loaded 10 times (x 194B)
Class com.google.common.collect.ImmutableMapEntrySet                                  : loaded 10 times (x 149B)
Class com.google.common.collect.Maps$8                                                : loaded 10 times (x 79B)
Class com.google.common.base.Suppliers$NonSerializableMemoizingSupplier               : loaded 10 times (x 76B)
Class com.google.common.collect.Platform                                              : loaded 10 times (x 68B)
Class com.google.common.collect.ImmutableMap$Builder                                  : loaded 10 times (x 79B)
Class kotlin.collections.SetsKt__SetsKt                                               : loaded 10 times (x 68B)
Class com.google.common.collect.UnmodifiableIterator                                  : loaded 10 times (x 77B)
Class kotlin.collections.MapsKt                                                       : loaded 10 times (x 68B)
Class kotlin.collections.CollectionsKt__IterablesKt                                   : loaded 10 times (x 68B)
Class com.google.common.collect.ImmutableEnumSet                                      : loaded 10 times (x 143B)
Class kotlin.collections.CollectionsKt                                                : loaded 10 times (x 68B)
Class kotlin.text.StringsKt__StringNumberConversionsJVMKt                             : loaded 10 times (x 68B)
Class kotlin.collections.MapsKt__MapWithDefaultKt                                     : loaded 10 times (x 68B)
Class com.google.common.collect.Sets$2                                                : loaded 10 times (x 136B)
Class com.google.common.math.IntMath                                                  : loaded 10 times (x 68B)
Class com.google.common.collect.ImmutableList$1                                       : loaded 10 times (x 94B)
Class com.google.common.base.CharMatcher$ForPredicate                                 : loaded 10 times (x 109B)
Class com.google.common.collect.AbstractMapEntry                                      : loaded 10 times (x 78B)
Class com.google.common.collect.PeekingIterator                                       : loaded 10 times (x 67B)
Class kotlin.collections.ArraysKt__ArraysKt                                           : loaded 10 times (x 68B)
Class com.google.common.math.MathPreconditions                                        : loaded 10 times (x 68B)
Class com.google.common.collect.AbstractMapBasedMultimap                              : loaded 10 times (x 136B)
Class kotlin.jvm.internal.CallableReference                                           : loaded 10 times (x 103B)
Class com.google.common.collect.AbstractIndexedListIterator                           : loaded 10 times (x 93B)
Class com.google.common.collect.ObjectArrays                                          : loaded 10 times (x 68B)
Class com.google.common.primitives.IntsMethodsForWeb                                  : loaded 10 times (x 68B)
Class com.google.common.collect.RegularImmutableSortedSet                             : loaded 10 times (x 297B)
Class kotlin.Pair                                                                     : loaded 10 times (x 69B)
Class com.google.common.base.Ascii                                                    : loaded 10 times (x 68B)
Class com.google.common.collect.Iterators$9                                           : loaded 10 times (x 78B)
Class com.google.common.base.Joiner$1                                                 : loaded 10 times (x 77B)
Class com.google.common.collect.ImmutableAsList                                       : loaded 10 times (x 206B)
Class com.google.common.base.CharMatcher                                              : loaded 10 times (x 108B)
Class com.google.common.collect.Sets$1                                                : loaded 10 times (x 136B)
Class kotlin.text.StringsKt                                                           : loaded 10 times (x 68B)
Class kotlin.text.StringsKt__StringBuilderJVMKt                                       : loaded 10 times (x 68B)
Class com.google.common.collect.ArrayListMultimapGwtSerializationDependencies         : loaded 10 times (x 169B)
Class com.google.common.collect.Multiset                                              : loaded 10 times (x 67B)
Class com.google.common.collect.Multimap                                              : loaded 10 times (x 67B)
Class kotlin.ranges.ClosedRange                                                       : loaded 10 times (x 67B)
Class com.google.common.base.CharMatcher$FastMatcher                                  : loaded 10 times (x 108B)
Class com.google.common.collect.RegularImmutableMap                                   : loaded 10 times (x 118B)
Class com.google.common.collect.ImmutableSet$Builder                                  : loaded 10 times (x 82B)
Class kotlin.text.StringsKt__RegexExtensionsKt                                        : loaded 10 times (x 68B)
Class com.google.common.collect.ImmutableMap$MapViewOfValuesAsSingletonSets           : loaded 10 times (x 123B)
Class com.google.common.collect.AbstractIterator                                      : loaded 10 times (x 79B)
Class com.google.common.math.IntMath$1                                                : loaded 10 times (x 68B)
Class kotlin.collections.MapsKt___MapsKt                                              : loaded 10 times (x 68B)
Class kotlin.ranges.IntProgression$Companion                                          : loaded 10 times (x 68B)
Class com.google.common.collect.AbstractMultimap                                      : loaded 10 times (x 120B)
Class kotlin.collections.ArraysKt___ArraysKt                                          : loaded 10 times (x 68B)
Class com.google.common.collect.ImmutableSet                                          : loaded 10 times (x 142B)
Class kotlin.ranges.OpenEndRange                                                      : loaded 10 times (x 67B)
Class com.google.common.collect.Sets$SetView                                          : loaded 10 times (x 135B)
Class com.google.common.primitives.Ints                                               : loaded 10 times (x 68B)
Class kotlin.collections.SetsKt___SetsKt                                              : loaded 10 times (x 68B)
Class com.google.common.collect.Sets                                                  : loaded 10 times (x 68B)
Class kotlin.text.StringsKt__StringsJVMKt                                             : loaded 10 times (x 68B)
Class kotlin.collections.CollectionsKt__MutableCollectionsKt                          : loaded 10 times (x 68B)
Class com.google.common.base.CharMatcher$IsNot                                        : loaded 10 times (x 108B)
Class com.google.common.collect.SetMultimap                                           : loaded 10 times (x 67B)
Class kotlin.collections.ArraysKt                                                     : loaded 10 times (x 68B)
Class kotlin.text.CharsKt__CharKt                                                     : loaded 10 times (x 68B)
Class com.google.common.collect.SortedMapDifference                                   : loaded 10 times (x 67B)
Class com.google.common.collect.SingletonImmutableSet                                 : loaded 10 times (x 143B)
Class com.google.common.collect.ImmutableSet$SetBuilderImpl                           : loaded 10 times (x 73B)
Class com.google.common.collect.MapDifference                                         : loaded 10 times (x 67B)
Class com.google.common.collect.ImmutableMap$IteratorBasedImmutableMap                : loaded 10 times (x 123B)
Class kotlin.Metadata                                                                 : loaded 10 times (x 67B)
Class kotlin.ranges.RangesKt__RangesKt                                                : loaded 10 times (x 68B)
Class com.google.common.collect.BiMap                                                 : loaded 10 times (x 67B)
Class com.google.common.collect.ImmutableMap$1                                        : loaded 10 times (x 78B)
Class kotlin.text.StringsKt__AppendableKt                                             : loaded 10 times (x 68B)
Class kotlin.reflect.KCallable                                                        : loaded 10 times (x 67B)
Class com.google.common.collect.IndexedImmutableSet                                   : loaded 10 times (x 149B)
Class com.google.common.base.CharMatcher$BitSetMatcher                                : loaded 10 times (x 109B)
Class com.google.common.collect.SingletonImmutableList                                : loaded 10 times (x 204B)
Class kotlin.text.StringsKt__IndentKt                                                 : loaded 10 times (x 68B)
Class kotlin.collections.SetsKt                                                       : loaded 10 times (x 68B)
Class com.google.common.collect.UnmodifiableListIterator                              : loaded 10 times (x 92B)
Class com.google.common.base.Preconditions                                            : loaded 10 times (x 68B)
Class com.google.common.collect.Hashing                                               : loaded 10 times (x 68B)
Class com.google.common.collect.ImmutableEnumMap                                      : loaded 10 times (x 123B)
Class com.google.common.collect.RegularImmutableMap$Values                            : loaded 10 times (x 204B)
Class com.google.common.collect.RegularImmutableAsList                                : loaded 10 times (x 214B)
Class com.google.common.collect.ImmutableMap                                          : loaded 10 times (x 117B)
Class com.google.common.collect.Maps                                                  : loaded 10 times (x 68B)
Class kotlin.collections.CollectionsKt__CollectionsKt                                 : loaded 10 times (x 68B)
Class kotlin.collections.MapsKt__MapsJVMKt                                            : loaded 10 times (x 68B)
Class com.google.common.collect.ListMultimap                                          : loaded 10 times (x 67B)
Class kotlin.text.StringsKt___StringsJvmKt                                            : loaded 10 times (x 68B)
Class com.google.common.base.CharMatcher$And                                          : loaded 10 times (x 109B)
Class com.google.common.collect.ImmutableBiMap$Builder                                : loaded 10 times (x 79B)
Class kotlin.jvm.functions.Function2                                                  : loaded 10 times (x 67B)
Class com.google.common.collect.ImmutableSortedSet                                    : loaded 10 times (x 297B)
Class com.google.common.base.Predicate                                                : loaded 10 times (x 67B)
Class com.google.common.base.Suppliers$MemoizingSupplier                              : loaded 10 times (x 76B)
Class kotlin.reflect.KDeclarationContainer                                            : loaded 10 times (x 67B)
Class com.google.common.collect.CollectPreconditions                                  : loaded 10 times (x 68B)
Class kotlin.annotation.Retention                                                     : loaded 10 times (x 67B)
Class com.google.common.base.CharMatcher$Negated                                      : loaded 10 times (x 110B)
Class com.google.common.base.Suppliers                                                : loaded 10 times (x 68B)
Class com.google.common.base.CharMatcher$Is                                           : loaded 10 times (x 108B)
Class com.google.common.collect.Iterators$1                                           : loaded 10 times (x 78B)
Class com.google.common.collect.Iterators                                             : loaded 10 times (x 68B)
Class com.google.common.base.CharMatcher$NegatedFastMatcher                           : loaded 10 times (x 110B)
Class kotlin.text.CharsKt                                                             : loaded 10 times (x 68B)
Class kotlin.reflect.KFunction                                                        : loaded 10 times (x 67B)
Class com.google.common.collect.ImmutableList$ReverseImmutableList                    : loaded 10 times (x 206B)
Class kotlin.collections.CollectionsKt___CollectionsKt                                : loaded 10 times (x 68B)
Class kotlin.collections.MapsKt___MapsJvmKt                                           : loaded 10 times (x 68B)
Class com.google.common.collect.SingletonImmutableBiMap                               : loaded 10 times (x 140B)
Class [Lcom.google.common.collect.ImmutableMapEntry;                                  : loaded 10 times (x 66B)
Class com.google.common.collect.ImmutableEntry                                        : loaded 10 times (x 79B)
Class kotlin.text.StringsKt__RegexExtensionsJVMKt                                     : loaded 10 times (x 68B)
Class kotlin.annotation.Target                                                        : loaded 10 times (x 67B)
Class com.google.common.collect.RegularImmutableBiMap                                 : loaded 10 times (x 146B)
Class kotlin.text.StringsKt__StringNumberConversionsKt                                : loaded 10 times (x 68B)
Class com.google.common.collect.Maps$EntryTransformer                                 : loaded 10 times (x 67B)
Class [Lcom.google.common.collect.ImmutableEntry;                                     : loaded 10 times (x 66B)
Class kotlin.text.CharsKt__CharJVMKt                                                  : loaded 10 times (x 68B)
Class kotlin.ranges.RangesKt___RangesKt                                               : loaded 10 times (x 68B)
Class kotlin.collections.ArraysKt___ArraysJvmKt                                       : loaded 10 times (x 68B)
Class kotlin.collections.AbstractList$Companion                                       : loaded 10 times (x 68B)
Class kotlin.collections.MapsKt__MapsKt                                               : loaded 10 times (x 68B)
Class com.google.common.collect.ArrayListMultimap                                     : loaded 10 times (x 169B)
Class [Lcom.google.common.collect.AbstractMapEntry;                                   : loaded 10 times (x 66B)
Class dagger.hilt.processor.internal.definecomponent.DefineComponentProcessor         : loaded 9 times (x 97B)
Class kotlin.jvm.functions.Function4                                                  : loaded 9 times (x 67B)
Class [Lkotlin.reflect.KDeclarationContainer;                                         : loaded 9 times (x 66B)
Class kotlin.LazyKt__LazyJVMKt$WhenMappings                                           : loaded 9 times (x 68B)
Class dagger.hilt.processor.internal.root.ComponentTreeDepsProcessingStep             : loaded 9 times (x 84B)
Class dagger.internal.codegen.DelegateComponentProcessor                              : loaded 9 times (x 69B)
Class kotlin.jvm.internal.PropertyReference2                                          : loaded 9 times (x 124B)
Class kotlin.Result$Companion                                                         : loaded 9 times (x 68B)
Class com.google.common.collect.Sets$1$1                                              : loaded 9 times (x 79B)
Class kotlin.jvm.internal.MutablePropertyReference                                    : loaded 9 times (x 116B)
Class dagger.hilt.processor.internal.root.RootProcessingStep                          : loaded 9 times (x 84B)
Class com.google.common.collect.Sets$3$1                                              : loaded 9 times (x 79B)
Class dagger.spi.internal.shaded.androidx.room.compiler.processing.XProcessingEnvConfig: loaded 9 times (x 68B)
Class com.google.common.collect.ImmutableMultimap$EntryCollection                     : loaded 9 times (x 125B)
Class [Lkotlin.reflect.jvm.internal.impl.builtins.jvm.JavaToKotlinClassMap$PlatformMutabilityMapping;: loaded 9 times (x 66B)
Class kotlin.sequences.SequencesKt___SequencesKt                                      : loaded 9 times (x 68B)
Class kotlin.comparisons.ComparisonsKt___ComparisonsKt                                : loaded 9 times (x 68B)
Class dagger.hilt.android.processor.internal.viewmodel.ViewModelProcessor             : loaded 9 times (x 97B)
Class kotlin.jvm.functions.Function14                                                 : loaded 9 times (x 67B)
Class kotlin.reflect.full.IllegalPropertyDelegateAccessException                      : loaded 9 times (x 79B)
Class kotlin.jvm.functions.Function15                                                 : loaded 9 times (x 67B)
Class kotlin.reflect.jvm.internal.impl.builtins.PrimitiveType$Companion               : loaded 9 times (x 68B)
Class kotlin.comparisons.ComparisonsKt                                                : loaded 9 times (x 68B)
Class com.google.common.collect.Lists$StringAsImmutableList                           : loaded 9 times (x 204B)
Class kotlin.reflect.jvm.internal.KClassImpl$Data                                     : loaded 9 times (x 69B)
Class androidx.room.RoomProcessor                                                     : loaded 9 times (x 95B)
Class kotlin.collections.EmptySet                                                     : loaded 9 times (x 119B)
Class dagger.hilt.processor.internal.JavacBaseProcessingStepProcessor                 : loaded 9 times (x 97B)
Class kotlin.reflect.jvm.internal.KDeclarationContainerImpl$Data                      : loaded 9 times (x 69B)
Class dagger.spi.internal.shaded.androidx.room.compiler.processing.XProcessingEnvConfig$Companion: loaded 9 times (x 68B)
Class kotlin.jvm.functions.Function3                                                  : loaded 9 times (x 67B)
Class kotlin.reflect.jvm.internal.KProperty1Impl                                      : loaded 9 times (x 125B)
Class com.google.common.base.CaseFormat$StringConverter                               : loaded 9 times (x 87B)
Class kotlin.jvm.internal.PropertyReference1                                          : loaded 9 times (x 124B)
Class [Ldagger.hilt.processor.internal.optionvalues.GradleProjectType;                : loaded 9 times (x 66B)
Class dagger.hilt.android.processor.internal.customtestapplication.CustomTestApplicationProcessor: loaded 9 times (x 97B)
Class com.google.common.base.Optional                                                 : loaded 9 times (x 77B)
Class [Lcom.google.common.base.CaseFormat;                                            : loaded 9 times (x 66B)
Class com.google.common.collect.Iterables                                             : loaded 9 times (x 68B)
Class kotlin.jvm.internal.DefaultConstructorMarker                                    : loaded 9 times (x 68B)
Class [Lkotlin.reflect.KClass;                                                        : loaded 9 times (x 66B)
Class com.google.common.collect.ImmutableMultiset                                     : loaded 9 times (x 160B)
Class com.google.common.collect.ImmutableMultimap$2                                   : loaded 9 times (x 78B)
Class kotlin.jvm.functions.Function5                                                  : loaded 9 times (x 67B)
Class kotlin.reflect.jvm.internal.impl.name.FqName                                    : loaded 9 times (x 69B)
Class kotlin.reflect.full.IllegalCallableAccessException                              : loaded 9 times (x 79B)
Class dagger.spi.internal.shaded.androidx.room.compiler.processing.javac.JavacBasicAnnotationProcessor$2: loaded 9 times (x 76B)
Class [Lkotlin.reflect.jvm.internal.impl.name.FqName;                                 : loaded 9 times (x 66B)
Class kotlin.reflect.jvm.internal.ReflectionFactoryImpl                               : loaded 9 times (x 88B)
Class dagger.hilt.processor.internal.originatingelement.OriginatingElementProcessor   : loaded 9 times (x 97B)
Class kotlin.collections.EmptyList                                                    : loaded 9 times (x 171B)
Class com.google.common.collect.CollectSpliterators$1WithCharacteristics              : loaded 9 times (x 87B)
Class com.google.common.base.Equivalence$Equals                                       : loaded 9 times (x 79B)
Class com.google.common.collect.ImmutableSortedSet$Builder                            : loaded 9 times (x 83B)
Class dagger.hilt.processor.internal.HiltProcessingEnvConfigs                         : loaded 9 times (x 68B)
Class kotlin.jvm.internal.PropertyReference0                                          : loaded 9 times (x 124B)
Class kotlin.reflect.jvm.internal.impl.name.FqNameUnsafe$1                            : loaded 9 times (x 71B)
Class kotlin.reflect.jvm.internal.CacheByClass                                        : loaded 9 times (x 70B)
Class kotlin.reflect.jvm.internal.impl.builtins.StandardNames$FqNames                 : loaded 9 times (x 68B)
Class kotlin.reflect.jvm.internal.impl.utils.CollectionsKt                            : loaded 9 times (x 68B)
Class kotlin.jvm.functions.Function6                                                  : loaded 9 times (x 67B)
Class kotlin.reflect.KMutableProperty0                                                : loaded 9 times (x 67B)
Class dagger.hilt.processor.internal.aliasof.AliasOfProcessor                         : loaded 9 times (x 97B)
Class kotlin.reflect.KClassifier                                                      : loaded 9 times (x 67B)
Class androidx.hilt.work.WorkerStep$Companion                                         : loaded 9 times (x 68B)
Class dagger.internal.codegen.base.SourceFileGenerationException                      : loaded 9 times (x 79B)
Class kotlin.reflect.jvm.internal.KTypeParameterOwnerImpl                             : loaded 9 times (x 67B)
Class com.google.common.collect.Multimaps                                             : loaded 9 times (x 68B)
Class kotlin.reflect.jvm.internal.impl.builtins.PrimitiveType                         : loaded 9 times (x 76B)
Class kotlin.reflect.KProperty2                                                       : loaded 9 times (x 67B)
Class com.google.common.collect.CollectSpliterators                                   : loaded 9 times (x 68B)
Class kotlin.reflect.jvm.internal.ComputableClassValue                                : loaded 9 times (x 77B)
Class kotlin.reflect.jvm.internal.impl.resolve.jvm.JvmPrimitiveType                   : loaded 9 times (x 76B)
Class kotlin.reflect.KType                                                            : loaded 9 times (x 67B)
Class kotlin.reflect.jvm.internal.ClassValueCache                                     : loaded 9 times (x 71B)
Class com.google.common.base.Absent                                                   : loaded 9 times (x 77B)
Class kotlin.jvm.internal.MutablePropertyReference2                                   : loaded 9 times (x 134B)
Class com.google.common.collect.Sets$ImprovedAbstractSet                              : loaded 9 times (x 132B)
Class com.google.common.collect.ImmutableList$Builder                                 : loaded 9 times (x 74B)
Class kotlin.reflect.jvm.internal.ReflectProperties$Val                               : loaded 9 times (x 71B)
Class kotlin.collections.EmptyIterator                                                : loaded 9 times (x 86B)
Class dagger.hilt.processor.internal.generatesrootinput.GeneratesRootInputProcessingStep: loaded 9 times (x 84B)
Class androidx.room.compiler.processing.XBasicAnnotationProcessor                     : loaded 9 times (x 67B)
Class dagger.spi.internal.shaded.androidx.room.compiler.processing.XBasicAnnotationProcessor: loaded 9 times (x 67B)
Class kotlin.jvm.internal.Reflection                                                  : loaded 9 times (x 68B)
Class androidx.room.compiler.processing.javac.JavacBasicAnnotationProcessor           : loaded 9 times (x 95B)
Class com.google.common.collect.ImmutableSetMultimap                                  : loaded 9 times (x 177B)
Class kotlin.reflect.KProperty                                                        : loaded 9 times (x 67B)
Class kotlin.jvm.functions.Function13                                                 : loaded 9 times (x 67B)
Class kotlin.reflect.jvm.internal.KCallableImpl                                       : loaded 9 times (x 102B)
Class kotlin.reflect.KProperty$Accessor                                               : loaded 9 times (x 67B)
Class [Lkotlin.reflect.KCallable;                                                     : loaded 9 times (x 66B)
Class kotlin.jvm.functions.Function16                                                 : loaded 9 times (x 67B)
Class kotlin.jvm.internal.ClassBasedDeclarationContainer                              : loaded 9 times (x 67B)
Class kotlin.jvm.JvmClassMappingKt                                                    : loaded 9 times (x 68B)
Class androidx.room.compiler.processing.XProcessingStep                               : loaded 9 times (x 67B)
Class com.google.common.collect.ImmutableMultimap$1                                   : loaded 9 times (x 79B)
Class com.google.common.collect.AbstractSetMultimap                                   : loaded 9 times (x 171B)
Class [Lkotlin.reflect.jvm.internal.impl.resolve.jvm.JvmPrimitiveType;                : loaded 9 times (x 66B)
Class kotlin.reflect.KMutableProperty2                                                : loaded 9 times (x 67B)
Class dagger.spi.internal.shaded.androidx.room.compiler.processing.javac.JavacBasicAnnotationProcessor: loaded 9 times (x 95B)
Class kotlin.reflect.jvm.internal.KPropertyImpl                                       : loaded 9 times (x 112B)
Class com.google.common.base.FunctionalEquivalence                                    : loaded 9 times (x 80B)
Class kotlin.Result$Failure                                                           : loaded 9 times (x 69B)
Class kotlin.reflect.KProperty1                                                       : loaded 9 times (x 67B)
Class kotlin.reflect.jvm.internal.CacheByClassKt                                      : loaded 9 times (x 68B)
Class kotlin.reflect.KClass                                                           : loaded 9 times (x 67B)
Class dagger.hilt.android.processor.internal.customtestapplication.CustomTestApplicationProcessingStep: loaded 9 times (x 84B)
Class dagger.hilt.processor.internal.aggregateddeps.AggregatedDepsProcessor           : loaded 9 times (x 97B)
Class kotlin.jvm.functions.Function7                                                  : loaded 9 times (x 67B)
Class kotlin.reflect.KProperty$Getter                                                 : loaded 9 times (x 67B)
Class com.google.common.base.CaseFormat$1                                             : loaded 9 times (x 80B)
Class kotlin.reflect.jvm.internal.impl.builtins.jvm.JavaToKotlinClassMap$PlatformMutabilityMapping: loaded 9 times (x 69B)
Class kotlin.sequences.SequencesKt__SequencesJVMKt                                    : loaded 9 times (x 68B)
Class dagger.hilt.processor.internal.BaseProcessingStep                               : loaded 9 times (x 84B)
Class dagger.hilt.processor.internal.originatingelement.OriginatingElementProcessingStep: loaded 9 times (x 84B)
Class kotlin.reflect.jvm.internal.impl.name.Name                                      : loaded 9 times (x 72B)
Class com.google.common.collect.Maps$EntrySet                                         : loaded 9 times (x 133B)
Class kotlin.sequences.Sequence                                                       : loaded 9 times (x 67B)
Class kotlin.reflect.jvm.internal.KPropertyImpl$Companion                             : loaded 9 times (x 68B)
Class kotlin.jvm.internal.MutablePropertyReference1                                   : loaded 9 times (x 134B)
Class kotlin.jvm.internal.PropertyReference1Impl                                      : loaded 9 times (x 124B)
Class androidx.room.RoomProcessor$1                                                   : loaded 9 times (x 75B)
Class dagger.hilt.processor.internal.earlyentrypoint.EarlyEntryPointProcessor         : loaded 9 times (x 97B)
Class kotlin.SafePublicationLazyImpl$Companion                                        : loaded 9 times (x 68B)
Class androidx.room.compiler.processing.XProcessingEnvConfig                          : loaded 9 times (x 68B)
Class dagger.hilt.android.processor.internal.androidentrypoint.AndroidEntryPointProcessingStep: loaded 9 times (x 84B)
Class androidx.room.compiler.processing.XProcessingEnvConfig$Companion                : loaded 9 times (x 68B)
Class androidx.room.compiler.processing.javac.JavacBasicAnnotationProcessor$steps$2   : loaded 9 times (x 76B)
Class dagger.hilt.processor.internal.generatesrootinput.GeneratesRootInputProcessor   : loaded 9 times (x 97B)
Class dagger.hilt.processor.internal.root.RootProcessor                               : loaded 9 times (x 97B)
Class androidx.room.compiler.processing.javac.JavacBasicAnnotationProcessor$xEnv$2    : loaded 9 times (x 76B)
Class com.google.common.collect.ImmutableMultimap$Keys                                : loaded 9 times (x 163B)
Class kotlin.comparisons.ComparisonsKt__ComparisonsKt                                 : loaded 9 times (x 68B)
Class kotlin.reflect.KProperty0                                                       : loaded 9 times (x 67B)
Class kotlin.jvm.functions.Function12                                                 : loaded 9 times (x 67B)
Class com.google.common.collect.ImmutableSetMultimap$Builder                          : loaded 9 times (x 80B)
Class com.google.common.base.CaseFormat$2                                             : loaded 9 times (x 80B)
Class kotlin.jvm.functions.Function20                                                 : loaded 9 times (x 67B)
Class dagger.spi.internal.shaded.androidx.room.compiler.processing.javac.JavacBasicAnnotationProcessor$xEnv$2: loaded 9 times (x 76B)
Class kotlin.Result                                                                   : loaded 9 times (x 69B)
Class kotlin.reflect.jvm.internal.impl.builtins.jvm.JavaToKotlinClassMap              : loaded 9 times (x 68B)
Class com.google.common.collect.ImmutableMultimap$Builder                             : loaded 9 times (x 80B)
Class kotlin.jvm.functions.Function8                                                  : loaded 9 times (x 67B)
Class dagger.spi.internal.shaded.androidx.room.compiler.processing.XProcessingStep    : loaded 9 times (x 67B)
Class com.google.common.collect.Maps$IteratorBasedAbstractMap                         : loaded 9 times (x 122B)
Class kotlin.reflect.jvm.internal.KDeclarationContainerImpl$Companion                 : loaded 9 times (x 68B)
Class kotlin.reflect.jvm.internal.ReflectProperties$Val$1                             : loaded 9 times (x 68B)
Class androidx.hilt.AndroidXHiltProcessor                                             : loaded 9 times (x 95B)
Class kotlin.jvm.functions.Function17                                                 : loaded 9 times (x 67B)
Class dagger.hilt.android.processor.internal.bindvalue.BindValueProcessingStep        : loaded 9 times (x 84B)
Class kotlin.reflect.jvm.internal.KotlinReflectionInternalError                       : loaded 9 times (x 79B)
Class kotlin.reflect.jvm.internal.impl.name.StandardClassIdsKt                        : loaded 9 times (x 68B)
Class kotlin.reflect.jvm.internal.impl.name.FqNamesUtilKt                             : loaded 9 times (x 68B)
Class kotlin.SafePublicationLazyImpl                                                  : loaded 9 times (x 73B)
Class kotlin.reflect.jvm.internal.impl.descriptors.runtime.structure.ReflectClassUtilKt: loaded 9 times (x 68B)
Class androidx.room.compiler.processing.javac.JavacBasicAnnotationProcessor$2         : loaded 9 times (x 76B)
Class kotlin.reflect.jvm.internal.ReflectProperties                                   : loaded 9 times (x 68B)
Class dagger.hilt.processor.internal.optionvalues.GradleProjectType                   : loaded 9 times (x 76B)
Class dagger.hilt.processor.internal.definecomponent.DefineComponentProcessingStep    : loaded 9 times (x 84B)
Class kotlin.collections.EmptyMap                                                     : loaded 9 times (x 106B)
Class androidx.room.compiler.processing.XProcessingEnvConfig$Builder                  : loaded 9 times (x 69B)
Class kotlin.jvm.internal.MutablePropertyReference0                                   : loaded 9 times (x 134B)
Class com.google.common.collect.BaseImmutableMultimap                                 : loaded 9 times (x 120B)
Class kotlin.sequences.SequencesKt__SequencesKt                                       : loaded 9 times (x 68B)
Class kotlin.comparisons.ComparisonsKt___ComparisonsJvmKt                             : loaded 9 times (x 68B)
Class kotlin.reflect.KMutableProperty1                                                : loaded 9 times (x 67B)
Class com.google.common.base.CaseFormat$3                                             : loaded 9 times (x 80B)
Class kotlin.jvm.functions.Function21                                                 : loaded 9 times (x 67B)
Class kotlin.reflect.jvm.internal.impl.name.FqNameUnsafe                              : loaded 9 times (x 69B)
Class androidx.room.compiler.processing.javac.JavacBasicAnnotationProcessor$commonDelegate$2: loaded 9 times (x 76B)
Class dagger.hilt.processor.internal.uninstallmodules.UninstallModulesProcessingStep  : loaded 9 times (x 84B)
Class kotlin.reflect.jvm.internal.impl.name.ClassId                                   : loaded 9 times (x 69B)
Class kotlin.reflect.jvm.internal.impl.builtins.CompanionObjectMapping                : loaded 9 times (x 68B)
Class kotlin.reflect.jvm.internal.KClassImpl                                          : loaded 9 times (x 112B)
Class com.google.common.base.Present                                                  : loaded 9 times (x 78B)
Class [Lkotlin.reflect.KAnnotatedElement;                                             : loaded 9 times (x 66B)
Class dagger.spi.internal.shaded.androidx.room.compiler.processing.javac.JavacBasicAnnotationProcessor$steps$2: loaded 9 times (x 76B)
Class kotlin.reflect.jvm.internal.impl.name.SpecialNames                              : loaded 9 times (x 68B)
Class kotlin.reflect.jvm.internal.ReflectProperties$LazySoftVal                       : loaded 9 times (x 75B)
Class [Lkotlin.reflect.jvm.internal.impl.builtins.PrimitiveType;                      : loaded 9 times (x 66B)
Class com.google.common.collect.ImmutableSetMultimap$EntrySet                         : loaded 9 times (x 143B)
Class kotlin.jvm.functions.Function11                                                 : loaded 9 times (x 67B)
Class com.google.common.base.CaseFormat                                               : loaded 9 times (x 80B)
Class kotlin.reflect.jvm.internal.KClassifierImpl                                     : loaded 9 times (x 67B)
Class kotlin.reflect.KMutableProperty                                                 : loaded 9 times (x 67B)
Class kotlin.reflect.jvm.internal.impl.builtins.StandardNames                         : loaded 9 times (x 68B)
Class kotlin.Unit                                                                     : loaded 9 times (x 68B)
Class kotlin.jvm.internal.ReflectionFactory                                           : loaded 9 times (x 88B)
Class [Lkotlin.reflect.KProperty;                                                     : loaded 9 times (x 66B)
Class kotlin.reflect.jvm.internal.CachesKt                                            : loaded 9 times (x 68B)
Class kotlin.reflect.jvm.internal.impl.name.StandardClassIds                          : loaded 9 times (x 68B)
Class com.google.common.collect.ImmutableListMultimap                                 : loaded 9 times (x 173B)
Class dagger.hilt.android.processor.internal.androidentrypoint.AndroidEntryPointProcessor: loaded 9 times (x 97B)
Class dagger.hilt.processor.internal.aliasof.AliasOfProcessingStep                    : loaded 9 times (x 84B)
Class com.google.common.collect.SortedSetMultimap                                     : loaded 9 times (x 67B)
Class com.google.common.collect.Maps$IteratorBasedAbstractMap$1                       : loaded 9 times (x 135B)
Class com.google.common.graph.SuccessorsFunction                                      : loaded 9 times (x 67B)
Class dagger.hilt.processor.internal.earlyentrypoint.EarlyEntryPointProcessingStep    : loaded 9 times (x 84B)
Class com.google.common.collect.ImmutableMapKeySet                                    : loaded 9 times (x 149B)
Class dagger.spi.internal.shaded.androidx.room.compiler.processing.javac.JavacBasicAnnotationProcessor$commonDelegate$2: loaded 9 times (x 76B)
Class com.google.common.collect.EmptyImmutableSetMultimap                             : loaded 9 times (x 177B)
Class com.google.common.base.CaseFormat$4                                             : loaded 9 times (x 80B)
Class kotlin.sequences.SequencesKt                                                    : loaded 9 times (x 68B)
Class kotlin.jvm.functions.Function22                                                 : loaded 9 times (x 67B)
Class com.google.common.collect.Lists                                                 : loaded 9 times (x 68B)
Class kotlin.text.Regex$Companion                                                     : loaded 9 times (x 68B)
Class com.google.common.collect.ImmutableMultimap$Values                              : loaded 9 times (x 123B)
Class kotlin.collections.MapWithDefault                                               : loaded 9 times (x 67B)
Class kotlin.sequences.SequencesKt__SequenceBuilderKt                                 : loaded 9 times (x 68B)
Class kotlin.reflect.jvm.internal.RuntimeTypeMapper                                   : loaded 9 times (x 68B)
Class kotlin.sequences.SequencesKt___SequencesJvmKt                                   : loaded 9 times (x 68B)
Class com.google.common.collect.ImmutableMultimap                                     : loaded 9 times (x 144B)
Class dagger.internal.codegen.ComponentProcessor                                      : loaded 9 times (x 95B)
Class dagger.hilt.processor.internal.root.ComponentTreeDepsProcessor                  : loaded 9 times (x 97B)
Class kotlin.jvm.functions.Function19                                                 : loaded 9 times (x 67B)
Class dagger.hilt.processor.internal.uninstallmodules.UninstallModulesProcessor       : loaded 9 times (x 97B)
Class com.google.common.base.Equivalence$Identity                                     : loaded 9 times (x 79B)
Class com.google.common.collect.Iterators$6                                           : loaded 9 times (x 78B)
Class com.google.common.base.PairwiseEquivalence                                      : loaded 9 times (x 80B)
Class kotlin._Assertions                                                              : loaded 9 times (x 68B)
Class com.google.common.base.Equivalence                                              : loaded 9 times (x 79B)
Class com.google.common.collect.ImmutableMultisetGwtSerializationDependencies         : loaded 9 times (x 122B)
Class com.google.common.collect.IndexedImmutableSet$1                                 : loaded 9 times (x 210B)
Class kotlin.reflect.jvm.internal.KDeclarationContainerImpl                           : loaded 9 times (x 81B)
Class dagger.hilt.android.processor.internal.bindvalue.BindValueProcessor             : loaded 9 times (x 97B)
Class dagger.spi.internal.shaded.androidx.room.compiler.processing.XProcessingEnvConfig$Builder: loaded 9 times (x 69B)
Class [Lkotlin.reflect.jvm.internal.impl.name.ClassId;                                : loaded 9 times (x 66B)
Class dagger.hilt.processor.internal.aggregateddeps.AggregatedDepsProcessingStep      : loaded 9 times (x 84B)
Class kotlin.jvm.functions.Function10                                                 : loaded 9 times (x 67B)
Class kotlin.reflect.jvm.internal.EmptyContainerForLocal                              : loaded 9 times (x 81B)
Class com.google.common.collect.TransformedIterator                                   : loaded 9 times (x 77B)
Class com.google.common.base.CaseFormat$5                                             : loaded 9 times (x 80B)
Class kotlin.jvm.functions.Function9                                                  : loaded 9 times (x 67B)
Class kotlin.text.Regex                                                               : loaded 9 times (x 69B)
Class kotlin.jvm.internal.PropertyReference                                           : loaded 9 times (x 112B)
Class [Lkotlin.LazyThreadSafetyMode;                                                  : loaded 9 times (x 66B)
Class kotlin.jvm.functions.Function18                                                 : loaded 9 times (x 67B)
Class [Lkotlin.reflect.KClassifier;                                                   : loaded 9 times (x 66B)
Class kotlin.reflect.KTypeParameter                                                   : loaded 9 times (x 67B)
Class androidx.hilt.work.WorkerStep                                                   : loaded 9 times (x 76B)
Class kotlin.LazyThreadSafetyMode                                                     : loaded 9 times (x 76B)
Class com.google.common.base.NullnessCasts                                            : loaded 9 times (x 68B)
Class dagger.internal.codegen.binding.SourceFiles                                     : loaded 8 times (x 68B)
Class dagger.internal.codegen.DaggerDelegateComponentProcessor_Injector               : loaded 8 times (x 68B)
Class kotlin.reflect.jvm.internal.KClassImpl$Data$descriptor$2                        : loaded 8 times (x 76B)
Class dagger.internal.codegen.processingstep.BindingMethodProcessingStep_Factory      : loaded 8 times (x 79B)
Class kotlin.reflect.jvm.internal.KClassImpl$Data$allNonStaticMembers$2               : loaded 8 times (x 76B)
Class [Ldagger.internal.codegen.model.BindingGraphPlugin;                             : loaded 8 times (x 66B)
Class dagger.internal.codegen.validation.BindingElementValidator$AllowsScoping        : loaded 8 times (x 76B)
Class kotlin.annotation.MustBeDocumented                                              : loaded 8 times (x 67B)
Class com.google.common.collect.Multimaps$CustomListMultimap                          : loaded 8 times (x 171B)
Class dagger.internal.Provider                                                        : loaded 8 times (x 67B)
Class dagger.internal.codegen.base.Formatter                                          : loaded 8 times (x 82B)
Class dagger.internal.codegen.bindinggraphvalidation.IncompatiblyScopedBindingsValidator_Factory: loaded 8 times (x 79B)
Class dagger.internal.codegen.bindinggraphvalidation.BindingGraphValidationModule_ProvidePluginsFactory: loaded 8 times (x 79B)
Class dagger.internal.codegen.validation.BindingMethodValidatorsModule                : loaded 8 times (x 67B)
Class dagger.internal.codegen.binding.SubcomponentDeclaration$Factory                 : loaded 8 times (x 70B)
Class dagger.internal.codegen.base.SourceFileGenerator                                : loaded 8 times (x 74B)
Class dagger.spi.model.DiagnosticReporter                                             : loaded 8 times (x 72B)
Class dagger.internal.codegen.processingstep.BindsInstanceProcessingStep              : loaded 8 times (x 83B)
Class dagger.internal.codegen.validation.BindingElementValidator$AllowsMultibindings  : loaded 8 times (x 76B)
Class dagger.internal.codegen.validation.InjectBindingRegistryImpl_Factory            : loaded 8 times (x 79B)
Class com.google.common.collect.AllEqualOrdering                                      : loaded 8 times (x 111B)
Class dagger.hilt.android.processor.internal.bindvalue.BindValueMetadata              : loaded 8 times (x 70B)
Class com.google.common.collect.Maps$9                                                : loaded 8 times (x 73B)
Class dagger.hilt.processor.internal.ProcessorErrorHandler                            : loaded 8 times (x 69B)
Class kotlin.reflect.jvm.internal.KCallableImpl$_parameters$1                         : loaded 8 times (x 76B)
Class [Ldagger.spi.internal.shaded.androidx.room.compiler.processing.XProcessingEnv$Backend;: loaded 8 times (x 66B)
Class kotlin.sequences.SequencesKt__SequenceBuilderKt$sequence$$inlined$Sequence$1    : loaded 8 times (x 72B)
Class dagger.internal.codegen.processingstep.MapKeyProcessingStep_Factory             : loaded 8 times (x 79B)
Class dagger.internal.codegen.processingstep.ComponentHjarProcessingStep              : loaded 8 times (x 83B)
Class kotlin.annotation.AnnotationRetention                                           : loaded 8 times (x 76B)
Class com.google.common.collect.ImmutableSortedAsList                                 : loaded 8 times (x 218B)
Class dagger.internal.codegen.validation.ProducesMethodValidator                      : loaded 8 times (x 75B)
Class dagger.internal.codegen.kotlin.KotlinMetadataFactory                            : loaded 8 times (x 72B)
Class dagger.internal.codegen.validation.ModuleValidator                              : loaded 8 times (x 69B)
Class androidx.room.processor.Context$Companion$ARG_OPTIONS$2                         : loaded 8 times (x 75B)
Class dagger.internal.codegen.DelegateComponentProcessor$Injector$Factory             : loaded 8 times (x 67B)
Class dagger.internal.codegen.componentgenerator.ComponentGenerator_Factory           : loaded 8 times (x 79B)
Class dagger.internal.codegen.model.BindingGraph$Node                                 : loaded 8 times (x 67B)
Class dagger.internal.codegen.writing.InaccessibleMapKeyProxyGenerator_Factory        : loaded 8 times (x 79B)
Class kotlin.coroutines.intrinsics.IntrinsicsKt__IntrinsicsKt                         : loaded 8 times (x 68B)
Class com.google.common.collect.Maps$13                                               : loaded 8 times (x 82B)
Class dagger.internal.codegen.base.ComponentCreatorKind                               : loaded 8 times (x 76B)
Class com.google.common.collect.MultimapBuilder$MultimapBuilderWithKeys$1             : loaded 8 times (x 73B)
Class [Lkotlin.coroutines.intrinsics.CoroutineSingletons;                             : loaded 8 times (x 66B)
Class com.google.common.collect.LinkedHashMultimap$ValueSet                           : loaded 8 times (x 139B)
Class dagger.internal.codegen.javapoet.TypeNames                                      : loaded 8 times (x 68B)
Class com.google.common.collect.MultimapBuilder$MultimapBuilderWithKeys$2             : loaded 8 times (x 73B)
Class com.google.common.collect.MultimapBuilder$ArrayListSupplier                     : loaded 8 times (x 74B)
Class dagger.internal.codegen.validation.ModuleValidator_Factory                      : loaded 8 times (x 79B)
Class dagger.internal.codegen.validation.BindsOptionalOfMethodValidator_Factory       : loaded 8 times (x 79B)
Class kotlin.coroutines.intrinsics.IntrinsicsKt                                       : loaded 8 times (x 68B)
Class com.google.common.collect.LinkedHashMultimap$ValueSetLink                       : loaded 8 times (x 67B)
Class dagger.internal.codegen.binding.KeyFactory                                      : loaded 8 times (x 69B)
Class com.google.common.collect.MultimapBuilder$3                                     : loaded 8 times (x 81B)
Class dagger.internal.codegen.bindinggraphvalidation.BindingGraphValidationModule     : loaded 8 times (x 67B)
Class dagger.internal.codegen.bindinggraphvalidation.MapMultibindingValidator         : loaded 8 times (x 82B)
Class dagger.internal.codegen.validation.BindsInstanceParameterValidator_Factory      : loaded 8 times (x 79B)
Class kotlin.jvm.internal.markers.KMutableCollection                                  : loaded 8 times (x 67B)
Class dagger.internal.codegen.compileroption.ProcessingEnvironmentCompilerOptions$KeyOnlyOption$1: loaded 8 times (x 83B)
Class dagger.spi.BindingGraphPlugin                                                   : loaded 8 times (x 67B)
Class dagger.internal.codegen.validation.MultibindsMethodValidator                    : loaded 8 times (x 76B)
Class dagger.internal.codegen.binding.DependencyRequestFormatter                      : loaded 8 times (x 83B)
Class androidx.room.util.SimpleJavaVersion                                            : loaded 8 times (x 72B)
Class [Lkotlin.annotation.AnnotationTarget;                                           : loaded 8 times (x 66B)
Class kotlin.reflect.jvm.internal.KPropertyImpl$_javaField$1                          : loaded 8 times (x 76B)
Class dagger.spi.model.DaggerProcessingEnv                                            : loaded 8 times (x 72B)
Class kotlin.reflect.jvm.internal.KClassImpl$data$1                                   : loaded 8 times (x 76B)
Class [Ldagger.internal.codegen.compileroption.ProcessingEnvironmentCompilerOptions$Feature;: loaded 8 times (x 66B)
Class dagger.internal.codegen.bindinggraphvalidation.ProvisionDependencyOnProducerBindingValidator_Factory: loaded 8 times (x 78B)
Class kotlin.reflect.jvm.internal.impl.builtins.functions.FunctionClassKind           : loaded 8 times (x 77B)
Class dagger.spi.internal.shaded.androidx.room.compiler.processing.XTypeElement       : loaded 8 times (x 67B)
Class dagger.hilt.processor.internal.root.ir.InvalidRootsException                    : loaded 8 times (x 79B)
Class dagger.internal.codegen.DaggerDelegateComponentProcessor_Injector$InjectorImpl  : loaded 8 times (x 72B)
Class kotlin.reflect.jvm.internal.CachesKt$K_PACKAGE_CACHE$1                          : loaded 8 times (x 75B)
Class dagger.spi.internal.shaded.androidx.room.compiler.processing.XFiler             : loaded 8 times (x 67B)
Class kotlin.collections.IndexedValue                                                 : loaded 8 times (x 69B)
Class kotlin.reflect.jvm.internal.KClassImpl$Data$sealedSubclasses$2                  : loaded 8 times (x 76B)
Class dagger.spi.internal.shaded.androidx.room.compiler.processing.XProcessingEnv$Companion: loaded 8 times (x 68B)
Class kotlin.coroutines.jvm.internal.DebugProbesKt                                    : loaded 8 times (x 68B)
Class kotlin.coroutines.CoroutineContext                                              : loaded 8 times (x 67B)
Class dagger.spi.internal.shaded.androidx.room.compiler.processing.javac.XTypeElementStore: loaded 8 times (x 69B)
Class com.squareup.javapoet.Util                                                      : loaded 8 times (x 68B)
Class dagger.hilt.processor.internal.BadInputException                                : loaded 8 times (x 79B)
Class kotlin.coroutines.jvm.internal.SuspendFunction                                  : loaded 8 times (x 67B)
Class com.google.common.collect.EmptyImmutableListMultimap                            : loaded 8 times (x 173B)
Class com.squareup.javapoet.TypeName                                                  : loaded 8 times (x 78B)
Class [Lkotlin.annotation.AnnotationRetention;                                        : loaded 8 times (x 66B)
Class kotlin.collections.builders.ListBuilder$Companion                               : loaded 8 times (x 68B)
Class kotlin.collections.builders.ListBuilder                                         : loaded 8 times (x 204B)
Class dagger.internal.codegen.binding.MethodSignatureFormatter$1                      : loaded 8 times (x 84B)
Class dagger.internal.codegen.bindinggraphvalidation.CompositeBindingGraphPlugin$Factory: loaded 8 times (x 67B)
Class dagger.internal.codegen.binding.InjectionSiteFactory_Factory                    : loaded 8 times (x 79B)
Class dagger.internal.codegen.validation.ModuleValidator$ModuleMethodKind             : loaded 8 times (x 76B)
Class dagger.internal.codegen.processingstep.ComponentProcessingStep_Factory          : loaded 8 times (x 79B)
Class [Lcom.google.common.collect.LinkedHashMultimap$ValueEntry;                      : loaded 8 times (x 66B)
Class dagger.spi.internal.shaded.androidx.room.compiler.processing.javac.JavacProcessingEnv$messager$2: loaded 8 times (x 76B)
Class dagger.internal.codegen.binding.BindingFactory_Factory                          : loaded 8 times (x 79B)
Class dagger.internal.codegen.base.DaggerSuperficialValidation                        : loaded 8 times (x 69B)
Class com.google.common.collect.MultimapBuilder$MultimapBuilderWithKeys$3             : loaded 8 times (x 73B)
Class kotlin.coroutines.intrinsics.CoroutineSingletons                                : loaded 8 times (x 76B)
Class dagger.internal.codegen.binding.AutoValue_ComponentDescriptor                   : loaded 8 times (x 97B)
Class dagger.internal.codegen.validation.MapKeyValidator                              : loaded 8 times (x 69B)
Class kotlin.coroutines.Continuation                                                  : loaded 8 times (x 67B)
Class dagger.internal.codegen.base.ElementFormatter_Factory                           : loaded 8 times (x 78B)
Class dagger.internal.codegen.bindinggraphvalidation.SubcomponentFactoryMethodValidator_Factory$InstanceHolder: loaded 8 times (x 68B)
Class dagger.spi.internal.shaded.androidx.room.compiler.processing.compat.XConverters : loaded 8 times (x 68B)
Class dagger.internal.codegen.processingstep.InjectProcessingStep_Factory             : loaded 8 times (x 79B)
Class dagger.internal.codegen.processingstep.MonitoringModuleProcessingStep           : loaded 8 times (x 83B)
Class androidx.room.util.SimpleJavaVersion$Companion                                  : loaded 8 times (x 68B)
Class dagger.internal.DoubleCheck                                                     : loaded 8 times (x 80B)
Class dagger.internal.codegen.validation.ValidationBindingGraphPlugin                 : loaded 8 times (x 82B)
Class dagger.internal.codegen.componentgenerator.ComponentHjarGenerator_Factory       : loaded 8 times (x 79B)
Class [Ldagger.internal.codegen.validation.BindingElementValidator$AllowsScoping;     : loaded 8 times (x 66B)
Class dagger.internal.codegen.validation.BindingMethodValidator                       : loaded 8 times (x 75B)
Class dagger.internal.codegen.processingstep.MonitoringModuleProcessingStep_Factory   : loaded 8 times (x 79B)
Class net.ltgt.gradle.incap.IncrementalAnnotationProcessorType                        : loaded 8 times (x 76B)
Class androidx.room.processor.Context$ProcessorOptions                                : loaded 8 times (x 76B)
Class dagger.internal.codegen.binding.KeyFactory_Factory                              : loaded 8 times (x 79B)
Class dagger.internal.codegen.validation.MembersInjectionValidator                    : loaded 8 times (x 69B)
Class com.google.common.collect.Maps$12                                               : loaded 8 times (x 79B)
Class dagger.internal.codegen.binding.BindingGraph$TopLevelBindingGraph               : loaded 8 times (x 96B)
Class dagger.internal.codegen.validation.DiagnosticMessageGenerator$Factory           : loaded 8 times (x 69B)
Class dagger.internal.codegen.binding.BindingGraphConverter                           : loaded 8 times (x 68B)
Class dagger.internal.codegen.validation.MultibindsMethodValidator_Factory            : loaded 8 times (x 79B)
Class dagger.internal.codegen.base.DaggerSuperficialValidation$ValidationException$UnknownErrorType: loaded 8 times (x 80B)
Class kotlin.collections.builders.MapBuilder$Companion                                : loaded 8 times (x 68B)
Class com.google.common.collect.NullsLastOrdering                                     : loaded 8 times (x 112B)
Class [Ldagger.internal.codegen.compileroption.ProcessingEnvironmentCompilerOptions$EnumOption;: loaded 8 times (x 66B)
Class dagger.internal.codegen.bindinggraphvalidation.InjectBindingValidator_Factory   : loaded 8 times (x 79B)
Class dagger.internal.codegen.binding.BindingGraphConverter_Factory                   : loaded 8 times (x 78B)
Class dagger.internal.codegen.DelegateComponentProcessor_SourceFileGeneratorsModule_FactoryGeneratorFactory: loaded 8 times (x 79B)
Class dagger.internal.codegen.validation.ProvidesMethodValidator                      : loaded 8 times (x 75B)
Class dagger.internal.codegen.compileroption.ProcessingEnvironmentCompilerOptions$KeyOnlyOption$2: loaded 8 times (x 83B)
Class dagger.hilt.processor.internal.HiltCompilerOptions                              : loaded 8 times (x 68B)
Class com.google.common.collect.ImmutableMapValues                                    : loaded 8 times (x 123B)
Class androidx.room.processor.Context$BooleanProcessorOptions                         : loaded 8 times (x 77B)
Class kotlin.reflect.jvm.internal.KClassImpl$Data$allStaticMembers$2                  : loaded 8 times (x 76B)
Class dagger.internal.codegen.DelegateComponentProcessor_SourceFileGeneratorsModule_MembersInjectorGeneratorFactory: loaded 8 times (x 79B)
Class dagger.spi.internal.shaded.androidx.room.compiler.processing.javac.JavacFiler   : loaded 8 times (x 75B)
Class dagger.internal.codegen.validation.ValidationBindingGraphPlugins                : loaded 8 times (x 69B)
Class [Ldagger.hilt.processor.internal.root.RootType;                                 : loaded 8 times (x 66B)
Class com.google.common.collect.CompoundOrdering                                      : loaded 8 times (x 112B)
Class kotlin.coroutines.jvm.internal.RestrictedSuspendLambda                          : loaded 8 times (x 88B)
Class dagger.internal.codegen.processingstep.ProcessingStepsModule                    : loaded 8 times (x 67B)
Class kotlin.reflect.jvm.internal.impl.builtins.PrimitiveType$arrayTypeFqName$2       : loaded 8 times (x 76B)
Class com.google.common.collect.MultimapBuilder$MultimapBuilderWithKeys$4             : loaded 8 times (x 73B)
Class dagger.internal.codegen.validation.DiagnosticReporterFactory$DiagnosticReporterImpl: loaded 8 times (x 73B)
Class kotlin.reflect.jvm.internal.KClassImpl$Data$supertypes$2                        : loaded 8 times (x 76B)
Class dagger.internal.codegen.processingstep.SuperficialValidator                     : loaded 8 times (x 72B)
Class dagger.internal.Preconditions                                                   : loaded 8 times (x 68B)
Class dagger.internal.codegen.processingstep.AssistedFactoryProcessingStep            : loaded 8 times (x 83B)
Class dagger.internal.codegen.componentgenerator.ComponentGeneratorModule             : loaded 8 times (x 67B)
Class kotlin.sequences.SequenceBuilderIterator                                        : loaded 8 times (x 82B)
Class com.google.common.collect.LinkedHashMultimapGwtSerializationDependencies        : loaded 8 times (x 171B)
Class com.google.common.collect.NaturalOrdering                                       : loaded 8 times (x 112B)
Class kotlin.sequences.SequenceScope                                                  : loaded 8 times (x 70B)
Class com.google.common.collect.Iterators$SingletonIterator                           : loaded 8 times (x 78B)
Class dagger.spi.internal.shaded.androidx.room.compiler.processing.javac.JavacProcessingEnvMessager$Companion: loaded 8 times (x 68B)
Class dagger.internal.codegen.model.BindingGraph$Edge                                 : loaded 8 times (x 67B)
Class dagger.internal.codegen.validation.BindsInstanceParameterValidator              : loaded 8 times (x 75B)
Class kotlin.reflect.jvm.internal.KClassImpl$Data$allMembers$2                        : loaded 8 times (x 76B)
Class dagger.internal.codegen.validation.MembersInjectionValidator_Factory            : loaded 8 times (x 79B)
Class dagger.internal.codegen.bindinggraphvalidation.CompositeBindingGraphPlugin_Factory: loaded 8 times (x 69B)
Class [Ldagger.internal.codegen.model.RequestKind;                                    : loaded 8 times (x 66B)
Class dagger.internal.codegen.validation.BindsMethodValidator$Validator               : loaded 8 times (x 77B)
Class dagger.internal.codegen.binding.InjectionSiteFactory                            : loaded 8 times (x 69B)
Class dagger.internal.codegen.base.DaggerSuperficialValidation$ValidationException$UnexpectedException: loaded 8 times (x 80B)
Class [Ldagger.internal.codegen.validation.BindingElementValidator$AllowsMultibindings;: loaded 8 times (x 66B)
Class dagger.internal.codegen.writing.InaccessibleMapKeyProxyGenerator                : loaded 8 times (x 74B)
Class dagger.internal.codegen.binding.ProvisionBinding                                : loaded 8 times (x 87B)
Class com.google.common.graph.Network                                                 : loaded 8 times (x 67B)
Class dagger.internal.codegen.binding.ModuleDescriptor                                : loaded 8 times (x 78B)
Class dagger.internal.codegen.validation.ProvidesMethodValidator$Validator            : loaded 8 times (x 77B)
Class dagger.internal.codegen.writing.AnnotationCreatorGenerator                      : loaded 8 times (x 77B)
Class com.google.common.collect.LexicographicalOrdering                               : loaded 8 times (x 112B)
Class dagger.internal.codegen.binding.MethodSignatureFormatter                        : loaded 8 times (x 83B)
Class androidx.room.compiler.processing.javac.JavacProcessingEnv                      : loaded 8 times (x 112B)
Class dagger.internal.codegen.validation.BindsInstanceMethodValidator$Validator       : loaded 8 times (x 74B)
Class com.squareup.javapoet.ArrayTypeName                                             : loaded 8 times (x 78B)
Class dagger.spi.internal.shaded.androidx.room.compiler.processing.XMessager          : loaded 8 times (x 70B)
Class kotlin.jvm.internal.SpreadBuilder                                               : loaded 8 times (x 73B)
Class androidx.room.compiler.processing.javac.JavacProcessingEnv$messager$2           : loaded 8 times (x 76B)
Class com.google.common.collect.ImmutableMap$MapViewOfValuesAsSingletonSets$1$1       : loaded 8 times (x 80B)
Class dagger.internal.codegen.binding.ComponentDescriptor$Factory                     : loaded 8 times (x 72B)
Class dagger.spi.model.BindingGraph$Edge                                              : loaded 8 times (x 67B)
Class dagger.Lazy                                                                     : loaded 8 times (x 67B)
Class dagger.spi.internal.shaded.androidx.room.compiler.processing.javac.JavacProcessingEnvMessager: loaded 8 times (x 70B)
Class com.google.common.collect.ComparatorOrdering                                    : loaded 8 times (x 112B)
Class kotlin.collections.CollectionsKt___CollectionsKt$withIndex$1                    : loaded 8 times (x 76B)
Class kotlin.reflect.jvm.internal.KClassImpl$Data$qualifiedName$2                     : loaded 8 times (x 76B)
Class dagger.internal.codegen.validation.ComponentValidator_Factory                   : loaded 8 times (x 79B)
Class com.google.common.collect.MultimapBuilder                                       : loaded 8 times (x 70B)
Class com.squareup.javapoet.CodeWriter$Multiset                                       : loaded 8 times (x 69B)
Class dagger.hilt.processor.internal.HiltCompilerOptions$EnumOption                   : loaded 8 times (x 69B)
Class kotlin.coroutines.jvm.internal.RestrictedContinuationImpl                       : loaded 8 times (x 84B)
Class dagger.internal.codegen.processingstep.ModuleProcessingStep                     : loaded 8 times (x 83B)
Class dagger.internal.codegen.bindinggraphvalidation.InjectBindingValidator           : loaded 8 times (x 82B)
Class dagger.internal.codegen.processingstep.AssistedProcessingStep                   : loaded 8 times (x 83B)
Class com.google.common.collect.MultimapBuilder$MultimapBuilderWithKeys$5             : loaded 8 times (x 75B)
Class dagger.internal.codegen.compileroption.ProcessingEnvironmentCompilerOptions$CommandLineOption: loaded 8 times (x 67B)
Class kotlin.reflect.jvm.internal.KPropertyImpl$_descriptor$1                         : loaded 8 times (x 76B)
Class dagger.internal.codegen.writing.ModuleProxies$ModuleConstructorProxyGenerator   : loaded 8 times (x 74B)
Class dagger.internal.codegen.writing.UnwrappedMapKeyGenerator_Factory                : loaded 8 times (x 79B)
Class dagger.hilt.android.processor.internal.viewmodel.ViewModelProcessingStep        : loaded 8 times (x 84B)
Class dagger.internal.codegen.DelegateComponentProcessor_SourceFileGeneratorsModule_ProducerFactoryGeneratorFactory: loaded 8 times (x 79B)
Class kotlin.streams.jdk8.StreamsKt                                                   : loaded 8 times (x 68B)
Class com.google.common.collect.SortedIterables                                       : loaded 8 times (x 68B)
Class dagger.internal.codegen.validation.BindsInstanceElementValidator                : loaded 8 times (x 75B)
Class dagger.internal.codegen.model.Binding                                           : loaded 8 times (x 67B)
Class kotlin.comparisons.NaturalOrderComparator                                       : loaded 8 times (x 85B)
Class [Ldagger.internal.codegen.base.ComponentCreatorAnnotation;                      : loaded 8 times (x 66B)
Class dagger.internal.codegen.model.DiagnosticReporter                                : loaded 8 times (x 72B)
Class dagger.internal.codegen.bindinggraphvalidation.CompositeBindingGraphPlugin_Factory_Impl: loaded 8 times (x 72B)
Class dagger.internal.codegen.kotlin.KotlinMetadataFactory_Factory$InstanceHolder     : loaded 8 times (x 68B)
Class dagger.internal.codegen.binding.InjectBindingRegistry                           : loaded 8 times (x 67B)
Class [Ldagger.internal.codegen.compileroption.FeatureStatus;                         : loaded 8 times (x 66B)
Class dagger.internal.codegen.compileroption.ProcessingEnvironmentCompilerOptions_Factory: loaded 8 times (x 79B)
Class dagger.internal.codegen.DelegateComponentProcessor_MembersInjector              : loaded 8 times (x 72B)
Class kotlin.reflect.jvm.internal.CachesKt$K_CLASS_CACHE$1                            : loaded 8 times (x 75B)
Class dagger.spi.internal.shaded.androidx.room.compiler.processing.XType              : loaded 8 times (x 67B)
Class dagger.internal.codegen.processingstep.ProcessingStepsModule_ProcessingStepsFactory: loaded 8 times (x 79B)
Class com.squareup.javapoet.CodeWriter                                                : loaded 8 times (x 69B)
Class dagger.internal.codegen.validation.BindsMethodValidator                         : loaded 8 times (x 75B)
Class [Ldagger.internal.codegen.base.ComponentCreatorKind;                            : loaded 8 times (x 66B)
Class dagger.internal.codegen.validation.SpiModelBindingGraphConverter$DiagnosticReporterImpl: loaded 8 times (x 73B)
Class dagger.internal.codegen.compileroption.ProcessingEnvironmentCompilerOptions     : loaded 8 times (x 92B)
Class dagger.internal.codegen.validation.DiagnosticReporterFactory                    : loaded 8 times (x 69B)
Class kotlin.coroutines.jvm.internal.BaseContinuationImpl                             : loaded 8 times (x 84B)
Class [Ldagger.internal.codegen.validation.ValidationBindingGraphPlugin;              : loaded 8 times (x 66B)
Class dagger.internal.codegen.binding.ModuleDescriptor$Factory                        : loaded 8 times (x 72B)
Class dagger.internal.codegen.processingstep.BindsInstanceProcessingStep_Factory      : loaded 8 times (x 79B)
Class dagger.internal.codegen.processingstep.TypeCheckingProcessingStep_MembersInjector: loaded 8 times (x 72B)
Class dagger.internal.codegen.bindinggraphvalidation.DuplicateBindingsValidator_Factory: loaded 8 times (x 79B)
Class dagger.internal.codegen.validation.BindingMethodValidatorsModule_IndexValidatorsFactory: loaded 8 times (x 79B)
Class androidx.room.DatabaseProcessingStep                                            : loaded 8 times (x 76B)
Class androidx.room.compiler.processing.javac.JavacProcessingEnv$typeElementStore$1   : loaded 8 times (x 76B)
Class dagger.internal.codegen.validation.BindingMethodValidator$ExceptionSuperclass$1 : loaded 8 times (x 78B)
Class dagger.internal.codegen.writing.UnwrappedMapKeyGenerator                        : loaded 8 times (x 77B)
Class dagger.internal.codegen.componentgenerator.TopLevelImplementationComponent$Factory: loaded 8 times (x 67B)
Class dagger.internal.codegen.validation.InjectBindingRegistryImpl$BindingsCollection : loaded 8 times (x 69B)
Class [Ldagger.internal.codegen.base.ClearableCache;                                  : loaded 8 times (x 66B)
Class androidx.room.compiler.processing.XProcessingEnv$Companion                      : loaded 8 times (x 68B)
Class dagger.internal.codegen.binding.OptionalBindingDeclaration_Factory_Factory      : loaded 8 times (x 79B)
Class dagger.internal.codegen.compileroption.FeatureStatus                            : loaded 8 times (x 76B)
Class dagger.internal.codegen.componentgenerator.ComponentGenerator                   : loaded 8 times (x 74B)
Class dagger.internal.codegen.DelegateComponentProcessor_SourceFileGeneratorsModule_ModuleConstructorProxyGeneratorFactory: loaded 8 times (x 79B)
Class dagger.internal.codegen.validation.BindingMethodValidator$MethodValidator       : loaded 8 times (x 77B)
Class dagger.internal.codegen.validation.AnyBindingMethodValidator_Factory            : loaded 8 times (x 79B)
Class dagger.internal.codegen.binding.Binding                                         : loaded 8 times (x 78B)
Class dagger.internal.codegen.DelegateComponentProcessor$Injector                     : loaded 8 times (x 67B)
Class dagger.spi.internal.shaded.androidx.room.compiler.processing.XExecutableType    : loaded 8 times (x 67B)
Class dagger.internal.codegen.bindinggraphvalidation.SetMultibindingValidator_Factory$InstanceHolder: loaded 8 times (x 68B)
Class dagger.internal.codegen.bindinggraphvalidation.MissingBindingValidator_Factory  : loaded 8 times (x 79B)
Class dagger.internal.SingleCheck                                                     : loaded 8 times (x 77B)
Class dagger.internal.codegen.validation.DependencyRequestValidator                   : loaded 8 times (x 69B)
Class dagger.internal.codegen.binding.AutoValue_DelegateDeclaration                   : loaded 8 times (x 80B)
Class dagger.internal.codegen.binding.ModuleDescriptor_Factory_Factory                : loaded 8 times (x 79B)
Class dagger.internal.codegen.binding.MultibindingDeclaration                         : loaded 8 times (x 75B)
Class com.squareup.javapoet.LineWrapper$RecordingAppendable                           : loaded 8 times (x 74B)
Class dagger.internal.codegen.extension.DaggerStreams                                 : loaded 8 times (x 68B)
Class kotlin.reflect.jvm.internal.KClassImpl$Data$objectInstance$2                    : loaded 8 times (x 76B)
Class kotlin.reflect.jvm.internal.CachesKt$CACHE_FOR_NULLABLE_BASE_CLASSIFIERS$1      : loaded 8 times (x 75B)
Class com.google.common.collect.MultimapBuilder$1                                     : loaded 8 times (x 80B)
Class com.google.common.collect.CompactHashSet                                        : loaded 8 times (x 147B)
Class dagger.internal.codegen.binding.DelegateDeclaration_Factory_Factory             : loaded 8 times (x 79B)
Class androidx.room.compiler.processing.javac.JavacFiler                              : loaded 8 times (x 75B)
Class dagger.internal.codegen.binding.ContributionBinding                             : loaded 8 times (x 86B)
Class dagger.internal.codegen.processingstep.MonitoringModuleGenerator                : loaded 8 times (x 74B)
Class dagger.spi.internal.shaded.androidx.room.compiler.processing.javac.JavacProcessingEnv: loaded 8 times (x 118B)
Class dagger.internal.codegen.validation.ComponentHierarchyValidator                  : loaded 8 times (x 69B)
Class kotlin.reflect.jvm.internal.ReflectProperties$LazyVal                           : loaded 8 times (x 72B)
Class dagger.internal.codegen.processingstep.AssistedInjectProcessingStep             : loaded 8 times (x 83B)
Class kotlin.reflect.jvm.internal.KClassImpl$Data$typeParameters$2                    : loaded 8 times (x 76B)
Class dagger.internal.codegen.bindinggraphvalidation.IncompatiblyScopedBindingsValidator: loaded 8 times (x 82B)
Class dagger.internal.codegen.binding.ContributionBinding$Builder                     : loaded 8 times (x 75B)
Class dagger.internal.codegen.bindinggraphvalidation.MissingBindingValidator          : loaded 8 times (x 82B)
Class com.google.common.collect.ExplicitOrdering                                      : loaded 8 times (x 112B)
Class dagger.internal.codegen.validation.ComponentDescriptorValidator                 : loaded 8 times (x 69B)
Class dagger.internal.codegen.base.ComponentCreatorAnnotation                         : loaded 8 times (x 76B)
Class kotlin.reflect.jvm.internal.KClassImpl$Data$constructors$2                      : loaded 8 times (x 76B)
Class com.google.common.collect.Ordering                                              : loaded 8 times (x 111B)
Class androidx.room.DatabaseProcessingStep$Companion                                  : loaded 8 times (x 68B)
Class dagger.internal.codegen.binding.MultibindingDeclaration$Factory                 : loaded 8 times (x 69B)
Class dagger.internal.codegen.validation.BindsInstanceMethodValidator                 : loaded 8 times (x 75B)
Class dagger.internal.codegen.processingstep.InjectProcessingStep                     : loaded 8 times (x 83B)
Class dagger.internal.codegen.writing.FactoryGenerator                                : loaded 8 times (x 74B)
Class dagger.internal.codegen.validation.BindingGraphValidator_Factory                : loaded 8 times (x 79B)
Class dagger.internal.codegen.binding.BindingGraphFactory_Factory                     : loaded 8 times (x 79B)
Class dagger.internal.codegen.validation.ProducesMethodValidator_Factory              : loaded 8 times (x 79B)
Class com.google.common.collect.UsingToStringOrdering                                 : loaded 8 times (x 111B)
Class kotlin.reflect.jvm.internal.KDeclarationContainerImpl$Data$moduleData$2         : loaded 8 times (x 76B)
Class kotlin.reflect.jvm.internal.KMutableProperty1Impl                               : loaded 8 times (x 132B)
Class [Ldagger.hilt.processor.internal.optionvalues.BooleanValue;                     : loaded 8 times (x 66B)
Class kotlin.jvm.internal.markers.KMutableList                                        : loaded 8 times (x 67B)
Class kotlin.reflect.jvm.internal.KProperty1Impl$delegateSource$1                     : loaded 8 times (x 76B)
Class kotlin.reflect.jvm.internal.KClassImpl$Data$declaredStaticMembers$2             : loaded 8 times (x 76B)
Class dagger.internal.codegen.validation.SpiModelBindingGraphConverter                : loaded 8 times (x 68B)
Class dagger.internal.codegen.bindinggraphvalidation.SetMultibindingValidator         : loaded 8 times (x 82B)
Class dagger.internal.codegen.binding.AutoValue_ModuleDescriptor                      : loaded 8 times (x 83B)
Class com.google.common.collect.MultimapBuilder$MultimapBuilderWithKeys$6             : loaded 8 times (x 73B)
Class dagger.hilt.android.processor.internal.AndroidClassNames                        : loaded 8 times (x 68B)
Class [Landroidx.room.processor.Context$BooleanProcessorOptions;                      : loaded 8 times (x 66B)
Class dagger.internal.codegen.base.ElementFormatter_Factory$InstanceHolder            : loaded 8 times (x 68B)
Class dagger.internal.codegen.binding.ProvisionBinding$Builder                        : loaded 8 times (x 77B)
Class [Ldagger.internal.codegen.compileroption.ValidationType;                        : loaded 8 times (x 66B)
Class dagger.internal.codegen.writing.AnnotationCreatorGenerator_Factory              : loaded 8 times (x 79B)
Class dagger.internal.codegen.processingstep.MultibindingAnnotationsProcessingStep_Factory: loaded 8 times (x 79B)
Class dagger.internal.codegen.base.SourceFileHjarGenerator                            : loaded 8 times (x 74B)
Class dagger.internal.codegen.validation.ComponentHierarchyValidator_Factory          : loaded 8 times (x 79B)
Class dagger.internal.codegen.binding.BindingGraphFactory                             : loaded 8 times (x 72B)
Class dagger.internal.codegen.writing.MembersInjectorGenerator                        : loaded 8 times (x 74B)
Class com.google.common.collect.ImmutableMap$MapViewOfValuesAsSingletonSets$1         : loaded 8 times (x 79B)
Class dagger.internal.codegen.base.ClearableCache                                     : loaded 8 times (x 67B)
Class dagger.internal.codegen.binding.MonitoringModules_Factory$InstanceHolder        : loaded 8 times (x 68B)
Class dagger.internal.codegen.base.DaggerSuperficialValidation_Factory                : loaded 8 times (x 79B)
Class dagger.internal.codegen.binding.ComponentDescriptor                             : loaded 8 times (x 94B)
Class dagger.internal.codegen.compileroption.ValidationType                           : loaded 8 times (x 76B)
Class dagger.spi.model.BindingGraph$Node                                              : loaded 8 times (x 67B)
Class dagger.internal.codegen.validation.MapKeyValidator_Factory                      : loaded 8 times (x 79B)
Class dagger.internal.codegen.base.AutoValue_ComponentAnnotation                      : loaded 8 times (x 73B)
Class dagger.internal.codegen.binding.ComponentDescriptor_Factory_Factory             : loaded 8 times (x 79B)
Class androidx.room.compiler.processing.javac.JavacProcessingEnv$typeElementStore$2   : loaded 8 times (x 75B)
Class kotlin.reflect.jvm.internal.KClassImpl$Data$declaredMembers$2                   : loaded 8 times (x 76B)
Class com.google.common.collect.ReverseOrdering                                       : loaded 8 times (x 112B)
Class com.google.common.collect.ReverseNaturalOrdering                                : loaded 8 times (x 111B)
Class [Lkotlin.reflect.jvm.internal.impl.builtins.functions.FunctionClassKind;        : loaded 8 times (x 66B)
Class dagger.internal.codegen.binding.MultibindingDeclaration_Factory_Factory         : loaded 8 times (x 79B)
Class dagger.internal.codegen.validation.ExternalBindingGraphPlugins                  : loaded 8 times (x 69B)
Class kotlin.reflect.jvm.internal.KProperty1Impl$_getter$1                            : loaded 8 times (x 76B)
Class dagger.internal.codegen.binding.ProductionBinding                               : loaded 8 times (x 90B)
Class com.google.common.collect.MultimapBuilder$ListMultimapBuilder                   : loaded 8 times (x 72B)
Class dagger.internal.codegen.kotlin.KotlinMetadataFactory_Factory                    : loaded 8 times (x 78B)
Class com.squareup.javapoet.TypeVariableName                                          : loaded 8 times (x 78B)
Class dagger.internal.codegen.binding.MembersInjectionBinding                         : loaded 8 times (x 80B)
Class dagger.internal.codegen.model.BindingGraph                                      : loaded 8 times (x 90B)
Class dagger.internal.codegen.writing.FactoryGenerator_Factory                        : loaded 8 times (x 79B)
Class dagger.internal.codegen.binding.InjectionAnnotations                            : loaded 8 times (x 69B)
Class kotlin.reflect.jvm.internal.KPackageImpl                                        : loaded 8 times (x 82B)
Class dagger.internal.codegen.binding.DependencyRequestFormatter_Factory              : loaded 8 times (x 79B)
Class kotlin.jvm.internal.MutablePropertyReference1Impl                               : loaded 8 times (x 134B)
Class dagger.internal.codegen.writing.ModuleProxies_ModuleConstructorProxyGenerator_Factory: loaded 8 times (x 79B)
Class com.google.common.graph.PredecessorsFunction                                    : loaded 8 times (x 67B)
Class dagger.internal.codegen.processingstep.AssistedFactoryProcessingStep_Factory    : loaded 8 times (x 79B)
Class dagger.internal.codegen.validation.ComponentCreatorValidator_Factory            : loaded 8 times (x 79B)
Class dagger.internal.codegen.binding.MonitoringModules_Factory                       : loaded 8 times (x 78B)
Class dagger.internal.codegen.binding.InjectionAnnotations_Factory                    : loaded 8 times (x 79B)
Class androidx.room.processor.Context$Companion                                       : loaded 8 times (x 68B)
Class kotlin.DeprecationLevel                                                         : loaded 8 times (x 76B)
Class dagger.internal.codegen.DaggerDelegateComponentProcessor_Injector$Factory       : loaded 8 times (x 71B)
Class kotlin.reflect.jvm.internal.KCallableImpl$_typeParameters$1                     : loaded 8 times (x 76B)
Class dagger.internal.codegen.validation.ProvidesMethodValidator_Factory              : loaded 8 times (x 79B)
Class androidx.room.util.SimpleJavaVersion$compareTo$$inlined$thenBy$2                : loaded 8 times (x 87B)
Class dagger.internal.Factory                                                         : loaded 8 times (x 67B)
Class dagger.internal.codegen.DelegateComponentProcessor$SourceFileGeneratorsModule   : loaded 8 times (x 67B)
Class dagger.internal.codegen.validation.BindsOptionalOfMethodValidator               : loaded 8 times (x 75B)
Class dagger.internal.codegen.compileroption.CompilerOptions                          : loaded 8 times (x 91B)
Class dagger.internal.codegen.processingstep.ModuleProcessingStep_Factory             : loaded 8 times (x 79B)
Class dagger.internal.codegen.validation.SpiModelBindingGraphConverter$DaggerProcessingEnvImpl: loaded 8 times (x 73B)
Class com.squareup.javapoet.LineWrapper                                               : loaded 8 times (x 69B)
Class dagger.internal.codegen.validation.BindingMethodValidator$ExceptionSuperclass$2 : loaded 8 times (x 78B)
Class dagger.internal.codegen.binding.SourceFiles_Factory                             : loaded 8 times (x 78B)
Class dagger.internal.codegen.base.ContributionType$HasContributionType               : loaded 8 times (x 67B)
Class com.google.common.base.Equivalence$Wrapper                                      : loaded 8 times (x 69B)
Class dagger.internal.codegen.kotlin.KotlinMetadataUtil                               : loaded 8 times (x 69B)
Class dagger.internal.codegen.binding.BindingDeclarationFormatter_Factory             : loaded 8 times (x 79B)
Class dagger.hilt.android.processor.internal.bindvalue.AutoValue_BindValueMetadata    : loaded 8 times (x 71B)
Class dagger.internal.codegen.processingstep.TypeCheckingProcessingStep               : loaded 8 times (x 83B)
Class androidx.room.Database                                                          : loaded 8 times (x 67B)
Class dagger.internal.codegen.processingstep.MapKeyProcessingStep                     : loaded 8 times (x 83B)
Class com.squareup.javapoet.ClassName                                                 : loaded 8 times (x 81B)
Class dagger.internal.codegen.bindinggraphvalidation.ProvisionDependencyOnProducerBindingValidator: loaded 8 times (x 82B)
Class dagger.internal.codegen.validation.ComponentDescriptorValidator_Factory         : loaded 8 times (x 79B)
Class dagger.internal.codegen.componentgenerator.ComponentGeneratorModule_ComponentHjarGeneratorFactory: loaded 8 times (x 79B)
Class kotlin.jvm.internal.markers.KMutableIterator                                    : loaded 8 times (x 67B)
Class dagger.internal.InstanceFactory                                                 : loaded 8 times (x 82B)
Class kotlin.collections.builders.ListBuilderKt                                       : loaded 8 times (x 68B)
Class [[Ldagger.internal.codegen.compileroption.ProcessingEnvironmentCompilerOptions$CommandLineOption;: loaded 8 times (x 66B)
Class dagger.internal.codegen.processingstep.BindingMethodProcessingStep              : loaded 8 times (x 83B)
Class androidx.room.util.SimpleJavaVersion$compareTo$$inlined$compareBy$1             : loaded 8 times (x 86B)
Class [Landroidx.room.compiler.processing.XProcessingEnv$Backend;                     : loaded 8 times (x 66B)
Class androidx.room.compiler.processing.javac.JavacProcessingEnv$Companion            : loaded 8 times (x 68B)
Class dagger.internal.codegen.bindinggraphvalidation.ProvisionDependencyOnProducerBindingValidator_Factory$InstanceHolder: loaded 8 times (x 68B)
Class com.google.common.collect.MultimapBuilder$SetMultimapBuilder                    : loaded 8 times (x 72B)
Class androidx.room.compiler.processing.XProcessingEnv                                : loaded 8 times (x 67B)
Class dagger.internal.codegen.validation.ProducesMethodValidator$Validator            : loaded 8 times (x 77B)
Class kotlin.jvm.internal.markers.KMutableListIterator                                : loaded 8 times (x 67B)
Class dagger.internal.codegen.bindinggraphvalidation.DependsOnProductionExecutorValidator: loaded 8 times (x 82B)
Class dagger.internal.codegen.processingstep.MonitoringModuleGenerator_Factory        : loaded 8 times (x 79B)
Class dagger.internal.codegen.validation.InjectValidator_Factory                      : loaded 8 times (x 79B)
Class dagger.internal.codegen.componentgenerator.TopLevelImplementationComponent      : loaded 8 times (x 67B)
Class kotlin.reflect.jvm.internal.KCallableImpl$_absentArguments$1                    : loaded 8 times (x 76B)
Class dagger.spi.model.BindingGraphPlugin                                             : loaded 8 times (x 67B)
Class [Landroidx.room.processor.Context$ProcessorOptions;                             : loaded 8 times (x 66B)
Class com.google.common.collect.CompactHashing                                        : loaded 8 times (x 68B)
Class androidx.room.compiler.processing.XProcessingEnv$Backend                        : loaded 8 times (x 76B)
Class dagger.spi.internal.shaded.androidx.room.compiler.processing.javac.JavacProcessingEnv$Companion: loaded 8 times (x 68B)
Class androidx.room.compiler.processing.javac.XTypeElementStore                       : loaded 8 times (x 69B)
Class dagger.hilt.processor.internal.root.RootType                                    : loaded 8 times (x 76B)
Class androidx.room.util.SimpleJavaVersion$compareTo$$inlined$thenBy$1                : loaded 8 times (x 87B)
Class kotlin.ResultKt                                                                 : loaded 8 times (x 68B)
Class kotlin.collections.builders.ListBuilder$Itr                                     : loaded 8 times (x 91B)
Class com.google.common.collect.NullsFirstOrdering                                    : loaded 8 times (x 112B)
Class kotlin.coroutines.EmptyCoroutineContext                                         : loaded 8 times (x 74B)
Class com.google.common.collect.ByFunctionOrdering                                    : loaded 8 times (x 112B)
Class com.google.common.collect.MultimapBuilder$4                                     : loaded 8 times (x 81B)
Class dagger.internal.codegen.model.BindingGraph$MaybeBinding                         : loaded 8 times (x 67B)
Class dagger.internal.codegen.validation.BindsOptionalOfMethodValidator$Validator     : loaded 8 times (x 77B)
Class dagger.internal.codegen.ServiceLoaders                                          : loaded 8 times (x 68B)
Class kotlin.reflect.jvm.internal.KClassImpl$Data$declaredNonStaticMembers$2          : loaded 8 times (x 76B)
Class dagger.internal.codegen.binding.DelegateDeclaration$Factory                     : loaded 8 times (x 69B)
Class dagger.internal.codegen.binding.MonitoringModules                               : loaded 8 times (x 72B)
Class [Ldagger.internal.codegen.compileroption.ProcessingEnvironmentCompilerOptions$Validation;: loaded 8 times (x 66B)
Class dagger.internal.codegen.binding.MethodSignatureFormatter_Factory                : loaded 8 times (x 79B)
Class dagger.internal.codegen.ProcessingEnvironmentModule_FilerFactory                : loaded 8 times (x 79B)
Class [Ldagger.internal.codegen.compileroption.ProcessingEnvironmentCompilerOptions$CommandLineOption;: loaded 8 times (x 66B)
Class dagger.internal.codegen.binding.AutoValue_OptionalBindingDeclaration            : loaded 8 times (x 72B)
Class dagger.internal.codegen.model.DaggerProcessingEnv                               : loaded 8 times (x 71B)
Class dagger.internal.codegen.binding.DependencyRequestFactory_Factory                : loaded 8 times (x 79B)
Class androidx.room.processor.Context                                                 : loaded 8 times (x 69B)
Class dagger.internal.codegen.ProcessingEnvironmentModule_ProcessingOptionsFactory    : loaded 8 times (x 79B)
Class kotlin.reflect.jvm.internal.impl.builtins.PrimitiveType$typeFqName$2            : loaded 8 times (x 76B)
Class com.google.common.collect.LinkedHashMultimap$ValueEntry                         : loaded 8 times (x 86B)
Class dagger.hilt.android.processor.internal.viewmodel.ViewModelValidationPlugin      : loaded 8 times (x 80B)
Class dagger.internal.codegen.kotlin.KotlinMetadataUtil_Factory                       : loaded 8 times (x 79B)
Class dagger.internal.codegen.binding.BindingDeclarationFormatter                     : loaded 8 times (x 83B)
Class dagger.internal.codegen.binding.$AutoValue_ComponentDescriptor                  : loaded 8 times (x 96B)
Class kotlin.coroutines.intrinsics.IntrinsicsKt__IntrinsicsJvmKt                      : loaded 8 times (x 68B)
Class dagger.internal.codegen.validation.BindingElementValidator$ElementValidator     : loaded 8 times (x 74B)
Class kotlin.collections.AbstractMutableList                                          : loaded 8 times (x 203B)
Class kotlin.coroutines.jvm.internal.CoroutineStackFrame                              : loaded 8 times (x 67B)
Class androidx.room.compiler.processing.javac.JavacProcessingEnv$typeElementStore$3   : loaded 8 times (x 76B)
Class dagger.internal.codegen.validation.BindingMethodValidator$Abstractness          : loaded 8 times (x 76B)
Class dagger.internal.codegen.ProcessingEnvironmentModule_MessagerFactory             : loaded 8 times (x 79B)
Class dagger.internal.codegen.processingstep.AssistedProcessingStep_Factory           : loaded 8 times (x 79B)
Class dagger.internal.codegen.writing.MembersInjectorGenerator_Factory                : loaded 8 times (x 79B)
Class dagger.internal.codegen.validation.AnyBindingMethodValidator                    : loaded 8 times (x 72B)
Class kotlin.collections.builders.MapBuilder                                          : loaded 8 times (x 109B)
Class dagger.spi.internal.shaded.androidx.room.compiler.processing.XVariableElement   : loaded 8 times (x 67B)
Class com.google.common.collect.ImmutableListMultimap$Builder                         : loaded 8 times (x 80B)
Class dagger.internal.codegen.validation.MultibindsMethodValidator$Validator          : loaded 8 times (x 77B)
Class kotlin.collections.IndexingIterable                                             : loaded 8 times (x 76B)
Class kotlin.annotation.AnnotationTarget                                              : loaded 8 times (x 76B)
Class kotlin.reflect.jvm.internal.KClassImpl$Data$inheritedStaticMembers$2            : loaded 8 times (x 76B)
Class dagger.internal.codegen.validation.DiagnosticReporterFactory_Factory            : loaded 8 times (x 79B)
Class dagger.internal.codegen.binding.AutoValue_MultibindingDeclaration               : loaded 8 times (x 76B)
Class dagger.internal.codegen.model.BindingGraphPlugin                                : loaded 8 times (x 67B)
Class kotlin.collections.AbstractList$IteratorImpl                                    : loaded 8 times (x 79B)
Class kotlin.reflect.jvm.internal.CachesKt$CACHE_FOR_GENERIC_CLASSIFIERS$1            : loaded 8 times (x 75B)
Class [Ldagger.internal.codegen.validation.BindingMethodValidator$ExceptionSuperclass;: loaded 8 times (x 66B)
Class dagger.internal.codegen.validation.BindsMethodValidator_Factory                 : loaded 8 times (x 79B)
Class dagger.spi.internal.shaded.androidx.room.compiler.processing.XAnnotated         : loaded 8 times (x 67B)
Class dagger.spi.internal.shaded.androidx.room.compiler.processing.javac.JavacProcessingEnv$typeElementStore$1: loaded 8 times (x 76B)
Class dagger.internal.codegen.binding.SubcomponentDeclaration_Factory_Factory         : loaded 8 times (x 79B)
Class dagger.internal.codegen.model.RequestKind                                       : loaded 8 times (x 76B)
Class dagger.internal.codegen.validation.ComponentCreatorValidator                    : loaded 8 times (x 72B)
Class dagger.internal.codegen.binding.OptionalBindingDeclaration                      : loaded 8 times (x 71B)
Class dagger.internal.codegen.processingstep.AssistedInjectProcessingStep_Factory     : loaded 8 times (x 79B)
Class dagger.internal.codegen.binding.$AutoValue_DelegateDeclaration                  : loaded 8 times (x 80B)
Class dagger.internal.codegen.bindinggraphvalidation.MapMultibindingValidator_Factory : loaded 8 times (x 79B)
Class [Ldagger.internal.codegen.validation.BindingMethodValidator$Abstractness;       : loaded 8 times (x 66B)
Class dagger.internal.codegen.bindinggraphvalidation.DependencyCycleValidator_Factory : loaded 8 times (x 79B)
Class dagger.internal.codegen.model.AutoValue_DaggerProcessingEnv                     : loaded 8 times (x 72B)
Class dagger.internal.codegen.validation.BindingMethodValidator$ExceptionSuperclass$3 : loaded 8 times (x 78B)
Class dagger.hilt.processor.internal.optionvalues.BooleanValue                        : loaded 8 times (x 76B)
Class dagger.spi.internal.shaded.androidx.room.compiler.processing.XExecutableElement : loaded 8 times (x 67B)
Class dagger.internal.codegen.base.DaggerSuperficialValidation$ValidationException    : loaded 8 times (x 80B)
Class dagger.spi.internal.shaded.androidx.room.compiler.processing.XHasModifiers      : loaded 8 times (x 67B)
Class dagger.internal.codegen.compileroption.ProcessingEnvironmentCompilerOptions$Feature: loaded 8 times (x 87B)
Class kotlin.jvm.internal.markers.KMutableMap                                         : loaded 8 times (x 67B)
Class dagger.internal.codegen.writing.ProducerFactoryGenerator                        : loaded 8 times (x 74B)
Class dagger.internal.codegen.compileroption.ProcessingEnvironmentCompilerOptions$KeyOnlyOption: loaded 8 times (x 83B)
Class com.google.common.collect.MultimapBuilder$MultimapBuilderWithKeys               : loaded 8 times (x 79B)
Class com.squareup.javapoet.ParameterizedTypeName                                     : loaded 8 times (x 78B)
Class dagger.spi.internal.shaded.androidx.room.compiler.processing.javac.JavacProcessingEnv$typeElementStore$2: loaded 8 times (x 75B)
Class kotlin.reflect.jvm.internal.impl.builtins.functions.FunctionClassKind$Companion : loaded 8 times (x 68B)
Class dagger.spi.internal.shaded.androidx.room.compiler.processing.XProcessingEnv$Backend: loaded 8 times (x 76B)
Class kotlin.jvm.internal.CollectionToArray                                           : loaded 8 times (x 68B)
Class kotlin.reflect.jvm.internal.KCallableImpl$_annotations$1                        : loaded 8 times (x 76B)
Class kotlin.reflect.jvm.internal.KClassImpl$Data$inheritedNonStaticMembers$2         : loaded 8 times (x 76B)
Class dagger.internal.codegen.binding.$AutoValue_MultibindingDeclaration              : loaded 8 times (x 76B)
Class dagger.internal.codegen.binding.BindsTypeChecker                                : loaded 8 times (x 69B)
Class dagger.internal.codegen.validation.BindingElementValidator                      : loaded 8 times (x 75B)
Class dagger.hilt.processor.internal.ClassNames                                       : loaded 8 times (x 68B)
Class dagger.internal.codegen.ServiceLoaders$1                                        : loaded 8 times (x 68B)
Class dagger.internal.codegen.ProcessingEnvironmentModule                             : loaded 8 times (x 67B)
Class [Lcom.google.common.collect.LinkedHashMultimap$ValueSetLink;                    : loaded 8 times (x 66B)
Class dagger.internal.codegen.base.ComponentAnnotation                                : loaded 8 times (x 73B)
Class [Lnet.ltgt.gradle.incap.IncrementalAnnotationProcessorType;                     : loaded 8 times (x 66B)
Class dagger.internal.codegen.componentgenerator.ComponentHjarGenerator               : loaded 8 times (x 74B)
Class dagger.internal.codegen.compileroption.ProcessingEnvironmentCompilerOptions$Validation: loaded 8 times (x 90B)
Class dagger.internal.codegen.binding.BindingDeclaration                              : loaded 8 times (x 71B)
Class dagger.internal.codegen.binding.BindingFactory                                  : loaded 8 times (x 69B)
Class dagger.internal.codegen.validation.ExternalBindingGraphPlugins_Factory          : loaded 8 times (x 79B)
Class dagger.internal.codegen.validation.DependencyRequestValidator_Factory           : loaded 8 times (x 79B)
Class dagger.internal.codegen.base.$AutoValue_ComponentAnnotation                     : loaded 8 times (x 73B)
Class javax.inject.Provider                                                           : loaded 8 times (x 67B)
Class dagger.hilt.processor.internal.generatesrootinput.GeneratesRootInputs           : loaded 8 times (x 69B)
Class dagger.internal.codegen.bindinggraphvalidation.NullableBindingValidator_Factory : loaded 8 times (x 79B)
Class dagger.internal.codegen.compileroption.ProcessingEnvironmentCompilerOptions$EnumOption: loaded 8 times (x 67B)
Class dagger.internal.codegen.compileroption.ProcessingEnvironmentCompilerOptions$Validation$1: loaded 8 times (x 90B)
Class kotlin.reflect.jvm.internal.KClassImpl$Data$annotations$2                       : loaded 8 times (x 76B)
Class dagger.internal.codegen.validation.BindingMethodValidator$ExceptionSuperclass   : loaded 8 times (x 78B)
Class dagger.internal.codegen.validation.BindsInstanceParameterValidator$Validator    : loaded 8 times (x 74B)
Class dagger.internal.codegen.binding.$AutoValue_OptionalBindingDeclaration           : loaded 8 times (x 72B)
Class dagger.internal.codegen.bindinggraphvalidation.DuplicateBindingsValidator       : loaded 8 times (x 82B)
Class dagger.spi.internal.shaded.androidx.room.compiler.processing.XParameterizable   : loaded 8 times (x 67B)
Class dagger.internal.codegen.processingstep.ComponentProcessingStep                  : loaded 8 times (x 83B)
Class dagger.internal.codegen.binding.BindsTypeChecker_Factory                        : loaded 8 times (x 79B)
Class com.google.common.collect.ImmutableMap$IteratorBasedImmutableMap$1EntrySetImpl  : loaded 8 times (x 151B)
Class com.google.common.collect.Maps$TransformedEntriesMap                            : loaded 8 times (x 124B)
Class com.google.common.collect.MultimapBuilder$2                                     : loaded 8 times (x 80B)
Class kotlin.reflect.jvm.internal.KClassImpl$Data$simpleName$2                        : loaded 8 times (x 76B)
Class [Lkotlin.DeprecationLevel;                                                      : loaded 8 times (x 66B)
Class dagger.internal.codegen.bindinggraphvalidation.SubcomponentFactoryMethodValidator_Factory: loaded 8 times (x 78B)
Class dagger.internal.codegen.bindinggraphvalidation.DependencyCycleValidator         : loaded 8 times (x 82B)
Class com.google.common.collect.LinkedHashMultimap                                    : loaded 8 times (x 172B)
Class kotlin.reflect.jvm.internal.KCallableImpl$_returnType$1                         : loaded 8 times (x 76B)
Class kotlin.jvm.internal.markers.KMutableIterable                                    : loaded 8 times (x 67B)
Class dagger.MembersInjector                                                          : loaded 8 times (x 67B)
Class dagger.internal.codegen.processingstep.SuperficialValidator_Factory             : loaded 8 times (x 79B)
Class dagger.internal.codegen.bindinggraphvalidation.NullableBindingValidator         : loaded 8 times (x 82B)
Class dagger.spi.internal.shaded.androidx.room.compiler.processing.javac.JavacProcessingEnv$typeElementStore$3: loaded 8 times (x 76B)
Class dagger.spi.internal.shaded.androidx.room.compiler.processing.XElement           : loaded 8 times (x 67B)
Class kotlin.reflect.jvm.internal.CachesKt$CACHE_FOR_BASE_CLASSIFIERS$1               : loaded 8 times (x 75B)
Class dagger.internal.codegen.binding.$AutoValue_ModuleDescriptor                     : loaded 8 times (x 83B)
Class dagger.internal.codegen.binding.DependencyRequestFactory                        : loaded 8 times (x 69B)
Class dagger.internal.codegen.bindinggraphvalidation.SetMultibindingValidator_Factory : loaded 8 times (x 78B)
Class dagger.internal.codegen.bindinggraphvalidation.DependsOnProductionExecutorValidator_Factory: loaded 8 times (x 79B)
Class dagger.internal.codegen.validation.ValidationBindingGraphPlugins_Factory        : loaded 8 times (x 79B)
Class dagger.internal.codegen.validation.InjectValidator                              : loaded 8 times (x 72B)
Class dagger.internal.codegen.validation.InjectBindingRegistryImpl                    : loaded 8 times (x 78B)
Class dagger.spi.internal.shaded.androidx.room.compiler.processing.XMemberContainer   : loaded 8 times (x 67B)
Class dagger.spi.internal.shaded.androidx.room.compiler.processing.XProcessingEnv     : loaded 8 times (x 67B)
Class kotlin.reflect.jvm.internal.KClassImpl$Data$nestedClasses$2                     : loaded 8 times (x 76B)
Class dagger.internal.codegen.writing.ProducerFactoryGenerator_Factory                : loaded 8 times (x 79B)
Class kotlin.collections.IndexingIterator                                             : loaded 8 times (x 76B)
Class [Ldagger.internal.codegen.compileroption.ProcessingEnvironmentCompilerOptions$KeyOnlyOption;: loaded 8 times (x 66B)
Class dagger.internal.codegen.base.DaggerSuperficialValidation$ValidationException$KnownErrorType: loaded 8 times (x 80B)
Class dagger.internal.codegen.base.ElementFormatter                                   : loaded 8 times (x 82B)
Class androidx.hilt.ClassNames                                                        : loaded 8 times (x 68B)
Class dagger.internal.codegen.DaggerDelegateComponentProcessor_Injector$TopLevelImplementationComponentFactory: loaded 8 times (x 72B)
Class kotlin.reflect.KMutableProperty$Setter                                          : loaded 8 times (x 67B)
Class dagger.internal.codegen.processingstep.ComponentHjarProcessingStep_Factory      : loaded 8 times (x 79B)
Class androidx.room.compiler.processing.XFiler                                        : loaded 8 times (x 67B)
Class dagger.internal.codegen.processingstep.MultibindingAnnotationsProcessingStep    : loaded 8 times (x 83B)
Class dagger.internal.codegen.validation.DiagnosticMessageGenerator_Factory_Factory   : loaded 8 times (x 79B)
Class dagger.internal.codegen.validation.BindsInstanceMethodValidator_Factory         : loaded 8 times (x 79B)
Class dagger.internal.codegen.validation.ComponentValidator                           : loaded 8 times (x 72B)
Class dagger.internal.codegen.binding.DelegateDeclaration                             : loaded 8 times (x 77B)
Class dagger.internal.codegen.binding.OptionalBindingDeclaration$Factory              : loaded 8 times (x 70B)
Class dagger.internal.codegen.bindinggraphvalidation.SubcomponentFactoryMethodValidator: loaded 8 times (x 82B)
Class dagger.internal.codegen.validation.BindingGraphValidator                        : loaded 8 times (x 69B)
Class com.google.common.collect.MultimapBuilder$SortedSetMultimapBuilder              : loaded 8 times (x 74B)
Class dagger.internal.codegen.xprocessing.XTypeElements$Visibility                    : loaded 7 times (x 76B)
Class dagger.spi.internal.shaded.androidx.room.jarjarred.kotlinx.metadata.internal.protobuf.WireFormat$FieldType$3: loaded 7 times (x 80B)
Class dagger.spi.internal.shaded.androidx.room.compiler.processing.javac.kotlin.KmData: loaded 7 times (x 67B)
Class [Ldagger.internal.codegen.validation.ModuleValidator$ModuleMethodKind;          : loaded 7 times (x 66B)
Class dagger.spi.internal.shaded.androidx.room.compiler.processing.javac.JavacTypeVariableType$equalityItems$2: loaded 7 times (x 76B)
Class dagger.spi.internal.shaded.androidx.room.compiler.processing.javac.JavacTypeVariableType: loaded 7 times (x 208B)
Class dagger.internal.codegen.binding.AutoValue_ProvisionBinding                      : loaded 7 times (x 89B)
Class dagger.spi.internal.shaded.androidx.room.compiler.processing.XMethodElementKt   : loaded 7 times (x 68B)
Class dagger.spi.internal.shaded.androidx.room.compiler.processing.javac.JavacArrayType$componentType$2: loaded 7 times (x 76B)
Class dagger.spi.internal.shaded.androidx.room.jarjarred.kotlinx.metadata.internal.protobuf.GeneratedMessageLite$GeneratedExtension: loaded 7 times (x 76B)
Class dagger.spi.internal.shaded.androidx.room.compiler.processing.javac.JavacTypeElement$_declaredMethods$2: loaded 7 times (x 76B)
Class dagger.spi.internal.shaded.androidx.room.jarjarred.kotlinx.metadata.internal.protobuf.BoundedByteString: loaded 7 times (x 109B)
Class dagger.spi.internal.shaded.androidx.room.jarjarred.kotlinx.metadata.internal.metadata.ProtoBuf$TypeParameterOrBuilder: loaded 7 times (x 67B)
Class dagger.spi.internal.shaded.androidx.room.jarjarred.kotlinx.metadata.jvm.internal.JvmPropertyExtension: loaded 7 times (x 85B)
Class dagger.spi.internal.shaded.androidx.room.jarjarred.kotlinx.metadata.internal.protobuf.CodedOutputStream$OutOfSpaceException: loaded 7 times (x 79B)
Class dagger.spi.internal.shaded.androidx.room.compiler.processing.javac.JavacAnnotationValue: loaded 7 times (x 152B)
Class dagger.spi.internal.shaded.androidx.room.compiler.processing.javac.kotlin.KmClassContainer$functionList$2: loaded 7 times (x 76B)
Class dagger.spi.internal.shaded.androidx.room.jarjarred.kotlinx.metadata.Attributes$modality$6: loaded 7 times (x 134B)
Class dagger.spi.internal.shaded.androidx.room.jarjarred.kotlinx.metadata.Attributes$isNullCheckPredicate$2: loaded 7 times (x 134B)
Class dagger.spi.internal.shaded.androidx.room.jarjarred.kotlinx.metadata.internal.extensions.KmClassExtension: loaded 7 times (x 67B)
Class dagger.spi.internal.shaded.androidx.room.compiler.processing.XExecutableParameterElement: loaded 7 times (x 67B)
Class dagger.spi.internal.shaded.androidx.room.jarjarred.kotlinx.metadata.internal.FlagDelegatesImplKt$typeBooleanFlag$1: loaded 7 times (x 134B)
Class dagger.internal.codegen.writing.InjectionMethods$InstanceCastPolicy             : loaded 7 times (x 76B)
Class dagger.spi.internal.shaded.androidx.room.compiler.processing.javac.JavacAnnotationValue$1: loaded 7 times (x 76B)
Class dagger.spi.internal.shaded.androidx.room.jarjarred.kotlinx.metadata.internal.BooleanFlagDelegate: loaded 7 times (x 69B)
Class dagger.spi.internal.shaded.androidx.room.jarjarred.kotlinx.metadata.internal.metadata.ProtoBuf$TypeTable: loaded 7 times (x 106B)
Class dagger.spi.internal.shaded.auto.common.MoreTypes$DeclaredTypeVisitor            : loaded 7 times (x 99B)
Class [Ldagger.spi.internal.shaded.androidx.room.jarjarred.kotlinx.metadata.internal.metadata.ProtoBuf$Expression$ConstantValue;: loaded 7 times (x 66B)
Class dagger.internal.codegen.binding.BindsTypeChecker$1                              : loaded 7 times (x 68B)
Class dagger.spi.internal.shaded.androidx.room.jarjarred.kotlinx.metadata.internal.metadata.ProtoBuf$Effect$InvocationKind$1: loaded 7 times (x 71B)
Class dagger.spi.internal.shaded.auto.common.AnnotationOutput$SourceFormVisitor       : loaded 7 times (x 114B)
Class dagger.internal.codegen.base.AutoValue_ModuleAnnotation                         : loaded 7 times (x 73B)
Class dagger.spi.internal.shaded.androidx.room.compiler.processing.javac.JavacConstructorElement$typeParameters$2: loaded 7 times (x 76B)
Class dagger.spi.internal.shaded.androidx.room.compiler.processing.javac.JavacPackageElement$name$2: loaded 7 times (x 76B)
Class dagger.internal.codegen.base.ModuleKind                                         : loaded 7 times (x 76B)
Class dagger.internal.codegen.model.AutoValue_DaggerAnnotation                        : loaded 7 times (x 74B)
Class dagger.spi.internal.shaded.androidx.room.jarjarred.kotlinx.metadata.MemberKind  : loaded 7 times (x 76B)
Class dagger.spi.internal.shaded.androidx.room.compiler.processing.javac.kotlin.KmClassContainer$type$2: loaded 7 times (x 76B)
Class dagger.spi.internal.shaded.androidx.room.jarjarred.kotlinx.metadata.internal.metadata.jvm.JvmProtoBuf$JvmMethodSignature$1: loaded 7 times (x 141B)
Class dagger.spi.internal.shaded.androidx.room.jarjarred.kotlinx.metadata.internal.protobuf.SmallSortedMap$EmptySet$1: loaded 7 times (x 75B)
Class dagger.spi.internal.shaded.androidx.room.compiler.processing.InternalXAnnotationValue$Kind: loaded 7 times (x 76B)
Class com.google.common.graph.Traverser                                               : loaded 7 times (x 70B)
Class dagger.spi.internal.shaded.androidx.room.jarjarred.kotlinx.metadata.internal.protobuf.LiteralByteString: loaded 7 times (x 109B)
Class dagger.spi.internal.shaded.androidx.room.compiler.processing.XTypeKt            : loaded 7 times (x 68B)
Class dagger.spi.internal.shaded.androidx.room.compiler.processing.javac.JavacTypeElement$DefaultJavacTypeElement: loaded 7 times (x 297B)
Class com.squareup.javapoet.AnnotationSpec$Builder                                    : loaded 7 times (x 69B)
Class dagger.internal.codegen.xprocessing.XAnnotationValues                           : loaded 7 times (x 68B)
Class dagger.spi.internal.shaded.androidx.room.jarjarred.kotlinx.metadata.internal.protobuf.SmallSortedMap$EmptySet: loaded 7 times (x 68B)
Class dagger.spi.internal.shaded.androidx.room.jarjarred.kotlinx.metadata.internal.metadata.ProtoBuf$ValueParameter: loaded 7 times (x 125B)
Class dagger.spi.internal.shaded.androidx.room.jarjarred.kotlinx.metadata.internal.metadata.ProtoBuf$Class: loaded 7 times (x 177B)
Class dagger.spi.internal.shaded.auto.common.MoreElements$CastingElementVisitor       : loaded 7 times (x 90B)
Class dagger.spi.internal.shaded.androidx.room.compiler.processing.XAnnotation        : loaded 7 times (x 67B)
Class dagger.spi.internal.shaded.androidx.room.jarjarred.kotlinx.metadata.jvm.JvmMetadataVersion$Companion: loaded 7 times (x 68B)
Class dagger.spi.internal.shaded.auto.common.Overrides                                : loaded 7 times (x 69B)
Class dagger.spi.internal.shaded.androidx.room.compiler.processing.javac.JavacTypeElement$superClass$2: loaded 7 times (x 76B)
Class dagger.internal.codegen.model.$AutoValue_Key$Builder                            : loaded 7 times (x 75B)
Class com.squareup.kotlinpoet.Dynamic                                                 : loaded 7 times (x 83B)
Class dagger.spi.internal.shaded.androidx.room.compiler.processing.InternalXAnnotationValue: loaded 7 times (x 152B)
Class dagger.spi.internal.shaded.androidx.room.compiler.processing.XArrayType         : loaded 7 times (x 67B)
Class dagger.spi.internal.shaded.androidx.room.jarjarred.kotlinx.metadata.internal.protobuf.WireFormat$JavaType: loaded 7 times (x 76B)
Class dagger.spi.internal.shaded.androidx.room.jarjarred.kotlinx.metadata.internal.metadata.jvm.JvmProtoBuf$JvmFieldSignatureOrBuilder: loaded 7 times (x 67B)
Class com.squareup.kotlinpoet.TagMap$Companion                                        : loaded 7 times (x 68B)
Class dagger.spi.internal.shaded.androidx.room.jarjarred.kotlinx.metadata.internal.metadata.jvm.JvmProtoBuf$JvmMethodSignature$Builder: loaded 7 times (x 131B)
Class dagger.spi.internal.shaded.androidx.room.jarjarred.kotlinx.metadata.Attributes$visibility$18: loaded 7 times (x 134B)
Class dagger.spi.internal.shaded.androidx.room.compiler.processing.javac.JavacConstructorType: loaded 7 times (x 80B)
Class dagger.spi.internal.shaded.androidx.room.compiler.processing.javac.JavacArrayType$xTypeName$2: loaded 7 times (x 76B)
Class dagger.internal.codegen.xprocessing.XTypes$1                                    : loaded 7 times (x 68B)
Class dagger.spi.internal.shaded.androidx.room.jarjarred.kotlinx.metadata.internal.metadata.ProtoBuf$Effect$EffectType$1: loaded 7 times (x 71B)
Class dagger.spi.internal.shaded.androidx.room.compiler.processing.javac.JavacMethodType$typeVariableNames$2: loaded 7 times (x 76B)
Class dagger.spi.internal.shaded.androidx.room.compiler.processing.javac.JavacFieldElement$enclosingElement$2: loaded 7 times (x 76B)
Class dagger.spi.internal.shaded.auto.common.MoreTypes$TypeVariableVisitor            : loaded 7 times (x 99B)
Class dagger.spi.internal.shaded.androidx.room.compiler.processing.CommonProcessorDelegate$processRound$currentElementsDeferredByStep$1$previousRoundDeferredElementsByAnnotation$1: loaded 7 times (x 75B)
Class dagger.internal.codegen.xprocessing.XTypes$XTypeEquivalence                     : loaded 7 times (x 81B)
Class dagger.spi.internal.shaded.androidx.room.compiler.processing.javac.JavacTypeElement$packageElement$2: loaded 7 times (x 76B)
Class dagger.spi.internal.shaded.androidx.room.jarjarred.kotlinx.metadata.KmDeclarationContainer: loaded 7 times (x 67B)
Class dagger.spi.internal.shaded.androidx.room.jarjarred.kotlinx.metadata.internal.protobuf.GeneratedMessageLite$ExtendableMessage: loaded 7 times (x 110B)
Class com.squareup.javapoet.CodeBlock$Builder                                         : loaded 7 times (x 69B)
Class [Ldagger.spi.internal.shaded.androidx.room.jarjarred.kotlinx.metadata.internal.metadata.jvm.JvmProtoBuf$StringTableTypes$Record$Operation;: loaded 7 times (x 66B)
Class dagger.spi.internal.shaded.androidx.room.jarjarred.kotlinx.metadata.KmDeclarationContainerVisitor: loaded 7 times (x 74B)
Class dagger.spi.internal.shaded.androidx.room.jarjarred.kotlinx.metadata.Attributes$isReified$2: loaded 7 times (x 134B)
Class com.squareup.javapoet.MethodSpec$Builder                                        : loaded 7 times (x 69B)
Class dagger.spi.internal.shaded.androidx.room.compiler.processing.javac.JavacMethodParameter$jvmName$2: loaded 7 times (x 76B)
Class dagger.internal.codegen.base.FrameworkTypes                                     : loaded 7 times (x 68B)
Class dagger.spi.internal.shaded.androidx.room.compiler.processing.javac.kotlin.JvmDescriptorUtilsKt: loaded 7 times (x 68B)
Class com.squareup.javapoet.FieldSpec                                                 : loaded 7 times (x 69B)
Class dagger.spi.internal.shaded.androidx.room.compiler.processing.javac.JavacConstructorElement: loaded 7 times (x 253B)
Class com.squareup.javapoet.LineWrapper$FlushType                                     : loaded 7 times (x 76B)
Class dagger.spi.internal.shaded.androidx.room.jarjarred.kotlinx.metadata.internal.FlagDelegatesImplKt$valueParameterBooleanFlag$1: loaded 7 times (x 134B)
Class dagger.spi.internal.shaded.androidx.room.jarjarred.kotlinx.metadata.internal.FlagDelegatesImplKt$propertyAccessorBooleanFlag$1: loaded 7 times (x 134B)
Class dagger.spi.internal.shaded.androidx.room.jarjarred.kotlinx.metadata.internal.metadata.jvm.JvmProtoBuf$JvmFieldSignature: loaded 7 times (x 105B)
Class dagger.spi.internal.shaded.androidx.room.compiler.processing.InternalXAnnotated : loaded 7 times (x 67B)
Class dagger.spi.internal.shaded.androidx.room.compiler.processing.javac.JavacAnnotation$type$2: loaded 7 times (x 76B)
Class kotlin.annotation.Repeatable                                                    : loaded 7 times (x 67B)
Class dagger.spi.internal.shaded.androidx.room.compiler.processing.javac.JavacFieldElement$syntheticMethodForAnnotations$2: loaded 7 times (x 76B)
Class dagger.spi.internal.shaded.androidx.room.jarjarred.kotlinx.metadata.internal.protobuf.WireFormat: loaded 7 times (x 68B)
Class dagger.spi.internal.shaded.androidx.room.jarjarred.kotlinx.metadata.jvm.internal.JvmTypeExtension: loaded 7 times (x 83B)
Class dagger.spi.internal.shaded.androidx.room.jarjarred.kotlinx.metadata.Attributes$modality$2: loaded 7 times (x 134B)
Class dagger.spi.internal.shaded.androidx.room.jarjarred.kotlinx.metadata.internal.FlagDelegatesImplKt$constructorBooleanFlag$1: loaded 7 times (x 134B)
Class dagger.spi.internal.shaded.androidx.room.jarjarred.kotlinx.metadata.internal.metadata.ProtoBuf$Visibility: loaded 7 times (x 79B)
Class dagger.spi.internal.shaded.androidx.room.jarjarred.kotlinx.metadata.jvm.JvmMethodSignature: loaded 7 times (x 71B)
Class dagger.spi.internal.shaded.androidx.room.compiler.processing.XEnumEntry         : loaded 7 times (x 67B)
Class dagger.spi.internal.shaded.androidx.room.compiler.processing.javac.JavacMethodParameter$name$2: loaded 7 times (x 76B)
Class dagger.spi.internal.shaded.androidx.room.compiler.processing.javac.kotlin.KmTypeContainer: loaded 7 times (x 73B)
Class dagger.spi.internal.shaded.androidx.room.jarjarred.kotlinx.metadata.internal.metadata.deserialization.NameResolver: loaded 7 times (x 67B)
Class dagger.spi.internal.shaded.androidx.room.jarjarred.kotlinx.metadata.internal.protobuf.GeneratedMessageLite$ExtensionDescriptor: loaded 7 times (x 81B)
Class dagger.spi.internal.shaded.androidx.room.jarjarred.kotlinx.metadata.internal.protobuf.ExtensionRegistryLite: loaded 7 times (x 71B)
Class dagger.spi.internal.shaded.androidx.room.jarjarred.kotlinx.metadata.internal.metadata.jvm.deserialization.JvmMemberSignature: loaded 7 times (x 71B)
Class dagger.spi.internal.shaded.androidx.room.jarjarred.kotlinx.metadata.KmValueParameter: loaded 7 times (x 74B)
Class dagger.spi.internal.shaded.androidx.room.jarjarred.kotlinx.metadata.internal.metadata.jvm.deserialization.UtfEncodingKt: loaded 7 times (x 68B)
Class dagger.internal.codegen.binding.InjectionSiteFactory$InjectionSiteVisitor       : loaded 7 times (x 69B)
Class dagger.spi.internal.shaded.androidx.room.compiler.processing.util.MemoizedSequence$CachedIterator: loaded 7 times (x 76B)
Class dagger.spi.internal.shaded.androidx.room.compiler.processing.XEquality          : loaded 7 times (x 67B)
Class com.squareup.javapoet.ClassName$1                                               : loaded 7 times (x 94B)
Class dagger.spi.internal.shaded.androidx.room.jarjarred.kotlinx.metadata.jvm.JvmTypeParameterExtensionVisitor: loaded 7 times (x 76B)
Class dagger.internal.codegen.xprocessing.XTypeElements                               : loaded 7 times (x 68B)
Class dagger.spi.internal.shaded.androidx.room.compiler.processing.InternalXAnnotation$valuesByName$2: loaded 7 times (x 76B)
Class com.squareup.javapoet.JavaFile                                                  : loaded 7 times (x 69B)
Class dagger.spi.internal.shaded.androidx.room.compiler.processing.javac.JavacType$xTypeName$2: loaded 7 times (x 76B)
Class dagger.spi.internal.shaded.androidx.room.compiler.processing.javac.JavacMethodElement$returnType$2: loaded 7 times (x 76B)
Class dagger.internal.codegen.xprocessing.XAnnotationValues$1                         : loaded 7 times (x 81B)
Class [Ldagger.spi.internal.shaded.androidx.room.compiler.processing.InternalXAnnotationValue$Kind;: loaded 7 times (x 66B)
Class [Ldagger.spi.internal.shaded.androidx.room.jarjarred.kotlinx.metadata.internal.protobuf.WireFormat$JavaType;: loaded 7 times (x 66B)
Class com.squareup.javapoet.JavaFile$Builder                                          : loaded 7 times (x 69B)
Class dagger.spi.internal.shaded.androidx.room.jarjarred.kotlinx.metadata.internal.protobuf.MessageLite: loaded 7 times (x 67B)
Class dagger.internal.codegen.extension.DaggerCollectors$ToOptionalState              : loaded 7 times (x 69B)
Class dagger.spi.internal.shaded.androidx.room.compiler.processing.javac.JavacConstructorElement$executableType$2: loaded 7 times (x 76B)
Class dagger.spi.internal.shaded.androidx.room.jarjarred.kotlinx.metadata.jvm.JvmMemberSignatureKt: loaded 7 times (x 68B)
Class dagger.spi.internal.shaded.androidx.room.jarjarred.kotlinx.metadata.internal.metadata.jvm.deserialization.JvmNameResolverBase: loaded 7 times (x 77B)
Class dagger.spi.internal.shaded.androidx.room.jarjarred.kotlinx.metadata.jvm.KotlinClassMetadata: loaded 7 times (x 73B)
Class dagger.internal.codegen.validation.DependencyRequestValidator$Validator         : loaded 7 times (x 69B)
Class dagger.internal.codegen.model.AutoValue_DependencyRequest                       : loaded 7 times (x 73B)
Class dagger.spi.internal.shaded.androidx.room.compiler.processing.XConstructorType   : loaded 7 times (x 67B)
Class dagger.spi.internal.shaded.androidx.room.compiler.processing.XTypeVariableType  : loaded 7 times (x 67B)
Class dagger.spi.internal.shaded.androidx.room.compiler.processing.javac.kotlin.KmFunctionContainer: loaded 7 times (x 67B)
Class dagger.spi.internal.shaded.androidx.room.compiler.codegen.XTypeNameKt           : loaded 7 times (x 68B)
Class dagger.spi.internal.shaded.androidx.room.jarjarred.kotlinx.metadata.internal.protobuf.Parser: loaded 7 times (x 67B)
Class dagger.spi.internal.shaded.androidx.room.jarjarred.kotlinx.metadata.internal.protobuf.ByteString$ByteIterator: loaded 7 times (x 67B)
Class dagger.spi.internal.shaded.androidx.room.jarjarred.kotlinx.metadata.internal.metadata.jvm.JvmProtoBuf$JvmPropertySignatureOrBuilder: loaded 7 times (x 67B)
Class dagger.spi.internal.shaded.androidx.room.jarjarred.kotlinx.metadata.internal.extensions.MetadataExtensions$Companion$INSTANCES$2: loaded 7 times (x 75B)
Class dagger.spi.internal.shaded.androidx.room.jarjarred.kotlinx.metadata.internal.metadata.ProtoBuf$Type$Argument$Projection$1: loaded 7 times (x 71B)
Class dagger.spi.internal.shaded.androidx.room.jarjarred.kotlinx.metadata.internal.metadata.ProtoBuf$Expression$ConstantValue: loaded 7 times (x 79B)
Class dagger.spi.internal.shaded.androidx.room.jarjarred.kotlinx.metadata.internal.extensions.MetadataExtensions: loaded 7 times (x 67B)
Class dagger.internal.codegen.javapoet.AnnotationSpecs$Suppression                    : loaded 7 times (x 76B)
Class [Ldagger.internal.codegen.base.ContributionType;                                : loaded 7 times (x 66B)
Class dagger.spi.internal.shaded.androidx.room.compiler.processing.javac.JavacMethodElement$typeParameters$2: loaded 7 times (x 76B)
Class dagger.spi.internal.shaded.androidx.room.compiler.processing.XMethodElement     : loaded 7 times (x 67B)
Class dagger.spi.internal.shaded.androidx.room.jarjarred.kotlinx.metadata.internal.extensions.KmTypeParameterExtension: loaded 7 times (x 67B)
Class com.squareup.kotlinpoet.Annotatable                                             : loaded 7 times (x 67B)
Class dagger.spi.internal.shaded.androidx.room.jarjarred.kotlinx.metadata.internal.metadata.deserialization.BinaryVersion$Companion: loaded 7 times (x 68B)
Class dagger.spi.internal.shaded.androidx.room.jarjarred.kotlinx.metadata.Attributes$visibility$14: loaded 7 times (x 134B)
Class dagger.spi.internal.shaded.auto.common.AnnotationMirrors                        : loaded 7 times (x 68B)
Class dagger.spi.internal.shaded.androidx.room.jarjarred.kotlinx.metadata.internal.metadata.ProtoBuf$Type$Argument: loaded 7 times (x 107B)
Class dagger.internal.codegen.model.AutoValue_Key_MultibindingContributionIdentifier  : loaded 7 times (x 71B)
Class dagger.spi.internal.shaded.androidx.room.compiler.processing.util.MemoizedSequence: loaded 7 times (x 72B)
Class dagger.spi.internal.shaded.androidx.room.jarjarred.kotlinx.metadata.jvm.JvmDeclarationContainerExtensionVisitor: loaded 7 times (x 78B)
Class dagger.spi.internal.shaded.androidx.room.jarjarred.kotlinx.metadata.internal.metadata.ProtoBuf$PropertyOrBuilder: loaded 7 times (x 67B)
Class dagger.spi.internal.shaded.androidx.room.jarjarred.kotlinx.metadata.jvm.internal.JvmExceptionUtilsKt: loaded 7 times (x 68B)
Class dagger.spi.internal.shaded.auto.common.GeneratedAnnotations                     : loaded 7 times (x 68B)
Class dagger.spi.internal.shaded.androidx.room.compiler.processing.javac.kotlin.KmConstructorContainer$parameters$2: loaded 7 times (x 76B)
Class dagger.spi.internal.shaded.androidx.room.jarjarred.kotlinx.metadata.internal.FlagDelegatesImplKt$classBooleanFlag$1: loaded 7 times (x 134B)
Class dagger.spi.internal.shaded.androidx.room.jarjarred.kotlinx.metadata.internal.metadata.ProtoBuf$Annotation$1: loaded 7 times (x 141B)
Class dagger.spi.internal.shaded.androidx.room.compiler.processing.javac.JavacTypeElement$_declaredFields$2: loaded 7 times (x 76B)
Class dagger.spi.internal.shaded.androidx.room.compiler.processing.javac.JavacTypeElement$type$2: loaded 7 times (x 76B)
Class dagger.spi.internal.shaded.androidx.room.jarjarred.kotlinx.metadata.jvm.JvmMetadataVersion: loaded 7 times (x 71B)
Class dagger.internal.codegen.model.DaggerExecutableElement                           : loaded 7 times (x 70B)
Class dagger.spi.internal.shaded.auto.common.MoreTypes$AsElementVisitor               : loaded 7 times (x 98B)
Class dagger.spi.internal.shaded.androidx.room.jarjarred.kotlinx.metadata.KmTypeParameterVisitor: loaded 7 times (x 72B)
Class dagger.spi.internal.shaded.androidx.room.compiler.processing.javac.JavacType$superTypes$2: loaded 7 times (x 76B)
Class dagger.spi.internal.shaded.androidx.room.compiler.processing.XAnnotationValue   : loaded 7 times (x 67B)
Class dagger.spi.internal.shaded.androidx.room.compiler.processing.javac.JavacExecutableElement$Companion: loaded 7 times (x 68B)
Class [Ldagger.spi.internal.shaded.androidx.room.jarjarred.kotlinx.metadata.internal.metadata.ProtoBuf$Effect$EffectType;: loaded 7 times (x 66B)
Class dagger.spi.internal.shaded.androidx.room.jarjarred.kotlinx.metadata.Attributes  : loaded 7 times (x 68B)
Class com.squareup.javapoet.TypeSpec                                                  : loaded 7 times (x 69B)
Class dagger.spi.internal.shaded.androidx.room.jarjarred.kotlinx.metadata.internal.protobuf.RopeByteString: loaded 7 times (x 107B)
Class com.squareup.javapoet.ParameterSpec$Builder                                     : loaded 7 times (x 69B)
Class dagger.spi.internal.shaded.androidx.room.jarjarred.kotlinx.metadata.KmFunctionExtensionVisitor: loaded 7 times (x 67B)
Class dagger.spi.internal.shaded.androidx.room.compiler.processing.KClassExtKt        : loaded 7 times (x 68B)
Class dagger.spi.internal.shaded.androidx.room.compiler.processing.XFiler$Mode        : loaded 7 times (x 76B)
Class [Ldagger.spi.internal.shaded.androidx.room.compiler.processing.XFiler$Mode;     : loaded 7 times (x 66B)
Class dagger.spi.internal.shaded.androidx.room.jarjarred.kotlinx.metadata.internal.metadata.jvm.deserialization.JvmMetadataVersion: loaded 7 times (x 71B)
Class dagger.spi.internal.shaded.androidx.room.compiler.processing.javac.JavacTypeElement$typeParameters$2: loaded 7 times (x 76B)
Class dagger.spi.internal.shaded.androidx.room.jarjarred.kotlinx.metadata.internal.protobuf.InvalidProtocolBufferException: loaded 7 times (x 81B)
Class dagger.spi.internal.shaded.androidx.room.jarjarred.kotlinx.metadata.internal.metadata.ProtoBuf$Class$Kind$1: loaded 7 times (x 71B)
Class dagger.spi.internal.shaded.androidx.room.jarjarred.kotlinx.metadata.Visibility  : loaded 7 times (x 76B)
Class dagger.spi.internal.shaded.androidx.room.jarjarred.kotlinx.metadata.ClassKind   : loaded 7 times (x 76B)
Class dagger.spi.internal.shaded.androidx.room.jarjarred.kotlinx.metadata.jvm.JvmConstructorExtensionVisitor: loaded 7 times (x 75B)
Class dagger.spi.internal.shaded.androidx.room.compiler.processing.javac.JavacVariableElement: loaded 7 times (x 197B)
Class kotlin.reflect.jvm.internal.KMutableProperty1Impl$_setter$1                     : loaded 7 times (x 76B)
Class com.squareup.javapoet.TypeName$1                                                : loaded 7 times (x 106B)
Class dagger.spi.internal.shaded.androidx.room.jarjarred.kotlinx.metadata.internal.metadata.ProtoBuf$Type$Argument$Projection: loaded 7 times (x 79B)
Class dagger.spi.internal.shaded.androidx.room.compiler.processing.javac.kotlin.KotlinClassMetadataUtilsKt: loaded 7 times (x 68B)
Class dagger.spi.internal.shaded.androidx.room.compiler.processing.javac.JavacMethodParameter: loaded 7 times (x 222B)
Class [Ldagger.spi.internal.shaded.androidx.room.jarjarred.kotlinx.metadata.internal.metadata.ProtoBuf$Type$Argument$Projection;: loaded 7 times (x 66B)
Class dagger.spi.internal.shaded.androidx.room.compiler.processing.javac.JavacProcessingEnv$WhenMappings: loaded 7 times (x 68B)
Class dagger.internal.codegen.model.Scope                                             : loaded 7 times (x 69B)
Class dagger.spi.internal.shaded.androidx.room.jarjarred.kotlinx.metadata.internal.metadata.ProtoBuf$Expression$ConstantValue$1: loaded 7 times (x 71B)
Class dagger.spi.internal.shaded.androidx.room.jarjarred.kotlinx.metadata.KmTypeParameterExtensionVisitor: loaded 7 times (x 67B)
Class com.squareup.javapoet.TypeSpec$Kind                                             : loaded 7 times (x 76B)
Class dagger.internal.codegen.base.AutoValue_MapType                                  : loaded 7 times (x 77B)
Class dagger.spi.internal.shaded.androidx.room.jarjarred.kotlinx.metadata.internal.metadata.ProtoBuf$FunctionOrBuilder: loaded 7 times (x 67B)
Class dagger.spi.internal.shaded.androidx.room.jarjarred.kotlinx.metadata.internal.metadata.ProtoBuf$ValueParameterOrBuilder: loaded 7 times (x 67B)
Class dagger.spi.internal.shaded.androidx.room.jarjarred.kotlinx.metadata.KmPropertyVisitor: loaded 7 times (x 77B)
Class dagger.spi.internal.shaded.androidx.room.jarjarred.kotlinx.metadata.KmPropertyAccessorAttributes: loaded 7 times (x 68B)
Class com.squareup.javapoet.TypeName$2                                                : loaded 7 times (x 68B)
Class dagger.spi.internal.shaded.androidx.room.jarjarred.kotlinx.metadata.internal.metadata.ProtoBuf$Type$Argument$1: loaded 7 times (x 141B)
Class [Ldagger.spi.internal.shaded.androidx.room.jarjarred.kotlinx.metadata.MemberKind;: loaded 7 times (x 66B)
Class dagger.spi.internal.shaded.androidx.room.jarjarred.kotlinx.metadata.internal.protobuf.AbstractMessageLite$Builder: loaded 7 times (x 119B)
Class dagger.spi.internal.shaded.androidx.room.jarjarred.kotlinx.metadata.internal.metadata.jvm.deserialization.JvmNameResolver: loaded 7 times (x 77B)
Class dagger.internal.codegen.xprocessing.XAnnotations                                : loaded 7 times (x 68B)
Class com.squareup.kotlinpoet.TypeName$Companion                                      : loaded 7 times (x 68B)
Class dagger.internal.codegen.validation.ValidationReport                             : loaded 7 times (x 69B)
Class dagger.internal.codegen.model.Key                                               : loaded 7 times (x 75B)
Class dagger.internal.codegen.model.DependencyRequest$Builder                         : loaded 7 times (x 73B)
Class dagger.spi.internal.shaded.androidx.room.compiler.processing.javac.JavacDeclaredType$typeArguments$2: loaded 7 times (x 76B)
Class dagger.spi.internal.shaded.auto.common.MoreTypes$PrimitiveTypeVisitor           : loaded 7 times (x 99B)
Class dagger.internal.codegen.model.DaggerType                                        : loaded 7 times (x 71B)
Class dagger.spi.internal.shaded.androidx.room.compiler.processing.javac.kotlin.JvmDescriptorTypeVisitor$visitExecutable$parameterDescriptors$1: loaded 7 times (x 76B)
Class dagger.internal.codegen.base.RequestKinds$1                                     : loaded 7 times (x 68B)
Class dagger.internal.codegen.base.DaggerSuperficialValidation$1                      : loaded 7 times (x 68B)
Class dagger.internal.codegen.xprocessing.XProcessingEnvs                             : loaded 7 times (x 68B)
Class dagger.internal.codegen.langmodel.Accessibility                                 : loaded 7 times (x 68B)
Class dagger.spi.internal.shaded.androidx.room.jarjarred.kotlinx.metadata.internal.FlagImpl: loaded 7 times (x 68B)
Class dagger.internal.codegen.xprocessing.XTypes$TypeResolutionVisitor                : loaded 7 times (x 98B)
Class dagger.spi.internal.shaded.androidx.room.jarjarred.kotlinx.metadata.internal.metadata.ProtoBuf$PackageOrBuilder: loaded 7 times (x 67B)
Class dagger.spi.internal.shaded.androidx.room.compiler.processing.XNullability       : loaded 7 times (x 76B)
Class dagger.spi.internal.shaded.androidx.room.jarjarred.kotlinx.metadata.KmTypeVisitor: loaded 7 times (x 79B)
Class dagger.spi.internal.shaded.androidx.room.jarjarred.kotlinx.metadata.Attributes$visibility$10: loaded 7 times (x 134B)
Class dagger.spi.model.DaggerProcessingEnv$Backend                                    : loaded 7 times (x 76B)
Class dagger.internal.codegen.validation.ValidationReport$Builder                     : loaded 7 times (x 69B)
Class dagger.spi.internal.shaded.androidx.room.jarjarred.kotlinx.metadata.KmClassifier$Class: loaded 7 times (x 69B)
Class dagger.spi.internal.shaded.androidx.room.jarjarred.kotlinx.metadata.internal.protobuf.FieldSet$1: loaded 7 times (x 68B)
Class dagger.spi.internal.shaded.androidx.room.jarjarred.kotlinx.metadata.internal.metadata.ProtoBuf$TypeOrBuilder: loaded 7 times (x 67B)
Class dagger.spi.internal.shaded.androidx.room.jarjarred.kotlinx.metadata.internal.protobuf.AbstractParser: loaded 7 times (x 141B)
Class dagger.spi.internal.shaded.androidx.room.jarjarred.kotlinx.metadata.internal.protobuf.CodedOutputStream: loaded 7 times (x 69B)
Class dagger.spi.internal.shaded.androidx.room.jarjarred.kotlinx.metadata.internal.protobuf.Internal$EnumLiteMap: loaded 7 times (x 67B)
Class dagger.spi.internal.shaded.androidx.room.compiler.processing.javac.JavacType$typeElement$2: loaded 7 times (x 76B)
Class dagger.spi.internal.shaded.androidx.room.jarjarred.kotlinx.metadata.internal.metadata.ProtoBuf$Annotation: loaded 7 times (x 106B)
Class dagger.spi.internal.shaded.auto.common.MoreElements                             : loaded 7 times (x 68B)
Class dagger.spi.internal.shaded.androidx.room.compiler.processing.javac.JavacTypeElement$Companion: loaded 7 times (x 68B)
Class dagger.spi.internal.shaded.androidx.room.jarjarred.kotlinx.metadata.internal.protobuf.GeneratedMessageLite: loaded 7 times (x 98B)
Class dagger.spi.internal.shaded.androidx.room.compiler.codegen.XTypeName             : loaded 7 times (x 72B)
Class [Ldagger.spi.internal.shaded.androidx.room.jarjarred.kotlinx.metadata.internal.metadata.ProtoBuf$TypeParameter$Variance;: loaded 7 times (x 66B)
Class dagger.spi.internal.shaded.androidx.room.jarjarred.kotlinx.metadata.internal.protobuf.SmallSortedMap$EmptySet$2: loaded 7 times (x 75B)
Class dagger.spi.internal.shaded.androidx.room.compiler.processing.javac.JavacType    : loaded 7 times (x 184B)
Class dagger.spi.internal.shaded.androidx.room.compiler.processing.javac.JavacAnnotation$declaredAnnotationValues$2: loaded 7 times (x 76B)
Class dagger.spi.internal.shaded.androidx.room.jarjarred.kotlinx.metadata.jvm.JvmTypeExtensionVisitor: loaded 7 times (x 77B)
Class dagger.spi.internal.shaded.androidx.room.jarjarred.kotlinx.metadata.internal.metadata.ProtoBuf$Effect$EffectType: loaded 7 times (x 79B)
Class dagger.spi.internal.shaded.androidx.room.jarjarred.kotlinx.metadata.KmTypeProjection$Companion: loaded 7 times (x 68B)
Class dagger.spi.internal.shaded.androidx.room.compiler.processing.javac.JavacPackageElement$qualifiedName$2: loaded 7 times (x 76B)
Class dagger.internal.codegen.binding.AutoValue_Nullability                           : loaded 7 times (x 71B)
Class [Ldagger.internal.codegen.model.BindingKind;                                    : loaded 7 times (x 66B)
Class dagger.spi.internal.shaded.androidx.room.compiler.processing.javac.JavacFieldElement$getter$2: loaded 7 times (x 76B)
Class dagger.spi.internal.shaded.androidx.room.jarjarred.kotlinx.metadata.KmClassifier$TypeAlias: loaded 7 times (x 69B)
Class dagger.spi.internal.shaded.auto.common.Visibility                               : loaded 7 times (x 76B)
Class dagger.spi.internal.shaded.androidx.room.compiler.processing.DeclarationCollectorKt$collectAllMethods$1: loaded 7 times (x 92B)
Class dagger.internal.codegen.binding.Nullability                                     : loaded 7 times (x 70B)
Class dagger.spi.internal.shaded.androidx.room.compiler.processing.JavaPoetExtKt      : loaded 7 times (x 68B)
Class dagger.hilt.processor.internal.Processors                                       : loaded 7 times (x 68B)
Class dagger.spi.internal.shaded.androidx.room.compiler.processing.javac.JavacMethodElement$kotlinDefaultImplClass$2: loaded 7 times (x 76B)
Class dagger.spi.internal.shaded.androidx.room.jarjarred.kotlinx.metadata.internal.extensions.KmPropertyExtension: loaded 7 times (x 67B)
Class dagger.spi.internal.shaded.androidx.room.jarjarred.kotlinx.metadata.internal.metadata.ProtoBuf$TypeParameter$1: loaded 7 times (x 141B)
Class com.squareup.kotlinpoet.WildcardTypeName                                        : loaded 7 times (x 83B)
Class com.squareup.kotlinpoet.ClassName                                               : loaded 7 times (x 86B)
Class dagger.spi.internal.shaded.androidx.room.compiler.processing.javac.JavacExecutableElement$jvmDescriptor$2: loaded 7 times (x 76B)
Class dagger.internal.codegen.binding.FrameworkType                                   : loaded 7 times (x 81B)
Class dagger.spi.internal.shaded.androidx.room.jarjarred.kotlinx.metadata.KmClass     : loaded 7 times (x 95B)
Class dagger.internal.codegen.writing.InjectionMethods$ProvisionMethod                : loaded 7 times (x 68B)
Class dagger.spi.internal.shaded.androidx.room.compiler.processing.javac.JavacElement$equalityItems$2: loaded 7 times (x 76B)
Class dagger.spi.internal.shaded.androidx.room.jarjarred.kotlinx.metadata.internal.metadata.jvm.JvmProtoBuf$JvmMethodSignature: loaded 7 times (x 105B)
Class dagger.spi.internal.shaded.androidx.room.jarjarred.kotlinx.metadata.Attributes$hasAnnotations$26: loaded 7 times (x 134B)
Class dagger.spi.internal.shaded.androidx.room.compiler.processing.javac.JavacConstructorElement$parameters$2$1$1: loaded 7 times (x 76B)
Class dagger.internal.codegen.binding.AssistedInjectionAnnotations                    : loaded 7 times (x 68B)
Class dagger.internal.codegen.writing.ModuleProxies                                   : loaded 7 times (x 68B)
Class dagger.internal.codegen.binding.BindingType                                     : loaded 7 times (x 76B)
Class dagger.internal.codegen.model.AutoValue_DaggerExecutableElement                 : loaded 7 times (x 71B)
Class dagger.spi.internal.shaded.androidx.room.jarjarred.kotlinx.metadata.jvm.JvmPropertyExtensionVisitor$Companion: loaded 7 times (x 68B)
Class dagger.spi.internal.shaded.androidx.room.jarjarred.kotlinx.metadata.internal.metadata.jvm.deserialization.JvmNameResolverBase$WhenMappings: loaded 7 times (x 68B)
Class dagger.spi.internal.shaded.androidx.room.compiler.processing.javac.JavacAnnotation: loaded 7 times (x 136B)
Class com.squareup.kotlinpoet.ClassName$Companion                                     : loaded 7 times (x 68B)
Class com.squareup.javapoet.TypeSpec$Builder                                          : loaded 7 times (x 69B)
Class dagger.spi.internal.shaded.androidx.room.jarjarred.kotlinx.metadata.internal.metadata.ProtoBuf$VersionRequirement$VersionKind$1: loaded 7 times (x 71B)
Class dagger.spi.internal.shaded.androidx.room.compiler.processing.InternalXAnnotationValue$kind$2: loaded 7 times (x 76B)
Class dagger.hilt.processor.internal.ProcessorErrors                                  : loaded 7 times (x 68B)
Class dagger.spi.internal.shaded.androidx.room.jarjarred.kotlinx.metadata.internal.metadata.ProtoBuf$TypeParameter$Variance$1: loaded 7 times (x 71B)
Class dagger.spi.internal.shaded.androidx.room.jarjarred.kotlinx.metadata.Attributes$modality$10: loaded 7 times (x 134B)
Class dagger.spi.internal.shaded.androidx.room.jarjarred.kotlinx.metadata.KmConstructorExtensionVisitor: loaded 7 times (x 67B)
Class dagger.spi.internal.shaded.androidx.room.jarjarred.kotlinx.metadata.internal.metadata.ProtoBuf$VersionRequirementTable$1: loaded 7 times (x 141B)
Class dagger.spi.internal.shaded.androidx.room.jarjarred.kotlinx.metadata.internal.metadata.jvm.JvmProtoBuf$JvmMethodSignatureOrBuilder: loaded 7 times (x 67B)
Class dagger.spi.internal.shaded.androidx.room.compiler.processing.javac.JavacExecutableElement$enclosingElement$2: loaded 7 times (x 76B)
Class dagger.spi.internal.shaded.androidx.room.jarjarred.kotlinx.metadata.jvm.internal.JvmFunctionExtension: loaded 7 times (x 82B)
Class com.squareup.javapoet.MethodSpec                                                : loaded 7 times (x 69B)
Class dagger.spi.internal.shaded.androidx.room.jarjarred.kotlinx.metadata.internal.protobuf.Internal$EnumLite: loaded 7 times (x 67B)
Class dagger.spi.internal.shaded.androidx.room.compiler.processing.CommonProcessorDelegate: loaded 7 times (x 69B)
Class dagger.spi.internal.shaded.androidx.room.jarjarred.kotlinx.metadata.internal.protobuf.FieldSet: loaded 7 times (x 69B)
Class dagger.internal.codegen.xprocessing.XExecutableTypes                            : loaded 7 times (x 68B)
Class dagger.spi.internal.shaded.androidx.room.jarjarred.kotlinx.metadata.InconsistentKotlinMetadataException: loaded 7 times (x 79B)
Class dagger.internal.codegen.binding.KeyFactory$1                                    : loaded 7 times (x 68B)
Class dagger.internal.codegen.writing.InjectionMethods                                : loaded 7 times (x 68B)
Class dagger.internal.codegen.xprocessing.XElements                                   : loaded 7 times (x 68B)
Class dagger.spi.internal.shaded.androidx.room.jarjarred.kotlinx.metadata.KmConstructorVisitor: loaded 7 times (x 73B)
Class dagger.spi.internal.shaded.auto.common.MoreElements$TypeElementVisitor          : loaded 7 times (x 90B)
Class dagger.spi.internal.shaded.androidx.room.compiler.processing.InternalXAnnotation: loaded 7 times (x 136B)
Class dagger.spi.internal.shaded.androidx.room.jarjarred.kotlinx.metadata.internal.metadata.ProtoBuf$ContractOrBuilder: loaded 7 times (x 67B)
Class dagger.internal.codegen.model.Key$MultibindingContributionIdentifier            : loaded 7 times (x 70B)
Class dagger.internal.codegen.binding.MapKeys                                         : loaded 7 times (x 68B)
Class dagger.spi.internal.shaded.androidx.room.compiler.processing.javac.JavacMethodType$returnType$2: loaded 7 times (x 76B)
Class dagger.spi.internal.shaded.androidx.room.jarjarred.kotlinx.metadata.internal.metadata.jvm.deserialization.JvmNameResolverBase$Companion: loaded 7 times (x 68B)
Class dagger.spi.internal.shaded.androidx.room.jarjarred.kotlinx.metadata.internal.protobuf.CodedOutputStream$ByteBufferOutputStream: loaded 7 times (x 83B)
Class dagger.spi.internal.shaded.androidx.room.compiler.processing.javac.JavacExecutableElement: loaded 7 times (x 220B)
Class [Ldagger.spi.internal.shaded.androidx.room.jarjarred.kotlinx.metadata.Visibility;: loaded 7 times (x 66B)
Class dagger.spi.internal.shaded.androidx.room.jarjarred.kotlinx.metadata.jvm.JvmMemberSignature: loaded 7 times (x 70B)
Class dagger.spi.internal.shaded.androidx.room.jarjarred.kotlinx.metadata.internal.metadata.jvm.JvmProtoBuf$StringTableTypes$RecordOrBuilder: loaded 7 times (x 67B)
Class [Ldagger.spi.internal.shaded.androidx.room.jarjarred.kotlinx.metadata.internal.protobuf.WireFormat$FieldType;: loaded 7 times (x 66B)
Class dagger.spi.internal.shaded.androidx.room.compiler.processing.InternalXAnnotationValue$Kind$Companion: loaded 7 times (x 68B)
Class dagger.spi.internal.shaded.androidx.room.jarjarred.kotlinx.metadata.internal.metadata.ProtoBuf$Package: loaded 7 times (x 126B)
Class dagger.spi.internal.shaded.androidx.room.jarjarred.kotlinx.metadata.internal.metadata.deserialization.ProtoBufUtilKt: loaded 7 times (x 68B)
Class dagger.spi.internal.shaded.androidx.room.jarjarred.kotlinx.metadata.internal.metadata.ProtoBuf$MemberKind: loaded 7 times (x 79B)
Class dagger.spi.internal.shaded.androidx.room.jarjarred.kotlinx.metadata.KmTypeProjection: loaded 7 times (x 69B)
Class dagger.spi.internal.shaded.androidx.room.compiler.processing.javac.JavacConstructorElement$parameters$2: loaded 7 times (x 76B)
Class dagger.spi.internal.shaded.androidx.room.jarjarred.kotlinx.metadata.internal.metadata.deserialization.Flags$EnumLiteFlagField: loaded 7 times (x 73B)
Class [Lcom.squareup.javapoet.LineWrapper$FlushType;                                  : loaded 7 times (x 66B)
Class dagger.spi.internal.shaded.androidx.room.compiler.processing.javac.kotlin.KmPropertyFunctionContainerImpl: loaded 7 times (x 106B)
Class dagger.spi.internal.shaded.androidx.room.jarjarred.kotlinx.metadata.internal.protobuf.WireFormat$FieldType$2: loaded 7 times (x 80B)
Class dagger.spi.internal.shaded.androidx.room.jarjarred.kotlinx.metadata.internal.protobuf.ExtensionRegistryLite$ObjectIntPair: loaded 7 times (x 69B)
Class dagger.spi.internal.shaded.androidx.room.jarjarred.kotlinx.metadata.KmType      : loaded 7 times (x 80B)
Class [Ldagger.internal.codegen.javapoet.AnnotationSpecs$Suppression;                 : loaded 7 times (x 66B)
Class dagger.internal.codegen.binding.SourceFiles$1                                   : loaded 7 times (x 68B)
Class dagger.spi.internal.shaded.androidx.room.jarjarred.kotlinx.metadata.internal.protobuf.WireFormat$FieldType$4: loaded 7 times (x 80B)
Class dagger.spi.internal.shaded.androidx.room.compiler.processing.javac.JavacExecutableElement$thrownTypes$2: loaded 7 times (x 76B)
Class com.squareup.javapoet.CodeBlock                                                 : loaded 7 times (x 69B)
Class dagger.spi.internal.shaded.androidx.room.compiler.processing.javac.JavacFieldElement: loaded 7 times (x 224B)
Class dagger.spi.internal.shaded.auto.common.Overrides$NativeOverrides                : loaded 7 times (x 71B)
Class dagger.internal.codegen.extension.Optionals                                     : loaded 7 times (x 68B)
Class dagger.spi.internal.shaded.androidx.room.compiler.processing.javac.JavacType$typeName$2: loaded 7 times (x 76B)
Class com.squareup.javapoet.AnnotationSpec                                            : loaded 7 times (x 69B)
Class dagger.spi.internal.shaded.androidx.room.jarjarred.kotlinx.metadata.internal.metadata.jvm.deserialization.JvmMetadataVersion$Companion: loaded 7 times (x 68B)
Class dagger.spi.internal.shaded.androidx.room.jarjarred.kotlinx.metadata.internal.protobuf.WireFormat$FieldType: loaded 7 times (x 80B)
Class dagger.spi.internal.shaded.androidx.room.jarjarred.kotlinx.metadata.internal.metadata.ProtoBuf$TypeTable$1: loaded 7 times (x 141B)
Class dagger.spi.internal.shaded.androidx.room.jarjarred.kotlinx.metadata.internal.metadata.ProtoBuf$Class$1: loaded 7 times (x 141B)
Class dagger.spi.internal.shaded.androidx.room.jarjarred.kotlinx.metadata.internal.metadata.ProtoBuf$Modality: loaded 7 times (x 79B)
Class dagger.spi.internal.shaded.androidx.room.compiler.processing.XFieldElement      : loaded 7 times (x 67B)
Class dagger.spi.internal.shaded.androidx.room.jarjarred.kotlinx.metadata.internal.metadata.ProtoBuf$Type$ArgumentOrBuilder: loaded 7 times (x 67B)
Class dagger.spi.internal.shaded.androidx.room.compiler.processing.XTypeParameterElement: loaded 7 times (x 67B)
Class dagger.spi.internal.shaded.androidx.room.jarjarred.kotlinx.metadata.internal.FlagDelegatesImplKt$functionBooleanFlag$1: loaded 7 times (x 134B)
Class dagger.spi.internal.shaded.androidx.room.jarjarred.kotlinx.metadata.internal.metadata.jvm.deserialization.ClassMapperLite: loaded 7 times (x 68B)
Class dagger.spi.internal.shaded.androidx.room.jarjarred.kotlinx.metadata.internal.protobuf.GeneratedMessageLite$Builder: loaded 7 times (x 125B)
Class dagger.spi.internal.shaded.androidx.room.jarjarred.kotlinx.metadata.internal.metadata.ProtoBuf$Property$1: loaded 7 times (x 141B)
Class com.squareup.javapoet.JavaFile$1                                                : loaded 7 times (x 76B)
Class dagger.spi.internal.shaded.androidx.room.jarjarred.kotlinx.metadata.KmVariance  : loaded 7 times (x 76B)
Class dagger.spi.internal.shaded.androidx.room.compiler.processing.util.MemoizedSequence$delegateIterator$2: loaded 7 times (x 76B)
Class dagger.spi.internal.shaded.androidx.room.compiler.processing.javac.JavacMethodParameter$kotlinMetadata$2: loaded 7 times (x 76B)
Class dagger.spi.internal.shaded.auto.common.MoreTypes$ArrayTypeVisitor               : loaded 7 times (x 99B)
Class dagger.internal.codegen.binding.$AutoValue_ProvisionBinding$Builder             : loaded 7 times (x 94B)
Class dagger.spi.internal.shaded.androidx.room.jarjarred.kotlinx.metadata.KmClassifier$TypeParameter: loaded 7 times (x 68B)
Class dagger.internal.codegen.javapoet.CodeBlocks                                     : loaded 7 times (x 68B)
Class dagger.spi.internal.shaded.androidx.room.jarjarred.kotlinx.metadata.Attributes$hasAnnotations$2: loaded 7 times (x 134B)
Class dagger.spi.internal.shaded.androidx.room.compiler.processing.javac.JavacType$rawType$2: loaded 7 times (x 76B)
Class dagger.internal.codegen.javapoet.AnnotationSpecs                                : loaded 7 times (x 68B)
Class dagger.spi.internal.shaded.androidx.room.jarjarred.kotlinx.metadata.internal.extensions.KmFunctionExtension: loaded 7 times (x 67B)
Class dagger.spi.internal.shaded.androidx.room.compiler.processing.javac.kotlin.KmClassContainer$superTypes$2: loaded 7 times (x 76B)
Class [Ldagger.spi.internal.shaded.androidx.room.jarjarred.kotlinx.metadata.internal.metadata.ProtoBuf$VersionRequirement$VersionKind;: loaded 7 times (x 66B)
Class dagger.spi.internal.shaded.androidx.room.jarjarred.kotlinx.metadata.internal.extensions.KmTypeExtension: loaded 7 times (x 67B)
Class dagger.spi.internal.shaded.androidx.room.compiler.processing.javac.JavacTypeElement$kotlinMetadata$2: loaded 7 times (x 76B)
Class dagger.spi.internal.shaded.androidx.room.compiler.processing.javac.DefaultJavacType: loaded 7 times (x 184B)
Class dagger.spi.internal.shaded.androidx.room.jarjarred.kotlinx.metadata.internal.metadata.ProtoBuf$TypeTableOrBuilder: loaded 7 times (x 67B)
Class dagger.spi.internal.shaded.androidx.room.jarjarred.kotlinx.metadata.jvm.JvmConstructorExtensionVisitor$Companion: loaded 7 times (x 68B)
Class dagger.spi.internal.shaded.androidx.room.jarjarred.kotlinx.metadata.Attributes$hasAnnotations$22: loaded 7 times (x 134B)
Class dagger.spi.internal.shaded.androidx.room.jarjarred.kotlinx.metadata.internal.ReadersKt$WhenMappings: loaded 7 times (x 68B)
Class com.squareup.kotlinpoet.TypeNames                                               : loaded 7 times (x 68B)
Class dagger.spi.internal.shaded.androidx.room.compiler.processing.DeclarationCollectorKt: loaded 7 times (x 68B)
Class com.google.devtools.ksp.symbol.KSAnnotated                                      : loaded 7 times (x 67B)
Class dagger.spi.internal.shaded.androidx.room.jarjarred.kotlinx.metadata.internal.metadata.ProtoBuf$MemberKind$1: loaded 7 times (x 71B)
Class dagger.spi.internal.shaded.androidx.room.jarjarred.kotlinx.metadata.KmClassVisitor: loaded 7 times (x 89B)
Class dagger.spi.internal.shaded.androidx.room.compiler.processing.javac.JavacAnnotationValueKt: loaded 7 times (x 68B)
Class dagger.spi.internal.shaded.androidx.room.compiler.processing.javac.JavacMethodElement$kotlinMetadata$2: loaded 7 times (x 76B)
Class dagger.spi.internal.shaded.auto.common.MoreTypes$CastingTypeVisitor             : loaded 7 times (x 99B)
Class dagger.spi.internal.shaded.androidx.room.compiler.processing.XRoundEnv          : loaded 7 times (x 67B)
Class dagger.spi.internal.shaded.androidx.room.jarjarred.kotlinx.metadata.internal.metadata.deserialization.Flags: loaded 7 times (x 68B)
Class dagger.spi.internal.shaded.androidx.room.jarjarred.kotlinx.metadata.Attributes$hasAnnotations$18: loaded 7 times (x 134B)
Class dagger.internal.codegen.binding.AutoValue_FrameworkField                        : loaded 7 times (x 71B)
Class dagger.spi.internal.shaded.androidx.room.jarjarred.kotlinx.metadata.internal.metadata.jvm.JvmProtoBuf$StringTableTypes$Record$Operation$1: loaded 7 times (x 71B)
Class dagger.spi.internal.shaded.androidx.room.jarjarred.kotlinx.metadata.internal.protobuf.MessageLite$Builder: loaded 7 times (x 67B)
Class dagger.spi.internal.shaded.androidx.room.compiler.processing.javac.JavacTypeElement$qualifiedName$2: loaded 7 times (x 76B)
Class dagger.spi.internal.shaded.androidx.room.compiler.codegen.XTypeName$Companion   : loaded 7 times (x 68B)
Class dagger.spi.internal.shaded.androidx.room.compiler.processing.javac.JavacMethodElement: loaded 7 times (x 266B)
Class dagger.spi.internal.shaded.androidx.room.jarjarred.kotlinx.metadata.internal.metadata.deserialization.VersionRequirementTable: loaded 7 times (x 69B)
Class dagger.spi.internal.shaded.androidx.room.compiler.processing.javac.JavacTypeElement$xClassName$2: loaded 7 times (x 76B)
Class [Ldagger.spi.internal.shaded.androidx.room.compiler.processing.XNullability;    : loaded 7 times (x 66B)
Class dagger.spi.internal.shaded.androidx.room.compiler.processing.javac.kotlin.KmClassContainer$typeParameters$2: loaded 7 times (x 76B)
Class dagger.internal.codegen.binding.FrameworkField                                  : loaded 7 times (x 70B)
Class dagger.internal.codegen.validation.BindingMethodValidator$1                     : loaded 7 times (x 68B)
Class [Ldagger.internal.codegen.binding.BindingType;                                  : loaded 7 times (x 66B)
Class dagger.internal.codegen.xprocessing.XMethodElements                             : loaded 7 times (x 68B)
Class dagger.spi.internal.shaded.androidx.room.compiler.processing.javac.JavacMethodType: loaded 7 times (x 88B)
Class dagger.spi.internal.shaded.androidx.room.compiler.processing.javac.JavacTypeElement$enclosingElement$2: loaded 7 times (x 76B)
Class com.google.devtools.ksp.symbol.KSNode                                           : loaded 7 times (x 67B)
Class dagger.spi.internal.shaded.androidx.room.compiler.processing.javac.kotlin.KmFunctionContainerImpl: loaded 7 times (x 97B)
Class dagger.internal.codegen.model.Key$Builder                                       : loaded 7 times (x 73B)
Class dagger.internal.codegen.model.DaggerElement                                     : loaded 7 times (x 70B)
Class dagger.spi.internal.shaded.auto.common.AnnotationOutput$1                       : loaded 7 times (x 104B)
Class dagger.spi.internal.shaded.androidx.room.compiler.processing.javac.JavacFieldElement$setter$2: loaded 7 times (x 76B)
Class [Ldagger.spi.model.DaggerProcessingEnv$Backend;                                 : loaded 7 times (x 66B)
Class dagger.spi.internal.shaded.androidx.room.jarjarred.kotlinx.metadata.Attributes$hasAnnotations$10: loaded 7 times (x 134B)
Class dagger.spi.internal.shaded.androidx.room.jarjarred.kotlinx.metadata.internal.extensions.ExtensionUtilsKt: loaded 7 times (x 68B)
Class dagger.spi.internal.shaded.androidx.room.compiler.processing.javac.JavacMethodParameter$closestMemberContainer$2: loaded 7 times (x 76B)
Class dagger.spi.internal.shaded.androidx.room.jarjarred.kotlinx.metadata.internal.extensions.MetadataExtensions$Companion: loaded 7 times (x 68B)
Class dagger.spi.internal.shaded.androidx.room.jarjarred.kotlinx.metadata.Attributes$modality$14: loaded 7 times (x 134B)
Class dagger.spi.internal.shaded.androidx.room.jarjarred.kotlinx.metadata.internal.metadata.ProtoBuf$Class$Kind: loaded 7 times (x 79B)
Class dagger.spi.internal.shaded.androidx.room.jarjarred.kotlinx.metadata.internal.metadata.jvm.JvmProtoBuf$StringTableTypes$Record$1: loaded 7 times (x 141B)
Class dagger.spi.internal.shaded.androidx.room.jarjarred.kotlinx.metadata.internal.metadata.jvm.JvmProtoBuf$StringTableTypes$1: loaded 7 times (x 141B)
Class dagger.spi.internal.shaded.androidx.room.compiler.processing.javac.kotlin.KmClassContainer: loaded 7 times (x 76B)
Class dagger.spi.internal.shaded.androidx.room.jarjarred.kotlinx.metadata.internal.metadata.ProtoBuf$Constructor: loaded 7 times (x 121B)
Class dagger.spi.internal.shaded.androidx.room.jarjarred.kotlinx.metadata.internal.ReadUtilsKt: loaded 7 times (x 68B)
Class com.squareup.kotlinpoet.WildcardTypeName$Companion                              : loaded 7 times (x 68B)
Class dagger.spi.internal.shaded.androidx.room.compiler.processing.CommonProcessorDelegate$processRound$currentElementsDeferredByStep$1$stepDeferredElementsByAnnotation$1: loaded 7 times (x 75B)
Class com.google.common.graph.BaseGraph                                               : loaded 7 times (x 67B)
Class dagger.spi.internal.shaded.androidx.room.compiler.processing.XElementKt         : loaded 7 times (x 68B)
Class dagger.spi.internal.shaded.androidx.room.compiler.processing.javac.kotlin.KmClassContainer$functionByDescriptor$2: loaded 7 times (x 76B)
Class dagger.spi.internal.shaded.androidx.room.jarjarred.kotlinx.metadata.Attributes$kind$7: loaded 7 times (x 134B)
Class dagger.spi.internal.shaded.androidx.room.compiler.processing.javac.kotlin.KmConstructorContainer: loaded 7 times (x 97B)
Class com.squareup.javapoet.LineWrapper$1                                             : loaded 7 times (x 68B)
Class dagger.spi.internal.shaded.androidx.room.jarjarred.kotlinx.metadata.internal.metadata.ProtoBuf$Function: loaded 7 times (x 146B)
Class dagger.spi.internal.shaded.androidx.room.compiler.processing.javac.JavacConstructorElement$kotlinMetadata$2: loaded 7 times (x 76B)
Class dagger.spi.internal.shaded.androidx.room.compiler.processing.javac.JavacDeclaredType: loaded 7 times (x 184B)
Class dagger.spi.internal.shaded.androidx.room.compiler.processing.javac.JavacAnnotation$annotationValues$2: loaded 7 times (x 76B)
Class dagger.hilt.android.processor.internal.viewmodel.ViewModelValidationPluginKt    : loaded 7 times (x 68B)
Class dagger.spi.internal.shaded.androidx.room.compiler.processing.XEnumTypeElement   : loaded 7 times (x 67B)
Class dagger.spi.internal.shaded.androidx.room.jarjarred.kotlinx.metadata.jvm.JvmTypeParameterExtensionVisitor$Companion: loaded 7 times (x 68B)
Class dagger.internal.codegen.writing.InjectionMethods$CheckNotNullPolicy             : loaded 7 times (x 76B)
Class com.squareup.javapoet.FieldSpec$Builder                                         : loaded 7 times (x 69B)
Class dagger.spi.internal.shaded.androidx.room.compiler.processing.javac.JavacElement : loaded 7 times (x 176B)
Class dagger.spi.internal.shaded.auto.common.MoreTypes$TypeEquivalence                : loaded 7 times (x 79B)
Class dagger.spi.internal.shaded.androidx.room.jarjarred.kotlinx.metadata.internal.protobuf.MessageLiteOrBuilder: loaded 7 times (x 67B)
Class dagger.internal.codegen.base.MapKeyAccessibility                                : loaded 7 times (x 68B)
Class dagger.internal.codegen.model.DaggerAnnotation                                  : loaded 7 times (x 73B)
Class com.squareup.javapoet.ParameterSpec                                             : loaded 7 times (x 69B)
Class dagger.spi.internal.shaded.auto.common.MoreTypes$ExecutableTypeVisitor          : loaded 7 times (x 99B)
Class dagger.internal.codegen.binding.FrameworkType$3                                 : loaded 7 times (x 68B)
Class dagger.spi.internal.shaded.androidx.room.compiler.processing.javac.JavacExecutableType: loaded 7 times (x 78B)
Class dagger.spi.internal.shaded.androidx.room.compiler.processing.javac.JavacTypeElement$className$2: loaded 7 times (x 76B)
Class dagger.spi.internal.shaded.androidx.room.compiler.processing.javac.JavacMethodElement$executableType$2: loaded 7 times (x 76B)
Class dagger.spi.internal.shaded.androidx.room.jarjarred.kotlinx.metadata.internal.metadata.ProtoBuf$Package$1: loaded 7 times (x 141B)
Class dagger.spi.internal.shaded.androidx.room.jarjarred.kotlinx.metadata.internal.extensions.KmConstructorExtension: loaded 7 times (x 67B)
Class [Ldagger.spi.internal.shaded.androidx.room.jarjarred.kotlinx.metadata.internal.metadata.ProtoBuf$Modality;: loaded 7 times (x 66B)
Class dagger.spi.internal.shaded.androidx.room.jarjarred.kotlinx.metadata.internal.FlagDelegatesImplKt$propertyBooleanFlag$1: loaded 7 times (x 134B)
Class dagger.spi.internal.shaded.androidx.room.compiler.processing.javac.JavacArrayType$equalityItems$2: loaded 7 times (x 76B)
Class kotlin.collections.MapWithDefaultImpl                                           : loaded 7 times (x 123B)
Class dagger.spi.internal.shaded.androidx.room.jarjarred.kotlinx.metadata.internal.metadata.jvm.deserialization.JvmProtoBufUtil: loaded 7 times (x 68B)
Class dagger.spi.internal.shaded.androidx.room.compiler.processing.javac.JavacTypeElement$Companion$WhenMappings: loaded 7 times (x 68B)
Class dagger.spi.internal.shaded.androidx.room.jarjarred.kotlinx.metadata.internal.metadata.ProtoBuf$Constructor$1: loaded 7 times (x 141B)
Class dagger.spi.internal.shaded.androidx.room.jarjarred.kotlinx.metadata.internal.metadata.ProtoBuf$Type$1: loaded 7 times (x 141B)
Class [Ldagger.spi.internal.shaded.androidx.room.jarjarred.kotlinx.metadata.internal.protobuf.Internal$EnumLite;: loaded 7 times (x 66B)
Class dagger.spi.internal.shaded.androidx.room.jarjarred.kotlinx.metadata.internal.metadata.jvm.JvmProtoBuf$JvmPropertySignature$Builder: loaded 7 times (x 138B)
Class dagger.spi.internal.shaded.androidx.room.jarjarred.kotlinx.metadata.internal.metadata.deserialization.Flags$BooleanFlagField: loaded 7 times (x 73B)
Class dagger.internal.codegen.base.MapType                                            : loaded 7 times (x 77B)
Class dagger.hilt.android.processor.internal.viewmodel.ViewModelValidationPluginKt$WhenMappings: loaded 7 times (x 68B)
Class dagger.internal.codegen.binding.FrameworkType$2                                 : loaded 7 times (x 81B)
Class dagger.spi.internal.shaded.androidx.room.compiler.processing.javac.JavacMethodType$typeVariables$2: loaded 7 times (x 76B)
Class dagger.spi.internal.shaded.auto.common.AnnotationOutput                         : loaded 7 times (x 68B)
Class dagger.spi.internal.shaded.androidx.room.compiler.processing.javac.JavacExecutableType$parameterTypes$2: loaded 7 times (x 76B)
Class [Lcom.squareup.javapoet.TypeName;                                               : loaded 7 times (x 66B)
Class dagger.internal.codegen.base.UniqueNameSet                                      : loaded 7 times (x 69B)
Class dagger.spi.internal.shaded.androidx.room.compiler.processing.ksp.KSTypeJavaPoetExtKt$typeVarNameConstructor$2: loaded 7 times (x 75B)
Class dagger.spi.internal.shaded.androidx.room.jarjarred.kotlinx.metadata.jvm.KotlinClassMetadata$Companion: loaded 7 times (x 68B)
Class dagger.spi.internal.shaded.androidx.room.compiler.processing.javac.kotlin.KmClassContainer$propertyList$2: loaded 7 times (x 76B)
Class dagger.spi.internal.shaded.androidx.room.compiler.processing.XConstructorElement: loaded 7 times (x 67B)
Class dagger.internal.codegen.binding.FrameworkType$1                                 : loaded 7 times (x 81B)
Class dagger.spi.internal.shaded.androidx.room.compiler.processing.javac.JavacAnnotationValueKt$UNWRAP_VISITOR$1$visitArray$1$1: loaded 7 times (x 76B)
Class com.squareup.kotlinpoet.TypeName                                                : loaded 7 times (x 83B)
Class dagger.spi.internal.shaded.androidx.room.jarjarred.kotlinx.metadata.jvm.JvmTypeExtensionVisitor$Companion: loaded 7 times (x 68B)
Class dagger.spi.internal.shaded.androidx.room.jarjarred.kotlinx.metadata.jvm.JvmClassExtensionVisitor: loaded 7 times (x 84B)
Class dagger.spi.internal.shaded.androidx.room.jarjarred.kotlinx.metadata.internal.metadata.jvm.deserialization.JvmNameResolverKt: loaded 7 times (x 68B)
Class dagger.spi.internal.shaded.androidx.room.compiler.processing.javac.JavacMethodElement$parameters$2: loaded 7 times (x 76B)
Class dagger.spi.internal.shaded.androidx.room.compiler.processing.javac.JavacTypeElement$enclosingTypeElement$2: loaded 7 times (x 76B)
Class dagger.spi.internal.shaded.androidx.room.jarjarred.kotlinx.metadata.internal.metadata.ProtoBuf$ValueParameter$1: loaded 7 times (x 141B)
Class dagger.spi.internal.shaded.androidx.room.jarjarred.kotlinx.metadata.KmFunction  : loaded 7 times (x 79B)
Class dagger.spi.internal.shaded.androidx.room.jarjarred.kotlinx.metadata.internal.metadata.deserialization.Flags$FlagField: loaded 7 times (x 70B)
Class dagger.spi.internal.shaded.androidx.room.compiler.processing.javac.DefaultJavacType$equalityItems$2: loaded 7 times (x 76B)
Class dagger.internal.codegen.base.Util                                               : loaded 7 times (x 68B)
Class dagger.spi.internal.shaded.androidx.room.jarjarred.kotlinx.metadata.Attributes$hasAnnotations$6: loaded 7 times (x 134B)
Class dagger.spi.internal.shaded.androidx.room.jarjarred.kotlinx.metadata.KmTypeExtensionVisitor: loaded 7 times (x 67B)
Class dagger.spi.internal.shaded.androidx.room.compiler.processing.javac.kotlin.KmClassContainer$superType$2: loaded 7 times (x 76B)
Class dagger.internal.codegen.base.ContributionType                                   : loaded 7 times (x 76B)
Class dagger.spi.internal.shaded.androidx.room.jarjarred.kotlinx.metadata.internal.metadata.ProtoBuf$Contract: loaded 7 times (x 104B)
Class dagger.spi.internal.shaded.androidx.room.jarjarred.kotlinx.metadata.internal.metadata.jvm.JvmProtoBuf: loaded 7 times (x 68B)
Class dagger.internal.codegen.model.DaggerTypeElement                                 : loaded 7 times (x 71B)
Class dagger.spi.internal.shaded.androidx.room.compiler.processing.ksp.KSTypeJavaPoetExtKt: loaded 7 times (x 68B)
Class com.squareup.kotlinpoet.ClassName$special$$inlined$thenBy$1                     : loaded 7 times (x 87B)
Class dagger.spi.internal.shaded.androidx.room.compiler.processing.javac.JavacMethodType$Companion: loaded 7 times (x 68B)
Class dagger.hilt.processor.internal.aggregateddeps.AggregatedDepsGenerator           : loaded 7 times (x 69B)
Class dagger.spi.internal.shaded.androidx.room.jarjarred.kotlinx.metadata.Attributes$isNegated$2: loaded 7 times (x 134B)
Class dagger.internal.codegen.base.RequestKinds                                       : loaded 7 times (x 68B)
Class dagger.spi.internal.shaded.androidx.room.compiler.processing.javac.JavacAnnotation$defaultValues$2: loaded 7 times (x 76B)
Class dagger.spi.internal.shaded.androidx.room.compiler.processing.javac.kotlin.KmVisibility: loaded 7 times (x 67B)
Class dagger.spi.internal.shaded.androidx.room.jarjarred.kotlinx.metadata.internal.protobuf.SmallSortedMap: loaded 7 times (x 127B)
Class dagger.spi.internal.shaded.androidx.room.jarjarred.kotlinx.metadata.internal.metadata.ProtoBuf$Property: loaded 7 times (x 145B)
Class dagger.spi.internal.shaded.androidx.room.jarjarred.kotlinx.metadata.KmExtensionType: loaded 7 times (x 69B)
Class dagger.spi.internal.shaded.androidx.room.jarjarred.kotlinx.metadata.jvm.JvmFunctionExtensionVisitor$Companion: loaded 7 times (x 68B)
Class dagger.spi.internal.shaded.androidx.room.jarjarred.kotlinx.metadata.Attributes$kind$2: loaded 7 times (x 134B)
Class dagger.spi.internal.shaded.androidx.room.compiler.processing.javac.kotlin.JvmDescriptorTypeVisitor$WhenMappings: loaded 7 times (x 68B)
Class dagger.spi.internal.shaded.androidx.room.jarjarred.kotlinx.metadata.internal.metadata.ProtoBuf$AnnotationOrBuilder: loaded 7 times (x 67B)
Class dagger.spi.internal.shaded.androidx.room.jarjarred.kotlinx.metadata.internal.metadata.ProtoBuf$VersionRequirement$VersionKind: loaded 7 times (x 79B)
Class dagger.spi.internal.shaded.androidx.room.jarjarred.kotlinx.metadata.internal.metadata.deserialization.ProtoTypeTableUtilKt: loaded 7 times (x 68B)
Class dagger.spi.internal.shaded.androidx.room.jarjarred.kotlinx.metadata.internal.metadata.ProtoBuf$VersionRequirementTable: loaded 7 times (x 104B)
Class dagger.spi.internal.shaded.androidx.room.jarjarred.kotlinx.metadata.internal.metadata.ProtoBuf$Contract$1: loaded 7 times (x 141B)
Class dagger.spi.internal.shaded.androidx.room.jarjarred.kotlinx.metadata.jvm.internal.JvmReadUtils: loaded 7 times (x 68B)
Class dagger.spi.internal.shaded.androidx.room.compiler.processing.javac.VisitorData  : loaded 7 times (x 69B)
Class dagger.internal.codegen.model.AutoValue_DaggerType                              : loaded 7 times (x 72B)
Class com.squareup.kotlinpoet.UtilKt                                                  : loaded 7 times (x 68B)
Class dagger.internal.codegen.binding.$AutoValue_MembersInjectionBinding_InjectionSite: loaded 7 times (x 74B)
Class dagger.spi.internal.shaded.androidx.room.jarjarred.kotlinx.metadata.Attributes$hasAnnotations$14: loaded 7 times (x 134B)
Class dagger.spi.internal.shaded.androidx.room.jarjarred.kotlinx.metadata.internal.metadata.deserialization.VersionRequirementTable$Companion: loaded 7 times (x 68B)
Class dagger.spi.internal.shaded.androidx.room.jarjarred.kotlinx.metadata.KmDeclarationContainerExtensionVisitor: loaded 7 times (x 67B)
Class dagger.spi.internal.shaded.androidx.room.jarjarred.kotlinx.metadata.jvm.internal.JvmMetadataExtensions: loaded 7 times (x 100B)
Class dagger.internal.codegen.model.AutoValue_DependencyRequest$Builder               : loaded 7 times (x 74B)
Class dagger.spi.internal.shaded.androidx.room.compiler.processing.XMethodType        : loaded 7 times (x 67B)
Class dagger.spi.internal.shaded.androidx.room.jarjarred.kotlinx.metadata.internal.metadata.ProtoBuf$TypeParameter: loaded 7 times (x 127B)
Class dagger.internal.codegen.validation.BindingElementValidator$1                    : loaded 7 times (x 68B)
Class dagger.spi.internal.shaded.androidx.room.jarjarred.kotlinx.metadata.internal.protobuf.LazyFieldLite: loaded 7 times (x 79B)
Class dagger.spi.internal.shaded.androidx.room.compiler.processing.javac.JavacMethodElement$propertyName$2: loaded 7 times (x 76B)
Class kotlin.reflect.jvm.internal.KPackageImpl$data$1                                 : loaded 7 times (x 76B)
Class com.squareup.kotlinpoet.ClassName$special$$inlined$compareBy$1                  : loaded 7 times (x 86B)
Class dagger.spi.internal.shaded.androidx.room.jarjarred.kotlinx.metadata.internal.metadata.deserialization.TypeTable: loaded 7 times (x 69B)
Class com.squareup.kotlinpoet.ClassNames                                              : loaded 7 times (x 68B)
Class dagger.spi.internal.shaded.androidx.room.compiler.processing.InternalXAnnotationValue$Companion: loaded 7 times (x 68B)
Class dagger.internal.codegen.validation.SpiModelBindingGraphConverter$1              : loaded 7 times (x 68B)
Class dagger.spi.internal.shaded.androidx.room.jarjarred.kotlinx.metadata.internal.protobuf.ByteString$Output: loaded 7 times (x 83B)
Class dagger.spi.internal.shaded.androidx.room.jarjarred.kotlinx.metadata.internal.protobuf.AbstractMessageLite$Builder$LimitedInputStream: loaded 7 times (x 89B)
Class dagger.spi.internal.shaded.androidx.room.jarjarred.kotlinx.metadata.internal.metadata.jvm.deserialization.JvmMemberSignature$Method: loaded 7 times (x 72B)
Class [Ldagger.spi.internal.shaded.androidx.room.jarjarred.kotlinx.metadata.KmVariance;: loaded 7 times (x 66B)
Class dagger.spi.internal.shaded.androidx.room.jarjarred.kotlinx.metadata.jvm.JvmFieldSignature: loaded 7 times (x 71B)
Class dagger.hilt.processor.internal.Components                                       : loaded 7 times (x 68B)
Class dagger.spi.internal.shaded.androidx.room.jarjarred.kotlinx.metadata.internal.metadata.jvm.deserialization.JvmMemberSignature$Field: loaded 7 times (x 72B)
Class [Ldagger.spi.internal.shaded.androidx.room.jarjarred.kotlinx.metadata.ClassKind;: loaded 7 times (x 66B)
Class dagger.spi.internal.shaded.androidx.room.jarjarred.kotlinx.metadata.jvm.JvmFunctionExtensionVisitor: loaded 7 times (x 77B)
Class dagger.spi.internal.shaded.androidx.room.jarjarred.kotlinx.metadata.KmExtensionVisitor: loaded 7 times (x 67B)
Class dagger.spi.internal.shaded.androidx.room.jarjarred.kotlinx.metadata.internal.protobuf.GeneratedMessageLite$1: loaded 7 times (x 68B)
Class dagger.spi.internal.shaded.androidx.room.compiler.processing.javac.JavacDeclaredType$equalityItems$2: loaded 7 times (x 76B)
Class com.squareup.kotlinpoet.TypeName$cachedString$2                                 : loaded 7 times (x 76B)
Class dagger.spi.internal.shaded.androidx.room.compiler.processing.javac.kotlin.KmValueParameterContainer: loaded 7 times (x 69B)
Class [Ldagger.internal.codegen.binding.FrameworkType;                                : loaded 7 times (x 66B)
Class com.squareup.kotlinpoet.ClassName$special$$inlined$thenBy$2                     : loaded 7 times (x 87B)
Class dagger.spi.internal.shaded.androidx.room.jarjarred.kotlinx.metadata.internal.protobuf.CodedInputStream: loaded 7 times (x 69B)
Class com.squareup.kotlinpoet.Taggable                                                : loaded 7 times (x 67B)
Class dagger.internal.codegen.binding.ContributionBinding$1                           : loaded 7 times (x 68B)
Class [Ldagger.internal.codegen.writing.InjectionMethods$InstanceCastPolicy;          : loaded 7 times (x 66B)
Class dagger.spi.internal.shaded.androidx.room.compiler.processing.javac.JavacRoundEnv: loaded 7 times (x 74B)
Class dagger.spi.internal.shaded.androidx.room.compiler.processing.javac.JavacTypeElement: loaded 7 times (x 297B)
Class dagger.spi.internal.shaded.auto.common.MoreTypes                                : loaded 7 times (x 68B)
Class [Ldagger.internal.codegen.xprocessing.XTypeElements$Visibility;                 : loaded 7 times (x 66B)
Class dagger.internal.codegen.base.ModuleKind$1                                       : loaded 7 times (x 68B)
Class com.squareup.kotlinpoet.TagMap                                                  : loaded 7 times (x 76B)
Class dagger.spi.internal.shaded.androidx.room.jarjarred.kotlinx.metadata.jvm.KotlinClassMetadata$Class: loaded 7 times (x 74B)
Class dagger.internal.codegen.model.DependencyRequest                                 : loaded 7 times (x 72B)
Class dagger.spi.internal.shaded.androidx.room.jarjarred.kotlinx.metadata.internal.protobuf.GeneratedMessageLite$ExtendableMessageOrBuilder: loaded 7 times (x 67B)
Class dagger.spi.internal.shaded.androidx.room.jarjarred.kotlinx.metadata.Attributes$kind$11: loaded 7 times (x 134B)
Class dagger.spi.internal.shaded.androidx.room.jarjarred.kotlinx.metadata.internal.metadata.ProtoBuf$TypeParameter$Variance: loaded 7 times (x 79B)
Class dagger.spi.internal.shaded.androidx.room.jarjarred.kotlinx.metadata.internal.metadata.jvm.JvmProtoBuf$StringTableTypes: loaded 7 times (x 107B)
Class dagger.spi.internal.shaded.androidx.room.jarjarred.kotlinx.metadata.internal.metadata.jvm.JvmProtoBuf$StringTableTypes$Record$Operation: loaded 7 times (x 79B)
Class [Ldagger.spi.internal.shaded.androidx.room.jarjarred.kotlinx.metadata.Modality; : loaded 7 times (x 66B)
Class dagger.spi.internal.shaded.androidx.room.jarjarred.kotlinx.metadata.Attributes$visibility$6: loaded 7 times (x 134B)
Class dagger.spi.internal.shaded.androidx.room.jarjarred.kotlinx.metadata.jvm.JvmExtensionsKt: loaded 7 times (x 68B)
Class dagger.spi.internal.shaded.androidx.room.jarjarred.kotlinx.metadata.internal.metadata.jvm.deserialization.BitEncoding: loaded 7 times (x 68B)
Class com.squareup.javapoet.CodeBlock$CodeBlockJoiner                                 : loaded 7 times (x 69B)
Class dagger.spi.internal.shaded.androidx.room.jarjarred.kotlinx.metadata.internal.FlagDelegatesImplKt: loaded 7 times (x 68B)
Class dagger.spi.internal.shaded.androidx.room.jarjarred.kotlinx.metadata.jvm.internal.JvmConstructorExtension: loaded 7 times (x 80B)
Class dagger.spi.internal.shaded.androidx.room.jarjarred.kotlinx.metadata.internal.metadata.ProtoBuf$VersionRequirementTableOrBuilder: loaded 7 times (x 67B)
Class dagger.spi.internal.shaded.androidx.room.jarjarred.kotlinx.metadata.internal.metadata.ProtoBuf$Function$1: loaded 7 times (x 141B)
Class dagger.internal.codegen.model.AutoValue_DaggerTypeElement                       : loaded 7 times (x 72B)
Class dagger.spi.internal.shaded.androidx.room.compiler.codegen.XClassName            : loaded 7 times (x 72B)
Class dagger.spi.internal.shaded.androidx.room.jarjarred.kotlinx.metadata.internal.ReadContext: loaded 7 times (x 69B)
Class dagger.spi.internal.shaded.androidx.room.jarjarred.kotlinx.metadata.jvm.internal.JvmExtensionNodesKt: loaded 7 times (x 68B)
Class dagger.spi.internal.shaded.androidx.room.jarjarred.kotlinx.metadata.internal.metadata.ProtoBuf$Visibility$1: loaded 7 times (x 71B)
Class dagger.spi.internal.shaded.androidx.room.compiler.processing.javac.kotlin.JvmDescriptorTypeVisitor: loaded 7 times (x 96B)
Class dagger.spi.internal.shaded.androidx.room.compiler.processing.javac.JavacArrayType: loaded 7 times (x 208B)
Class dagger.spi.internal.shaded.androidx.room.jarjarred.kotlinx.metadata.internal.metadata.ProtoBuf$Effect$InvocationKind: loaded 7 times (x 79B)
Class dagger.internal.codegen.base.$AutoValue_ModuleAnnotation                        : loaded 7 times (x 73B)
Class dagger.spi.internal.shaded.androidx.room.compiler.processing.XPackageElement    : loaded 7 times (x 67B)
Class dagger.internal.codegen.binding.MembersInjectionBinding$InjectionSite$Kind      : loaded 7 times (x 76B)
Class dagger.internal.codegen.binding.AutoValue_MembersInjectionBinding_InjectionSite : loaded 7 times (x 74B)
Class dagger.internal.codegen.binding.MembersInjectionBinding$InjectionSite           : loaded 7 times (x 73B)
Class dagger.spi.internal.shaded.androidx.room.jarjarred.kotlinx.metadata.internal.metadata.jvm.JvmProtoBuf$JvmPropertySignature$1: loaded 7 times (x 141B)
Class dagger.spi.internal.shaded.androidx.room.jarjarred.kotlinx.metadata.jvm.JvmPropertyExtensionVisitor: loaded 7 times (x 79B)
Class dagger.spi.internal.shaded.androidx.room.jarjarred.kotlinx.metadata.KmValueParameterVisitor: loaded 7 times (x 73B)
Class dagger.internal.codegen.extension.DaggerCollectors                              : loaded 7 times (x 68B)
Class [Ldagger.spi.internal.shaded.androidx.room.jarjarred.kotlinx.metadata.internal.metadata.ProtoBuf$Class$Kind;: loaded 7 times (x 66B)
Class dagger.spi.internal.shaded.androidx.room.jarjarred.kotlinx.metadata.internal.protobuf.RopeByteString$RopeInputStream: loaded 7 times (x 89B)
Class dagger.spi.internal.shaded.androidx.room.jarjarred.kotlinx.metadata.internal.metadata.jvm.JvmProtoBuf$JvmPropertySignature: loaded 7 times (x 111B)
Class dagger.spi.internal.shaded.androidx.room.compiler.processing.javac.JavacAnnotationValueKt$UNWRAP_VISITOR$1: loaded 7 times (x 100B)
Class [Ldagger.spi.internal.shaded.androidx.room.jarjarred.kotlinx.metadata.internal.metadata.ProtoBuf$MemberKind;: loaded 7 times (x 66B)
Class dagger.spi.internal.shaded.androidx.room.jarjarred.kotlinx.metadata.jvm.JvmClassExtensionVisitor$Companion: loaded 7 times (x 68B)
Class dagger.spi.internal.shaded.androidx.room.jarjarred.kotlinx.metadata.internal.protobuf.UninitializedMessageException: loaded 7 times (x 81B)
Class com.squareup.javapoet.WildcardTypeName                                          : loaded 7 times (x 78B)
Class [Lcom.squareup.javapoet.TypeSpec$Kind;                                          : loaded 7 times (x 66B)
Class dagger.internal.codegen.xprocessing.XProcessingEnvs$1                           : loaded 7 times (x 68B)
Class dagger.spi.internal.shaded.androidx.room.compiler.processing.javac.JavacTypeElement$allMethods$1: loaded 7 times (x 76B)
Class dagger.spi.internal.shaded.auto.common.Overrides$ExplicitOverrides              : loaded 7 times (x 73B)
Class dagger.spi.internal.shaded.androidx.room.jarjarred.kotlinx.metadata.internal.protobuf.FieldSet$FieldDescriptorLite: loaded 7 times (x 67B)
Class dagger.spi.internal.shaded.androidx.room.jarjarred.kotlinx.metadata.Modality    : loaded 7 times (x 76B)
Class dagger.spi.internal.shaded.androidx.room.jarjarred.kotlinx.metadata.internal.EnumFlagDelegate: loaded 7 times (x 69B)
Class [Lcom.squareup.javapoet.ClassName;                                              : loaded 7 times (x 66B)
Class [Ldagger.internal.codegen.writing.InjectionMethods$CheckNotNullPolicy;          : loaded 7 times (x 66B)
Class dagger.spi.internal.shaded.androidx.room.compiler.processing.javac.kotlin.JvmAbi: loaded 7 times (x 68B)
Class dagger.spi.internal.shaded.androidx.room.compiler.processing.javac.JavacMethodType$NormalMethodType: loaded 7 times (x 88B)
Class dagger.spi.internal.shaded.androidx.room.jarjarred.kotlinx.metadata.KmClassExtensionVisitor: loaded 7 times (x 67B)
Class dagger.spi.internal.shaded.androidx.room.jarjarred.kotlinx.metadata.internal.metadata.ProtoBuf$Type: loaded 7 times (x 142B)
Class dagger.spi.internal.shaded.androidx.room.jarjarred.kotlinx.metadata.internal.protobuf.SmallSortedMap$1: loaded 7 times (x 127B)
Class dagger.spi.internal.shaded.androidx.room.jarjarred.kotlinx.metadata.internal.metadata.ProtoBuf$ConstructorOrBuilder: loaded 7 times (x 67B)
Class dagger.internal.codegen.model.AutoValue_Key                                     : loaded 7 times (x 77B)
Class [Ldagger.internal.codegen.base.ModuleKind;                                      : loaded 7 times (x 66B)
Class dagger.internal.codegen.model.AutoValue_Scope                                   : loaded 7 times (x 70B)
Class dagger.hilt.processor.internal.aggregateddeps.PkgPrivateMetadata                : loaded 7 times (x 72B)
Class dagger.internal.codegen.xprocessing.XAnnotations$1                              : loaded 7 times (x 81B)
Class dagger.spi.internal.shaded.androidx.room.compiler.processing.javac.kotlin.KmClassContainer$constructorList$2: loaded 7 times (x 76B)
Class dagger.spi.internal.shaded.androidx.room.jarjarred.kotlinx.metadata.KmPropertyExtensionVisitor: loaded 7 times (x 67B)
Class [Ldagger.spi.internal.shaded.androidx.room.jarjarred.kotlinx.metadata.internal.metadata.ProtoBuf$Effect$InvocationKind;: loaded 7 times (x 66B)
Class dagger.spi.internal.shaded.androidx.room.jarjarred.kotlinx.metadata.KmClassifier: loaded 7 times (x 68B)
Class dagger.spi.internal.shaded.androidx.room.jarjarred.kotlinx.metadata.internal.extensions.KmExtension: loaded 7 times (x 67B)
Class [Ldagger.spi.internal.shaded.androidx.room.jarjarred.kotlinx.metadata.internal.metadata.ProtoBuf$Visibility;: loaded 7 times (x 66B)
Class dagger.spi.internal.shaded.androidx.room.jarjarred.kotlinx.metadata.internal.protobuf.SmallSortedMap$Entry: loaded 7 times (x 85B)
Class dagger.spi.internal.shaded.androidx.room.jarjarred.kotlinx.metadata.internal.metadata.jvm.JvmProtoBuf$StringTableTypes$Record: loaded 7 times (x 116B)
Class dagger.spi.internal.shaded.androidx.room.jarjarred.kotlinx.metadata.internal.protobuf.LazyField: loaded 7 times (x 80B)
Class dagger.spi.internal.shaded.androidx.room.compiler.processing.javac.ElementExtKt : loaded 7 times (x 68B)
Class dagger.spi.internal.shaded.androidx.room.compiler.processing.javac.AnnotationMirrorExtKt: loaded 7 times (x 68B)
Class dagger.spi.internal.shaded.androidx.room.compiler.processing.javac.JavacAnnotationValue$value$2: loaded 7 times (x 76B)
Class dagger.spi.internal.shaded.androidx.room.compiler.codegen.XClassName$Companion  : loaded 7 times (x 68B)
Class dagger.spi.internal.shaded.androidx.room.compiler.processing.javac.kotlin.KmClassContainer$primaryConstructorSignature$2: loaded 7 times (x 76B)
Class dagger.internal.codegen.xprocessing.XTypes                                      : loaded 7 times (x 68B)
Class dagger.spi.internal.shaded.androidx.room.compiler.processing.javac.JavacTypeElement$superInterfaces$2: loaded 7 times (x 76B)
Class dagger.spi.internal.shaded.androidx.room.compiler.processing.javac.JavacTypeElement$allFieldsIncludingPrivateSupers$1: loaded 7 times (x 76B)
Class dagger.spi.internal.shaded.androidx.room.compiler.processing.javac.kotlin.KmClassContainer$Companion: loaded 7 times (x 68B)
Class dagger.spi.internal.shaded.androidx.room.jarjarred.kotlinx.metadata.internal.metadata.deserialization.BinaryVersion: loaded 7 times (x 71B)
Class dagger.spi.internal.shaded.androidx.room.jarjarred.kotlinx.metadata.internal.ReadersKt: loaded 7 times (x 68B)
Class dagger.spi.internal.shaded.androidx.room.jarjarred.kotlinx.metadata.jvm.internal.JvmClassExtension: loaded 7 times (x 90B)
Class dagger.internal.codegen.model.BindingKind                                       : loaded 7 times (x 76B)
Class dagger.spi.internal.shaded.androidx.room.compiler.processing.javac.JavacMethodElement$parameters$2$1$1: loaded 7 times (x 76B)
Class dagger.internal.codegen.binding.$AutoValue_ProvisionBinding                     : loaded 7 times (x 88B)
Class dagger.spi.internal.shaded.androidx.room.jarjarred.kotlinx.metadata.jvm.internal.JvmTypeParameterExtension: loaded 7 times (x 81B)
Class dagger.spi.internal.shaded.androidx.room.jarjarred.kotlinx.metadata.KmTypeParameter: loaded 7 times (x 73B)
Class [Ldagger.spi.internal.shaded.androidx.room.compiler.processing.XType;           : loaded 7 times (x 66B)
Class [Ldagger.spi.internal.shaded.androidx.room.compiler.processing.XAnnotated;      : loaded 7 times (x 66B)
Class dagger.spi.internal.shaded.androidx.room.compiler.processing.javac.JavacElement$docComment$2: loaded 7 times (x 76B)
Class dagger.spi.internal.shaded.androidx.room.compiler.processing.XEquality$Companion: loaded 7 times (x 68B)
Class dagger.spi.internal.shaded.androidx.room.jarjarred.kotlinx.metadata.internal.protobuf.ByteString: loaded 7 times (x 105B)
Class dagger.spi.internal.shaded.androidx.room.jarjarred.kotlinx.metadata.internal.protobuf.WireFormat$FieldType$1: loaded 7 times (x 80B)
Class dagger.spi.internal.shaded.androidx.room.compiler.processing.javac.JavacFieldElement$kotlinMetadata$2: loaded 7 times (x 76B)
Class dagger.spi.internal.shaded.androidx.room.compiler.processing.javac.JavacPackageElement: loaded 7 times (x 190B)
Class com.google.common.graph.Traverser$1                                             : loaded 7 times (x 71B)
Class dagger.spi.internal.shaded.androidx.room.compiler.processing.javac.JavacTypeElement$packageName$2: loaded 7 times (x 76B)
Class dagger.spi.internal.shaded.androidx.room.compiler.processing.javac.JavacVariableElement$type$2: loaded 7 times (x 76B)
Class dagger.spi.internal.shaded.androidx.room.compiler.processing.javac.JavacMethodElement$name$2: loaded 7 times (x 76B)
Class dagger.spi.internal.shaded.androidx.room.compiler.processing.javac.kotlin.KmBaseTypeContainer: loaded 7 times (x 67B)
Class dagger.spi.internal.shaded.androidx.room.jarjarred.kotlinx.metadata.Attributes$visibility$22: loaded 7 times (x 134B)
Class dagger.spi.internal.shaded.auto.common.AnnotationMirrors$1                      : loaded 7 times (x 81B)
Class dagger.spi.internal.shaded.androidx.room.jarjarred.kotlinx.metadata.internal.protobuf.AbstractMessageLite: loaded 7 times (x 95B)
Class dagger.spi.internal.shaded.androidx.room.jarjarred.kotlinx.metadata.internal.metadata.jvm.JvmProtoBuf$StringTableTypesOrBuilder: loaded 7 times (x 67B)
Class dagger.spi.internal.shaded.androidx.room.jarjarred.kotlinx.metadata.KmProperty  : loaded 7 times (x 78B)
Class dagger.spi.internal.shaded.androidx.room.jarjarred.kotlinx.metadata.Attributes$visibility$2: loaded 7 times (x 134B)
Class dagger.internal.codegen.model.AutoValue_DaggerElement                           : loaded 7 times (x 71B)
Class dagger.spi.internal.shaded.androidx.room.jarjarred.kotlinx.metadata.KmConstructor: loaded 7 times (x 74B)
Class dagger.spi.internal.shaded.androidx.room.jarjarred.kotlinx.metadata.KmFunctionVisitor: loaded 7 times (x 78B)
Class dagger.spi.internal.shaded.androidx.room.compiler.processing.javac.kotlin.KmPropertyContainer: loaded 7 times (x 76B)
Class com.google.common.graph.Traverser$2                                             : loaded 7 times (x 71B)
Class dagger.spi.internal.shaded.androidx.room.compiler.processing.util.NamingUtilsKt : loaded 7 times (x 68B)
Class dagger.internal.codegen.base.ModuleAnnotation                                   : loaded 7 times (x 73B)
Class dagger.internal.codegen.model.$AutoValue_Key                                    : loaded 7 times (x 77B)
Class dagger.spi.internal.shaded.androidx.room.jarjarred.kotlinx.metadata.internal.metadata.ProtoBuf$Modality$1: loaded 7 times (x 71B)
Class dagger.spi.internal.shaded.androidx.room.jarjarred.kotlinx.metadata.internal.metadata.ProtoBuf$ClassOrBuilder: loaded 7 times (x 67B)
Class dagger.internal.DaggerGenerated                                                 : loaded 7 times (x 67B)
Class dagger.spi.internal.shaded.androidx.room.jarjarred.kotlinx.metadata.internal.metadata.jvm.JvmProtoBuf$JvmFieldSignature$1: loaded 7 times (x 141B)
Class com.google.common.cache.LocalCache$EntryFactory$2                               : loaded 6 times (x 80B)
Class com.google.common.cache.LocalCache$EntryFactory$6                               : loaded 6 times (x 80B)
Class com.google.common.cache.CacheBuilder$OneWeigher                                 : loaded 6 times (x 79B)
Class com.google.common.collect.Maps$KeySet                                           : loaded 6 times (x 134B)
Class com.google.common.cache.ReferenceEntry                                          : loaded 6 times (x 67B)
Class com.google.common.util.concurrent.ExecutionError                                : loaded 6 times (x 79B)
Class com.google.common.base.Predicates$CompositionPredicate                          : loaded 6 times (x 85B)
Class com.google.common.cache.LocalCache$LocalManualCache$1                           : loaded 6 times (x 72B)
Class com.google.common.cache.LocalCache$EntryFactory$8                               : loaded 6 times (x 80B)
Class [Lcom.google.common.cache.RemovalListener;                                      : loaded 6 times (x 66B)
Class com.google.common.base.Predicates                                               : loaded 6 times (x 68B)
Class com.google.common.cache.LocalCache$EntryFactory$1                               : loaded 6 times (x 80B)
Class com.google.common.collect.AbstractMapBasedMultimap$WrappedCollection            : loaded 6 times (x 121B)
Class com.google.common.base.Splitter$SplittingIterator                               : loaded 6 times (x 81B)
Class com.google.common.cache.LocalCache$EntryFactory$3                               : loaded 6 times (x 80B)
Class com.google.common.base.Ticker$1                                                 : loaded 6 times (x 69B)
Class com.google.common.collect.Maps$EntryFunction                                    : loaded 6 times (x 88B)
Class [Lcom.google.common.cache.CacheBuilder$OneWeigher;                              : loaded 6 times (x 66B)
Class [Lcom.google.common.cache.CacheBuilder$NullListener;                            : loaded 6 times (x 66B)
Class com.google.common.base.CharMatcher$None                                         : loaded 6 times (x 109B)
Class [Lcom.google.common.collect.AbstractIterator$State;                             : loaded 6 times (x 66B)
Class com.google.common.cache.CacheLoader                                             : loaded 6 times (x 71B)
Class com.google.common.cache.LocalCache$Segment                                      : loaded 6 times (x 151B)
Class com.google.common.base.AbstractIterator                                         : loaded 6 times (x 77B)
Class com.google.common.cache.LocalCache$ComputingValueReference                      : loaded 6 times (x 94B)
Class com.google.common.collect.AbstractIterator$State                                : loaded 6 times (x 76B)
Class com.google.common.collect.AbstractIterator$1                                    : loaded 6 times (x 68B)
Class com.google.common.base.Splitter                                                 : loaded 6 times (x 69B)
Class com.google.common.cache.LocalCache$ValueReference                               : loaded 6 times (x 67B)
Class com.google.common.base.Suppliers$SupplierOfInstance                             : loaded 6 times (x 76B)
Class com.google.common.collect.Sets$FilteredSet                                      : loaded 6 times (x 134B)
Class com.google.common.cache.LocalCache$LoadingValueReference                        : loaded 6 times (x 94B)
Class [Lcom.google.common.base.Function;                                              : loaded 6 times (x 66B)
Class com.google.common.collect.Maps$ViewCachingAbstractMap                           : loaded 6 times (x 122B)
Class com.google.common.cache.LocalCache$LocalLoadingCache                            : loaded 6 times (x 131B)
Class [Lcom.google.common.cache.Weigher;                                              : loaded 6 times (x 66B)
Class com.google.common.cache.LocalCache$Strength$1                                   : loaded 6 times (x 78B)
Class com.google.common.base.Splitter$Strategy                                        : loaded 6 times (x 67B)
Class com.google.common.base.JdkPattern                                               : loaded 6 times (x 72B)
Class com.google.common.cache.LocalCache$Strength$2                                   : loaded 6 times (x 78B)
Class com.google.common.cache.CacheBuilder                                            : loaded 6 times (x 69B)
Class com.google.common.collect.Collections2$FilteredCollection                       : loaded 6 times (x 116B)
Class com.google.common.collect.FluentIterable                                        : loaded 6 times (x 78B)
Class com.google.common.cache.LoadingCache                                            : loaded 6 times (x 67B)
Class com.google.common.base.Splitter$1                                               : loaded 6 times (x 74B)
Class com.google.common.cache.LocalCache$Strength$3                                   : loaded 6 times (x 78B)
Class com.google.common.base.ExtraObjectsMethodsForWeb                                : loaded 6 times (x 68B)
Class com.google.common.cache.LocalCache$EntryFactory$5                               : loaded 6 times (x 80B)
Class com.google.common.collect.AbstractMapBasedMultimap$KeySet                       : loaded 6 times (x 134B)
Class [Lcom.google.common.collect.Maps$EntryFunction;                                 : loaded 6 times (x 66B)
Class com.google.common.cache.CacheBuilder$NullListener                               : loaded 6 times (x 79B)
Class com.google.common.cache.CacheLoader$FunctionToCacheLoader                       : loaded 6 times (x 72B)
Class com.google.common.cache.CacheStats                                              : loaded 6 times (x 68B)
Class com.google.common.cache.CacheLoader$InvalidCacheLoadException                   : loaded 6 times (x 79B)
Class com.google.common.cache.CacheLoader$1                                           : loaded 6 times (x 72B)
Class com.google.common.base.MoreObjects                                              : loaded 6 times (x 68B)
Class com.google.common.collect.Iterables$5                                           : loaded 6 times (x 78B)
Class com.google.common.base.Splitter$1$1                                             : loaded 6 times (x 83B)
Class com.google.common.cache.LocalCache$1                                            : loaded 6 times (x 86B)
Class com.google.common.collect.ForwardingObject                                      : loaded 6 times (x 69B)
Class com.google.common.cache.LocalCache$2                                            : loaded 6 times (x 139B)
Class com.google.common.collect.Maps$EntryFunction$2                                  : loaded 6 times (x 88B)
Class com.google.common.base.CommonPattern                                            : loaded 6 times (x 71B)
Class com.google.common.cache.LocalCache$EntryFactory                                 : loaded 6 times (x 80B)
Class com.google.common.collect.AbstractMapBasedMultimap$WrappedCollection$WrappedIterator: loaded 6 times (x 81B)
Class com.google.common.collect.Maps$AbstractFilteredMap                              : loaded 6 times (x 124B)
Class com.google.common.util.concurrent.UncheckedExecutionException                   : loaded 6 times (x 79B)
Class com.google.common.collect.Maps$EntryFunction$1                                  : loaded 6 times (x 88B)
Class com.google.common.cache.LocalCache$EntryFactory$4                               : loaded 6 times (x 80B)
Class com.google.common.cache.RemovalListener                                         : loaded 6 times (x 67B)
Class com.google.common.cache.Cache                                                   : loaded 6 times (x 67B)
Class com.google.common.collect.AbstractMapBasedMultimap$WrappedSet                   : loaded 6 times (x 139B)
Class com.google.common.cache.CacheBuilder$2                                          : loaded 6 times (x 76B)
Class com.google.common.cache.LocalCache$LocalManualCache                             : loaded 6 times (x 96B)
Class com.google.common.cache.LocalCache                                              : loaded 6 times (x 184B)
Class com.google.common.cache.CacheLoader$UnsupportedLoadingOperationException        : loaded 6 times (x 79B)
Class com.google.common.cache.LocalCache$Strength                                     : loaded 6 times (x 78B)
Class com.google.common.collect.AbstractMapBasedMultimap$KeySet$1                     : loaded 6 times (x 79B)
Class com.google.common.cache.AbstractCache$StatsCounter                              : loaded 6 times (x 67B)
Class com.google.common.cache.Weigher                                                 : loaded 6 times (x 67B)
Class com.google.common.base.Objects                                                  : loaded 6 times (x 68B)
Class com.google.common.collect.FluentIterable$1                                      : loaded 6 times (x 78B)
Class com.google.common.base.Ticker                                                   : loaded 6 times (x 69B)
Class com.google.common.cache.CacheBuilder$1                                          : loaded 6 times (x 82B)
Class [Lcom.google.common.cache.LocalCache$Strength;                                  : loaded 6 times (x 66B)
Class com.google.common.collect.FluentIterable$3                                      : loaded 6 times (x 78B)
Class com.google.common.cache.LocalCache$EntryFactory$7                               : loaded 6 times (x 80B)
Class [Lcom.google.common.cache.LocalCache$Segment;                                   : loaded 6 times (x 66B)
Class [Lcom.google.common.cache.LocalCache$EntryFactory;                              : loaded 6 times (x 66B)
Class com.google.common.collect.FluentIterable$2                                      : loaded 6 times (x 78B)
Class com.google.common.cache.CacheLoader$SupplierToCacheLoader                       : loaded 6 times (x 72B)
Class com.google.common.collect.Multisets$EntrySet                                    : loaded 5 times (x 133B)
Class dagger.spi.internal.shaded.androidx.room.jarjarred.kotlinx.metadata.internal.metadata.ProtoBuf$VersionRequirement$Level$1: loaded 5 times (x 71B)
Class com.google.common.base.Functions                                                : loaded 5 times (x 68B)
Class com.google.common.collect.HashMultimapGwtSerializationDependencies              : loaded 5 times (x 171B)
Class com.google.common.base.Verify                                                   : loaded 5 times (x 68B)
Class dagger.spi.internal.shaded.androidx.room.jarjarred.kotlinx.metadata.KmVersionRequirementLevel: loaded 5 times (x 76B)
Class com.google.common.collect.ForwardingSet                                         : loaded 5 times (x 148B)
Class com.google.common.collect.AbstractMultimap$Entries                              : loaded 5 times (x 117B)
Class com.google.common.collect.AbstractMapBasedMultimap$2                            : loaded 5 times (x 82B)
Class dagger.spi.internal.shaded.androidx.room.jarjarred.kotlinx.metadata.KmVersionRequirement: loaded 5 times (x 72B)
Class com.google.common.cache.CacheBuilder$3                                          : loaded 5 times (x 69B)
Class com.google.common.collect.AbstractMapBasedMultimap$AsMap$AsMapIterator          : loaded 5 times (x 80B)
Class dagger.spi.internal.shaded.androidx.room.jarjarred.kotlinx.metadata.internal.metadata.deserialization.VersionRequirement$Version: loaded 5 times (x 68B)
Class com.google.common.collect.Maps$FilteredEntryMap$EntrySet$1                      : loaded 5 times (x 79B)
Class dagger.spi.internal.shaded.androidx.room.jarjarred.kotlinx.metadata.internal.metadata.ProtoBuf$VersionRequirement$1: loaded 5 times (x 141B)
Class com.google.common.collect.Iterators$ConcatenatedIterator                        : loaded 5 times (x 79B)
Class com.google.common.collect.ImmutableMapEntry$NonTerminalImmutableBiMapEntry      : loaded 5 times (x 82B)
Class com.google.common.base.VerifyException                                          : loaded 5 times (x 79B)
Class [Ldagger.spi.internal.shaded.androidx.room.jarjarred.kotlinx.metadata.KmVersionRequirementLevel;: loaded 5 times (x 66B)
Class dagger.spi.internal.shaded.androidx.room.jarjarred.kotlinx.metadata.internal.metadata.ProtoBuf$VersionRequirementOrBuilder: loaded 5 times (x 67B)
Class com.google.common.collect.AbstractMultiset                                      : loaded 5 times (x 156B)
Class com.google.common.collect.NullnessCasts                                         : loaded 5 times (x 68B)
Class dagger.spi.internal.shaded.androidx.room.jarjarred.kotlinx.metadata.internal.metadata.deserialization.VersionRequirement$Companion: loaded 5 times (x 68B)
Class Program                                                                         : loaded 5 times (x 69B)
Class com.google.common.collect.LinkedHashMultimap$ValueSet$1                         : loaded 5 times (x 79B)
Class com.google.common.collect.Maps$FilteredKeyMap                                   : loaded 5 times (x 125B)
Class com.google.common.collect.ForwardingCollection                                  : loaded 5 times (x 127B)
Class com.google.common.collect.AbstractMapBasedMultimap$RandomAccessWrappedList      : loaded 5 times (x 202B)
Class com.google.common.collect.Iterators$EmptyModifiableIterator                     : loaded 5 times (x 83B)
Class com.google.common.collect.Maps$FilteredEntryMap                                 : loaded 5 times (x 125B)
Class com.google.common.collect.Count                                                 : loaded 5 times (x 68B)
Class [Ldagger.spi.internal.shaded.androidx.room.jarjarred.kotlinx.metadata.internal.metadata.ProtoBuf$VersionRequirement$Level;: loaded 5 times (x 66B)
Class com.google.common.collect.FluentIterable$3$1                                    : loaded 5 times (x 95B)
Class com.google.common.collect.AbstractMapBasedMultiset                              : loaded 5 times (x 160B)
Class com.google.common.collect.AbstractMapBasedMultimap$AsMap$AsMapEntries           : loaded 5 times (x 135B)
Class dagger.spi.internal.shaded.androidx.room.jarjarred.kotlinx.metadata.KmVersion   : loaded 5 times (x 68B)
Class com.google.common.collect.Maps$FilteredEntryMap$EntrySet                        : loaded 5 times (x 149B)
Class dagger.spi.internal.shaded.androidx.room.jarjarred.kotlinx.metadata.internal.metadata.deserialization.VersionRequirement$Version$Companion: loaded 5 times (x 68B)
Class com.google.common.collect.HashMultiset                                          : loaded 5 times (x 160B)
Class com.google.common.collect.Table                                                 : loaded 5 times (x 67B)
Class com.google.common.collect.RegularImmutableBiMap$Inverse                         : loaded 5 times (x 140B)
Class dagger.internal.codegen.compileroption.ValidationType$1                         : loaded 5 times (x 68B)
Class [Lcom.google.common.collect.Iterators$EmptyModifiableIterator;                  : loaded 5 times (x 66B)
Class dagger.spi.internal.shaded.androidx.room.jarjarred.kotlinx.metadata.internal.metadata.ProtoBuf$VersionRequirement$Level: loaded 5 times (x 79B)
Class [Ldagger.spi.internal.shaded.androidx.room.jarjarred.kotlinx.metadata.KmVersionRequirementVersionKind;: loaded 5 times (x 66B)
Class com.google.common.collect.AbstractMapBasedMultimap$AsMap                        : loaded 5 times (x 125B)
Class com.google.common.collect.AbstractMultiset$EntrySet                             : loaded 5 times (x 135B)
Class dagger.spi.internal.shaded.androidx.room.jarjarred.kotlinx.metadata.internal.metadata.ProtoBuf$VersionRequirement: loaded 5 times (x 113B)
Class com.google.common.collect.AbstractMapBasedMultimap$WrappedList                  : loaded 5 times (x 202B)
Class com.google.common.base.Functions$ConstantFunction                               : loaded 5 times (x 81B)
Class dagger.spi.internal.shaded.androidx.room.jarjarred.kotlinx.metadata.internal.metadata.deserialization.VersionRequirement$Companion$WhenMappings: loaded 5 times (x 68B)
Class dagger.spi.internal.shaded.androidx.room.jarjarred.kotlinx.metadata.KmVersionRequirementVersionKind: loaded 5 times (x 76B)
Class dagger.spi.internal.shaded.androidx.room.jarjarred.kotlinx.metadata.internal.metadata.deserialization.VersionRequirement: loaded 5 times (x 69B)
Class com.google.common.collect.HashMultimap                                          : loaded 5 times (x 171B)
Class com.google.common.collect.AbstractMapBasedMultimap$Itr                          : loaded 5 times (x 80B)
Class com.google.common.collect.Multimaps$Entries                                     : loaded 5 times (x 115B)
Class dagger.spi.internal.shaded.androidx.room.jarjarred.kotlinx.metadata.KmVersionRequirementVisitor: loaded 5 times (x 72B)
Class dagger.hilt.processor.internal.kotlin.DaggerKotlinMetadataUtils_MetadataComponent: loaded 4 times (x 68B)
Class dagger.internal.codegen.binding.AutoValue_BindingRequest                        : loaded 4 times (x 72B)
Class com.google.common.collect.AbstractMultiset$ElementSet                           : loaded 4 times (x 135B)
Class dagger.internal.codegen.binding.$AutoValue_ComponentBinding                     : loaded 4 times (x 88B)
Class dagger.spi.model.RequestKind                                                    : loaded 4 times (x 76B)
Class dagger.spi.model.DaggerAnnotation                                               : loaded 4 times (x 72B)
Class dagger.internal.codegen.DaggerDelegateComponentProcessor_Injector$CurrentImplementationSubcomponentBuilder: loaded 4 times (x 76B)
Class dagger.internal.codegen.writing.DerivedFromFrameworkInstanceRequestRepresentation$Factory: loaded 4 times (x 67B)
Class dagger.internal.codegen.writing.InjectionOrProvisionProviderCreationExpression_Factory: loaded 4 times (x 69B)
Class dagger.internal.codegen.writing.ComponentImplementation$ChildComponentImplementationFactory: loaded 4 times (x 67B)
Class [Ldagger.internal.codegen.writing.ComponentCreatorImplementationFactory$RequirementStatus;: loaded 4 times (x 66B)
Class dagger.internal.codegen.binding.AnnotationExpression                            : loaded 4 times (x 69B)
Class dagger.spi.internal.shaded.kotlinx.metadata.internal.extensions.ExtensionUtilsKt: loaded 4 times (x 68B)
Class dagger.internal.codegen.binding.SubcomponentDeclaration                         : loaded 4 times (x 73B)
Class dagger.spi.internal.shaded.kotlinx.metadata.internal.ReadersKt                  : loaded 4 times (x 68B)
Class dagger.internal.codegen.validation.SpiModelBindingGraphConverter$DaggerAnnotationImpl: loaded 4 times (x 73B)
Class dagger.hilt.processor.internal.root.$AutoValue_AggregatedRootMetadata           : loaded 4 times (x 79B)
Class dagger.internal.codegen.binding.$AutoValue_BoundInstanceBinding                 : loaded 4 times (x 88B)
Class dagger.internal.codegen.binding.AssistedInjectionBinding$Builder                : loaded 4 times (x 77B)
Class dagger.spi.internal.shaded.kotlinx.metadata.internal.metadata.ProtoBuf$TypeParameter: loaded 4 times (x 127B)
Class dagger.hilt.processor.internal.definecomponent.AutoValue_DefineComponentClassesMetadata: loaded 4 times (x 73B)
Class com.google.common.graph.MapRetrievalCache                                       : loaded 4 times (x 72B)
Class dagger.spi.internal.shaded.kotlinx.metadata.internal.protobuf.FieldSet$FieldDescriptorLite: loaded 4 times (x 67B)
Class dagger.hilt.processor.internal.aliasof.AutoValue_AliasOfPropagatedDataMetadata  : loaded 4 times (x 72B)
Class dagger.spi.internal.shaded.kotlinx.metadata.KmTypeVisitor                       : loaded 4 times (x 79B)
Class dagger.spi.internal.shaded.kotlinx.metadata.internal.protobuf.WireFormat        : loaded 4 times (x 68B)
Class dagger.spi.internal.shaded.kotlinx.metadata.internal.extensions.KmClassExtension: loaded 4 times (x 67B)
Class dagger.spi.internal.shaded.kotlinx.metadata.internal.protobuf.SmallSortedMap$1  : loaded 4 times (x 127B)
Class [Ldagger.spi.internal.shaded.kotlinx.metadata.internal.metadata.jvm.JvmProtoBuf$StringTableTypes$Record$Operation;: loaded 4 times (x 66B)
Class dagger.spi.internal.shaded.kotlinx.metadata.internal.metadata.deserialization.ProtoBufUtilKt: loaded 4 times (x 68B)
Class dagger.hilt.processor.internal.root.ComponentGenerator                          : loaded 4 times (x 69B)
Class dagger.spi.internal.shaded.kotlinx.metadata.jvm.JvmFunctionExtensionVisitor     : loaded 4 times (x 77B)
Class dagger.hilt.processor.internal.aggregateddeps.ComponentDependencies$1           : loaded 4 times (x 68B)
Class dagger.spi.internal.shaded.kotlinx.metadata.internal.metadata.ProtoBuf$VersionRequirementTable$1: loaded 4 times (x 141B)
Class com.google.common.collect.FilteredEntryMultimap                                 : loaded 4 times (x 152B)
Class dagger.internal.codegen.binding.MultiboundMapBinding                            : loaded 4 times (x 87B)
Class dagger.internal.codegen.validation.AutoValue_SpiModelBindingGraphConverter_DependencyEdgeImpl: loaded 4 times (x 76B)
Class dagger.spi.internal.shaded.kotlinx.metadata.internal.metadata.jvm.deserialization.UtfEncodingKt: loaded 4 times (x 68B)
Class com.google.common.graph.AbstractGraphBuilder                                    : loaded 4 times (x 69B)
Class dagger.spi.internal.shaded.kotlinx.metadata.internal.metadata.deserialization.BinaryVersion: loaded 4 times (x 70B)
Class dagger.spi.internal.shaded.kotlinx.metadata.internal.protobuf.ExtensionRegistryLite$ObjectIntPair: loaded 4 times (x 69B)
Class dagger.internal.codegen.writing.SwitchingProviderInstanceSupplier$Factory       : loaded 4 times (x 67B)
Class dagger.spi.internal.shaded.kotlinx.metadata.internal.metadata.jvm.JvmProtoBuf$StringTableTypes$Record$Operation$1: loaded 4 times (x 71B)
Class dagger.spi.internal.shaded.kotlinx.metadata.internal.metadata.jvm.deserialization.JvmNameResolverBase$Companion: loaded 4 times (x 68B)
Class dagger.internal.codegen.binding.AssistedInjectionAnnotations$AssistedParameter  : loaded 4 times (x 71B)
Class [Ldagger.internal.codegen.writing.FrameworkFieldInitializer$InitializationState;: loaded 4 times (x 66B)
Class dagger.internal.codegen.writing.InjectionOrProvisionProviderCreationExpression_Factory_Impl: loaded 4 times (x 72B)
Class dagger.internal.codegen.writing.ProducerNodeInstanceRequestRepresentation$Factory: loaded 4 times (x 67B)
Class dagger.internal.codegen.writing.SetRequestRepresentation_Factory                : loaded 4 times (x 69B)
Class dagger.internal.codegen.writing.AssistedFactoryRequestRepresentation_Factory    : loaded 4 times (x 69B)
Class dagger.internal.codegen.DaggerDelegateComponentProcessor_Injector$CurrentImplementationSubcomponentImpl: loaded 4 times (x 72B)
Class dagger.internal.codegen.binding.AssistedFactoryBinding$Builder                  : loaded 4 times (x 76B)
Class dagger.internal.codegen.binding.ComponentDescriptor$ComponentMethodDescriptor$Builder: loaded 4 times (x 67B)
Class dagger.internal.codegen.binding.ComponentRequirement$Kind                       : loaded 4 times (x 76B)
Class dagger.internal.codegen.writing.BindingRepresentations_Factory                  : loaded 4 times (x 78B)
Class dagger.internal.codegen.kotlin.AutoValue_KotlinMetadata_FunctionMetadata$Builder: loaded 4 times (x 79B)
Class dagger.spi.internal.shaded.kotlinx.metadata.internal.metadata.jvm.deserialization.JvmMemberSignature: loaded 4 times (x 71B)
Class dagger.hilt.processor.internal.root.AutoValue_ComponentTreeDepsMetadata         : loaded 4 times (x 78B)
Class dagger.internal.codegen.binding.DelegateBinding                                 : loaded 4 times (x 88B)
Class dagger.hilt.processor.internal.earlyentrypoint.AutoValue_AggregatedEarlyEntryPointMetadata: loaded 4 times (x 71B)
Class dagger.spi.internal.shaded.kotlinx.metadata.KmDeclarationContainer              : loaded 4 times (x 67B)
Class dagger.spi.internal.shaded.kotlinx.metadata.internal.metadata.jvm.JvmProtoBuf   : loaded 4 times (x 68B)
Class dagger.spi.internal.shaded.kotlinx.metadata.internal.metadata.jvm.JvmProtoBuf$JvmPropertySignature: loaded 4 times (x 111B)
Class dagger.internal.codegen.binding.$AutoValue_BoundInstanceBinding$Builder         : loaded 4 times (x 92B)
Class dagger.spi.internal.shaded.kotlinx.metadata.internal.metadata.jvm.JvmProtoBuf$JvmFieldSignature$1: loaded 4 times (x 141B)
Class dagger.spi.internal.shaded.kotlinx.metadata.internal.metadata.deserialization.Flags$EnumLiteFlagField: loaded 4 times (x 73B)
Class com.google.common.collect.ConsumingQueueIterator                                : loaded 4 times (x 79B)
Class dagger.internal.codegen.writing.ProductionBindingRepresentation$Factory         : loaded 4 times (x 67B)
Class dagger.internal.codegen.writing.ProducerFactoryGenerator$MultiArgFutureTransform: loaded 4 times (x 75B)
Class dagger.internal.codegen.writing.AnonymousProviderCreationExpression_Factory     : loaded 4 times (x 69B)
Class dagger.spi.internal.shaded.androidx.room.compiler.processing.XProcessingEnv$Platform: loaded 4 times (x 76B)
Class com.google.common.graph.MutableValueGraph                                       : loaded 4 times (x 67B)
Class com.google.common.graph.Graphs                                                  : loaded 4 times (x 68B)
Class dagger.internal.codegen.binding.BindingNode$Factory                             : loaded 4 times (x 69B)
Class dagger.internal.codegen.validation.DiagnosticMessageGenerator                   : loaded 4 times (x 69B)
Class dagger.internal.codegen.writing.MapRequestRepresentation_Factory                : loaded 4 times (x 69B)
Class dagger.internal.codegen.bindinggraphvalidation.DuplicateBindingsValidator$KeyWithTypeEquivalence: loaded 4 times (x 71B)
Class dagger.internal.codegen.writing.AssistedFactoryRequestRepresentation            : loaded 4 times (x 71B)
Class dagger.internal.codegen.writing.ComponentCreatorImplementationFactory$1         : loaded 4 times (x 68B)
Class dagger.internal.codegen.writing.ComponentImplementation_Factory                 : loaded 4 times (x 79B)
Class dagger.internal.codegen.DaggerDelegateComponentProcessor_Injector$TopLevelImplementationComponentImpl$1: loaded 4 times (x 79B)
Class dagger.internal.codegen.bindinggraphvalidation.DependencyCycleValidator$1       : loaded 4 times (x 68B)
Class dagger.internal.codegen.binding.SubcomponentCreatorBindingEdgeImpl              : loaded 4 times (x 72B)
Class dagger.internal.codegen.writing.ProvisionBindingRepresentation$Factory          : loaded 4 times (x 67B)
Class dagger.spi.internal.shaded.kotlinx.metadata.internal.metadata.ProtoBuf$VersionRequirementTableOrBuilder: loaded 4 times (x 67B)
Class dagger.internal.codegen.writing.ComponentInstanceRequestRepresentation_Factory_Impl: loaded 4 times (x 72B)
Class dagger.internal.codegen.writing.ProviderInstanceRequestRepresentation_Factory_Impl: loaded 4 times (x 72B)
Class dagger.internal.codegen.xprocessing.MethodSpecs                                 : loaded 4 times (x 68B)
Class dagger.internal.codegen.writing.UnscopedDirectInstanceRequestRepresentationFactory$1: loaded 4 times (x 68B)
Class dagger.spi.internal.shaded.androidx.room.compiler.processing.XRawType           : loaded 4 times (x 67B)
Class dagger.spi.internal.shaded.kotlinx.metadata.jvm.KotlinClassMetadata$Class       : loaded 4 times (x 69B)
Class dagger.internal.codegen.binding.$AutoValue_BindingGraph_TopLevelBindingGraph    : loaded 4 times (x 97B)
Class dagger.hilt.processor.internal.root.AutoValue_Root                              : loaded 4 times (x 75B)
Class dagger.hilt.processor.internal.aliasof.AliasOfs                                 : loaded 4 times (x 69B)
Class dagger.internal.codegen.binding.BoundInstanceBinding                            : loaded 4 times (x 87B)
Class dagger.internal.codegen.writing.DelegateRequestRepresentation$Factory           : loaded 4 times (x 67B)
Class dagger.internal.codegen.writing.SetFactoryCreationExpression$Factory            : loaded 4 times (x 67B)
Class dagger.internal.codegen.componentgenerator.CurrentImplementationSubcomponent$ChildComponentImplementationFactoryModule: loaded 4 times (x 67B)
Class dagger.spi.internal.shaded.kotlinx.metadata.internal.protobuf.GeneratedMessageLite$ExtendableMessageOrBuilder: loaded 4 times (x 67B)
Class [Ldagger.internal.codegen.binding.ComponentRequirement$NullPolicy;              : loaded 4 times (x 66B)
Class dagger.internal.codegen.writing.LazyClassKeyProviders                           : loaded 4 times (x 69B)
Class dagger.internal.codegen.writing.ComponentImplementation$ShardImplementation     : loaded 4 times (x 77B)
Class dagger.internal.codegen.writing.ProducerCreationExpression_Factory_Impl         : loaded 4 times (x 72B)
Class dagger.internal.codegen.writing.DependencyMethodProducerCreationExpression$Factory: loaded 4 times (x 67B)
Class dagger.internal.codegen.writing.PrivateMethodRequestRepresentation_Factory      : loaded 4 times (x 69B)
Class dagger.internal.codegen.writing.MembersInjectionMethods_Factory                 : loaded 4 times (x 79B)
Class dagger.internal.codegen.writing.FrameworkFieldInitializer$1                     : loaded 4 times (x 68B)
Class com.google.common.graph.MultiEdgesConnecting$1                                  : loaded 4 times (x 79B)
Class dagger.internal.codegen.binding.ComponentDeclarations                           : loaded 4 times (x 69B)
Class dagger.internal.codegen.writing.FrameworkInstanceBindingRepresentation          : loaded 4 times (x 69B)
Class dagger.internal.codegen.binding.AutoValue_DelegateBinding                       : loaded 4 times (x 91B)
Class dagger.hilt.processor.internal.root.AggregatedRootMetadata                      : loaded 4 times (x 74B)
Class dagger.spi.internal.shaded.kotlinx.metadata.internal.metadata.jvm.deserialization.JvmMemberSignature$Field: loaded 4 times (x 72B)
Class dagger.spi.internal.shaded.kotlinx.metadata.KmClassExtensionVisitor             : loaded 4 times (x 67B)
Class [Ldagger.spi.internal.shaded.kotlinx.metadata.internal.protobuf.WireFormat$JavaType;: loaded 4 times (x 66B)
Class dagger.spi.internal.shaded.kotlinx.metadata.KmPropertyExtensionVisitor          : loaded 4 times (x 67B)
Class dagger.internal.codegen.writing.DelegateRequestRepresentation                   : loaded 4 times (x 71B)
Class dagger.internal.codegen.bindinggraphvalidation.AutoValue_DuplicateBindingsValidator_KeyWithTypeEquivalence: loaded 4 times (x 72B)
Class com.google.devtools.ksp.symbol.KSModifierListOwner                              : loaded 4 times (x 67B)
Class dagger.internal.codegen.writing.ComponentWrapperImplementation                  : loaded 4 times (x 77B)
Class dagger.internal.codegen.writing.MembersInjectionMethods                         : loaded 4 times (x 69B)
Class dagger.internal.codegen.writing.SwitchingProviders$SwitchingProviderBuilder     : loaded 4 times (x 69B)
Class com.google.common.graph.DirectedGraphConnections$2$1                            : loaded 4 times (x 79B)
Class dagger.spi.internal.shaded.kotlinx.metadata.internal.metadata.deserialization.NameResolver: loaded 4 times (x 67B)
Class com.google.common.graph.ElementOrder                                            : loaded 4 times (x 69B)
Class com.google.common.collect.Iterators$3                                           : loaded 4 times (x 79B)
Class dagger.spi.internal.shaded.kotlinx.metadata.internal.metadata.ProtoBuf$Class    : loaded 4 times (x 177B)
Class dagger.hilt.processor.internal.kotlin.KotlinMetadataFactory_Factory             : loaded 4 times (x 78B)
Class dagger.internal.codegen.writing.ProducerFromProviderCreationExpression_Factory  : loaded 4 times (x 68B)
Class dagger.internal.codegen.writing.ProducerCreationExpression$Factory              : loaded 4 times (x 67B)
Class com.google.common.graph.EndpointPairIterator$Directed                           : loaded 4 times (x 79B)
Class dagger.spi.internal.shaded.kotlinx.metadata.jvm.internal.JvmMetadataExtensions  : loaded 4 times (x 100B)
Class dagger.spi.internal.shaded.kotlinx.metadata.internal.protobuf.ByteString$ByteIterator: loaded 4 times (x 67B)
Class dagger.spi.internal.shaded.kotlinx.metadata.KmFunctionVisitor                   : loaded 4 times (x 78B)
Class [Ldagger.internal.codegen.writing.ComponentImplementation$FieldSpecKind;        : loaded 4 times (x 66B)
Class dagger.internal.codegen.writing.ComponentImplementation$FieldSpecKind           : loaded 4 times (x 76B)
Class dagger.internal.codegen.binding.$AutoValue_BindingGraph                         : loaded 4 times (x 76B)
Class dagger.spi.model.BindingKind                                                    : loaded 4 times (x 76B)
Class dagger.internal.codegen.binding.$AutoValue_MultiboundMapBinding                 : loaded 4 times (x 88B)
Class dagger.internal.codegen.binding.$AutoValue_AssistedFactoryBinding$Builder       : loaded 4 times (x 92B)
Class dagger.internal.codegen.binding.AutoValue_ComponentBinding                      : loaded 4 times (x 88B)
Class dagger.spi.internal.shaded.kotlinx.metadata.internal.metadata.ProtoBuf$Modality : loaded 4 times (x 79B)
Class dagger.internal.codegen.binding.AutoValue_MultiboundMapBinding                  : loaded 4 times (x 88B)
Class com.google.common.graph.MultiEdgesConnecting                                    : loaded 4 times (x 134B)
Class dagger.spi.internal.shaded.kotlinx.metadata.internal.metadata.jvm.JvmProtoBuf$StringTableTypes$RecordOrBuilder: loaded 4 times (x 67B)
Class com.google.common.collect.Maps$AsMapView                                        : loaded 4 times (x 124B)
Class dagger.spi.internal.shaded.kotlinx.metadata.internal.protobuf.LazyField         : loaded 4 times (x 80B)
Class [Ldagger.spi.model.BindingKind;                                                 : loaded 4 times (x 66B)
Class dagger.internal.codegen.writing.MembersInjectionRequestRepresentation_Factory_Impl: loaded 4 times (x 72B)
Class dagger.internal.codegen.writing.BindingRepresentation                           : loaded 4 times (x 67B)
Class dagger.hilt.processor.internal.definecomponent.DefineComponentBuilderMetadatas  : loaded 4 times (x 69B)
Class com.google.common.graph.DirectedGraphConnections$5                              : loaded 4 times (x 68B)
Class dagger.hilt.processor.internal.root.TestRootMetadata                            : loaded 4 times (x 75B)
Class dagger.internal.codegen.binding.SubcomponentCreatorBinding                      : loaded 4 times (x 87B)
Class com.google.common.collect.Maps$Values                                           : loaded 4 times (x 115B)
Class dagger.spi.model.AutoValue_DependencyRequest$Builder                            : loaded 4 times (x 74B)
Class dagger.spi.model.DaggerType                                                     : loaded 4 times (x 71B)
Class dagger.internal.codegen.validation.SpiModelBindingGraphConverter$DaggerTypeImpl : loaded 4 times (x 72B)
Class com.google.common.graph.DirectedGraphConnections$2$2                            : loaded 4 times (x 79B)
Class dagger.internal.codegen.writing.ComponentInstanceRequestRepresentation_Factory  : loaded 4 times (x 69B)
Class dagger.hilt.processor.internal.root.ComponentTreeDepsMetadata                   : loaded 4 times (x 77B)
Class dagger.internal.codegen.componentgenerator.CurrentImplementationSubcomponent_ChildComponentImplementationFactoryModule_ProvideTopLevelImplementationFactory: loaded 4 times (x 79B)
Class com.google.common.graph.EndpointPair$Unordered                                  : loaded 4 times (x 80B)
Class com.google.common.graph.ForwardingGraph                                         : loaded 4 times (x 133B)
Class com.google.common.graph.StandardValueGraph$1                                    : loaded 4 times (x 133B)
Class com.google.common.graph.DirectedGraphConnections$4                              : loaded 4 times (x 80B)
Class dagger.spi.internal.shaded.kotlinx.metadata.internal.metadata.jvm.deserialization.JvmMetadataVersion$Companion: loaded 4 times (x 68B)
Class dagger.internal.codegen.javapoet.Expression                                     : loaded 4 times (x 69B)
Class dagger.internal.codegen.writing.MapRequestRepresentation                        : loaded 4 times (x 71B)
Class [Ldagger.internal.codegen.writing.FrameworkInstanceKind;                        : loaded 4 times (x 66B)
Class dagger.internal.codegen.writing.ProducerNodeInstanceRequestRepresentation_Factory_Impl: loaded 4 times (x 72B)
Class dagger.internal.codegen.validation.AutoValue_SpiModelBindingGraphConverter_DaggerTypeImpl: loaded 4 times (x 73B)
Class dagger.internal.codegen.binding.ErrorMessages                                   : loaded 4 times (x 68B)
Class com.google.common.graph.DirectedGraphConnections$3                              : loaded 4 times (x 134B)
Class dagger.internal.codegen.binding.AutoValue_BindingGraph_TopLevelBindingGraph     : loaded 4 times (x 97B)
Class dagger.spi.internal.shaded.kotlinx.metadata.KmClassifier                        : loaded 4 times (x 68B)
Class dagger.internal.codegen.binding.ComponentDeclarations$Factory                   : loaded 4 times (x 69B)
Class dagger.spi.internal.shaded.kotlinx.metadata.internal.metadata.jvm.JvmProtoBuf$JvmMethodSignature: loaded 4 times (x 105B)
Class dagger.spi.internal.shaded.kotlinx.metadata.internal.metadata.ProtoBuf$TypeTable: loaded 4 times (x 106B)
Class dagger.internal.codegen.writing.ComponentInstanceRequestRepresentation          : loaded 4 times (x 71B)
Class dagger.internal.codegen.validation.ComponentValidator$ElementValidator$ComponentMethodValidator: loaded 4 times (x 70B)
Class dagger.internal.codegen.binding.ComponentBinding                                : loaded 4 times (x 87B)
Class dagger.internal.codegen.writing.ComponentImplementation                         : loaded 4 times (x 69B)
Class dagger.hilt.processor.internal.ComponentDescriptor$Builder                      : loaded 4 times (x 67B)
Class dagger.internal.codegen.writing.ComponentNames                                  : loaded 4 times (x 69B)
Class dagger.internal.codegen.base.OptionalType$OptionalKind                          : loaded 4 times (x 76B)
Class com.google.common.graph.DirectedGraphConnections$2                              : loaded 4 times (x 134B)
Class dagger.spi.internal.shaded.kotlinx.metadata.internal.metadata.jvm.deserialization.JvmProtoBufUtil: loaded 4 times (x 68B)
Class dagger.spi.internal.shaded.kotlinx.metadata.internal.metadata.jvm.JvmProtoBuf$JvmMethodSignature$Builder: loaded 4 times (x 131B)
Class dagger.internal.codegen.binding.AutoValue_BoundInstanceBinding                  : loaded 4 times (x 88B)
Class dagger.internal.codegen.kotlin.KotlinMetadata$FunctionMetadata$Builder          : loaded 4 times (x 78B)
Class dagger.internal.DelegateFactory                                                 : loaded 4 times (x 79B)
Class dagger.internal.codegen.writing.AutoValue_ComponentCreatorImplementation        : loaded 4 times (x 72B)
Class dagger.spi.internal.shaded.androidx.room.compiler.processing.javac.JavacRawType$typeName$2: loaded 4 times (x 76B)
Class dagger.spi.internal.shaded.kotlinx.metadata.internal.metadata.ProtoBuf$Visibility: loaded 4 times (x 79B)
Class dagger.internal.codegen.kotlin.KotlinMetadata$MethodForAnnotations              : loaded 4 times (x 69B)
Class dagger.spi.internal.shaded.kotlinx.metadata.jvm.JvmConstructorExtensionVisitor  : loaded 4 times (x 75B)
Class dagger.internal.codegen.validation.SpiModelBindingGraphConverter$DaggerElementImpl: loaded 4 times (x 72B)
Class dagger.internal.codegen.writing.MembersInjectionMethods$1                       : loaded 4 times (x 68B)
Class dagger.internal.codegen.writing.UnscopedDirectInstanceRequestRepresentationFactory: loaded 4 times (x 69B)
Class dagger.internal.codegen.writing.ProvisionBindingRepresentation                  : loaded 4 times (x 72B)
Class dagger.spi.internal.shaded.kotlinx.metadata.internal.metadata.jvm.JvmProtoBuf$StringTableTypes$Record$Operation: loaded 4 times (x 79B)
Class dagger.internal.codegen.binding.$AutoValue_MultiboundSetBinding$Builder         : loaded 4 times (x 94B)
Class dagger.hilt.processor.internal.aggregateddeps.ComponentDependencies             : loaded 4 times (x 71B)
Class dagger.internal.codegen.writing.ComponentCreatorImplementationFactory$BuilderForGeneratedRootComponentBuilder: loaded 4 times (x 79B)
Class dagger.internal.codegen.writing.ComponentImplementation$TypeSpecKind            : loaded 4 times (x 76B)
Class dagger.internal.codegen.validation.SpiModelBindingGraphConverter$ComponentNodeImpl: loaded 4 times (x 84B)
Class dagger.hilt.processor.internal.kotlin.KotlinMetadataUtil                        : loaded 4 times (x 69B)
Class com.google.common.collect.FilteredKeyMultimap$Entries                           : loaded 4 times (x 128B)
Class dagger.spi.internal.shaded.kotlinx.metadata.jvm.internal.JvmExtensionNodesKt    : loaded 4 times (x 68B)
Class [Ldagger.spi.internal.shaded.kotlinx.metadata.internal.protobuf.Internal$EnumLite;: loaded 4 times (x 66B)
Class dagger.spi.internal.shaded.kotlinx.metadata.internal.metadata.ProtoBuf$ValueParameter$1: loaded 4 times (x 141B)
Class dagger.spi.internal.shaded.kotlinx.metadata.internal.protobuf.ExtensionRegistryLite: loaded 4 times (x 71B)
Class com.google.common.graph.StandardValueGraph                                      : loaded 4 times (x 143B)
Class dagger.hilt.android.processor.internal.androidentrypoint.AndroidEntryPointProcessingStep$1: loaded 4 times (x 68B)
Class jakarta.inject.Provider                                                         : loaded 4 times (x 67B)
Class dagger.spi.internal.shaded.kotlinx.metadata.internal.metadata.jvm.deserialization.BitEncoding: loaded 4 times (x 68B)
Class dagger.spi.internal.shaded.kotlinx.metadata.internal.metadata.jvm.JvmProtoBuf$StringTableTypes$Record: loaded 4 times (x 116B)
Class dagger.hilt.android.processor.internal.androidentrypoint.AndroidEntryPointMetadata$Type: loaded 4 times (x 69B)
Class dagger.spi.internal.shaded.kotlinx.metadata.jvm.JvmTypeExtensionVisitor         : loaded 4 times (x 77B)
Class dagger.internal.codegen.binding.ComponentDeclarations_Factory_Factory           : loaded 4 times (x 79B)
Class dagger.internal.codegen.model.BindingGraph$DependencyEdge                       : loaded 4 times (x 67B)
Class com.google.devtools.ksp.symbol.KSDeclaration                                    : loaded 4 times (x 67B)
Class dagger.internal.codegen.validation.AutoValue_SpiModelBindingGraphConverter_SubcomponentCreatorBindingEdgeImpl: loaded 4 times (x 74B)
Class dagger.internal.codegen.writing.ProducerFromProviderCreationExpression_Factory_Impl: loaded 4 times (x 72B)
Class dagger.internal.codegen.writing.ProducerFromProviderCreationExpression          : loaded 4 times (x 73B)
Class dagger.spi.internal.shaded.kotlinx.metadata.KmTypeExtensionVisitor              : loaded 4 times (x 67B)
Class dagger.spi.internal.shaded.kotlinx.metadata.internal.metadata.ProtoBuf$ConstructorOrBuilder: loaded 4 times (x 67B)
Class dagger.internal.codegen.writing.ProducerEntryPointView                          : loaded 4 times (x 69B)
Class dagger.internal.codegen.writing.DirectInstanceBindingRepresentation$1           : loaded 4 times (x 68B)
Class dagger.internal.codegen.binding.AutoValue_AssistedInjectionAnnotations_AssistedFactoryMetadata: loaded 4 times (x 79B)
Class dagger.internal.codegen.writing.MembersInjectorProviderCreationExpression$Factory: loaded 4 times (x 67B)
Class dagger.internal.codegen.writing.DependencyMethodProviderCreationExpression_Factory: loaded 4 times (x 69B)
Class dagger.internal.codegen.writing.DependencyMethodProducerCreationExpression_Factory_Impl: loaded 4 times (x 72B)
Class dagger.internal.codegen.writing.StaticFactoryInstanceSupplier_Factory_Impl      : loaded 4 times (x 72B)
Class dagger.spi.model.Key$1                                                          : loaded 4 times (x 68B)
Class dagger.internal.codegen.validation.SpiModelBindingGraphConverter$DaggerTypeElementImpl: loaded 4 times (x 72B)
Class dagger.internal.codegen.binding.$AutoValue_InjectionBinding$Builder             : loaded 4 times (x 94B)
Class com.google.common.collect.Collections2$TransformedCollection                    : loaded 4 times (x 115B)
Class dagger.spi.internal.shaded.kotlinx.metadata.internal.metadata.jvm.deserialization.JvmNameResolverKt: loaded 4 times (x 68B)
Class dagger.spi.internal.shaded.kotlinx.metadata.KmFunctionExtensionVisitor          : loaded 4 times (x 67B)
Class com.google.common.collect.FilteredEntrySetMultimap                              : loaded 4 times (x 200B)
Class dagger.spi.internal.shaded.kotlinx.metadata.internal.metadata.ProtoBuf$Modality$1: loaded 4 times (x 71B)
Class dagger.spi.internal.shaded.kotlinx.metadata.jvm.KotlinClassMetadata$Companion   : loaded 4 times (x 68B)
Class [Ldagger.spi.internal.shaded.kotlinx.metadata.internal.metadata.ProtoBuf$TypeParameter$Variance;: loaded 4 times (x 66B)
Class com.google.common.collect.SortedMultiset                                        : loaded 4 times (x 67B)
Class dagger.spi.internal.shaded.kotlinx.metadata.internal.metadata.jvm.JvmProtoBuf$StringTableTypes$Record$1: loaded 4 times (x 141B)
Class dagger.spi.model.DaggerTypeElement                                              : loaded 4 times (x 71B)
Class dagger.internal.codegen.validation.AutoValue_SpiModelBindingGraphConverter_DaggerTypeElementImpl: loaded 4 times (x 73B)
Class dagger.spi.internal.shaded.kotlinx.metadata.internal.metadata.deserialization.TypeTable: loaded 4 times (x 69B)
Class dagger.internal.codegen.writing.AnonymousProviderCreationExpression$Factory     : loaded 4 times (x 67B)
Class [Ldagger.internal.codegen.writing.ComponentImplementation$CompilerMode;         : loaded 4 times (x 66B)
Class dagger.internal.codegen.writing.FrameworkInstanceSupplier                       : loaded 4 times (x 67B)
Class com.google.common.collect.Lists$RandomAccessPartition                           : loaded 4 times (x 197B)
Class com.google.common.graph.GraphConstants$Presence                                 : loaded 4 times (x 76B)
Class dagger.internal.codegen.writing.InjectionMethods$1                              : loaded 4 times (x 68B)
Class com.google.common.graph.Graphs$NodeVisitState                                   : loaded 4 times (x 76B)
Class com.google.common.graph.Traverser$InsertionOrder$2                              : loaded 4 times (x 77B)
Class dagger.spi.internal.shaded.kotlinx.metadata.internal.protobuf.AbstractMessageLite$Builder$LimitedInputStream: loaded 4 times (x 89B)
Class dagger.spi.internal.shaded.kotlinx.metadata.internal.metadata.jvm.JvmProtoBuf$JvmFieldSignatureOrBuilder: loaded 4 times (x 67B)
Class [Ldagger.internal.codegen.writing.ComponentImplementation$TypeSpecKind;         : loaded 4 times (x 66B)
Class dagger.spi.internal.shaded.kotlinx.metadata.KmType                              : loaded 4 times (x 80B)
Class dagger.internal.codegen.writing.ProviderInstanceRequestRepresentation$Factory   : loaded 4 times (x 67B)
Class dagger.internal.codegen.writing.MapFactoryCreationExpression_Factory            : loaded 4 times (x 69B)
Class dagger.internal.codegen.writing.ComponentProvisionRequestRepresentation_Factory_Impl: loaded 4 times (x 72B)
Class dagger.internal.codegen.binding.BindingGraphFactory$LegacyBindingGraph          : loaded 4 times (x 69B)
Class dagger.internal.codegen.binding.SubcomponentCreatorBinding$Builder              : loaded 4 times (x 75B)
Class dagger.internal.codegen.binding.MultiboundMapBinding$Builder                    : loaded 4 times (x 77B)
Class dagger.internal.codegen.binding.AutoValue_ComponentCreatorDescriptor            : loaded 4 times (x 79B)
Class dagger.internal.codegen.binding.ComponentBinding$Builder                        : loaded 4 times (x 75B)
Class dagger.internal.codegen.binding.MultiboundSetBinding$Builder                    : loaded 4 times (x 77B)
Class com.google.common.graph.ImmutableNetwork                                        : loaded 4 times (x 137B)
Class dagger.internal.codegen.kotlin.AutoValue_KotlinMetadata_ClassMetadata           : loaded 4 times (x 76B)
Class dagger.spi.internal.shaded.kotlinx.metadata.internal.metadata.ProtoBuf$Class$1  : loaded 4 times (x 141B)
Class dagger.spi.internal.shaded.kotlinx.metadata.internal.protobuf.SmallSortedMap    : loaded 4 times (x 127B)
Class [Ldagger.spi.internal.shaded.kotlinx.metadata.Flag;                             : loaded 4 times (x 66B)
Class dagger.spi.internal.shaded.androidx.room.jarjarred.kotlinx.metadata.internal.protobuf.GeneratedMessageLite$ExtendableBuilder: loaded 4 times (x 136B)
Class com.google.common.graph.NetworkBuilder                                          : loaded 4 times (x 69B)
Class dagger.internal.codegen.writing.ImmediateFutureRequestRepresentation$Factory    : loaded 4 times (x 67B)
Class dagger.internal.codegen.writing.ComponentNames_Factory                          : loaded 4 times (x 79B)
Class dagger.internal.codegen.writing.ProvisionBindingRepresentation$1                : loaded 4 times (x 68B)
Class dagger.hilt.processor.internal.definecomponent.DefineComponentMetadatas$DefineComponentMetadata: loaded 4 times (x 72B)
Class com.google.common.graph.ImmutableGraph                                          : loaded 4 times (x 135B)
Class com.google.common.graph.DirectedGraphConnections$NodeConnection$Pred            : loaded 4 times (x 69B)
Class com.google.common.graph.Traverser$InsertionOrder$1                              : loaded 4 times (x 77B)
Class dagger.spi.internal.shaded.kotlinx.metadata.jvm.JvmMetadataUtil$annotationImpl$kotlin_Metadata$0: loaded 4 times (x 85B)
Class dagger.spi.internal.shaded.kotlinx.metadata.KmConstructorExtensionVisitor       : loaded 4 times (x 67B)
Class dagger.spi.internal.shaded.kotlinx.metadata.jvm.JvmMemberSignatureKt            : loaded 4 times (x 68B)
Class dagger.internal.codegen.writing.ProducerFactoryGenerator$FutureTransform        : loaded 4 times (x 75B)
Class [Ldagger.spi.internal.shaded.kotlinx.metadata.internal.metadata.ProtoBuf$Visibility;: loaded 4 times (x 66B)
Class dagger.internal.codegen.binding.ComponentRequirement                            : loaded 4 times (x 80B)
Class dagger.internal.codegen.writing.GeneratedImplementation                         : loaded 4 times (x 67B)
Class [Ldagger.internal.codegen.writing.ComponentImplementation$MethodSpecKind;       : loaded 4 times (x 66B)
Class dagger.internal.codegen.validation.SpiModelBindingGraphConverter$DependencyEdgeImpl: loaded 4 times (x 75B)
Class dagger.spi.model.AutoValue_Key                                                  : loaded 4 times (x 77B)
Class dagger.internal.codegen.binding.$AutoValue_AssistedFactoryBinding               : loaded 4 times (x 89B)
Class dagger.internal.codegen.writing.OptionalRequestRepresentation                   : loaded 4 times (x 71B)
Class dagger.internal.codegen.binding.ConfigurationAnnotations                        : loaded 4 times (x 68B)
Class dagger.spi.internal.shaded.kotlinx.metadata.internal.extensions.KmFunctionExtension: loaded 4 times (x 67B)
Class dagger.internal.codegen.kotlin.KotlinMetadata$ClassMetadata$Builder             : loaded 4 times (x 82B)
Class dagger.spi.internal.shaded.kotlinx.metadata.internal.ReadUtilsKt                : loaded 4 times (x 68B)
Class dagger.spi.internal.shaded.kotlinx.metadata.internal.metadata.jvm.JvmProtoBuf$StringTableTypes: loaded 4 times (x 107B)
Class dagger.spi.internal.shaded.kotlinx.metadata.internal.metadata.ProtoBuf$TypeTableOrBuilder: loaded 4 times (x 67B)
Class dagger.spi.model.ComponentPath                                                  : loaded 4 times (x 70B)
Class dagger.spi.model.DaggerElement                                                  : loaded 4 times (x 71B)
Class dagger.internal.codegen.writing.DelegateRequestRepresentation_Factory_Impl      : loaded 4 times (x 72B)
Class dagger.internal.codegen.writing.SetFactoryCreationExpression_Factory_Impl       : loaded 4 times (x 72B)
Class dagger.internal.codegen.writing.ProviderInstanceRequestRepresentation_Factory   : loaded 4 times (x 69B)
Class com.google.common.graph.Traverser$InsertionOrder                                : loaded 4 times (x 77B)
Class dagger.spi.internal.shaded.kotlinx.metadata.internal.protobuf.ByteString$Output : loaded 4 times (x 83B)
Class dagger.spi.internal.shaded.kotlinx.metadata.internal.protobuf.FieldSet          : loaded 4 times (x 69B)
Class dagger.spi.internal.shaded.kotlinx.metadata.internal.metadata.deserialization.VersionRequirementTable$Companion: loaded 4 times (x 68B)
Class dagger.internal.codegen.binding.$AutoValue_InjectionBinding                     : loaded 4 times (x 90B)
Class com.google.common.graph.AbstractNetwork$1                                       : loaded 4 times (x 133B)
Class dagger.spi.internal.shaded.kotlinx.metadata.jvm.internal.JvmClassExtension      : loaded 4 times (x 90B)
Class dagger.internal.codegen.writing.MembersInjectorProviderCreationExpression_Factory: loaded 4 times (x 69B)
Class dagger.internal.codegen.writing.UnscopedFrameworkInstanceCreationExpressionFactory_Factory: loaded 4 times (x 79B)
Class dagger.internal.codegen.xprocessing.JavaPoetExt                                 : loaded 4 times (x 68B)
Class dagger.internal.codegen.validation.ComponentDescriptorValidator$ComponentValidation: loaded 4 times (x 69B)
Class dagger.internal.codegen.binding.BindingNode                                     : loaded 4 times (x 105B)
Class com.google.common.collect.FilteredMultimap                                      : loaded 4 times (x 67B)
Class dagger.internal.codegen.binding.$AutoValue_MultiboundMapBinding$Builder         : loaded 4 times (x 94B)
Class dagger.internal.codegen.writing.ProviderInstanceRequestRepresentation           : loaded 4 times (x 73B)
Class dagger.internal.codegen.writing.AssistedFactoryRequestRepresentation_Factory_Impl: loaded 4 times (x 72B)
Class dagger.spi.model.$AutoValue_ComponentPath                                       : loaded 4 times (x 71B)
Class dagger.internal.codegen.writing.OptionalFactoryInstanceCreationExpression$Factory: loaded 4 times (x 67B)
Class dagger.internal.codegen.binding.AutoValue_AssistedInjectionBinding              : loaded 4 times (x 91B)
Class dagger.internal.codegen.binding.DependencyEdgeImpl                              : loaded 4 times (x 73B)
Class com.google.common.collect.FilteredKeySetMultimap                                : loaded 4 times (x 199B)
Class com.google.common.collect.FilteredKeyMultimap                                   : loaded 4 times (x 151B)
Class dagger.internal.codegen.base.ComponentKind                                      : loaded 4 times (x 76B)
Class dagger.spi.internal.shaded.kotlinx.metadata.internal.metadata.ProtoBuf$Constructor$1: loaded 4 times (x 141B)
Class dagger.spi.internal.shaded.kotlinx.metadata.internal.metadata.ProtoBuf$Function$1: loaded 4 times (x 141B)
Class com.google.common.collect.FilteredKeySetMultimap$EntrySet                       : loaded 4 times (x 146B)
Class com.google.common.base.Predicates$InPredicate                                   : loaded 4 times (x 85B)
Class dagger.internal.codegen.binding.BindingGraphConverter_Factory$InstanceHolder    : loaded 4 times (x 68B)
Class dagger.internal.codegen.writing.OptionalRequestRepresentation_Factory_Impl      : loaded 4 times (x 72B)
Class dagger.internal.codegen.validation.AutoValue_SpiModelBindingGraphConverter_DaggerAnnotationImpl: loaded 4 times (x 74B)
Class dagger.internal.codegen.writing.InjectionMethods$InjectionSiteMethod            : loaded 4 times (x 68B)
Class dagger.internal.codegen.javapoet.ExpressionType                                 : loaded 4 times (x 69B)
Class dagger.internal.MapBuilder                                                      : loaded 4 times (x 69B)
Class dagger.internal.codegen.writing.SimpleMethodRequestRepresentation$1             : loaded 4 times (x 68B)
Class dagger.hilt.android.processor.internal.androidentrypoint.AndroidEntryPointMetadata$AndroidType: loaded 4 times (x 76B)
Class com.google.common.graph.Graph                                                   : loaded 4 times (x 67B)
Class com.google.common.graph.StandardMutableValueGraph                               : loaded 4 times (x 171B)
Class com.google.common.graph.DirectedGraphConnections$3$2                            : loaded 4 times (x 79B)
Class dagger.spi.internal.shaded.kotlinx.metadata.internal.protobuf.SmallSortedMap$EmptySet: loaded 4 times (x 68B)
Class dagger.spi.internal.shaded.kotlinx.metadata.internal.metadata.ProtoBuf$ValueParameter: loaded 4 times (x 125B)
Class com.google.common.collect.Lists$TwoPlusArrayList                                : loaded 4 times (x 196B)
Class com.google.common.collect.StandardTable                                         : loaded 4 times (x 121B)
Class dagger.spi.model.Key$Builder                                                    : loaded 4 times (x 73B)
Class dagger.internal.codegen.writing.ProviderInstanceSupplier_Factory_Impl           : loaded 4 times (x 72B)
Class dagger.spi.internal.shaded.kotlinx.metadata.KmFunction                          : loaded 4 times (x 79B)
Class dagger.internal.codegen.writing.OptionalFactoryInstanceCreationExpression_Factory_Impl: loaded 4 times (x 72B)
Class dagger.internal.codegen.binding.ComponentRequirement$NullPolicy                 : loaded 4 times (x 76B)
Class dagger.internal.codegen.binding.$AutoValue_SubcomponentCreatorBinding           : loaded 4 times (x 88B)
Class dagger.internal.codegen.componentgenerator.CurrentImplementationSubcomponent_ChildComponentImplementationFactoryModule_ProvideChildComponentImplementationFactoryFactory: loaded 4 times (x 79B)
Class dagger.internal.codegen.writing.DelegatingFrameworkInstanceCreationExpression_Factory: loaded 4 times (x 69B)
Class dagger.internal.codegen.writing.DirectInstanceBindingRepresentation_Factory     : loaded 4 times (x 69B)
Class dagger.spi.internal.shaded.kotlinx.metadata.KmConstructorVisitor                : loaded 4 times (x 73B)
Class dagger.spi.model.DaggerExecutableElement                                        : loaded 4 times (x 71B)
Class dagger.internal.codegen.writing.StaticFactoryInstanceSupplier                   : loaded 4 times (x 72B)
Class com.google.common.graph.AbstractNetwork                                         : loaded 4 times (x 136B)
Class com.google.common.graph.DirectedGraphConnections$3$1                            : loaded 4 times (x 79B)
Class dagger.spi.internal.shaded.kotlinx.metadata.internal.metadata.ProtoBuf$Contract$1: loaded 4 times (x 141B)
Class dagger.spi.internal.shaded.kotlinx.metadata.internal.metadata.jvm.deserialization.JvmMemberSignature$Method: loaded 4 times (x 72B)
Class dagger.internal.codegen.writing.FrameworkInstanceBindingRepresentation_Factory_Impl: loaded 4 times (x 72B)
Class dagger.internal.codegen.writing.ComponentMethodRequestRepresentation_Factory    : loaded 4 times (x 69B)
Class dagger.internal.codegen.DaggerDelegateComponentProcessor_Injector$TopLevelImplementationComponentImpl: loaded 4 times (x 72B)
Class dagger.hilt.processor.internal.root.RootGenerator                               : loaded 4 times (x 69B)
Class dagger.internal.codegen.validation.$AutoValue_SpiModelBindingGraphConverter_BindingGraphImpl: loaded 4 times (x 93B)
Class dagger.spi.internal.shaded.kotlinx.metadata.internal.protobuf.InvalidProtocolBufferException: loaded 4 times (x 81B)
Class com.google.common.graph.AbstractGraph                                           : loaded 4 times (x 132B)
Class dagger.internal.codegen.writing.MembersInjectionBindingRepresentation_Factory_Impl: loaded 4 times (x 72B)
Class dagger.internal.codegen.writing.ComponentRequirementRequestRepresentation$Factory: loaded 4 times (x 69B)
Class dagger.internal.codegen.writing.ComponentRequirementRequestRepresentation_Factory_Impl: loaded 4 times (x 70B)
Class dagger.internal.codegen.componentgenerator.CurrentImplementationSubcomponent    : loaded 4 times (x 67B)
Class dagger.spi.internal.shaded.kotlinx.metadata.internal.protobuf.LiteralByteString : loaded 4 times (x 109B)
Class dagger.hilt.processor.internal.definecomponent.AutoValue_DefineComponentMetadatas_DefineComponentMetadata: loaded 4 times (x 73B)
Class dagger.spi.internal.shaded.kotlinx.metadata.internal.metadata.ProtoBuf$Annotation: loaded 4 times (x 106B)
Class dagger.spi.internal.shaded.kotlinx.metadata.jvm.JvmTypeExtensionVisitor$Companion: loaded 4 times (x 68B)
Class dagger.internal.codegen.kotlin.AutoValue_KotlinMetadata_ClassMetadata$Builder   : loaded 4 times (x 83B)
Class dagger.spi.internal.shaded.kotlinx.metadata.jvm.JvmFieldSignature               : loaded 4 times (x 72B)
Class dagger.spi.internal.shaded.kotlinx.metadata.KmValueParameter                    : loaded 4 times (x 74B)
Class dagger.spi.internal.shaded.androidx.room.jarjarred.kotlinx.metadata.internal.metadata.ProtoBuf$Property$Builder: loaded 4 times (x 171B)
Class dagger.internal.codegen.writing.SwitchingProviderInstanceSupplier               : loaded 4 times (x 72B)
Class dagger.internal.codegen.writing.ImmediateFutureRequestRepresentation            : loaded 4 times (x 71B)
Class dagger.internal.codegen.writing.RequestRepresentation                           : loaded 4 times (x 70B)
Class dagger.internal.codegen.writing.SimpleMethodRequestRepresentation_Factory       : loaded 4 times (x 69B)
Class com.google.devtools.ksp.symbol.KSExpectActual                                   : loaded 4 times (x 67B)
Class [Ldagger.internal.codegen.base.ComponentKind;                                   : loaded 4 times (x 66B)
Class dagger.internal.codegen.kotlin.KotlinMetadata$ValueParameterMetadata            : loaded 4 times (x 71B)
Class dagger.internal.codegen.binding.ErrorMessages$BuilderMessages                   : loaded 4 times (x 78B)
Class com.google.common.graph.DirectedMultiNetworkConnections$1                       : loaded 4 times (x 134B)
Class dagger.internal.codegen.kotlin.KotlinMetadata$FunctionMetadata                  : loaded 4 times (x 73B)
Class dagger.spi.internal.shaded.kotlinx.metadata.jvm.internal.JvmFunctionExtension   : loaded 4 times (x 82B)
Class dagger.spi.internal.shaded.kotlinx.metadata.internal.metadata.deserialization.VersionRequirementTable: loaded 4 times (x 69B)
Class dagger.spi.internal.shaded.kotlinx.metadata.internal.protobuf.MessageLite$Builder: loaded 4 times (x 67B)
Class dagger.internal.codegen.writing.SubcomponentCreatorRequestRepresentation$Factory: loaded 4 times (x 67B)
Class dagger.internal.codegen.writing.MembersInjectorProviderCreationExpression_Factory_Impl: loaded 4 times (x 72B)
Class dagger.hilt.android.processor.internal.androidentrypoint.Generators             : loaded 4 times (x 68B)
Class dagger.internal.codegen.writing.ProvisionBindingRepresentation_Factory_Impl     : loaded 4 times (x 72B)
Class dagger.internal.codegen.binding.DependencyRequestFactory$1                      : loaded 4 times (x 68B)
Class dagger.internal.codegen.binding.ComponentRequirement$1                          : loaded 4 times (x 68B)
Class dagger.spi.internal.shaded.kotlinx.metadata.jvm.JvmPropertyExtensionVisitor     : loaded 4 times (x 79B)
Class dagger.spi.internal.shaded.kotlinx.metadata.KmConstructor                       : loaded 4 times (x 74B)
Class dagger.spi.internal.shaded.kotlinx.metadata.internal.protobuf.AbstractMessageLite$Builder: loaded 4 times (x 119B)
Class dagger.spi.internal.shaded.kotlinx.metadata.internal.metadata.jvm.deserialization.JvmNameResolver: loaded 4 times (x 77B)
Class dagger.hilt.processor.internal.kotlin.KotlinMetadataUtils                       : loaded 4 times (x 68B)
Class com.google.common.graph.AbstractBaseGraph                                       : loaded 4 times (x 111B)
Class dagger.internal.codegen.binding.BindingGraph                                    : loaded 4 times (x 76B)
Class dagger.internal.codegen.writing.BindingRepresentations                          : loaded 4 times (x 68B)
Class dagger.internal.codegen.writing.ComponentImplementation$MethodSpecKind          : loaded 4 times (x 76B)
Class dagger.internal.codegen.writing.MembersInjectionRequestRepresentation_Factory   : loaded 4 times (x 69B)
Class dagger.spi.model.BindingGraph$SubcomponentCreatorBindingEdge                    : loaded 4 times (x 67B)
Class com.google.common.collect.FilteredMultimapValues                                : loaded 4 times (x 115B)
Class com.google.common.collect.HashBasedTable$Factory                                : loaded 4 times (x 76B)
Class com.google.common.graph.MutableNetwork                                          : loaded 4 times (x 67B)
Class dagger.spi.internal.shaded.kotlinx.metadata.internal.protobuf.FieldSet$1        : loaded 4 times (x 68B)
Class com.google.common.graph.DirectedGraphConnections$NodeConnection$Succ            : loaded 4 times (x 69B)
Class dagger.internal.codegen.binding.$AutoValue_DelegateBinding                      : loaded 4 times (x 90B)
Class dagger.internal.codegen.validation.ComponentValidator$ElementValidator          : loaded 4 times (x 70B)
Class dagger.internal.codegen.binding.AutoValue_ComponentRequirement                  : loaded 4 times (x 80B)
Class com.google.common.graph.StandardMutableNetwork                                  : loaded 4 times (x 171B)
Class dagger.internal.codegen.validation.AutoValue_SpiModelBindingGraphConverter_ComponentNodeImpl: loaded 4 times (x 85B)
Class dagger.spi.model.$AutoValue_Key$Builder                                         : loaded 4 times (x 75B)
Class dagger.internal.codegen.writing.ProducerNodeInstanceRequestRepresentation_Factory: loaded 4 times (x 69B)
Class dagger.spi.internal.shaded.kotlinx.metadata.FlagsKt                             : loaded 4 times (x 68B)
Class [Ldagger.hilt.android.processor.internal.androidentrypoint.AndroidEntryPointMetadata$AndroidType;: loaded 4 times (x 66B)
Class dagger.internal.codegen.writing.ProducerFactoryGenerator$NoArgFutureTransform   : loaded 4 times (x 75B)
Class dagger.spi.internal.shaded.kotlinx.metadata.internal.protobuf.GeneratedMessageLite$ExtendableMessage: loaded 4 times (x 110B)
Class dagger.spi.internal.shaded.kotlinx.metadata.internal.protobuf.ByteString        : loaded 4 times (x 105B)
Class dagger.spi.internal.shaded.kotlinx.metadata.internal.metadata.ProtoBuf$ClassOrBuilder: loaded 4 times (x 67B)
Class dagger.spi.internal.shaded.kotlinx.metadata.internal.metadata.ProtoBuf$Class$Kind: loaded 4 times (x 79B)
Class [Ldagger.spi.internal.shaded.kotlinx.metadata.internal.metadata.ProtoBuf$MemberKind;: loaded 4 times (x 66B)
Class dagger.spi.internal.shaded.kotlinx.metadata.internal.protobuf.GeneratedMessageLite$ExtendableBuilder: loaded 4 times (x 136B)
Class dagger.internal.codegen.writing.ComponentCreatorImplementationFactory_Factory   : loaded 4 times (x 79B)
Class dagger.internal.codegen.componentgenerator.CurrentImplementationSubcomponent$Builder: loaded 4 times (x 67B)
Class com.google.common.graph.Traverser$Traversal$4                                   : loaded 4 times (x 79B)
Class dagger.internal.codegen.writing.AssistedInjectionParameters                     : loaded 4 times (x 68B)
Class dagger.internal.codegen.writing.ComponentMethodRequestRepresentation$Factory    : loaded 4 times (x 67B)
Class dagger.hilt.processor.internal.aggregateddeps.AutoValue_ComponentDependencies   : loaded 4 times (x 72B)
Class dagger.internal.codegen.writing.FrameworkInstanceKind$1                         : loaded 4 times (x 68B)
Class dagger.internal.codegen.writing.InstanceFactoryCreationExpression               : loaded 4 times (x 74B)
Class dagger.internal.codegen.writing.UnscopedFrameworkInstanceCreationExpressionFactory$1: loaded 4 times (x 68B)
Class dagger.internal.codegen.validation.SpiModelBindingGraphConverter$BindingGraphImpl: loaded 4 times (x 92B)
Class com.google.common.collect.HashBasedTable                                        : loaded 4 times (x 121B)
Class dagger.hilt.android.processor.internal.androidentrypoint.AndroidEntryPointMetadata: loaded 4 times (x 88B)
Class dagger.spi.internal.shaded.kotlinx.metadata.jvm.JvmPropertyExtensionVisitor$Companion: loaded 4 times (x 68B)
Class dagger.spi.internal.shaded.kotlinx.metadata.internal.metadata.jvm.JvmProtoBuf$JvmPropertySignature$Builder: loaded 4 times (x 138B)
Class dagger.spi.internal.shaded.kotlinx.metadata.internal.metadata.ProtoBuf$Package$1: loaded 4 times (x 141B)
Class dagger.spi.internal.shaded.kotlinx.metadata.internal.protobuf.GeneratedMessageLite$GeneratedExtension: loaded 4 times (x 76B)
Class dagger.spi.internal.shaded.kotlinx.metadata.internal.extensions.MetadataExtensions$Companion$INSTANCES$2: loaded 4 times (x 75B)
Class dagger.spi.internal.shaded.kotlinx.metadata.internal.extensions.MetadataExtensions: loaded 4 times (x 67B)
Class com.google.common.graph.DirectedGraphConnections$NodeConnection                 : loaded 4 times (x 69B)
Class com.google.common.graph.Traverser$Traversal$3                                   : loaded 4 times (x 79B)
Class dagger.spi.internal.shaded.kotlinx.metadata.KmClass                             : loaded 4 times (x 95B)
Class [Lcom.google.common.graph.Traverser$InsertionOrder;                             : loaded 4 times (x 66B)
Class com.google.common.graph.IncidentEdgeSet                                         : loaded 4 times (x 133B)
Class dagger.spi.internal.shaded.kotlinx.metadata.internal.protobuf.GeneratedMessageLite$ExtensionDescriptor: loaded 4 times (x 81B)
Class dagger.spi.internal.shaded.kotlinx.metadata.internal.metadata.ProtoBuf$Type$1   : loaded 4 times (x 141B)
Class dagger.spi.internal.shaded.kotlinx.metadata.internal.extensions.KmTypeExtension : loaded 4 times (x 67B)
Class dagger.internal.codegen.binding.ComponentNodeImpl                               : loaded 4 times (x 82B)
Class dagger.internal.codegen.model.BindingGraph$ChildFactoryMethodEdge               : loaded 4 times (x 67B)
Class dagger.internal.codegen.writing.MapRequestRepresentation_Factory_Impl           : loaded 4 times (x 72B)
Class dagger.internal.codegen.writing.DerivedFromFrameworkInstanceRequestRepresentation_Factory_Impl: loaded 4 times (x 72B)
Class dagger.internal.codegen.writing.SwitchingProviderInstanceSupplier_Factory_Impl  : loaded 4 times (x 72B)
Class dagger.internal.codegen.writing.DependencyMethodProducerCreationExpression_Factory: loaded 4 times (x 69B)
Class com.google.common.collect.Lists$OnePlusArrayList                                : loaded 4 times (x 196B)
Class dagger.internal.codegen.writing.ComponentRequirementExpressions$ComponentParameterField: loaded 4 times (x 78B)
Class dagger.internal.codegen.writing.ComponentProvisionRequestRepresentation_Factory : loaded 4 times (x 69B)
Class dagger.internal.codegen.writing.MembersInjectionBindingRepresentation_Factory   : loaded 4 times (x 69B)
Class dagger.internal.codegen.validation.AutoValue_SpiModelBindingGraphConverter_DaggerExecutableElementImpl: loaded 4 times (x 73B)
Class dagger.spi.model.DependencyRequest                                              : loaded 4 times (x 72B)
Class dagger.internal.codegen.binding.$AutoValue_SubcomponentCreatorBinding$Builder   : loaded 4 times (x 90B)
Class dagger.internal.codegen.writing.ProviderInstanceSupplier$Factory                : loaded 4 times (x 67B)
Class com.google.common.graph.Traverser$5                                             : loaded 4 times (x 77B)
Class dagger.internal.codegen.writing.ProvisionBindingRepresentation_Factory          : loaded 4 times (x 69B)
Class dagger.spi.internal.shaded.kotlinx.metadata.internal.protobuf.RopeByteString    : loaded 4 times (x 107B)
Class dagger.spi.internal.shaded.kotlinx.metadata.internal.metadata.ProtoBuf$TypeParameter$Variance: loaded 4 times (x 79B)
Class dagger.spi.internal.shaded.kotlinx.metadata.internal.protobuf.AbstractMessageLite: loaded 4 times (x 95B)
Class dagger.internal.codegen.writing.PrivateMethodRequestRepresentation              : loaded 4 times (x 75B)
Class dagger.hilt.processor.internal.aggregateddeps.AggregatedDepsMetadata$DependencyType: loaded 4 times (x 76B)
Class [Lcom.google.common.graph.Graphs$NodeVisitState;                                : loaded 4 times (x 66B)
Class dagger.hilt.android.processor.internal.androidentrypoint.ApplicationGenerator   : loaded 4 times (x 69B)
Class com.google.common.graph.EndpointPairIterator$Undirected                         : loaded 4 times (x 79B)
Class dagger.hilt.processor.internal.root.RootMetadata                                : loaded 4 times (x 69B)
Class dagger.hilt.processor.internal.definecomponent.AutoValue_DefineComponentBuilderMetadatas_DefineComponentBuilderMetadata: loaded 4 times (x 72B)
Class com.google.common.graph.Traverser$Traversal$2                                   : loaded 4 times (x 71B)
Class dagger.spi.internal.shaded.kotlinx.metadata.internal.metadata.ProtoBuf$Property$1: loaded 4 times (x 141B)
Class dagger.internal.codegen.binding.$AutoValue_SubcomponentDeclaration              : loaded 4 times (x 75B)
Class dagger.internal.codegen.binding.AutoValue_AssistedFactoryBinding                : loaded 4 times (x 90B)
Class dagger.internal.codegen.binding.MethodSignature                                 : loaded 4 times (x 71B)
Class dagger.internal.codegen.binding.AutoValue_ComponentNodeImpl                     : loaded 4 times (x 83B)
Class dagger.internal.codegen.writing.StaticFactoryInstanceSupplier$Factory           : loaded 4 times (x 67B)
Class dagger.internal.codegen.writing.AnonymousProviderCreationExpression_Factory_Impl: loaded 4 times (x 72B)
Class dagger.internal.codegen.writing.OptionalFactories_Factory                       : loaded 4 times (x 79B)
Class dagger.hilt.processor.internal.kotlin.DaggerKotlinMetadataUtils_MetadataComponent$Builder: loaded 4 times (x 68B)
Class dagger.hilt.processor.internal.AggregatedElements                               : loaded 4 times (x 68B)
Class com.google.common.graph.Traverser$Traversal$1                                   : loaded 4 times (x 71B)
Class dagger.hilt.processor.internal.root.RootFileFormatter                           : loaded 4 times (x 68B)
Class dagger.spi.internal.shaded.kotlinx.metadata.internal.metadata.ProtoBuf$PropertyOrBuilder: loaded 4 times (x 67B)
Class dagger.internal.codegen.writing.ComponentInstanceRequestRepresentation$Factory  : loaded 4 times (x 67B)
Class dagger.spi.internal.shaded.kotlinx.metadata.internal.metadata.ProtoBuf$Property$Builder: loaded 4 times (x 171B)
Class com.google.common.collect.Maps$AsMapView$1EntrySetImpl                          : loaded 4 times (x 135B)
Class dagger.spi.internal.shaded.kotlinx.metadata.internal.protobuf.CodedOutputStream$OutOfSpaceException: loaded 4 times (x 79B)
Class dagger.internal.codegen.binding.InjectionBinding$Builder                        : loaded 4 times (x 77B)
Class dagger.spi.internal.shaded.kotlinx.metadata.internal.protobuf.WireFormat$FieldType$1: loaded 4 times (x 80B)
Class [Ldagger.spi.internal.shaded.kotlinx.metadata.internal.metadata.ProtoBuf$Modality;: loaded 4 times (x 66B)
Class dagger.internal.codegen.binding.$AutoValue_MultiboundSetBinding                 : loaded 4 times (x 88B)
Class dagger.internal.codegen.binding.DelegateBinding$Builder                         : loaded 4 times (x 79B)
Class dagger.spi.internal.shaded.kotlinx.metadata.internal.metadata.jvm.JvmProtoBuf$JvmMethodSignatureOrBuilder: loaded 4 times (x 67B)
Class dagger.spi.internal.shaded.kotlinx.metadata.internal.metadata.ProtoBuf$MemberKind$1: loaded 4 times (x 71B)
Class dagger.internal.codegen.writing.OptionalRequestRepresentation$Factory           : loaded 4 times (x 67B)
Class com.google.common.collect.Lists$Partition                                       : loaded 4 times (x 197B)
Class dagger.internal.codegen.writing.ProviderInstanceSupplier                        : loaded 4 times (x 72B)
Class dagger.internal.codegen.validation.ComponentCreatorValidator$ElementValidator   : loaded 4 times (x 69B)
Class dagger.hilt.processor.internal.definecomponent.DefineComponentMetadatas         : loaded 4 times (x 69B)
Class dagger.hilt.processor.internal.definecomponent.DefineComponentClassesMetadata   : loaded 4 times (x 72B)
Class dagger.spi.internal.shaded.kotlinx.metadata.internal.protobuf.AbstractParser    : loaded 4 times (x 141B)
Class dagger.internal.codegen.binding.InjectionBinding                                : loaded 4 times (x 89B)
Class dagger.spi.internal.shaded.kotlinx.metadata.KmExtensionType                     : loaded 4 times (x 69B)
Class dagger.spi.internal.shaded.kotlinx.metadata.internal.metadata.ProtoBuf$Package  : loaded 4 times (x 126B)
Class dagger.internal.codegen.binding.$AutoValue_ComponentBinding$Builder             : loaded 4 times (x 90B)
Class com.google.common.base.Utf8                                                     : loaded 4 times (x 68B)
Class dagger.internal.codegen.writing.FrameworkInstanceBindingRepresentation$Factory  : loaded 4 times (x 67B)
Class dagger.internal.codegen.writing.ComponentCreatorImplementation                  : loaded 4 times (x 71B)
Class dagger.internal.codegen.writing.ProducerFactoryGenerator$SingleArgFutureTransform: loaded 4 times (x 75B)
Class dagger.internal.codegen.writing.ComponentRequestRepresentations_Factory         : loaded 4 times (x 79B)
Class dagger.hilt.android.processor.internal.androidentrypoint.$AutoValue_AndroidEntryPointMetadata: loaded 4 times (x 89B)
Class dagger.internal.codegen.binding.$AutoValue_AssistedInjectionAnnotations_AssistedFactoryMetadata: loaded 4 times (x 79B)
Class dagger.internal.codegen.writing.MapFactoryCreationExpression_Factory_Impl       : loaded 4 times (x 72B)
Class dagger.internal.codegen.writing.ComponentWrapperImplementation_Factory          : loaded 4 times (x 79B)
Class dagger.internal.codegen.writing.ImmediateFutureRequestRepresentation_Factory    : loaded 4 times (x 69B)
Class com.google.common.graph.GraphConnections                                        : loaded 4 times (x 67B)
Class dagger.internal.codegen.kotlin.KotlinMetadata$PropertyMetadata                  : loaded 4 times (x 74B)
Class dagger.internal.codegen.kotlin.KotlinMetadata$BaseMetadata                      : loaded 4 times (x 71B)
Class com.google.common.graph.DirectedGraphConnections                                : loaded 4 times (x 80B)
Class dagger.spi.internal.shaded.kotlinx.metadata.internal.protobuf.WireFormat$FieldType: loaded 4 times (x 80B)
Class dagger.spi.internal.shaded.kotlinx.metadata.internal.metadata.ProtoBuf$TypeTable$1: loaded 4 times (x 141B)
Class dagger.spi.internal.shaded.kotlinx.metadata.internal.metadata.ProtoBuf$AnnotationOrBuilder: loaded 4 times (x 67B)
Class dagger.spi.internal.shaded.kotlinx.metadata.jvm.internal.JvmConstructorExtension: loaded 4 times (x 80B)
Class dagger.hilt.processor.internal.uninstallmodules.AutoValue_AggregatedUninstallModulesMetadata: loaded 4 times (x 72B)
Class [Lcom.google.common.graph.ElementOrder$Type;                                    : loaded 4 times (x 66B)
Class dagger.hilt.processor.internal.AutoValue_ComponentDescriptor                    : loaded 4 times (x 74B)
Class dagger.hilt.processor.internal.ComponentNames                                   : loaded 4 times (x 69B)
Class dagger.spi.internal.shaded.kotlinx.metadata.internal.metadata.deserialization.Flags: loaded 4 times (x 68B)
Class dagger.internal.codegen.writing.UnscopedDirectInstanceRequestRepresentationFactory_Factory: loaded 4 times (x 79B)
Class com.google.common.collect.AbstractTable                                         : loaded 4 times (x 117B)
Class dagger.hilt.processor.internal.definecomponent.DefineComponents                 : loaded 4 times (x 69B)
Class com.google.common.graph.AbstractBaseGraph$1                                     : loaded 4 times (x 134B)
Class dagger.internal.codegen.writing.SubcomponentCreatorRequestRepresentation_Factory_Impl: loaded 4 times (x 72B)
Class dagger.spi.internal.shaded.kotlinx.metadata.internal.protobuf.MessageLiteOrBuilder: loaded 4 times (x 67B)
Class dagger.spi.internal.shaded.kotlinx.metadata.internal.protobuf.RopeByteString$RopeInputStream: loaded 4 times (x 89B)
Class dagger.internal.codegen.validation.AutoValue_SpiModelBindingGraphConverter_BindingNodeImpl: loaded 4 times (x 102B)
Class dagger.internal.codegen.binding.ErrorMessages$FactoryMessages                   : loaded 4 times (x 78B)
Class dagger.internal.codegen.binding.ComponentDependencyProductionBinding            : loaded 4 times (x 87B)
Class dagger.spi.internal.shaded.kotlinx.metadata.internal.metadata.ProtoBuf$MemberKind: loaded 4 times (x 79B)
Class dagger.internal.codegen.binding.BindingNode_Factory_Factory                     : loaded 4 times (x 79B)
Class dagger.spi.internal.shaded.kotlinx.metadata.internal.extensions.MetadataExtensions$Companion: loaded 4 times (x 68B)
Class dagger.spi.internal.shaded.kotlinx.metadata.internal.metadata.jvm.JvmProtoBuf$JvmFieldSignature: loaded 4 times (x 105B)
Class dagger.spi.internal.shaded.kotlinx.metadata.internal.metadata.ProtoBuf$VersionRequirementTable: loaded 4 times (x 104B)
Class dagger.spi.internal.shaded.kotlinx.metadata.internal.ReadContext                : loaded 4 times (x 69B)
Class dagger.spi.internal.shaded.kotlinx.metadata.internal.extensions.KmConstructorExtension: loaded 4 times (x 67B)
Class dagger.internal.codegen.writing.ComponentRequirementExpression                  : loaded 4 times (x 67B)
Class dagger.internal.codegen.binding.ErrorMessages$1                                 : loaded 4 times (x 68B)
Class dagger.internal.codegen.writing.FrameworkInstanceBindingRepresentation_Factory  : loaded 4 times (x 69B)
Class dagger.spi.model.Key                                                            : loaded 4 times (x 75B)
Class dagger.internal.codegen.validation.AutoValue_SpiModelBindingGraphConverter_BindingGraphImpl: loaded 4 times (x 93B)
Class dagger.spi.model.BindingGraph                                                   : loaded 4 times (x 91B)
Class com.google.common.collect.AbstractMultimap$EntrySet                             : loaded 4 times (x 135B)
Class dagger.internal.codegen.binding.AutoValue_ResolvedBindings                      : loaded 4 times (x 74B)
Class dagger.spi.internal.shaded.kotlinx.metadata.KmValueParameterVisitor             : loaded 4 times (x 73B)
Class dagger.spi.internal.shaded.kotlinx.metadata.internal.protobuf.Internal$EnumLiteMap: loaded 4 times (x 67B)
Class dagger.spi.internal.shaded.kotlinx.metadata.internal.protobuf.GeneratedMessageLite: loaded 4 times (x 98B)
Class dagger.spi.internal.shaded.kotlinx.metadata.internal.extensions.KmExtension     : loaded 4 times (x 67B)
Class dagger.spi.internal.shaded.kotlinx.metadata.internal.metadata.ProtoBuf$Class$Kind$1: loaded 4 times (x 71B)
Class dagger.internal.codegen.writing.MembersInjectionBindingRepresentation$Factory   : loaded 4 times (x 67B)
Class dagger.internal.codegen.writing.ComponentProvisionRequestRepresentation$Factory : loaded 4 times (x 67B)
Class dagger.internal.codegen.writing.ComponentMethodRequestRepresentation            : loaded 4 times (x 75B)
Class dagger.spi.internal.shaded.kotlinx.metadata.jvm.JvmConstructorExtensionVisitor$Companion: loaded 4 times (x 68B)
Class dagger.spi.internal.shaded.kotlinx.metadata.internal.protobuf.UninitializedMessageException: loaded 4 times (x 81B)
Class dagger.spi.internal.shaded.kotlinx.metadata.KmExtensionVisitor                  : loaded 4 times (x 67B)
Class dagger.spi.internal.shaded.kotlinx.metadata.internal.metadata.ProtoBuf$Constructor: loaded 4 times (x 121B)
Class dagger.hilt.processor.internal.aggregateddeps.ComponentDependencies$Builder     : loaded 4 times (x 72B)
Class com.google.common.graph.EndpointPairIterator                                    : loaded 4 times (x 79B)
Class com.google.common.graph.MapIteratorCache$1                                      : loaded 4 times (x 134B)
Class com.google.common.graph.StandardMutableGraph                                    : loaded 4 times (x 157B)
Class dagger.spi.internal.shaded.kotlinx.metadata.internal.metadata.jvm.JvmProtoBuf$JvmPropertySignatureOrBuilder: loaded 4 times (x 67B)
Class dagger.internal.codegen.binding.ComponentDependencyProvisionBinding             : loaded 4 times (x 87B)
Class dagger.internal.codegen.binding.BindingRequest                                  : loaded 4 times (x 71B)
Class dagger.spi.internal.shaded.kotlinx.metadata.internal.metadata.deserialization.Flags$BooleanFlagField: loaded 4 times (x 73B)
Class dagger.internal.codegen.bindinggraphvalidation.DuplicateBindingsValidator$BindingWithoutComponent: loaded 4 times (x 72B)
Class dagger.internal.codegen.writing.MemberSelect$LocalField                         : loaded 4 times (x 72B)
Class dagger.internal.codegen.writing.UnscopedFrameworkInstanceCreationExpressionFactory: loaded 4 times (x 69B)
Class dagger.internal.codegen.validation.ComponentCreatorValidator$1                  : loaded 4 times (x 68B)
Class dagger.hilt.processor.internal.aggregateddeps.AggregatedDepsMetadata            : loaded 4 times (x 75B)
Class com.google.common.graph.ElementOrder$Type                                       : loaded 4 times (x 76B)
Class dagger.hilt.processor.internal.aggregateddeps.AutoValue_AggregatedDepsMetadata  : loaded 4 times (x 76B)
Class dagger.spi.internal.shaded.kotlinx.metadata.internal.metadata.jvm.deserialization.JvmMetadataVersion: loaded 4 times (x 70B)
Class dagger.spi.internal.shaded.kotlinx.metadata.internal.protobuf.WireFormat$FieldType$2: loaded 4 times (x 80B)
Class dagger.internal.codegen.writing.SwitchingProviderInstanceSupplier_Factory       : loaded 4 times (x 69B)
Class com.google.common.graph.StandardNetwork                                         : loaded 4 times (x 137B)
Class dagger.spi.internal.shaded.kotlinx.metadata.internal.protobuf.SmallSortedMap$EmptySet$2: loaded 4 times (x 75B)
Class dagger.spi.internal.shaded.kotlinx.metadata.internal.metadata.ProtoBuf$PackageOrBuilder: loaded 4 times (x 67B)
Class dagger.internal.codegen.writing.MembersInjectionRequestRepresentation$Factory   : loaded 4 times (x 67B)
Class [Ldagger.spi.internal.shaded.kotlinx.metadata.internal.metadata.ProtoBuf$Class$Kind;: loaded 4 times (x 66B)
Class dagger.internal.codegen.writing.ComponentProvisionRequestRepresentation         : loaded 4 times (x 71B)
Class dagger.hilt.processor.internal.kotlin.KotlinMetadataFactory                     : loaded 4 times (x 69B)
Class dagger.spi.internal.shaded.kotlinx.metadata.KmDeclarationContainerVisitor       : loaded 4 times (x 74B)
Class dagger.internal.codegen.writing.ProductionBindingRepresentation_Factory_Impl    : loaded 4 times (x 72B)
Class dagger.internal.codegen.writing.OptionalRequestRepresentation_Factory           : loaded 4 times (x 69B)
Class dagger.internal.codegen.writing.SimpleMethodRequestRepresentation_Factory_Impl  : loaded 4 times (x 72B)
Class com.google.common.graph.Traverser$4                                             : loaded 4 times (x 77B)
Class dagger.spi.internal.shaded.kotlinx.metadata.internal.metadata.jvm.deserialization.JvmNameResolverBase: loaded 4 times (x 77B)
Class dagger.spi.internal.shaded.kotlinx.metadata.internal.metadata.jvm.JvmProtoBuf$StringTableTypesOrBuilder: loaded 4 times (x 67B)
Class dagger.spi.internal.shaded.kotlinx.metadata.internal.protobuf.CodedInputStream  : loaded 4 times (x 69B)
Class dagger.internal.codegen.binding.AutoValue_MembersInjectionBinding               : loaded 4 times (x 81B)
Class dagger.spi.internal.shaded.kotlinx.metadata.jvm.KotlinClassMetadata$Class$classData$2: loaded 4 times (x 76B)
Class dagger.spi.internal.shaded.kotlinx.metadata.internal.protobuf.GeneratedMessageLite$1: loaded 4 times (x 68B)
Class dagger.internal.codegen.binding.$AutoValue_AssistedInjectionBinding$Builder     : loaded 4 times (x 94B)
Class dagger.internal.codegen.model.ComponentPath                                     : loaded 4 times (x 70B)
Class dagger.internal.codegen.model.BindingGraph$SubcomponentCreatorBindingEdge       : loaded 4 times (x 67B)
Class com.google.common.graph.DirectedMultiNetworkConnections                         : loaded 4 times (x 95B)
Class dagger.internal.codegen.validation.DiagnosticMessageGenerator$1                 : loaded 4 times (x 84B)
Class com.google.common.collect.Maps$3                                                : loaded 4 times (x 79B)
Class dagger.spi.model.BindingGraph$MaybeBinding                                      : loaded 4 times (x 67B)
Class dagger.spi.model.Key$MultibindingContributionIdentifier                         : loaded 4 times (x 70B)
Class dagger.spi.model.AutoValue_Key_MultibindingContributionIdentifier               : loaded 4 times (x 71B)
Class dagger.hilt.processor.internal.DaggerModelsKt                                   : loaded 4 times (x 68B)
Class dagger.internal.codegen.writing.SimpleMethodRequestRepresentation$Factory       : loaded 4 times (x 67B)
Class dagger.internal.codegen.writing.MethodRequestRepresentation                     : loaded 4 times (x 75B)
Class dagger.spi.model.Scope                                                          : loaded 4 times (x 69B)
Class dagger.internal.codegen.writing.DelegatingFrameworkInstanceCreationExpression_Factory_Impl: loaded 4 times (x 72B)
Class dagger.internal.codegen.writing.DirectInstanceBindingRepresentation_Factory_Impl: loaded 4 times (x 72B)
Class com.google.common.graph.ValueGraph                                              : loaded 4 times (x 67B)
Class dagger.spi.internal.shaded.kotlinx.metadata.Flag                                : loaded 4 times (x 68B)
Class dagger.spi.internal.shaded.kotlinx.metadata.jvm.internal.JvmTypeExtension       : loaded 4 times (x 83B)
Class dagger.internal.codegen.kotlin.AutoValue_KotlinMetadata_PropertyMetadata$Builder: loaded 4 times (x 79B)
Class com.google.common.collect.Collections2                                          : loaded 4 times (x 68B)
Class dagger.internal.codegen.base.AutoValue_OptionalType                             : loaded 4 times (x 72B)
Class dagger.internal.codegen.kotlin.AutoValue_KotlinMetadata_ValueParameterMetadata  : loaded 4 times (x 72B)
Class dagger.internal.codegen.binding.BindingGraphFactory$Resolver$LegacyRequiresResolutionChecker: loaded 4 times (x 69B)
Class [Lcom.google.common.graph.GraphConstants$Presence;                              : loaded 4 times (x 66B)
Class dagger.internal.codegen.model.BindingGraph$MissingBinding                       : loaded 4 times (x 79B)
Class dagger.internal.codegen.validation.SpiModelBindingGraphConverter$BindingNodeImpl: loaded 4 times (x 101B)
Class dagger.internal.codegen.writing.FrameworkInstanceBindingRepresentation$1        : loaded 4 times (x 68B)
Class dagger.internal.codegen.writing.DirectInstanceBindingRepresentation             : loaded 4 times (x 69B)
Class dagger.internal.codegen.writing.ComponentRequestRepresentations                 : loaded 4 times (x 69B)
Class dagger.internal.codegen.writing.ComponentMethodRequestRepresentation_Factory_Impl: loaded 4 times (x 72B)
Class dagger.internal.codegen.writing.StaticFactoryInstanceSupplier_Factory           : loaded 4 times (x 69B)
Class dagger.internal.codegen.writing.ImmediateFutureRequestRepresentation_Factory_Impl: loaded 4 times (x 72B)
Class dagger.internal.codegen.model.BindingGraph$ComponentNode                        : loaded 4 times (x 67B)
Class com.google.common.collect.Iterables$8                                           : loaded 4 times (x 78B)
Class dagger.spi.internal.shaded.androidx.room.compiler.processing.javac.TypeMirrorExtKt: loaded 4 times (x 68B)
Class dagger.internal.codegen.writing.SetRequestRepresentation_Factory_Impl           : loaded 4 times (x 72B)
Class dagger.spi.internal.shaded.kotlinx.metadata.NodesKt                             : loaded 4 times (x 68B)
Class dagger.spi.internal.shaded.kotlinx.metadata.internal.protobuf.LazyFieldLite     : loaded 4 times (x 79B)
Class dagger.internal.codegen.writing.DirectInstanceBindingRepresentation$Factory     : loaded 4 times (x 67B)
Class dagger.internal.codegen.writing.DelegatingFrameworkInstanceCreationExpression$Factory: loaded 4 times (x 67B)
Class dagger.internal.codegen.binding.ComponentDependencyBinding                      : loaded 4 times (x 87B)
Class dagger.internal.codegen.writing.ComponentRequirementExpressions_Factory         : loaded 4 times (x 79B)
Class dagger.internal.codegen.writing.OptionalFactories_PerGeneratedFileCache_Factory : loaded 4 times (x 78B)
Class dagger.spi.model.Binding                                                        : loaded 4 times (x 67B)
Class com.google.common.collect.SortedMultisetBridge                                  : loaded 4 times (x 67B)
Class dagger.hilt.processor.internal.aggregateddeps.AutoValue_ComponentDependencies$Builder: loaded 4 times (x 73B)
Class dagger.internal.codegen.binding.AssistedInjectionBinding                        : loaded 4 times (x 89B)
Class dagger.spi.internal.shaded.kotlinx.metadata.internal.protobuf.MessageLite       : loaded 4 times (x 67B)
Class dagger.internal.codegen.binding.AutoValue_ComponentDescriptor_ComponentMethodDescriptor$Builder: loaded 4 times (x 75B)
Class dagger.internal.codegen.binding.ErrorMessages$Messages                          : loaded 4 times (x 69B)
Class dagger.spi.model.BindingGraph$MissingBinding                                    : loaded 4 times (x 79B)
Class dagger.internal.codegen.writing.OptionalFactoryInstanceCreationExpression_Factory: loaded 4 times (x 69B)
Class dagger.internal.codegen.writing.SimpleMethodRequestRepresentation               : loaded 4 times (x 71B)
Class com.google.common.collect.Multiset$Entry                                        : loaded 4 times (x 67B)
Class dagger.internal.codegen.binding.AutoValue_MultiboundSetBinding                  : loaded 4 times (x 88B)
Class dagger.internal.codegen.binding.$AutoValue_ComponentCreatorDescriptor           : loaded 4 times (x 79B)
Class dagger.hilt.processor.internal.root.Root                                        : loaded 4 times (x 74B)
Class dagger.internal.codegen.writing.SubcomponentCreatorRequestRepresentation        : loaded 4 times (x 71B)
Class dagger.internal.codegen.writing.ComponentRequestRepresentations$1               : loaded 4 times (x 68B)
Class com.google.common.graph.ElementOrder$1                                          : loaded 4 times (x 68B)
Class dagger.internal.codegen.writing.ProviderInstanceSupplier_Factory                : loaded 4 times (x 69B)
Class dagger.internal.codegen.base.OptionalType                                       : loaded 4 times (x 72B)
Class [Ldagger.internal.codegen.binding.ComponentRequirement$Kind;                    : loaded 4 times (x 66B)
Class dagger.internal.codegen.kotlin.AutoValue_KotlinMetadata                         : loaded 4 times (x 77B)
Class dagger.spi.internal.shaded.kotlinx.metadata.KmProperty                          : loaded 4 times (x 78B)
Class dagger.spi.internal.shaded.kotlinx.metadata.jvm.JvmMethodSignature              : loaded 4 times (x 72B)
Class dagger.spi.internal.shaded.kotlinx.metadata.jvm.JvmClassExtensionVisitor        : loaded 4 times (x 84B)
Class dagger.hilt.processor.internal.root.AggregatedRootGenerator                     : loaded 4 times (x 69B)
Class dagger.spi.internal.shaded.kotlinx.metadata.internal.protobuf.WireFormat$FieldType$3: loaded 4 times (x 80B)
Class dagger.internal.codegen.writing.DependencyMethodProviderCreationExpression_Factory_Impl: loaded 4 times (x 72B)
Class dagger.internal.codegen.writing.ProducerCreationExpression_Factory              : loaded 4 times (x 69B)
Class com.google.common.graph.EndpointPair$Ordered                                    : loaded 4 times (x 80B)
Class dagger.internal.codegen.kotlin.KotlinMetadata                                   : loaded 4 times (x 75B)
Class dagger.internal.codegen.binding.AutoValue_BindingNode                           : loaded 4 times (x 105B)
Class dagger.hilt.android.processor.internal.androidentrypoint.InjectorEntryPointGenerator: loaded 4 times (x 69B)
Class dagger.hilt.android.processor.internal.androidentrypoint.AutoValue_AndroidEntryPointMetadata: loaded 4 times (x 89B)
Class dagger.hilt.processor.internal.kotlin.KotlinMetadataFactory_Factory$InstanceHolder: loaded 4 times (x 68B)
Class dagger.hilt.processor.internal.definecomponent.DefineComponentBuilderMetadatas$DefineComponentBuilderMetadata: loaded 4 times (x 71B)
Class com.google.common.graph.MapIteratorCache$1$1                                    : loaded 4 times (x 78B)
Class dagger.spi.internal.shaded.kotlinx.metadata.jvm.KotlinClassMetadata             : loaded 4 times (x 69B)
Class dagger.spi.internal.shaded.kotlinx.metadata.internal.metadata.ProtoBuf$Contract : loaded 4 times (x 104B)
Class dagger.internal.codegen.binding.MembersInjectionBinding$Builder                 : loaded 4 times (x 72B)
Class [Ldagger.internal.codegen.base.OptionalType$OptionalKind;                       : loaded 4 times (x 66B)
Class dagger.spi.internal.shaded.androidx.room.compiler.processing.javac.JavacRawType : loaded 4 times (x 76B)
Class dagger.internal.codegen.writing.SetRequestRepresentation                        : loaded 4 times (x 71B)
Class dagger.internal.codegen.javapoet.TypeSpecs                                      : loaded 4 times (x 68B)
Class dagger.internal.codegen.validation.SpiModelBindingGraphConverter$DaggerExecutableElementImpl: loaded 4 times (x 72B)
Class dagger.spi.model.AutoValue_DependencyRequest                                    : loaded 4 times (x 73B)
Class dagger.spi.internal.shaded.androidx.room.compiler.processing.KnownTypeNames     : loaded 4 times (x 68B)
Class dagger.internal.codegen.binding.AutoValue_SubcomponentCreatorBinding            : loaded 4 times (x 88B)
Class dagger.internal.codegen.model.AutoValue_ComponentPath                           : loaded 4 times (x 72B)
Class dagger.internal.codegen.writing.DerivedFromFrameworkInstanceRequestRepresentation_Factory: loaded 4 times (x 69B)
Class dagger.internal.codegen.writing.MapFactoryCreationExpression$Factory            : loaded 4 times (x 67B)
Class dagger.spi.internal.shaded.kotlinx.metadata.internal.metadata.deserialization.Flags$FlagField: loaded 4 times (x 70B)
Class dagger.spi.internal.shaded.kotlinx.metadata.internal.metadata.ProtoBuf$Property : loaded 4 times (x 145B)
Class dagger.internal.codegen.writing.ProducerNodeInstanceRequestRepresentation       : loaded 4 times (x 73B)
Class dagger.internal.codegen.writing.FrameworkFieldInitializer$InitializationState   : loaded 4 times (x 76B)
Class dagger.internal.codegen.binding.KeyVariableNamer                                : loaded 4 times (x 68B)
Class dagger.spi.internal.shaded.kotlinx.metadata.internal.metadata.jvm.JvmProtoBuf$JvmPropertySignature$1: loaded 4 times (x 141B)
Class dagger.spi.internal.shaded.kotlinx.metadata.jvm.JvmDeclarationContainerExtensionVisitor: loaded 4 times (x 78B)
Class com.google.common.graph.Traverser$3                                             : loaded 4 times (x 77B)
Class [Ldagger.hilt.processor.internal.aggregateddeps.AggregatedDepsMetadata$DependencyType;: loaded 4 times (x 66B)
Class dagger.hilt.processor.internal.aliasof.AliasOfPropagatedDataMetadata            : loaded 4 times (x 71B)
Class dagger.spi.internal.shaded.kotlinx.metadata.KmClassVisitor                      : loaded 4 times (x 89B)
Class dagger.spi.internal.shaded.kotlinx.metadata.internal.metadata.deserialization.ProtoTypeTableUtilKt: loaded 4 times (x 68B)
Class dagger.internal.codegen.writing.MembersInjectionBindingRepresentation           : loaded 4 times (x 72B)
Class dagger.hilt.processor.internal.ComponentDescriptor                              : loaded 4 times (x 73B)
Class dagger.spi.model.DependencyRequest$Builder                                      : loaded 4 times (x 73B)
Class dagger.internal.codegen.writing.DependencyMethodProviderCreationExpression$Factory: loaded 4 times (x 67B)
Class dagger.spi.internal.shaded.kotlinx.metadata.internal.metadata.ProtoBuf$TypeOrBuilder: loaded 4 times (x 67B)
Class dagger.spi.internal.shaded.kotlinx.metadata.internal.metadata.ProtoBuf$Annotation$1: loaded 4 times (x 141B)
Class dagger.spi.internal.shaded.kotlinx.metadata.internal.extensions.KmPropertyExtension: loaded 4 times (x 67B)
Class dagger.internal.codegen.binding.$AutoValue_DelegateBinding$Builder              : loaded 4 times (x 98B)
Class dagger.hilt.processor.internal.DaggerModelsKt$WhenMappings                      : loaded 4 times (x 68B)
Class com.google.common.collect.FilteredSetMultimap                                   : loaded 4 times (x 67B)
Class dagger.internal.codegen.validation.SpiModelBindingGraphConverter$SubcomponentCreatorBindingEdgeImpl: loaded 4 times (x 73B)
Class dagger.hilt.processor.internal.kotlin.KotlinMetadataUtils$MetadataComponent     : loaded 4 times (x 67B)
Class dagger.hilt.processor.internal.AutoValue_ComponentDescriptor$Builder            : loaded 4 times (x 77B)
Class dagger.spi.internal.shaded.kotlinx.metadata.internal.metadata.ProtoBuf$ValueParameterOrBuilder: loaded 4 times (x 67B)
Class dagger.internal.codegen.writing.ProviderInstanceRequestRepresentation$1         : loaded 4 times (x 68B)
Class dagger.internal.codegen.binding.AutoValue_MethodSignature                       : loaded 4 times (x 72B)
Class dagger.internal.codegen.writing.ComponentImplementation$CompilerMode            : loaded 4 times (x 76B)
Class com.google.common.graph.AbstractValueGraph                                      : loaded 4 times (x 142B)
Class dagger.spi.model.$AutoValue_Key                                                 : loaded 4 times (x 77B)
Class dagger.internal.codegen.extension.DaggerGraphs                                  : loaded 4 times (x 68B)
Class com.google.common.graph.NetworkConnections                                      : loaded 4 times (x 67B)
Class dagger.internal.codegen.base.Keys                                               : loaded 4 times (x 68B)
Class dagger.spi.internal.shaded.kotlinx.metadata.internal.metadata.ProtoBuf$Type     : loaded 4 times (x 142B)
Class dagger.spi.internal.shaded.kotlinx.metadata.internal.protobuf.Parser            : loaded 4 times (x 67B)
Class dagger.spi.internal.shaded.kotlinx.metadata.internal.protobuf.SmallSortedMap$EmptySet$1: loaded 4 times (x 75B)
Class dagger.spi.internal.shaded.kotlinx.metadata.internal.metadata.deserialization.BinaryVersion$Companion: loaded 4 times (x 68B)
Class dagger.spi.internal.shaded.kotlinx.metadata.internal.protobuf.WireFormat$JavaType: loaded 4 times (x 76B)
Class dagger.spi.internal.shaded.kotlinx.metadata.internal.metadata.ProtoBuf$TypeParameter$Variance$1: loaded 4 times (x 71B)
Class dagger.internal.codegen.kotlin.KotlinMetadata$BaseMetadata$Builder              : loaded 4 times (x 67B)
Class dagger.internal.codegen.binding.BindingGraphFactory$Resolver                    : loaded 4 times (x 69B)
Class dagger.internal.codegen.model.$AutoValue_ComponentPath                          : loaded 4 times (x 71B)
Class dagger.internal.codegen.writing.ProductionBindingRepresentation_Factory         : loaded 4 times (x 69B)
Class dagger.spi.internal.shaded.kotlinx.metadata.internal.protobuf.BoundedByteString : loaded 4 times (x 109B)
Class dagger.internal.codegen.writing.SwitchingProviders                              : loaded 4 times (x 69B)
Class dagger.internal.codegen.writing.FrameworkFieldInitializer$FrameworkInstanceCreationExpression: loaded 4 times (x 67B)
Class dagger.internal.codegen.writing.ComponentCreatorImplementationFactory$Builder   : loaded 4 times (x 79B)
Class dagger.internal.codegen.writing.DerivedFromFrameworkInstanceRequestRepresentation: loaded 4 times (x 71B)
Class dagger.internal.codegen.writing.DelegateRequestRepresentation$1                 : loaded 4 times (x 68B)
Class dagger.spi.internal.shaded.kotlinx.metadata.internal.metadata.ProtoBuf$FunctionOrBuilder: loaded 4 times (x 67B)
Class dagger.spi.internal.shaded.kotlinx.metadata.internal.protobuf.SmallSortedMap$Entry: loaded 4 times (x 85B)
Class com.google.common.collect.Maps$2                                                : loaded 4 times (x 79B)
Class dagger.internal.codegen.binding.ProductionBinding$Builder                       : loaded 4 times (x 87B)
Class dagger.spi.internal.shaded.androidx.room.compiler.processing.javac.JavacRawType$xTypeName$2: loaded 4 times (x 76B)
Class com.google.common.collect.Sets$2$1                                              : loaded 4 times (x 79B)
Class dagger.spi.internal.shaded.kotlinx.metadata.InconsistentKotlinMetadataException : loaded 4 times (x 79B)
Class [Ldagger.spi.internal.shaded.kotlinx.metadata.internal.protobuf.WireFormat$FieldType;: loaded 4 times (x 66B)
Class dagger.spi.internal.shaded.kotlinx.metadata.internal.metadata.ProtoBuf$TypeParameter$1: loaded 4 times (x 141B)
Class dagger.spi.internal.shaded.kotlinx.metadata.jvm.internal.JvmPropertyExtension   : loaded 4 times (x 85B)
Class dagger.spi.internal.shaded.kotlinx.metadata.internal.metadata.ProtoBuf$TypeParameterOrBuilder: loaded 4 times (x 67B)
Class dagger.internal.codegen.binding.BindingGraphConverter$Converter                 : loaded 4 times (x 69B)
Class dagger.internal.codegen.base.AutoValue_SetType                                  : loaded 4 times (x 74B)
Class dagger.spi.internal.shaded.kotlinx.metadata.internal.metadata.jvm.JvmProtoBuf$StringTableTypes$1: loaded 4 times (x 141B)
Class dagger.internal.codegen.writing.SubcomponentCreatorRequestRepresentation_Factory: loaded 4 times (x 69B)
Class dagger.internal.codegen.writing.PrivateMethodRequestRepresentation_Factory_Impl : loaded 4 times (x 72B)
Class dagger.spi.model.AutoValue_ComponentPath                                        : loaded 4 times (x 72B)
Class dagger.internal.codegen.writing.ComponentCreatorImplementationFactory$BuilderForCreatorDescriptor: loaded 4 times (x 79B)
Class dagger.internal.codegen.binding.ErrorMessages$ComponentCreatorMessages          : loaded 4 times (x 78B)
Class dagger.spi.model.AutoValue_Scope                                                : loaded 4 times (x 70B)
Class dagger.internal.codegen.writing.PrivateMethodRequestRepresentation$Factory      : loaded 4 times (x 67B)
Class [Ldagger.internal.codegen.binding.MembersInjectionBinding$InjectionSite$Kind;   : loaded 4 times (x 66B)
Class dagger.internal.codegen.binding.$AutoValue_MembersInjectionBinding$Builder      : loaded 4 times (x 77B)
Class dagger.spi.internal.shaded.kotlinx.metadata.internal.metadata.ProtoBuf$Visibility$1: loaded 4 times (x 71B)
Class dagger.internal.codegen.writing.DelegateRequestRepresentation_Factory           : loaded 4 times (x 69B)
Class dagger.internal.codegen.writing.MapRequestRepresentation$Factory                : loaded 4 times (x 67B)
Class dagger.internal.codegen.writing.SetFactoryCreationExpression_Factory            : loaded 4 times (x 69B)
Class dagger.internal.codegen.writing.MemberSelect                                    : loaded 4 times (x 72B)
Class dagger.spi.model.BindingGraph$ComponentNode                                     : loaded 4 times (x 67B)
Class [Ldagger.spi.internal.shaded.androidx.room.compiler.processing.XProcessingEnv$Platform;: loaded 4 times (x 66B)
Class dagger.hilt.processor.internal.root.AutoValue_AggregatedRootMetadata            : loaded 4 times (x 79B)
Class dagger.hilt.processor.internal.root.ComponentTree                               : loaded 4 times (x 69B)
Class dagger.spi.internal.shaded.kotlinx.metadata.internal.metadata.ProtoBuf$ContractOrBuilder: loaded 4 times (x 67B)
Class dagger.hilt.processor.internal.earlyentrypoint.AggregatedEarlyEntryPointMetadata: loaded 4 times (x 70B)
Class dagger.hilt.processor.internal.uninstallmodules.AggregatedUninstallModulesMetadata: loaded 4 times (x 71B)
Class dagger.spi.internal.shaded.kotlinx.metadata.internal.protobuf.CodedOutputStream$ByteBufferOutputStream: loaded 4 times (x 83B)
Class dagger.spi.internal.shaded.kotlinx.metadata.internal.protobuf.GeneratedMessageLite$Builder: loaded 4 times (x 125B)
Class dagger.spi.internal.shaded.kotlinx.metadata.jvm.JvmFunctionExtensionVisitor$Companion: loaded 4 times (x 68B)
Class dagger.spi.internal.shaded.kotlinx.metadata.KmPropertyVisitor                   : loaded 4 times (x 77B)
Class dagger.internal.codegen.binding.AutoValue_SubcomponentDeclaration               : loaded 4 times (x 75B)
Class com.google.common.collect.Multisets                                             : loaded 4 times (x 68B)
Class dagger.internal.codegen.binding.AutoValue_BindingGraph                          : loaded 4 times (x 76B)
Class dagger.internal.codegen.writing.OptionalFactories_PerGeneratedFileCache_Factory$InstanceHolder: loaded 4 times (x 68B)
Class dagger.internal.codegen.writing.ComponentRequirementExpressions$AbstractField   : loaded 4 times (x 78B)
Class dagger.internal.codegen.binding.$AutoValue_MembersInjectionBinding              : loaded 4 times (x 81B)
Class com.google.common.graph.Traverser$Traversal                                     : loaded 4 times (x 70B)
Class dagger.internal.codegen.writing.ComponentRequirementRequestRepresentation       : loaded 4 times (x 71B)
Class com.google.common.graph.EndpointPair                                            : loaded 4 times (x 80B)
Class dagger.internal.codegen.bindinggraphvalidation.AutoValue_DuplicateBindingsValidator_BindingWithoutComponent: loaded 4 times (x 73B)
Class dagger.internal.codegen.binding.AutoValue_AssistedInjectionAnnotations_AssistedParameter: loaded 4 times (x 71B)
Class com.google.common.graph.DirectedGraphConnections$PredAndSucc                    : loaded 4 times (x 69B)
Class dagger.spi.internal.shaded.kotlinx.metadata.internal.protobuf.CodedOutputStream : loaded 4 times (x 69B)
Class dagger.internal.codegen.writing.SwitchingProviders$1                            : loaded 4 times (x 75B)
Class dagger.internal.codegen.writing.FrameworkInstanceRequestRepresentation          : loaded 4 times (x 73B)
Class dagger.internal.codegen.writing.ComponentRequirementExpressions                 : loaded 4 times (x 69B)
Class dagger.internal.codegen.writing.InjectionOrProvisionProviderCreationExpression$Factory: loaded 4 times (x 67B)
Class dagger.internal.codegen.writing.ComponentRequirementRequestRepresentation_Factory: loaded 4 times (x 69B)
Class dagger.internal.codegen.validation.AutoValue_SpiModelBindingGraphConverter_DaggerElementImpl: loaded 4 times (x 73B)
Class dagger.internal.codegen.writing.FrameworkFieldInitializer                       : loaded 4 times (x 72B)
Class dagger.spi.internal.shaded.kotlinx.metadata.jvm.JvmMemberSignature              : loaded 4 times (x 71B)
Class dagger.spi.internal.shaded.kotlinx.metadata.internal.protobuf.WireFormat$FieldType$4: loaded 4 times (x 80B)
Class dagger.internal.codegen.binding.ResolvedBindings                                : loaded 4 times (x 71B)
Class dagger.internal.codegen.binding.ComponentCreatorDescriptor                      : loaded 4 times (x 76B)
Class dagger.internal.codegen.base.SetType                                            : loaded 4 times (x 74B)
Class dagger.spi.internal.shaded.kotlinx.metadata.internal.metadata.jvm.deserialization.JvmNameResolverBase$WhenMappings: loaded 4 times (x 68B)
Class dagger.spi.internal.shaded.kotlinx.metadata.KmClassifier$Class                  : loaded 4 times (x 69B)
Class dagger.spi.internal.shaded.kotlinx.metadata.internal.metadata.ProtoBuf$Function : loaded 4 times (x 146B)
Class dagger.internal.codegen.kotlin.KotlinMetadata$PropertyMetadata$Builder          : loaded 4 times (x 67B)
Class dagger.spi.internal.shaded.kotlinx.metadata.internal.metadata.jvm.JvmProtoBuf$JvmMethodSignature$1: loaded 4 times (x 141B)
Class com.google.common.collect.LinkedHashMultimap$1                                  : loaded 4 times (x 80B)
Class dagger.internal.codegen.binding.$AutoValue_ResolvedBindings                     : loaded 4 times (x 74B)
Class com.google.common.graph.MapIteratorCache                                        : loaded 4 times (x 72B)
Class com.google.common.graph.MutableGraph                                            : loaded 4 times (x 67B)
Class dagger.internal.codegen.binding.AssistedInjectionAnnotations$AssistedFactoryMetadata: loaded 4 times (x 78B)
Class dagger.internal.codegen.binding.$AutoValue_AssistedInjectionBinding             : loaded 4 times (x 90B)
Class dagger.internal.codegen.binding.BoundInstanceBinding$Builder                    : loaded 4 times (x 76B)
Class com.google.common.collect.AbstractMapBasedMultiset$1                            : loaded 4 times (x 79B)
Class dagger.internal.codegen.writing.ComponentCreatorImplementationFactory           : loaded 4 times (x 69B)
Class dagger.hilt.processor.internal.kotlin.DaggerKotlinMetadataUtils_MetadataComponent$MetadataComponentImpl: loaded 4 times (x 72B)
Class [Ldagger.spi.model.RequestKind;                                                 : loaded 4 times (x 66B)
Class dagger.spi.model.Scope$1                                                        : loaded 4 times (x 68B)
Class dagger.internal.codegen.writing.AssistedFactoryRequestRepresentation$Factory    : loaded 4 times (x 67B)
Class dagger.internal.codegen.writing.SetRequestRepresentation$Factory                : loaded 4 times (x 67B)
Class dagger.spi.internal.shaded.kotlinx.metadata.jvm.JvmMetadataUtil                 : loaded 4 times (x 68B)
Class dagger.spi.internal.shaded.kotlinx.metadata.internal.metadata.jvm.deserialization.ClassMapperLite: loaded 4 times (x 68B)
Class dagger.spi.internal.shaded.kotlinx.metadata.jvm.JvmExtensionsKt                 : loaded 4 times (x 68B)
Class dagger.internal.codegen.kotlin.AutoValue_KotlinMetadata_PropertyMetadata        : loaded 4 times (x 75B)
Class dagger.internal.codegen.writing.BindingRepresentations_Factory$InstanceHolder   : loaded 4 times (x 68B)
Class dagger.internal.codegen.binding.BindingGraph$1                                  : loaded 4 times (x 68B)
Class dagger.internal.codegen.binding.MultiboundSetBinding                            : loaded 4 times (x 87B)
Class com.google.common.base.Joiner$3                                                 : loaded 4 times (x 196B)
Class dagger.internal.codegen.writing.MembersInjectionRequestRepresentation           : loaded 4 times (x 71B)
Class dagger.internal.codegen.writing.ComponentCreatorImplementationFactory$RequirementStatus: loaded 4 times (x 76B)
Class dagger.internal.codegen.writing.ProducerFromProviderCreationExpression$Factory  : loaded 4 times (x 67B)
Class dagger.spi.model.BindingGraph$DependencyEdge                                    : loaded 4 times (x 67B)
Class com.google.common.collect.Multisets$ElementSet                                  : loaded 4 times (x 133B)
Class dagger.internal.codegen.binding.AutoValue_InjectionBinding                      : loaded 4 times (x 91B)
Class dagger.internal.codegen.binding.AssistedFactoryBinding                          : loaded 4 times (x 88B)
Class dagger.internal.codegen.binding.ComponentDescriptor$ComponentMethodDescriptor   : loaded 4 times (x 71B)
Class dagger.internal.codegen.writing.FrameworkInstanceKind                           : loaded 4 times (x 76B)
Class com.google.common.graph.GraphBuilder                                            : loaded 4 times (x 69B)
Class dagger.spi.internal.shaded.kotlinx.metadata.KmDeclarationContainerExtensionVisitor: loaded 4 times (x 67B)
Class dagger.internal.codegen.kotlin.$AutoValue_KotlinMetadata                        : loaded 4 times (x 77B)
Class dagger.internal.codegen.kotlin.KotlinMetadata$ClassMetadata                     : loaded 4 times (x 75B)
Class dagger.spi.internal.shaded.kotlinx.metadata.internal.protobuf.Internal$EnumLite : loaded 4 times (x 67B)
Class dagger.internal.codegen.kotlin.AutoValue_KotlinMetadata_FunctionMetadata        : loaded 4 times (x 74B)
Class dagger.spi.internal.shaded.androidx.room.compiler.processing.javac.TypeMirrorExtKt$extendsBound$1: loaded 4 times (x 98B)
Class dagger.internal.codegen.binding.AutoValue_ComponentDescriptor_ComponentMethodDescriptor: loaded 4 times (x 72B)
Class com.google.common.graph.AbstractDirectedNetworkConnections                      : loaded 4 times (x 95B)
Class dagger.spi.internal.shaded.kotlinx.metadata.jvm.JvmClassExtensionVisitor$Companion: loaded 4 times (x 68B)
Class jdk.internal.jimage.BasicImageReader                                            : loaded 3 times (x 92B)
Class [Ldagger.internal.codegen.binding.FrameworkTypeMapper;                          : loaded 3 times (x 66B)
Class jdk.internal.jrtfs.SystemImage                                                  : loaded 3 times (x 71B)
Class dagger.internal.codegen.writing.FactoryGenerator$1                              : loaded 3 times (x 68B)
Class dagger.internal.codegen.binding.DependencyVariableNamer                         : loaded 3 times (x 68B)
Class jdk.internal.jrtfs.SystemImage$1                                                : loaded 3 times (x 75B)
Class jdk.internal.jrtfs.SystemImage$2                                                : loaded 3 times (x 73B)
Class jdk.internal.jrtfs.JrtFileSystemProvider                                        : loaded 3 times (x 98B)
Class dagger.hilt.android.processor.internal.viewmodel.ViewModelMetadata              : loaded 3 times (x 69B)
Class jdk.internal.jrtfs.JrtDirectoryStream$1                                         : loaded 3 times (x 80B)
Class jdk.internal.jimage.ImageLocation                                               : loaded 3 times (x 87B)
Class jdk.internal.jimage.ImageBufferCache$1                                          : loaded 3 times (x 80B)
Class jdk.internal.jimage.ImageBufferCache$2                                          : loaded 3 times (x 88B)
Class [Ldagger.internal.codegen.model.DependencyRequest;                              : loaded 3 times (x 66B)
Class jdk.internal.jimage.ImageHeader                                                 : loaded 3 times (x 68B)
Class dagger.internal.codegen.binding.FrameworkTypeMapper                             : loaded 3 times (x 77B)
Class dagger.internal.codegen.binding.FrameworkTypeMapper$1                           : loaded 3 times (x 77B)
Class dagger.internal.codegen.binding.FrameworkTypeMapper$2                           : loaded 3 times (x 77B)
Class dagger.internal.codegen.binding.FrameworkTypeMapper$3                           : loaded 3 times (x 68B)
Class dagger.hilt.android.processor.internal.viewmodel.ViewModelModuleGenerator       : loaded 3 times (x 69B)
Class jdk.internal.jimage.ImageStringsReader                                          : loaded 3 times (x 77B)
Class dagger.internal.codegen.binding.DependencyVariableNamer$1                       : loaded 3 times (x 68B)
Class jdk.internal.jimage.ImageReader                                                 : loaded 3 times (x 72B)
Class jdk.internal.jrtfs.JrtFileSystem                                                : loaded 3 times (x 99B)
Class jdk.internal.jimage.ImageReader$SharedImageReader                               : loaded 3 times (x 92B)
Class dagger.internal.codegen.writing.FactoryGenerator$FactoryCreationStrategy        : loaded 3 times (x 76B)
Class jdk.internal.jrtfs.JrtDirectoryStream                                           : loaded 3 times (x 86B)
Class jdk.internal.jimage.ImageReader$Node                                            : loaded 3 times (x 81B)
Class com.google.common.collect.Lists$TransformingRandomAccessList                    : loaded 3 times (x 196B)
Class jdk.internal.jimage.BasicImageReader$1                                          : loaded 3 times (x 74B)
Class jdk.internal.jimage.decompressor.Decompressor                                   : loaded 3 times (x 69B)
Class jdk.internal.jimage.ImageReader$Resource                                        : loaded 3 times (x 81B)
Class jdk.internal.jrtfs.JrtFileAttributes                                            : loaded 3 times (x 80B)
Class dagger.hilt.android.processor.internal.viewmodel.ViewModelModuleGenerator$Companion: loaded 3 times (x 68B)
Class [Ldagger.internal.codegen.writing.FactoryGenerator$FactoryCreationStrategy;     : loaded 3 times (x 66B)
Class dagger.hilt.android.processor.internal.viewmodel.ViewModelMetadata$Companion    : loaded 3 times (x 68B)
Class dagger.internal.codegen.writing.GwtCompatibility                                : loaded 3 times (x 68B)
Class jdk.internal.jimage.ImageBufferCache                                            : loaded 3 times (x 68B)
Class jdk.internal.jrtfs.JrtPath                                                      : loaded 3 times (x 115B)
Class jdk.internal.jimage.ImageReader$SharedImageReader$LocationVisitor               : loaded 3 times (x 67B)
Class jdk.internal.jimage.ImageReader$Directory                                       : loaded 3 times (x 81B)
Class jdk.internal.jimage.ImageStrings                                                : loaded 3 times (x 67B)
Class dagger.hilt.android.processor.internal.viewmodel.ViewModelMetadata$Companion$create$1$1: loaded 3 times (x 75B)
Class org.gradle.api.GradleException                                                  : loaded 2 times (x 79B)
Class com.google.common.base.CharMatcher$Digit                                        : loaded 2 times (x 109B)
Class com.google.common.base.AbstractIterator$1                                       : loaded 2 times (x 68B)
Class com.google.common.collect.AbstractRangeSet                                      : loaded 2 times (x 111B)
Class org.gradle.internal.classpath.DefaultClassPath$ImmutableUniqueList$Builder      : loaded 2 times (x 72B)
Class com.google.common.base.Strings                                                  : loaded 2 times (x 68B)
Class org.objectweb.asm.Handler                                                       : loaded 2 times (x 69B)
Class com.google.common.collect.HashBiMap                                             : loaded 2 times (x 140B)
Class org.gradle.api.Action                                                           : loaded 2 times (x 67B)
Class org.gradle.internal.Cast                                                        : loaded 2 times (x 68B)
Class Settings_gradle                                                                 : loaded 2 times (x 125B)
Class com.google.common.util.concurrent.AbstractFuture$Waiter                         : loaded 2 times (x 69B)
Class net.rubygrapefruit.platform.internal.NativeLibraryLoader                        : loaded 2 times (x 70B)
Class net.rubygrapefruit.platform.internal.FunctionResult$Failure                     : loaded 2 times (x 76B)
Class com.google.common.collect.ImmutableList$SerializedForm                          : loaded 2 times (x 70B)
Class org.gradle.internal.classloader.VisitableURLClassLoader                         : loaded 2 times (x 114B)
Class org.objectweb.asm.Attribute                                                     : loaded 2 times (x 74B)
Class [Lorg.objectweb.asm.Label;                                                      : loaded 2 times (x 66B)
Class Settings_gradle$1$1                                                             : loaded 2 times (x 71B)
Class com.google.common.util.concurrent.AbstractFuture$Listener                       : loaded 2 times (x 69B)
Class org.objectweb.asm.RecordComponentWriter                                         : loaded 2 times (x 75B)
Class com.google.common.io.Closer$Suppressor                                          : loaded 2 times (x 67B)
Class net.rubygrapefruit.platform.internal.Platform$MacOs                             : loaded 2 times (x 79B)
Class net.rubygrapefruit.platform.internal.Platform$Window64Bit                       : loaded 2 times (x 76B)
Class org.objectweb.asm.AnnotationWriter                                              : loaded 2 times (x 76B)
Class net.rubygrapefruit.platform.internal.Platform$Linux64Bit                        : loaded 2 times (x 80B)
Class net.rubygrapefruit.platform.internal.Platform$MacOs32Bit                        : loaded 2 times (x 79B)
Class kotlin.text.DelimitedRangesSequence                                             : loaded 2 times (x 72B)
Class org.gradle.internal.classloader.ClassLoaderSpec                                 : loaded 2 times (x 68B)
Class com.google.common.base.CharMatcher$Ascii                                        : loaded 2 times (x 109B)
Class com.google.common.io.Closer                                                     : loaded 2 times (x 75B)
Class org.objectweb.asm.Symbol                                                        : loaded 2 times (x 70B)
Class com.google.common.reflect.Types$ClassOwnership                                  : loaded 2 times (x 77B)
Class org.gradle.internal.classpath.DefaultClassPath                                  : loaded 2 times (x 87B)
Class org.gradle.internal.classloader.VisitableURLClassLoader$Spec                    : loaded 2 times (x 71B)
Class org.objectweb.asm.ByteVector                                                    : loaded 2 times (x 76B)
Class org.gradle.internal.classloader.VisitableURLClassLoader$InstrumentingVisitableURLClassLoader: loaded 2 times (x 120B)
Class org.objectweb.asm.Type                                                          : loaded 2 times (x 69B)
Class com.google.common.base.CharMatcher$Invisible                                    : loaded 2 times (x 109B)
Class com.google.common.util.concurrent.AbstractFuture$SynchronizedHelper             : loaded 2 times (x 75B)
Class com.google.common.cache.LocalCache$StrongValueReference                         : loaded 2 times (x 87B)
Class com.google.common.collect.ImmutableRangeSet$Builder                             : loaded 2 times (x 74B)
Class com.google.common.collect.Lists$ReverseList$1                                   : loaded 2 times (x 96B)
Class com.google.common.primitives.Ints$IntConverter                                  : loaded 2 times (x 87B)
Class kotlin.sequences.ConstrainedOnceSequence                                        : loaded 2 times (x 72B)
Class com.google.common.io.ByteStreams$1                                              : loaded 2 times (x 82B)
Class [Lorg.objectweb.asm.AnnotationWriter;                                           : loaded 2 times (x 66B)
Class kotlin.io.FilePathComponents                                                    : loaded 2 times (x 69B)
Class com.google.common.collect.CollectCollectors                                     : loaded 2 times (x 68B)
Class com.google.common.base.Platform                                                 : loaded 2 times (x 68B)
Class com.google.common.reflect.Invokable$MethodInvokable                             : loaded 2 times (x 104B)
Class Build_gradle$1                                                                  : loaded 2 times (x 71B)
Class com.google.common.reflect.Types$JavaVersion                                     : loaded 2 times (x 80B)
Class com.google.common.base.CharMatcher$JavaIsoControl                               : loaded 2 times (x 109B)
Class org.gradle.api.specs.Spec                                                       : loaded 2 times (x 67B)
Class com.google.common.base.CharMatcher$JavaUpperCase                                : loaded 2 times (x 108B)
Class com.google.common.util.concurrent.Uninterruptibles                              : loaded 2 times (x 68B)
Class com.google.common.base.Charsets                                                 : loaded 2 times (x 68B)
Class net.rubygrapefruit.platform.internal.Platform$Unix                              : loaded 2 times (x 79B)
Class kotlin.io.FileSystemException                                                   : loaded 2 times (x 79B)
Class org.gradle.internal.classloader.ClasspathUtil                                   : loaded 2 times (x 68B)
Class com.google.common.collect.ImmutableBiMapFauxverideShim                          : loaded 2 times (x 117B)
Class net.rubygrapefruit.platform.internal.Platform$FreeBSD32Bit                      : loaded 2 times (x 79B)
Class net.rubygrapefruit.platform.internal.Platform$Unsupported                       : loaded 2 times (x 76B)
Class com.google.common.reflect.Types$ClassOwnership$1LocalClass                      : loaded 2 times (x 68B)
Class kotlin.io.FilesKt                                                               : loaded 2 times (x 68B)
Class com.google.common.base.CharMatcher$JavaLowerCase                                : loaded 2 times (x 108B)
Class net.rubygrapefruit.platform.internal.NativeLibraryLocator                       : loaded 2 times (x 70B)
Class com.google.common.base.CharMatcher$JavaDigit                                    : loaded 2 times (x 108B)
Class com.google.common.collect.Iterators$10                                          : loaded 2 times (x 78B)
Class [Lcom.google.common.collect.HashBiMap$BiEntry;                                  : loaded 2 times (x 66B)
Class net.rubygrapefruit.platform.Process                                             : loaded 2 times (x 67B)
Class Build_gradle                                                                    : loaded 2 times (x 127B)
Class org.gradle.internal.installation.CurrentGradleInstallationLocator               : loaded 2 times (x 68B)
Class com.google.common.reflect.Types$TypeVariableInvocationHandler                   : loaded 2 times (x 72B)
Class org.gradle.internal.service.CachingServiceLocator                               : loaded 2 times (x 79B)
Class net.rubygrapefruit.platform.internal.Platform$Linux                             : loaded 2 times (x 80B)
Class com.google.common.collect.ImmutableMap$SerializedForm                           : loaded 2 times (x 70B)
Class com.google.common.reflect.Types$NativeTypeVariableEquals                        : loaded 2 times (x 68B)
Class org.gradle.internal.classloader.ClassLoaderFactory                              : loaded 2 times (x 67B)
Class com.google.common.base.CharMatcher$JavaLetter                                   : loaded 2 times (x 108B)
Class com.google.common.collect.Lists$ReverseList                                     : loaded 2 times (x 197B)
Class com.google.common.reflect.TypeParameter                                         : loaded 2 times (x 69B)
Class com.google.common.cache.LocalCache$AbstractReferenceEntry                       : loaded 2 times (x 104B)
Class org.gradle.internal.service.ServiceLookupException                              : loaded 2 times (x 79B)
Class com.google.common.reflect.TypeResolver$TypeTable$1                              : loaded 2 times (x 70B)
Class [Lkotlin.Pair;                                                                  : loaded 2 times (x 66B)
Class kotlin.io.FilesKt__FileReadWriteKt                                              : loaded 2 times (x 68B)
Class com.google.common.base.CharMatcher$Whitespace                                   : loaded 2 times (x 109B)
Class org.gradle.internal.IoActions                                                   : loaded 2 times (x 68B)
Class org.objectweb.asm.RecordComponentVisitor                                        : loaded 2 times (x 74B)
Class com.google.common.reflect.TypeResolver$TypeTable                                : loaded 2 times (x 70B)
Class com.google.common.util.concurrent.AbstractFuture                                : loaded 2 times (x 103B)
Class jdk.internal.jimage.BasicImageReader$2                                          : loaded 2 times (x 74B)
Class com.google.common.base.CharMatcher$Any                                          : loaded 2 times (x 109B)
Class com.google.common.util.concurrent.ListenableFuture                              : loaded 2 times (x 67B)
Class com.google.common.collect.ImmutableRangeSet$ComplementRanges                    : loaded 2 times (x 204B)
Class org.gradle.api.internal.classpath.DefaultModuleRegistry                         : loaded 2 times (x 83B)
Class net.rubygrapefruit.platform.internal.Platform$Window32Bit                       : loaded 2 times (x 76B)
Class com.google.common.collect.Multimaps$CustomSetMultimap                           : loaded 2 times (x 175B)
Class kotlin.io.FilesKt__UtilsKt                                                      : loaded 2 times (x 68B)
Class org.objectweb.asm.SymbolTable                                                   : loaded 2 times (x 69B)
Class com.google.common.base.CharMatcher$SingleWidth                                  : loaded 2 times (x 109B)
Class com.google.common.util.concurrent.AbstractFuture$UnsafeAtomicHelper             : loaded 2 times (x 75B)
Class com.google.common.io.Closer$SuppressingSuppressor                               : loaded 2 times (x 72B)
Class org.objectweb.asm.ClassReader                                                   : loaded 2 times (x 90B)
Class org.gradle.internal.service.DefaultServiceLocator                               : loaded 2 times (x 80B)
Class org.gradle.internal.classloader.SystemClassLoaderSpec                           : loaded 2 times (x 68B)
Class com.google.common.collect.HashBiMap$Inverse                                     : loaded 2 times (x 139B)
Class com.google.common.util.concurrent.internal.InternalFutureFailureAccess          : loaded 2 times (x 69B)
Class com.google.common.cache.LocalCache$StrongEntry                                  : loaded 2 times (x 105B)
Class org.gradle.api.internal.classpath.ModuleRegistry                                : loaded 2 times (x 67B)
Class org.gradle.internal.installation.GradleInstallation$1                           : loaded 2 times (x 72B)
Class [Lorg.objectweb.asm.SymbolTable$Entry;                                          : loaded 2 times (x 66B)
Class net.rubygrapefruit.platform.internal.LibraryDef                                 : loaded 2 times (x 69B)
Class com.google.common.util.concurrent.AbstractFuture$TrustedFuture                  : loaded 2 times (x 111B)
Class com.google.common.reflect.TypeToken$2                                           : loaded 2 times (x 107B)
Class com.google.common.io.ByteStreams$LimitedInputStream                             : loaded 2 times (x 89B)
Class com.google.common.reflect.TypeToken$1                                           : loaded 2 times (x 107B)
Class net.rubygrapefruit.platform.ProcessLauncher                                     : loaded 2 times (x 67B)
Class org.objectweb.asm.Edge                                                          : loaded 2 times (x 69B)
Class org.objectweb.asm.MethodWriter                                                  : loaded 2 times (x 103B)
Class com.google.common.util.concurrent.AbstractFuture$AtomicHelper                   : loaded 2 times (x 75B)
Class org.objectweb.asm.SymbolTable$Entry                                             : loaded 2 times (x 71B)
Class net.rubygrapefruit.platform.internal.Platform$Windows                           : loaded 2 times (x 76B)
Class kotlin.text.Charsets                                                            : loaded 2 times (x 68B)
Class [Lcom.google.common.reflect.Types$JavaVersion;                                  : loaded 2 times (x 66B)
Class org.gradle.api.UncheckedIOException                                             : loaded 2 times (x 79B)
Class org.gradle.internal.classpath.ClassPath                                         : loaded 2 times (x 67B)
Class Settings_gradle$1                                                               : loaded 2 times (x 71B)
Class net.rubygrapefruit.platform.internal.jni.NativeLibraryFunctions                 : loaded 2 times (x 68B)
Class com.google.common.reflect.TypeToken                                             : loaded 2 times (x 70B)
Class kotlin.jvm.internal.TypeIntrinsics                                              : loaded 2 times (x 68B)
Class kotlin.text.StringsKt__StringsKt$splitToSequence$1                              : loaded 2 times (x 76B)
Class org.gradle.internal.installation.CurrentGradleInstallation                      : loaded 2 times (x 70B)
Class com.google.common.reflect.Types$JavaVersion$1                                   : loaded 2 times (x 80B)
Class org.gradle.internal.classpath.DefaultClassPath$ImmutableUniqueList              : loaded 2 times (x 196B)
Class org.gradle.api.internal.ClassPathRegistry                                       : loaded 2 times (x 67B)
Class net.rubygrapefruit.platform.NativeIntegrationLinkageException                   : loaded 2 times (x 79B)
Class com.google.common.reflect.Invokable$ConstructorInvokable                        : loaded 2 times (x 104B)
Class com.google.common.reflect.Types$JavaVersion$2                                   : loaded 2 times (x 80B)
Class org.gradle.api.internal.DefaultClassPathRegistry                                : loaded 2 times (x 73B)
Class net.rubygrapefruit.platform.internal.FunctionResult                             : loaded 2 times (x 74B)
Class com.google.common.reflect.Types                                                 : loaded 2 times (x 68B)
Class com.google.common.util.concurrent.AbstractFuture$Cancellation                   : loaded 2 times (x 69B)
Class com.google.common.hash.PrimitiveSink                                            : loaded 2 times (x 67B)
Class com.google.common.base.Stopwatch                                                : loaded 2 times (x 69B)
Class com.google.common.util.concurrent.AbstractFuture$Failure                        : loaded 2 times (x 69B)
Class org.gradle.api.internal.classpath.UnknownModuleException                        : loaded 2 times (x 79B)
Class kotlin.io.FileAlreadyExistsException                                            : loaded 2 times (x 79B)
Class org.gradle.api.internal.classpath.Module                                        : loaded 2 times (x 67B)
Class com.google.common.base.PatternCompiler                                          : loaded 2 times (x 67B)
Class org.gradle.util.internal.GUtil                                                  : loaded 2 times (x 68B)
Class com.google.common.reflect.Reflection                                            : loaded 2 times (x 68B)
Class org.gradle.api.internal.classpath.DefaultModuleRegistry$DefaultModule           : loaded 2 times (x 83B)
Class org.objectweb.asm.FieldVisitor                                                  : loaded 2 times (x 74B)
Class com.google.common.reflect.Types$JavaVersion$3                                   : loaded 2 times (x 80B)
Class org.gradle.internal.classloader.ClasspathUtil$1                                 : loaded 2 times (x 73B)
Class org.objectweb.asm.ClassWriter                                                   : loaded 2 times (x 103B)
Class [Lnet.rubygrapefruit.platform.internal.FunctionResult$Failure;                  : loaded 2 times (x 66B)
Class org.objectweb.asm.Label                                                         : loaded 2 times (x 70B)
Class org.gradle.internal.InternalTransformer                                         : loaded 2 times (x 67B)
Class com.google.common.base.CharMatcher$JavaLetterOrDigit                            : loaded 2 times (x 108B)
Class com.google.common.collect.ImmutableSortedSetFauxverideShim                      : loaded 2 times (x 144B)
Class net.rubygrapefruit.platform.NativeIntegration                                   : loaded 2 times (x 67B)
Class net.rubygrapefruit.platform.Native                                              : loaded 2 times (x 68B)
Class net.rubygrapefruit.platform.internal.Platform$Linux32Bit                        : loaded 2 times (x 80B)
Class kotlin.text.DelimitedRangesSequence$iterator$1                                  : loaded 2 times (x 76B)
Class org.gradle.api.internal.classpath.GlobalCacheRootsProvider                      : loaded 2 times (x 67B)
Class com.google.common.collect.RangeSet                                              : loaded 2 times (x 67B)
Class com.google.common.base.CharMatcher$RangesMatcher                                : loaded 2 times (x 109B)
Class com.google.common.util.concurrent.AbstractFuture$Trusted                        : loaded 2 times (x 67B)
Class com.google.common.collect.Range                                                 : loaded 2 times (x 84B)
Class kotlin.io.LinesSequence$iterator$1                                              : loaded 2 times (x 76B)
Class com.google.common.util.concurrent.AbstractFuture$UnsafeAtomicHelper$1           : loaded 2 times (x 73B)
Class com.google.common.collect.ImmutableRangeSet$1                                   : loaded 2 times (x 206B)
Class kotlin.io.FilesKt__FilePathComponentsKt                                         : loaded 2 times (x 68B)
Class kotlin.io.TerminateException                                                    : loaded 2 times (x 79B)
Class com.google.common.reflect.TypeToken$SimpleTypeToken                             : loaded 2 times (x 70B)
Class kotlin.io.CloseableKt                                                           : loaded 2 times (x 68B)
Class [Lcom.google.common.reflect.Types$ClassOwnership;                               : loaded 2 times (x 66B)
Class com.google.common.collect.HashBiMap$BiEntry                                     : loaded 2 times (x 80B)
Class kotlin.sequences.TransformingSequence$iterator$1                                : loaded 2 times (x 76B)
Class com.google.common.reflect.Types$JavaVersion$5                                   : loaded 2 times (x 68B)
Class org.gradle.internal.service.ServiceLocator                                      : loaded 2 times (x 67B)
Class kotlin.io.NoSuchFileException                                                   : loaded 2 times (x 79B)
Class com.google.common.util.concurrent.AbstractFuture$SetFuture                      : loaded 2 times (x 72B)
Class [Lorg.objectweb.asm.Type;                                                       : loaded 2 times (x 66B)
Class [Lorg.objectweb.asm.Attribute;                                                  : loaded 2 times (x 66B)
Class com.google.common.reflect.TypeResolver$TypeVariableKey                          : loaded 2 times (x 69B)
Class org.objectweb.asm.CurrentFrame                                                  : loaded 2 times (x 70B)
Class com.google.common.collect.ImmutableRangeSet$AsSet                               : loaded 2 times (x 296B)
Class com.google.common.reflect.Types$ParameterizedTypeImpl                           : loaded 2 times (x 78B)
Class kotlin.text.StringsKt__StringsKt$rangesDelimitedBy$2                            : loaded 2 times (x 76B)
Class org.objectweb.asm.ClassTooLargeException                                        : loaded 2 times (x 80B)
Class org.gradle.internal.classloader.InstrumentingClassLoader                        : loaded 2 times (x 67B)
Class org.gradle.internal.classpath.TransformedClassPath                              : loaded 2 times (x 93B)
Class org.objectweb.asm.FieldWriter                                                   : loaded 2 times (x 75B)
Class com.google.common.reflect.Invokable                                             : loaded 2 times (x 100B)
Class jdk.internal.jimage.ImageReader$LinkNode                                        : loaded 2 times (x 81B)
Class net.rubygrapefruit.platform.internal.Platform$Posix                             : loaded 2 times (x 78B)
Class com.google.common.io.ByteStreams                                                : loaded 2 times (x 68B)
Class jdk.internal.jrtfs.JrtFileStore                                                 : loaded 2 times (x 80B)
Class com.google.common.util.concurrent.SettableFuture                                : loaded 2 times (x 111B)
Class net.rubygrapefruit.platform.internal.Platform$MacOs64Bit                        : loaded 2 times (x 79B)
Class com.google.common.reflect.Types$ClassOwnership$3                                : loaded 2 times (x 68B)
Class org.objectweb.asm.ModuleVisitor                                                 : loaded 2 times (x 78B)
Class com.google.common.reflect.Types$TypeVariableImpl                                : loaded 2 times (x 69B)
Class org.objectweb.asm.Context                                                       : loaded 2 times (x 69B)
Class org.gradle.internal.installation.GradleInstallation                             : loaded 2 times (x 72B)
Class com.google.common.io.ByteArrayDataInput                                         : loaded 2 times (x 67B)
Class com.google.common.reflect.TypeResolver                                          : loaded 2 times (x 69B)
Class com.google.common.reflect.Types$ClassOwnership$2                                : loaded 2 times (x 77B)
Class com.google.common.reflect.Types$JavaVersion$4                                   : loaded 2 times (x 80B)
Class org.gradle.internal.service.UnknownServiceException                             : loaded 2 times (x 80B)
Class com.google.common.base.AbstractIterator$State                                   : loaded 2 times (x 76B)
Class com.google.common.util.concurrent.AbstractFuture$SafeAtomicHelper               : loaded 2 times (x 76B)
Class [Lorg.objectweb.asm.AnnotationVisitor;                                          : loaded 2 times (x 66B)
Class com.google.common.reflect.Types$ClassOwnership$1                                : loaded 2 times (x 77B)
Class com.google.common.collect.RangeGwtSerializationDependencies                     : loaded 2 times (x 68B)
Class org.gradle.api.internal.ClassPathProvider                                       : loaded 2 times (x 67B)
Class [Lorg.gradle.api.internal.ClassPathProvider;                                    : loaded 2 times (x 66B)
Class org.gradle.api.internal.DefaultClassPathProvider                                : loaded 2 times (x 73B)
Class org.objectweb.asm.AnnotationVisitor                                             : loaded 2 times (x 75B)
Class com.google.common.collect.ImmutableSet$SerializedForm                           : loaded 2 times (x 70B)
Class com.google.common.collect.ImmutableRangeSet                                     : loaded 2 times (x 112B)
Class org.objectweb.asm.Frame                                                         : loaded 2 times (x 70B)
Class org.gradle.api.internal.classpath.EffectiveClassPath                            : loaded 2 times (x 87B)
Class net.rubygrapefruit.platform.internal.Platform                                   : loaded 2 times (x 76B)
Class net.rubygrapefruit.platform.NativeIntegrationUnavailableException               : loaded 2 times (x 79B)
Class jdk.internal.jrtfs.ExplodedImage                                                : loaded 2 times (x 74B)
Class org.gradle.internal.classloader.ClassLoaderVisitor                              : loaded 2 times (x 73B)
Class org.gradle.internal.classloader.DefaultClassLoaderFactory                       : loaded 2 times (x 79B)
Class com.google.common.base.Platform$JdkPatternCompiler                              : loaded 2 times (x 72B)
Class org.objectweb.asm.MethodTooLargeException                                       : loaded 2 times (x 80B)
Class kotlin.io.LinesSequence                                                         : loaded 2 times (x 72B)
Class org.objectweb.asm.ClassVisitor                                                  : loaded 2 times (x 85B)
Class [Lorg.objectweb.asm.Symbol;                                                     : loaded 2 times (x 66B)
Class com.google.common.reflect.TypeCapture                                           : loaded 2 times (x 68B)
Class kotlin.sequences.TransformingSequence                                           : loaded 2 times (x 72B)
Class net.rubygrapefruit.platform.NativeException                                     : loaded 2 times (x 79B)
Class com.google.common.io.ByteArrayDataOutput                                        : loaded 2 times (x 67B)
Class org.gradle.api.internal.classpath.ManifestUtil                                  : loaded 2 times (x 68B)
Class net.rubygrapefruit.platform.internal.Platform$FreeBSD                           : loaded 2 times (x 79B)
Class com.google.common.collect.ImmutableBiMap$SerializedForm                         : loaded 2 times (x 72B)
Class org.objectweb.asm.ModuleWriter                                                  : loaded 2 times (x 79B)
Class org.gradle.internal.classloader.ClassLoaderHierarchy                            : loaded 2 times (x 67B)
Class [Lcom.google.common.base.AbstractIterator$State;                                : loaded 2 times (x 66B)
Class net.rubygrapefruit.platform.internal.Platform$FreeBSD64Bit                      : loaded 2 times (x 79B)
Class kotlin.io.FilesKt__FileTreeWalkKt                                               : loaded 2 times (x 68B)
Class org.objectweb.asm.MethodVisitor                                                 : loaded 2 times (x 102B)
Class org.gradle.internal.classloader.FilteringClassLoader                            : loaded 2 times (x 102B)
Class kotlin.io.TextStreamsKt                                                         : loaded 2 times (x 68B)
Class com.google.common.collect.Lists$RandomAccessReverseList                         : loaded 2 times (x 197B)

---------------  S Y S T E M  ---------------

OS:
 Windows 11 , 64 bit Build 26100 (10.0.26100.7920)
OS uptime: 0 days 7:25 hours
Hyper-V role detected

CPU: total 8 (initial active 8) (8 cores per cpu, 2 threads per core) family 23 model 104 stepping 1 microcode 0x8608107, cx8, cmov, fxsr, ht, mmx, 3dnowpref, sse, sse2, sse3, ssse3, sse4a, sse4.1, sse4.2, popcnt, lzcnt, tsc, tscinvbit, avx, avx2, aes, clmul, bmi1, bmi2, adx, sha, fma, vzeroupper, clflush, clflushopt, hv, rdtscp, rdpid, f16c
Processor Information for all 8 processors :
  Max Mhz: 2600, Current Mhz: 2600, Mhz Limit: 2600

Memory: 4k page, system-wide physical 7502M (343M free)
TotalPageFile size 30030M (AvailPageFile size 486M)
current process WorkingSet (physical memory assigned to process): 252M, peak: 919M
current process commit charge ("private bytes"): 1197M, peak: 1787M

vm_info: OpenJDK 64-Bit Server VM (21.0.3+-12282718-b509.11) for windows-amd64 JRE (21.0.3+-12282718-b509.11), built on 2024-08-27T17:34:15Z by "builder" with MS VC++ 16.10 / 16.11 (VS2019)

END.
