#
# There is insufficient memory for the Java Runtime Environment to continue.
# Native memory allocation (mmap) failed to map 525336576 bytes. Error detail: G1 virtual space
# Possible reasons:
#   The system is out of physical RAM or swap space
#   This process is running with CompressedOops enabled, and the Java Heap may be blocking the growth of the native heap
# Possible solutions:
#   Reduce memory load on the system
#   Increase physical memory or swap space
#   Check if swap backing store is full
#   Decrease Java heap size (-Xmx/-Xms)
#   Decrease number of Java threads
#   Decrease Java thread stack sizes (-Xss)
#   Set larger code cache with -XX:ReservedCodeCacheSize=
#   JVM is running with Unscaled Compressed Oops mode in which the Java heap is
#     placed in the first 4GB address space. The Java Heap base address is the
#     maximum limit for the native heap growth. Please use -XX:HeapBaseMinAddress
#     to set the Java Heap base and to place the Java Heap above 4GB virtual address.
# This output file may be truncated or incomplete.
#
#  Out of Memory Error (os_windows.cpp:3690), pid=16732, tid=27180
#
# JRE version: OpenJDK Runtime Environment Microsoft-13106358 (17.0.18+8) (build 17.0.18+8-LTS)
# Java VM: OpenJDK 64-Bit Server VM Microsoft-13106358 (17.0.18+8-LTS, mixed mode, sharing, tiered, compressed oops, compressed class ptrs, g1 gc, windows-amd64)
# No core dump will be written. Minidumps are not enabled by default on client versions of Windows
#

---------------  S U M M A R Y ------------

Command Line: --add-opens=java.base/java.lang=ALL-UNNAMED --add-opens=java.base/java.lang.invoke=ALL-UNNAMED --add-opens=java.base/java.util=ALL-UNNAMED --add-opens=java.prefs/java.util.prefs=ALL-UNNAMED --add-exports=jdk.compiler/com.sun.tools.javac.api=ALL-UNNAMED --add-exports=jdk.compiler/com.sun.tools.javac.util=ALL-UNNAMED --add-opens=java.base/java.util=ALL-UNNAMED --add-opens=java.prefs/java.util.prefs=ALL-UNNAMED --add-opens=java.base/java.nio.charset=ALL-UNNAMED --add-opens=java.base/java.net=ALL-UNNAMED --add-opens=java.base/java.util.concurrent.atomic=ALL-UNNAMED --add-opens=java.xml/javax.xml.namespace=ALL-UNNAMED -Xmx2048m -Dfile.encoding=UTF-8 -Duser.country=CO -Duser.language=es -Duser.variant -javaagent:C:\Users\perez\AndroidStudioProjects\MyApplication\wrapper\dists\gradle-8.13-bin\5xuhj0ry160q40clulazy9h7d\gradle-8.13\lib\agents\gradle-instrumentation-agent-8.13.jar org.gradle.launcher.daemon.bootstrap.GradleDaemon 8.13

Host: AMD Ryzen 3 5300U with Radeon Graphics         , 8 cores, 7G,  Windows 11 , 64 bit Build 26100 (10.0.26100.7920)
Time: Fri Mar 20 16:26:06 2026 Hora est. Pacífico, Sudamérica elapsed time: 4010.124624 seconds (0d 1h 6m 50s)

---------------  T H R E A D  ---------------

Current thread (0x0000027a29c0f2f0):  VMThread "VM Thread" [stack: 0x000000b746d00000,0x000000b746e00000] [id=27180]

Stack: [0x000000b746d00000,0x000000b746e00000]
Native frames: (J=compiled Java code, j=interpreted, Vv=VM code, C=native code)
V  [jvm.dll+0x68c879]  (no source info available)
V  [jvm.dll+0x845979]  (no source info available)
V  [jvm.dll+0x8476e8]  (no source info available)
V  [jvm.dll+0x847d73]  (no source info available)
V  [jvm.dll+0x24cf6f]  (no source info available)
V  [jvm.dll+0x68bc79]  (no source info available)
V  [jvm.dll+0x68023a]  (no source info available)
V  [jvm.dll+0x3101a0]  (no source info available)
V  [jvm.dll+0x310042]  (no source info available)
V  [jvm.dll+0x317599]  (no source info available)
V  [jvm.dll+0x369999]  (no source info available)
V  [jvm.dll+0x369bcd]  (no source info available)
V  [jvm.dll+0x2e69aa]  (no source info available)
V  [jvm.dll+0x2e4da1]  (no source info available)
V  [jvm.dll+0x2e453c]  (no source info available)
V  [jvm.dll+0x328ecb]  (no source info available)
V  [jvm.dll+0x84c5fd]  (no source info available)
V  [jvm.dll+0x84d313]  (no source info available)
V  [jvm.dll+0x84d844]  (no source info available)
V  [jvm.dll+0x84dc28]  (no source info available)
V  [jvm.dll+0x84dd1e]  (no source info available)
V  [jvm.dll+0x7f5ebc]  (no source info available)
V  [jvm.dll+0x68de17]  (no source info available)
C  [ucrtbase.dll+0x37b0]  (no source info available)
C  [KERNEL32.DLL+0x2e8d7]  (no source info available)
C  [ntdll.dll+0x8c48c]  (no source info available)

VM_Operation (0x000000b7485fed50): G1CollectForAllocation, mode: safepoint, requested by thread 0x0000027a716a7090


---------------  P R O C E S S  ---------------

Threads class SMR info:
_java_thread_list=0x0000027a76363140, length=127, elements={
0x0000027a0b75cc80, 0x0000027a29c135f0, 0x0000027a29c16c40, 0x0000027a29c2fbb0,
0x0000027a29c32490, 0x0000027a29c338d0, 0x0000027a29c34d10, 0x0000027a29c387a0,
0x0000027a29c390b0, 0x0000027a29c3a530, 0x0000027a6f0b4070, 0x0000027a6f186ae0,
0x0000027a70ef4880, 0x0000027a70dde560, 0x0000027a7118bb10, 0x0000027a70583510,
0x0000027a70583a20, 0x0000027a70580780, 0x0000027a701c7870, 0x0000027a701c8cb0,
0x0000027a701c91c0, 0x0000027a716a4810, 0x0000027a716a29b0, 0x0000027a716a4d20,
0x0000027a716a1a80, 0x0000027a716a7ab0, 0x0000027a716a6b80, 0x0000027a716a84d0,
0x0000027a716a7090, 0x0000027a716a75a0, 0x0000027a716a7fc0, 0x0000027a716a89e0,
0x0000027a7171f5a0, 0x0000027a7171e160, 0x0000027a7171fab0, 0x0000027a7171ffc0,
0x0000027a7171f090, 0x0000027a7171dc50, 0x0000027a71720ef0, 0x0000027a7171eb80,
0x0000027a71722840, 0x0000027a71722d50, 0x0000027a71721400, 0x0000027a717209e0,
0x0000027a71723260, 0x0000027a71721910, 0x0000027a71723770, 0x0000027a71723c80,
0x0000027a717250c0, 0x0000027a71724190, 0x0000027a717246a0, 0x0000027a71724bb0,
0x0000027a7292ac50, 0x0000027a72929300, 0x0000027a7292b160, 0x0000027a729283d0,
0x0000027a72929810, 0x0000027a729279b0, 0x0000027a729288e0, 0x0000027a7292cab0,
0x0000027a72929d20, 0x0000027a7292cfc0, 0x0000027a7292b670, 0x0000027a7292c5a0,
0x0000027a7292c090, 0x0000027a7292d4d0, 0x0000027a7292bb80, 0x0000027a7292d9e0,
0x0000027a7292a230, 0x0000027a7292def0, 0x0000027a7292e400, 0x0000027a7292e910,
0x0000027a73ee09d0, 0x0000027a73ee0ee0, 0x0000027a73ee2830, 0x0000027a73edf590,
0x0000027a73edfaa0, 0x0000027a73edf080, 0x0000027a73ee3250, 0x0000027a73ee1e10,
0x0000027a73ee04c0, 0x0000027a73ee3760, 0x0000027a73ee4690, 0x0000027a73ee4ba0,
0x0000027a73ee2320, 0x0000027a73ee13f0, 0x0000027a73ee2d40, 0x0000027a73ee50b0,
0x0000027a73ee1900, 0x0000027a73ee6a00, 0x0000027a73ee55c0, 0x0000027a748a31a0,
0x0000027a748a0410, 0x0000027a748a2270, 0x0000027a748a0920, 0x0000027a748a40d0,
0x0000027a748a1340, 0x0000027a748a0e30, 0x0000027a748a5f30, 0x0000027a748a6440,
0x0000027a748a6950, 0x0000027a748a7d90, 0x0000027a748a5000, 0x0000027a753c7ce0,
0x0000027a753c81f0, 0x0000027a753c72c0, 0x0000027a753c68a0, 0x0000027a753c6db0,
0x0000027a7595eaa0, 0x0000027a7595e590, 0x0000027a75961320, 0x0000027a759603f0,
0x0000027a7cdcc750, 0x0000027a7cdcd680, 0x0000027a7cdca8f0, 0x0000027a7cdcae00,
0x0000027a7cdcd170, 0x0000027a7cdcb310, 0x0000027a7cdca3e0, 0x0000027a7cdcbd30,
0x0000027a7cdccc60, 0x0000027a7666c9f0, 0x0000027a7bdda810, 0x0000027a7595f9d0,
0x0000027a7595fee0, 0x0000027a7595efb0, 0x0000027a7595f4c0
}

Java Threads: ( => current thread )
  0x0000027a0b75cc80 JavaThread "main" [_thread_blocked, id=7172, stack(0x000000b746700000,0x000000b746800000)]
  0x0000027a29c135f0 JavaThread "Reference Handler" daemon [_thread_blocked, id=13024, stack(0x000000b746e00000,0x000000b746f00000)]
  0x0000027a29c16c40 JavaThread "Finalizer" daemon [_thread_blocked, id=9892, stack(0x000000b746f00000,0x000000b747000000)]
  0x0000027a29c2fbb0 JavaThread "Signal Dispatcher" daemon [_thread_blocked, id=15960, stack(0x000000b747000000,0x000000b747100000)]
  0x0000027a29c32490 JavaThread "Attach Listener" daemon [_thread_blocked, id=21452, stack(0x000000b747100000,0x000000b747200000)]
  0x0000027a29c338d0 JavaThread "Service Thread" daemon [_thread_blocked, id=26160, stack(0x000000b747200000,0x000000b747300000)]
  0x0000027a29c34d10 JavaThread "Monitor Deflation Thread" daemon [_thread_blocked, id=1680, stack(0x000000b747300000,0x000000b747400000)]
  0x0000027a29c387a0 JavaThread "C2 CompilerThread0" daemon [_thread_blocked, id=26024, stack(0x000000b747400000,0x000000b747500000)]
  0x0000027a29c390b0 JavaThread "C1 CompilerThread0" daemon [_thread_blocked, id=16312, stack(0x000000b747500000,0x000000b747600000)]
  0x0000027a29c3a530 JavaThread "Sweeper thread" daemon [_thread_blocked, id=16316, stack(0x000000b747600000,0x000000b747700000)]
  0x0000027a6f0b4070 JavaThread "Common-Cleaner" daemon [_thread_blocked, id=22248, stack(0x000000b747700000,0x000000b747800000)]
  0x0000027a6f186ae0 JavaThread "Notification Thread" daemon [_thread_blocked, id=8388, stack(0x000000b747800000,0x000000b747900000)]
  0x0000027a70ef4880 JavaThread "Daemon health stats" [_thread_blocked, id=10628, stack(0x000000b748000000,0x000000b748100000)]
  0x0000027a70dde560 JavaThread "Incoming local TCP Connector on port 55919" [_thread_in_native, id=25000, stack(0x000000b747a00000,0x000000b747b00000)]
  0x0000027a7118bb10 JavaThread "Daemon periodic checks" [_thread_blocked, id=21212, stack(0x000000b748100000,0x000000b748200000)]
  0x0000027a70583510 JavaThread "Cache worker for journal cache (C:\Users\perez\AndroidStudioProjects\MyApplication\caches\journal-1)" [_thread_blocked, id=26200, stack(0x000000b748a00000,0x000000b748b00000)]
  0x0000027a70583a20 JavaThread "File lock request listener" [_thread_in_native, id=27112, stack(0x000000b748b00000,0x000000b748c00000)]
  0x0000027a70580780 JavaThread "Cache worker for file hash cache (C:\Users\perez\AndroidStudioProjects\MyApplication\caches\8.13\fileHashes)" [_thread_blocked, id=24964, stack(0x000000b748c00000,0x000000b748d00000)]
  0x0000027a701c7870 JavaThread "File watcher server" daemon [_thread_blocked, id=23756, stack(0x000000b749200000,0x000000b749300000)]
  0x0000027a701c8cb0 JavaThread "File watcher consumer" daemon [_thread_blocked, id=23344, stack(0x000000b749300000,0x000000b749400000)]
  0x0000027a701c91c0 JavaThread "Cache worker for file content cache (C:\Users\perez\AndroidStudioProjects\MyApplication\caches\8.13\fileContent)" [_thread_blocked, id=27548, stack(0x000000b749500000,0x000000b749600000)]
  0x0000027a716a4810 JavaThread "Memory manager" [_thread_blocked, id=25952, stack(0x000000b74b000000,0x000000b74b100000)]
  0x0000027a716a29b0 JavaThread "Daemon Thread 4" [_thread_blocked, id=21576, stack(0x000000b746400000,0x000000b746500000)]
  0x0000027a716a4d20 JavaThread "Handler for socket connection from /127.0.0.1:55919 to /127.0.0.1:61103" [_thread_in_native, id=22760, stack(0x000000b746500000,0x000000b746600000)]
  0x0000027a716a1a80 JavaThread "Cancel handler" [_thread_blocked, id=26156, stack(0x000000b746600000,0x000000b746700000)]
  0x0000027a716a7ab0 JavaThread "Daemon worker Thread 4" [_thread_blocked, id=25996, stack(0x000000b748200000,0x000000b748300000)]
  0x0000027a716a6b80 JavaThread "Asynchronous log dispatcher for DefaultDaemonConnection: socket connection from /127.0.0.1:55919 to /127.0.0.1:61103" [_thread_blocked, id=7184, stack(0x000000b748300000,0x000000b748400000)]
  0x0000027a716a84d0 JavaThread "Stdin handler" [_thread_blocked, id=20800, stack(0x000000b748400000,0x000000b748500000)]
  0x0000027a716a7090 JavaThread "Daemon client event forwarder" [_thread_blocked, id=24584, stack(0x000000b748500000,0x000000b748600000)]
  0x0000027a716a75a0 JavaThread "Cache worker for file hash cache (C:\Users\perez\Downloads\Movil_chicamocha\MobileApp_UsoChicamocha\.gradle\8.13\fileHashes)" [_thread_blocked, id=7024, stack(0x000000b748600000,0x000000b748700000)]
  0x0000027a716a7fc0 JavaThread "Cache worker for Build Output Cleanup Cache (C:\Users\perez\Downloads\Movil_chicamocha\MobileApp_UsoChicamocha\.gradle\buildOutputCleanup)" [_thread_blocked, id=20532, stack(0x000000b748700000,0x000000b748800000)]
  0x0000027a716a89e0 JavaThread "Cache worker for checksums cache (C:\Users\perez\Downloads\Movil_chicamocha\MobileApp_UsoChicamocha\.gradle\8.13\checksums)" [_thread_blocked, id=23764, stack(0x000000b748800000,0x000000b748900000)]
  0x0000027a7171f5a0 JavaThread "Cache worker for cache directory md-supplier (C:\Users\perez\AndroidStudioProjects\MyApplication\caches\8.13\md-supplier)" [_thread_blocked, id=17792, stack(0x000000b748900000,0x000000b748a00000)]
  0x0000027a7171e160 JavaThread "Cache worker for cache directory md-rule (C:\Users\perez\AndroidStudioProjects\MyApplication\caches\8.13\md-rule)" [_thread_blocked, id=25136, stack(0x000000b748f00000,0x000000b749000000)]
  0x0000027a7171fab0 JavaThread "Unconstrained build operations" [_thread_blocked, id=3144, stack(0x000000b749000000,0x000000b749100000)]
  0x0000027a7171ffc0 JavaThread "Unconstrained build operations Thread 2" [_thread_blocked, id=26556, stack(0x000000b749400000,0x000000b749500000)]
  0x0000027a7171f090 JavaThread "Unconstrained build operations Thread 3" [_thread_blocked, id=23880, stack(0x000000b749600000,0x000000b749700000)]
  0x0000027a7171dc50 JavaThread "Unconstrained build operations Thread 4" [_thread_blocked, id=14120, stack(0x000000b749700000,0x000000b749800000)]
  0x0000027a71720ef0 JavaThread "Unconstrained build operations Thread 5" [_thread_blocked, id=22864, stack(0x000000b749800000,0x000000b749900000)]
  0x0000027a7171eb80 JavaThread "Unconstrained build operations Thread 6" [_thread_blocked, id=11340, stack(0x000000b749900000,0x000000b749a00000)]
  0x0000027a71722840 JavaThread "Unconstrained build operations Thread 7" [_thread_blocked, id=25948, stack(0x000000b749a00000,0x000000b749b00000)]
  0x0000027a71722d50 JavaThread "Unconstrained build operations Thread 8" [_thread_blocked, id=5148, stack(0x000000b749b00000,0x000000b749c00000)]
  0x0000027a71721400 JavaThread "Unconstrained build operations Thread 9" [_thread_blocked, id=14636, stack(0x000000b749c00000,0x000000b749d00000)]
  0x0000027a717209e0 JavaThread "Unconstrained build operations Thread 10" [_thread_blocked, id=23784, stack(0x000000b749d00000,0x000000b749e00000)]
  0x0000027a71723260 JavaThread "Unconstrained build operations Thread 11" [_thread_blocked, id=27264, stack(0x000000b749e00000,0x000000b749f00000)]
  0x0000027a71721910 JavaThread "Unconstrained build operations Thread 12" [_thread_blocked, id=8832, stack(0x000000b749f00000,0x000000b74a000000)]
  0x0000027a71723770 JavaThread "Unconstrained build operations Thread 13" [_thread_blocked, id=20600, stack(0x000000b74a000000,0x000000b74a100000)]
  0x0000027a71723c80 JavaThread "Unconstrained build operations Thread 14" [_thread_blocked, id=25636, stack(0x000000b74a100000,0x000000b74a200000)]
  0x0000027a717250c0 JavaThread "build event listener" [_thread_blocked, id=22612, stack(0x000000b74a200000,0x000000b74a300000)]
  0x0000027a71724190 JavaThread "build event listener" [_thread_blocked, id=2632, stack(0x000000b74a300000,0x000000b74a400000)]
  0x0000027a717246a0 JavaThread "Problems report writer" [_thread_blocked, id=17788, stack(0x000000b74a500000,0x000000b74a600000)]
  0x0000027a71724bb0 JavaThread "included builds" [_thread_blocked, id=17960, stack(0x000000b74a800000,0x000000b74a900000)]
  0x0000027a7292ac50 JavaThread "Execution worker" [_thread_blocked, id=8456, stack(0x000000b74a900000,0x000000b74aa00000)]
  0x0000027a72929300 JavaThread "Execution worker Thread 2" [_thread_blocked, id=19064, stack(0x000000b74aa00000,0x000000b74ab00000)]
  0x0000027a7292b160 JavaThread "Execution worker Thread 3" [_thread_blocked, id=22460, stack(0x000000b74ab00000,0x000000b74ac00000)]
  0x0000027a729283d0 JavaThread "Execution worker Thread 4" [_thread_blocked, id=17984, stack(0x000000b74ac00000,0x000000b74ad00000)]
  0x0000027a72929810 JavaThread "Execution worker Thread 5" [_thread_blocked, id=18616, stack(0x000000b74ad00000,0x000000b74ae00000)]
  0x0000027a729279b0 JavaThread "Execution worker Thread 6" [_thread_blocked, id=16932, stack(0x000000b74ae00000,0x000000b74af00000)]
  0x0000027a729288e0 JavaThread "Execution worker Thread 7" [_thread_blocked, id=26608, stack(0x000000b74af00000,0x000000b74b000000)]
  0x0000027a7292cab0 JavaThread "Cache worker for execution history cache (C:\Users\perez\Downloads\Movil_chicamocha\MobileApp_UsoChicamocha\.gradle\8.13\executionHistory)" [_thread_blocked, id=26544, stack(0x000000b74b100000,0x000000b74b200000)]
  0x0000027a72929d20 JavaThread "Unconstrained build operations Thread 15" [_thread_blocked, id=21972, stack(0x000000b74a400000,0x000000b74a500000)]
  0x0000027a7292cfc0 JavaThread "Unconstrained build operations Thread 16" [_thread_blocked, id=8664, stack(0x000000b74b300000,0x000000b74b400000)]
  0x0000027a7292b670 JavaThread "Unconstrained build operations Thread 17" [_thread_blocked, id=24096, stack(0x000000b74b400000,0x000000b74b500000)]
  0x0000027a7292c5a0 JavaThread "Unconstrained build operations Thread 18" [_thread_blocked, id=18256, stack(0x000000b74b500000,0x000000b74b600000)]
  0x0000027a7292c090 JavaThread "Unconstrained build operations Thread 19" [_thread_blocked, id=24316, stack(0x000000b74b600000,0x000000b74b700000)]
  0x0000027a7292d4d0 JavaThread "Unconstrained build operations Thread 20" [_thread_blocked, id=16636, stack(0x000000b74b700000,0x000000b74b800000)]
  0x0000027a7292bb80 JavaThread "Unconstrained build operations Thread 21" [_thread_blocked, id=26000, stack(0x000000b74b800000,0x000000b74b900000)]
  0x0000027a7292d9e0 JavaThread "Unconstrained build operations Thread 22" [_thread_blocked, id=13036, stack(0x000000b74b900000,0x000000b74ba00000)]
  0x0000027a7292a230 JavaThread "Unconstrained build operations Thread 23" [_thread_blocked, id=22792, stack(0x000000b74ba00000,0x000000b74bb00000)]
  0x0000027a7292def0 JavaThread "Unconstrained build operations Thread 24" [_thread_blocked, id=27628, stack(0x000000b74bb00000,0x000000b74bc00000)]
  0x0000027a7292e400 JavaThread "Unconstrained build operations Thread 25" [_thread_blocked, id=19392, stack(0x000000b74bc00000,0x000000b74bd00000)]
  0x0000027a7292e910 JavaThread "Unconstrained build operations Thread 26" [_thread_blocked, id=17428, stack(0x000000b74bd00000,0x000000b74be00000)]
  0x0000027a73ee09d0 JavaThread "Unconstrained build operations Thread 27" [_thread_blocked, id=21324, stack(0x000000b74be00000,0x000000b74bf00000)]
  0x0000027a73ee0ee0 JavaThread "Unconstrained build operations Thread 28" [_thread_blocked, id=20536, stack(0x000000b74bf00000,0x000000b74c000000)]
  0x0000027a73ee2830 JavaThread "Unconstrained build operations Thread 29" [_thread_blocked, id=26244, stack(0x000000b74c000000,0x000000b74c100000)]
  0x0000027a73edf590 JavaThread "Unconstrained build operations Thread 30" [_thread_blocked, id=24324, stack(0x000000b74c100000,0x000000b74c200000)]
  0x0000027a73edfaa0 JavaThread "Unconstrained build operations Thread 31" [_thread_blocked, id=25332, stack(0x000000b74c200000,0x000000b74c300000)]
  0x0000027a73edf080 JavaThread "Unconstrained build operations Thread 32" [_thread_blocked, id=20080, stack(0x000000b74c300000,0x000000b74c400000)]
  0x0000027a73ee3250 JavaThread "Unconstrained build operations Thread 33" [_thread_blocked, id=3148, stack(0x000000b74c400000,0x000000b74c500000)]
  0x0000027a73ee1e10 JavaThread "Unconstrained build operations Thread 34" [_thread_blocked, id=23492, stack(0x000000b74c500000,0x000000b74c600000)]
  0x0000027a73ee04c0 JavaThread "Unconstrained build operations Thread 35" [_thread_blocked, id=23536, stack(0x000000b74c600000,0x000000b74c700000)]
  0x0000027a73ee3760 JavaThread "Unconstrained build operations Thread 36" [_thread_blocked, id=11764, stack(0x000000b74c700000,0x000000b74c800000)]
  0x0000027a73ee4690 JavaThread "Unconstrained build operations Thread 37" [_thread_blocked, id=20944, stack(0x000000b74c800000,0x000000b74c900000)]
  0x0000027a73ee4ba0 JavaThread "Unconstrained build operations Thread 38" [_thread_blocked, id=26780, stack(0x000000b74c900000,0x000000b74ca00000)]
  0x0000027a73ee2320 JavaThread "Unconstrained build operations Thread 39" [_thread_blocked, id=26676, stack(0x000000b74ca00000,0x000000b74cb00000)]
  0x0000027a73ee13f0 JavaThread "Unconstrained build operations Thread 40" [_thread_blocked, id=17036, stack(0x000000b74cb00000,0x000000b74cc00000)]
  0x0000027a73ee2d40 JavaThread "Unconstrained build operations Thread 41" [_thread_blocked, id=7016, stack(0x000000b74cc00000,0x000000b74cd00000)]
  0x0000027a73ee50b0 JavaThread "Unconstrained build operations Thread 42" [_thread_blocked, id=22780, stack(0x000000b74cd00000,0x000000b74ce00000)]
  0x0000027a73ee1900 JavaThread "Unconstrained build operations Thread 43" [_thread_blocked, id=22104, stack(0x000000b74ce00000,0x000000b74cf00000)]
  0x0000027a73ee6a00 JavaThread "Unconstrained build operations Thread 44" [_thread_blocked, id=18252, stack(0x000000b74cf00000,0x000000b74d000000)]
  0x0000027a73ee55c0 JavaThread "Unconstrained build operations Thread 45" [_thread_blocked, id=22320, stack(0x000000b74d000000,0x000000b74d100000)]
  0x0000027a748a31a0 JavaThread "WorkerExecutor Queue" [_thread_blocked, id=12484, stack(0x000000b74d100000,0x000000b74d200000)]
  0x0000027a748a0410 JavaThread "Unconstrained build operations Thread 46" [_thread_blocked, id=5424, stack(0x000000b74d200000,0x000000b74d300000)]
  0x0000027a748a2270 JavaThread "Unconstrained build operations Thread 47" [_thread_blocked, id=20740, stack(0x000000b74d300000,0x000000b74d400000)]
  0x0000027a748a0920 JavaThread "Unconstrained build operations Thread 48" [_thread_blocked, id=24192, stack(0x000000b74d400000,0x000000b74d500000)]
  0x0000027a748a40d0 JavaThread "Unconstrained build operations Thread 49" [_thread_blocked, id=24540, stack(0x000000b74d500000,0x000000b74d600000)]
  0x0000027a748a1340 JavaThread "Unconstrained build operations Thread 50" [_thread_blocked, id=22900, stack(0x000000b74d600000,0x000000b74d700000)]
  0x0000027a748a0e30 JavaThread "RMI Scheduler(0)" daemon [_thread_blocked, id=27632, stack(0x000000b74d700000,0x000000b74d800000)]
  0x0000027a748a5f30 JavaThread "RMI GC Daemon" daemon [_thread_blocked, id=17392, stack(0x000000b74d900000,0x000000b74da00000)]
  0x0000027a748a6440 JavaThread "RMI TCP Accept-0" daemon [_thread_in_native, id=16304, stack(0x000000b74da00000,0x000000b74db00000)]
  0x0000027a748a6950 JavaThread "RMI Reaper" [_thread_blocked, id=18088, stack(0x000000b74db00000,0x000000b74dc00000)]
  0x0000027a748a7d90 JavaThread "RMI TCP Connection(idle)" daemon [_thread_blocked, id=21164, stack(0x000000b74dc00000,0x000000b74dd00000)]
  0x0000027a748a5000 JavaThread "WorkerExecutor Queue Thread 2" [_thread_blocked, id=20520, stack(0x000000b74d800000,0x000000b74d900000)]
  0x0000027a753c7ce0 JavaThread "WorkerExecutor Queue Thread 3" [_thread_blocked, id=12132, stack(0x000000b74df00000,0x000000b74e000000)]
  0x0000027a753c81f0 JavaThread "Cache worker for Java compile cache (C:\Users\perez\AndroidStudioProjects\MyApplication\caches\8.13\javaCompile)" [_thread_blocked, id=26172, stack(0x000000b74dd00000,0x000000b74de00000)]
  0x0000027a753c72c0 JavaThread "Build operations" [_thread_blocked, id=4572, stack(0x000000b74de00000,0x000000b74df00000)]
  0x0000027a753c68a0 JavaThread "Build operations Thread 2" [_thread_blocked, id=26620, stack(0x000000b74e000000,0x000000b74e100000)]
  0x0000027a753c6db0 JavaThread "Build operations Thread 3" [_thread_blocked, id=11704, stack(0x000000b74e100000,0x000000b74e200000)]
  0x0000027a7595eaa0 JavaThread "Build operations Thread 4" [_thread_blocked, id=25440, stack(0x000000b74e200000,0x000000b74e300000)]
  0x0000027a7595e590 JavaThread "Build operations Thread 5" [_thread_blocked, id=17872, stack(0x000000b74e300000,0x000000b74e400000)]
  0x0000027a75961320 JavaThread "Build operations Thread 6" [_thread_blocked, id=18212, stack(0x000000b74e400000,0x000000b74e500000)]
  0x0000027a759603f0 JavaThread "Build operations Thread 7" [_thread_blocked, id=22152, stack(0x000000b74e500000,0x000000b74e600000)]
  0x0000027a7cdcc750 JavaThread "Unconstrained build operations Thread 51" [_thread_blocked, id=5708, stack(0x000000b74e600000,0x000000b74e700000)]
  0x0000027a7cdcd680 JavaThread "Unconstrained build operations Thread 52" [_thread_blocked, id=9808, stack(0x000000b74e700000,0x000000b74e800000)]
  0x0000027a7cdca8f0 JavaThread "Unconstrained build operations Thread 53" [_thread_blocked, id=23676, stack(0x000000b74ea00000,0x000000b74eb00000)]
  0x0000027a7cdcae00 JavaThread "Unconstrained build operations Thread 54" [_thread_blocked, id=14940, stack(0x000000b74eb00000,0x000000b74ec00000)]
  0x0000027a7cdcd170 JavaThread "Unconstrained build operations Thread 55" [_thread_blocked, id=18172, stack(0x000000b74ec00000,0x000000b74ed00000)]
  0x0000027a7cdcb310 JavaThread "Unconstrained build operations Thread 56" [_thread_blocked, id=27084, stack(0x000000b74ed00000,0x000000b74ee00000)]
  0x0000027a7cdca3e0 JavaThread "Unconstrained build operations Thread 57" [_thread_blocked, id=14652, stack(0x000000b74ee00000,0x000000b74ef00000)]
  0x0000027a7cdcbd30 JavaThread "Unconstrained build operations Thread 58" [_thread_blocked, id=164, stack(0x000000b74ef00000,0x000000b74f000000)]
  0x0000027a7cdccc60 JavaThread "Unconstrained build operations Thread 59" [_thread_blocked, id=13252, stack(0x000000b74f000000,0x000000b74f100000)]
  0x0000027a7666c9f0 JavaThread "Build operations Thread 8" [_thread_blocked, id=10024, stack(0x000000b74f100000,0x000000b74f200000)]
  0x0000027a7bdda810 JavaThread "WorkerExecutor Queue Thread 4" [_thread_blocked, id=25028, stack(0x000000b74f300000,0x000000b74f400000)]
  0x0000027a7595f9d0 JavaThread "WorkerExecutor Queue Thread 5" [_thread_blocked, id=23324, stack(0x000000b74f500000,0x000000b74f600000)]
  0x0000027a7595fee0 JavaThread "WorkerExecutor Queue Thread 6" [_thread_blocked, id=27576, stack(0x000000b74f600000,0x000000b74f700000)]
  0x0000027a7595efb0 JavaThread "WorkerExecutor Queue Thread 7" [_thread_blocked, id=21124, stack(0x000000b74f700000,0x000000b74f800000)]
  0x0000027a7595f4c0 JavaThread "WorkerExecutor Queue Thread 8" [_thread_blocked, id=23276, stack(0x000000b74f800000,0x000000b74f900000)]

Other Threads:
=>0x0000027a29c0f2f0 VMThread "VM Thread" [stack: 0x000000b746d00000,0x000000b746e00000] [id=27180]
  0x0000027a6f15e5c0 WatcherThread [stack: 0x000000b747900000,0x000000b747a00000] [id=20808]
  0x0000027a0b7ba8b0 GCTaskThread "GC Thread#0" [stack: 0x000000b746800000,0x000000b746900000] [id=17992]
  0x0000027a6f9b6f30 GCTaskThread "GC Thread#1" [stack: 0x000000b747c00000,0x000000b747d00000] [id=21900]
  0x0000027a6f259fb0 GCTaskThread "GC Thread#2" [stack: 0x000000b747d00000,0x000000b747e00000] [id=5096]
  0x0000027a706bc470 GCTaskThread "GC Thread#3" [stack: 0x000000b747b00000,0x000000b747c00000] [id=26824]
  0x0000027a706bb930 GCTaskThread "GC Thread#4" [stack: 0x000000b747e00000,0x000000b747f00000] [id=15260]
  0x0000027a706bcce0 GCTaskThread "GC Thread#5" [stack: 0x000000b747f00000,0x000000b748000000] [id=26396]
  0x0000027a706bca10 GCTaskThread "GC Thread#6" [stack: 0x000000b748d00000,0x000000b748e00000] [id=20852]
  0x0000027a706bbed0 GCTaskThread "GC Thread#7" [stack: 0x000000b748e00000,0x000000b748f00000] [id=22068]
  0x0000027a0b7cb720 ConcurrentGCThread "G1 Main Marker" [stack: 0x000000b746900000,0x000000b746a00000] [id=1620]
  0x0000027a0b7ccd20 ConcurrentGCThread "G1 Conc#0" [stack: 0x000000b746a00000,0x000000b746b00000] [id=22672]
  0x0000027a72804b80 ConcurrentGCThread "G1 Conc#1" [stack: 0x000000b749100000,0x000000b749200000] [id=20596]
  0x0000027a0b80d5c0 ConcurrentGCThread "G1 Refine#0" [stack: 0x000000b746b00000,0x000000b746c00000] [id=3456]
  0x0000027a71fca410 ConcurrentGCThread "G1 Refine#1" [stack: 0x000000b74a600000,0x000000b74a700000] [id=12768]
  0x0000027a71fca710 ConcurrentGCThread "G1 Refine#2" [stack: 0x000000b74a700000,0x000000b74a800000] [id=18920]
  0x0000027a74130340 ConcurrentGCThread "G1 Refine#3" [stack: 0x000000b74b200000,0x000000b74b300000] [id=22764]
  0x0000027a7f871fa0 ConcurrentGCThread "G1 Refine#4" [stack: 0x000000b74e800000,0x000000b74e900000] [id=24668]
  0x0000027a7f8710a0 ConcurrentGCThread "G1 Refine#5" [stack: 0x000000b74e900000,0x000000b74ea00000] [id=20320]
  0x0000027a0b80ddb0 ConcurrentGCThread "G1 Service" [stack: 0x000000b746c00000,0x000000b746d00000] [id=23628]

Threads with active compile tasks:

VM state: at safepoint (normal execution)

VM Mutex/Monitor currently owned by a thread:  ([mutex/lock_event])
[0x0000027a0b758770] Threads_lock - owner thread: 0x0000027a29c0f2f0
[0x0000027a0b759a90] Heap_lock - owner thread: 0x0000027a716a7090

Heap address: 0x0000000080000000, size: 2048 MB, Compressed Oops mode: 32-bit

CDS archive(s) mapped at: [0x0000027a2a000000-0x0000027a2abb0000-0x0000027a2abb0000), size 12255232, SharedBaseAddress: 0x0000027a2a000000, ArchiveRelocationMode: 1.
Compressed class space mapped at: 0x0000027a2b000000-0x0000027a6b000000, reserved size: 1073741824
Narrow klass base: 0x0000027a2a000000, Narrow klass shift: 0, Narrow klass range: 0x100000000

GC Precious Log:
 CPUs: 8 total, 8 available
 Memory: 7502M
 Large Page Support: Disabled
 NUMA Support: Disabled
 Compressed Oops: Enabled (32-bit)
 Heap Region Size: 1M
 Heap Min Capacity: 8M
 Heap Initial Capacity: 118M
 Heap Max Capacity: 2G
 Pre-touch: Disabled
 Parallel Workers: 8
 Concurrent Workers: 2
 Concurrent Refinement Workers: 8
 Periodic GC: Disabled

Heap:
 garbage-first heap   total 623616K, used 219083K [0x0000000080000000, 0x0000000100000000)
  region size 1024K, 8 young (8192K), 8 survivors (8192K)
 Metaspace       used 163066K, committed 164352K, reserved 1245184K
  class space    used 21150K, committed 21760K, reserved 1048576K

Heap Regions: E=young(eden), S=young(survivor), O=old, HS=humongous(starts), HC=humongous(continues), CS=collection set, F=free, OA=open archive, CA=closed archive, TAMS=top-at-mark-start (previous, next)
|   0|0x0000000080000000, 0x0000000080100000, 0x0000000080100000|100%|HS|  |TAMS 0x0000000080100000, 0x0000000080100000| Complete 
|   1|0x0000000080100000, 0x0000000080200000, 0x0000000080200000|100%|HC|  |TAMS 0x0000000080200000, 0x0000000080200000| Complete 
|   2|0x0000000080200000, 0x0000000080300000, 0x0000000080300000|100%|HC|  |TAMS 0x0000000080300000, 0x0000000080300000| Complete 
|   3|0x0000000080300000, 0x0000000080400000, 0x0000000080400000|100%| O|  |TAMS 0x0000000080400000, 0x0000000080400000| Untracked 
|   4|0x0000000080400000, 0x0000000080500000, 0x0000000080500000|100%| O|  |TAMS 0x0000000080500000, 0x0000000080500000| Untracked 
|   5|0x0000000080500000, 0x0000000080600000, 0x0000000080600000|100%| O|  |TAMS 0x0000000080600000, 0x0000000080600000| Untracked 
|   6|0x0000000080600000, 0x0000000080700000, 0x0000000080700000|100%|HS|  |TAMS 0x0000000080700000, 0x0000000080700000| Complete 
|   7|0x0000000080700000, 0x0000000080800000, 0x0000000080800000|100%| O|  |TAMS 0x0000000080800000, 0x0000000080800000| Untracked 
|   8|0x0000000080800000, 0x0000000080900000, 0x0000000080900000|100%| O|  |TAMS 0x0000000080900000, 0x0000000080900000| Untracked 
|   9|0x0000000080900000, 0x0000000080a00000, 0x0000000080a00000|100%| O|  |TAMS 0x0000000080a00000, 0x0000000080a00000| Untracked 
|  10|0x0000000080a00000, 0x0000000080b00000, 0x0000000080b00000|100%| O|  |TAMS 0x0000000080b00000, 0x0000000080b00000| Untracked 
|  11|0x0000000080b00000, 0x0000000080c00000, 0x0000000080c00000|100%| O|  |TAMS 0x0000000080c00000, 0x0000000080c00000| Untracked 
|  12|0x0000000080c00000, 0x0000000080d00000, 0x0000000080d00000|100%| O|  |TAMS 0x0000000080d00000, 0x0000000080d00000| Untracked 
|  13|0x0000000080d00000, 0x0000000080e00000, 0x0000000080e00000|100%| O|  |TAMS 0x0000000080e00000, 0x0000000080e00000| Untracked 
|  14|0x0000000080e00000, 0x0000000080f00000, 0x0000000080f00000|100%| O|  |TAMS 0x0000000080f00000, 0x0000000080f00000| Untracked 
|  15|0x0000000080f00000, 0x0000000081000000, 0x0000000081000000|100%| O|  |TAMS 0x0000000081000000, 0x0000000081000000| Untracked 
|  16|0x0000000081000000, 0x0000000081100000, 0x0000000081100000|100%| O|  |TAMS 0x0000000081100000, 0x0000000081100000| Untracked 
|  17|0x0000000081100000, 0x0000000081200000, 0x0000000081200000|100%| O|  |TAMS 0x0000000081200000, 0x0000000081200000| Untracked 
|  18|0x0000000081200000, 0x0000000081300000, 0x0000000081300000|100%| O|  |TAMS 0x0000000081300000, 0x0000000081300000| Untracked 
|  19|0x0000000081300000, 0x0000000081400000, 0x0000000081400000|100%| O|  |TAMS 0x0000000081400000, 0x0000000081400000| Untracked 
|  20|0x0000000081400000, 0x0000000081500000, 0x0000000081500000|100%| O|  |TAMS 0x0000000081500000, 0x0000000081500000| Untracked 
|  21|0x0000000081500000, 0x0000000081600000, 0x0000000081600000|100%| O|  |TAMS 0x0000000081600000, 0x0000000081600000| Untracked 
|  22|0x0000000081600000, 0x0000000081700000, 0x0000000081700000|100%| O|  |TAMS 0x0000000081700000, 0x0000000081700000| Untracked 
|  23|0x0000000081700000, 0x0000000081800000, 0x0000000081800000|100%| O|  |TAMS 0x0000000081800000, 0x0000000081800000| Untracked 
|  24|0x0000000081800000, 0x0000000081900000, 0x0000000081900000|100%| O|  |TAMS 0x0000000081900000, 0x0000000081900000| Untracked 
|  25|0x0000000081900000, 0x0000000081a00000, 0x0000000081a00000|100%| O|  |TAMS 0x0000000081a00000, 0x0000000081a00000| Untracked 
|  26|0x0000000081a00000, 0x0000000081b00000, 0x0000000081b00000|100%| O|  |TAMS 0x0000000081b00000, 0x0000000081b00000| Untracked 
|  27|0x0000000081b00000, 0x0000000081c00000, 0x0000000081c00000|100%| O|  |TAMS 0x0000000081c00000, 0x0000000081c00000| Untracked 
|  28|0x0000000081c00000, 0x0000000081d00000, 0x0000000081d00000|100%| O|  |TAMS 0x0000000081d00000, 0x0000000081d00000| Untracked 
|  29|0x0000000081d00000, 0x0000000081e00000, 0x0000000081e00000|100%| O|  |TAMS 0x0000000081e00000, 0x0000000081e00000| Untracked 
|  30|0x0000000081e00000, 0x0000000081f00000, 0x0000000081f00000|100%| O|  |TAMS 0x0000000081f00000, 0x0000000081f00000| Untracked 
|  31|0x0000000081f00000, 0x0000000082000000, 0x0000000082000000|100%| O|  |TAMS 0x0000000082000000, 0x0000000082000000| Untracked 
|  32|0x0000000082000000, 0x0000000082100000, 0x0000000082100000|100%| O|  |TAMS 0x0000000082100000, 0x0000000082100000| Untracked 
|  33|0x0000000082100000, 0x0000000082200000, 0x0000000082200000|100%| O|  |TAMS 0x0000000082100000, 0x0000000082200000| Untracked 
|  34|0x0000000082200000, 0x0000000082300000, 0x0000000082300000|100%| O|  |TAMS 0x0000000082300000, 0x0000000082300000| Untracked 
|  35|0x0000000082300000, 0x0000000082400000, 0x0000000082400000|100%| O|  |TAMS 0x0000000082400000, 0x0000000082400000| Untracked 
|  36|0x0000000082400000, 0x0000000082500000, 0x0000000082500000|100%| O|  |TAMS 0x0000000082500000, 0x0000000082500000| Untracked 
|  37|0x0000000082500000, 0x0000000082600000, 0x0000000082600000|100%| O|  |TAMS 0x0000000082600000, 0x0000000082600000| Untracked 
|  38|0x0000000082600000, 0x0000000082700000, 0x0000000082700000|100%|HS|  |TAMS 0x0000000082700000, 0x0000000082700000| Complete 
|  39|0x0000000082700000, 0x0000000082800000, 0x0000000082800000|100%| O|  |TAMS 0x0000000082800000, 0x0000000082800000| Untracked 
|  40|0x0000000082800000, 0x0000000082900000, 0x0000000082900000|100%|HS|  |TAMS 0x0000000082900000, 0x0000000082900000| Complete 
|  41|0x0000000082900000, 0x0000000082a00000, 0x0000000082a00000|100%|HS|  |TAMS 0x0000000082a00000, 0x0000000082a00000| Complete 
|  42|0x0000000082a00000, 0x0000000082b00000, 0x0000000082b00000|100%|HC|  |TAMS 0x0000000082b00000, 0x0000000082b00000| Complete 
|  43|0x0000000082b00000, 0x0000000082c00000, 0x0000000082c00000|100%|HS|  |TAMS 0x0000000082c00000, 0x0000000082c00000| Complete 
|  44|0x0000000082c00000, 0x0000000082d00000, 0x0000000082d00000|100%|HC|  |TAMS 0x0000000082d00000, 0x0000000082d00000| Complete 
|  45|0x0000000082d00000, 0x0000000082e00000, 0x0000000082e00000|100%|HS|  |TAMS 0x0000000082e00000, 0x0000000082e00000| Complete 
|  46|0x0000000082e00000, 0x0000000082f00000, 0x0000000082f00000|100%|HS|  |TAMS 0x0000000082f00000, 0x0000000082f00000| Complete 
|  47|0x0000000082f00000, 0x0000000083000000, 0x0000000083000000|100%|HC|  |TAMS 0x0000000083000000, 0x0000000083000000| Complete 
|  48|0x0000000083000000, 0x0000000083100000, 0x0000000083100000|100%|HC|  |TAMS 0x0000000083100000, 0x0000000083100000| Complete 
|  49|0x0000000083100000, 0x0000000083200000, 0x0000000083200000|100%| O|  |TAMS 0x0000000083200000, 0x0000000083200000| Untracked 
|  50|0x0000000083200000, 0x0000000083300000, 0x0000000083300000|100%| O|  |TAMS 0x0000000083300000, 0x0000000083300000| Untracked 
|  51|0x0000000083300000, 0x0000000083400000, 0x0000000083400000|100%| O|  |TAMS 0x0000000083400000, 0x0000000083400000| Untracked 
|  52|0x0000000083400000, 0x0000000083500000, 0x0000000083500000|100%| O|  |TAMS 0x0000000083500000, 0x0000000083500000| Untracked 
|  53|0x0000000083500000, 0x0000000083600000, 0x0000000083600000|100%|HS|  |TAMS 0x0000000083600000, 0x0000000083600000| Complete 
|  54|0x0000000083600000, 0x0000000083700000, 0x0000000083700000|100%| O|  |TAMS 0x0000000083700000, 0x0000000083700000| Untracked 
|  55|0x0000000083700000, 0x0000000083800000, 0x0000000083800000|100%|HS|  |TAMS 0x0000000083800000, 0x0000000083800000| Complete 
|  56|0x0000000083800000, 0x0000000083900000, 0x0000000083900000|100%|HS|  |TAMS 0x0000000083900000, 0x0000000083900000| Complete 
|  57|0x0000000083900000, 0x0000000083a00000, 0x0000000083a00000|100%| O|  |TAMS 0x0000000083a00000, 0x0000000083a00000| Untracked 
|  58|0x0000000083a00000, 0x0000000083b00000, 0x0000000083b00000|100%|HS|  |TAMS 0x0000000083b00000, 0x0000000083b00000| Complete 
|  59|0x0000000083b00000, 0x0000000083c00000, 0x0000000083c00000|100%| O|  |TAMS 0x0000000083c00000, 0x0000000083c00000| Untracked 
|  60|0x0000000083c00000, 0x0000000083d00000, 0x0000000083d00000|100%| O|  |TAMS 0x0000000083d00000, 0x0000000083d00000| Untracked 
|  61|0x0000000083d00000, 0x0000000083e00000, 0x0000000083e00000|100%| O|  |TAMS 0x0000000083e00000, 0x0000000083e00000| Untracked 
|  62|0x0000000083e00000, 0x0000000083f00000, 0x0000000083f00000|100%| O|  |TAMS 0x0000000083f00000, 0x0000000083f00000| Untracked 
|  63|0x0000000083f00000, 0x0000000084000000, 0x0000000084000000|100%| O|  |TAMS 0x0000000084000000, 0x0000000084000000| Untracked 
|  64|0x0000000084000000, 0x0000000084100000, 0x0000000084100000|100%| O|  |TAMS 0x0000000084100000, 0x0000000084100000| Untracked 
|  65|0x0000000084100000, 0x0000000084200000, 0x0000000084200000|100%| O|  |TAMS 0x0000000084200000, 0x0000000084200000| Untracked 
|  66|0x0000000084200000, 0x0000000084300000, 0x0000000084300000|100%| O|  |TAMS 0x0000000084300000, 0x0000000084300000| Untracked 
|  67|0x0000000084300000, 0x0000000084400000, 0x0000000084400000|100%|HS|  |TAMS 0x0000000084400000, 0x0000000084400000| Complete 
|  68|0x0000000084400000, 0x0000000084500000, 0x0000000084500000|100%| O|  |TAMS 0x0000000084500000, 0x0000000084500000| Untracked 
|  69|0x0000000084500000, 0x0000000084600000, 0x0000000084600000|100%| O|  |TAMS 0x0000000084600000, 0x0000000084600000| Untracked 
|  70|0x0000000084600000, 0x0000000084700000, 0x0000000084700000|100%|HS|  |TAMS 0x0000000084700000, 0x0000000084700000| Complete 
|  71|0x0000000084700000, 0x0000000084800000, 0x0000000084800000|100%|HC|  |TAMS 0x0000000084800000, 0x0000000084800000| Complete 
|  72|0x0000000084800000, 0x0000000084900000, 0x0000000084900000|100%|HC|  |TAMS 0x0000000084900000, 0x0000000084900000| Complete 
|  73|0x0000000084900000, 0x0000000084a00000, 0x0000000084a00000|100%| O|  |TAMS 0x0000000084a00000, 0x0000000084a00000| Untracked 
|  74|0x0000000084a00000, 0x0000000084b00000, 0x0000000084b00000|100%| O|  |TAMS 0x0000000084b00000, 0x0000000084b00000| Untracked 
|  75|0x0000000084b00000, 0x0000000084c00000, 0x0000000084c00000|100%| O|  |TAMS 0x0000000084c00000, 0x0000000084c00000| Untracked 
|  76|0x0000000084c00000, 0x0000000084d00000, 0x0000000084d00000|100%| O|  |TAMS 0x0000000084d00000, 0x0000000084d00000| Untracked 
|  77|0x0000000084d00000, 0x0000000084e00000, 0x0000000084e00000|100%| O|  |TAMS 0x0000000084e00000, 0x0000000084e00000| Untracked 
|  78|0x0000000084e00000, 0x0000000084f00000, 0x0000000084f00000|100%| O|  |TAMS 0x0000000084f00000, 0x0000000084f00000| Untracked 
|  79|0x0000000084f00000, 0x0000000085000000, 0x0000000085000000|100%| O|  |TAMS 0x0000000085000000, 0x0000000085000000| Untracked 
|  80|0x0000000085000000, 0x0000000085100000, 0x0000000085100000|100%| O|  |TAMS 0x0000000085100000, 0x0000000085100000| Untracked 
|  81|0x0000000085100000, 0x0000000085200000, 0x0000000085200000|100%| O|  |TAMS 0x0000000085200000, 0x0000000085200000| Untracked 
|  82|0x0000000085200000, 0x0000000085200000, 0x0000000085300000|  0%| F|  |TAMS 0x0000000085200000, 0x0000000085200000| Untracked 
|  83|0x0000000085300000, 0x0000000085400000, 0x0000000085400000|100%| O|  |TAMS 0x0000000085400000, 0x0000000085400000| Untracked 
|  84|0x0000000085400000, 0x0000000085500000, 0x0000000085500000|100%| O|  |TAMS 0x0000000085500000, 0x0000000085500000| Untracked 
|  85|0x0000000085500000, 0x0000000085600000, 0x0000000085600000|100%| O|  |TAMS 0x0000000085600000, 0x0000000085600000| Untracked 
|  86|0x0000000085600000, 0x0000000085700000, 0x0000000085700000|100%| O|  |TAMS 0x0000000085700000, 0x0000000085700000| Untracked 
|  87|0x0000000085700000, 0x0000000085800000, 0x0000000085800000|100%| O|  |TAMS 0x0000000085800000, 0x0000000085800000| Untracked 
|  88|0x0000000085800000, 0x0000000085900000, 0x0000000085900000|100%| O|  |TAMS 0x0000000085900000, 0x0000000085900000| Untracked 
|  89|0x0000000085900000, 0x0000000085a00000, 0x0000000085a00000|100%| O|  |TAMS 0x0000000085a00000, 0x0000000085a00000| Untracked 
|  90|0x0000000085a00000, 0x0000000085b00000, 0x0000000085b00000|100%| O|  |TAMS 0x0000000085b00000, 0x0000000085b00000| Untracked 
|  91|0x0000000085b00000, 0x0000000085c00000, 0x0000000085c00000|100%| O|  |TAMS 0x0000000085c00000, 0x0000000085c00000| Untracked 
|  92|0x0000000085c00000, 0x0000000085d00000, 0x0000000085d00000|100%| O|  |TAMS 0x0000000085d00000, 0x0000000085d00000| Untracked 
|  93|0x0000000085d00000, 0x0000000085e00000, 0x0000000085e00000|100%| O|  |TAMS 0x0000000085e00000, 0x0000000085e00000| Untracked 
|  94|0x0000000085e00000, 0x0000000085f00000, 0x0000000085f00000|100%| O|  |TAMS 0x0000000085f00000, 0x0000000085f00000| Untracked 
|  95|0x0000000085f00000, 0x0000000086000000, 0x0000000086000000|100%| O|  |TAMS 0x0000000086000000, 0x0000000086000000| Untracked 
|  96|0x0000000086000000, 0x0000000086100000, 0x0000000086100000|100%| O|  |TAMS 0x0000000086000000, 0x0000000086100000| Untracked 
|  97|0x0000000086100000, 0x0000000086200000, 0x0000000086200000|100%| O|  |TAMS 0x0000000086200000, 0x0000000086200000| Untracked 
|  98|0x0000000086200000, 0x0000000086300000, 0x0000000086300000|100%| O|  |TAMS 0x0000000086300000, 0x0000000086300000| Untracked 
|  99|0x0000000086300000, 0x0000000086400000, 0x0000000086400000|100%| O|  |TAMS 0x0000000086400000, 0x0000000086400000| Untracked 
| 100|0x0000000086400000, 0x0000000086500000, 0x0000000086500000|100%| O|  |TAMS 0x0000000086500000, 0x0000000086500000| Untracked 
| 101|0x0000000086500000, 0x0000000086600000, 0x0000000086600000|100%| O|  |TAMS 0x0000000086600000, 0x0000000086600000| Untracked 
| 102|0x0000000086600000, 0x0000000086700000, 0x0000000086700000|100%| O|  |TAMS 0x0000000086700000, 0x0000000086700000| Untracked 
| 103|0x0000000086700000, 0x0000000086800000, 0x0000000086800000|100%| O|  |TAMS 0x0000000086800000, 0x0000000086800000| Untracked 
| 104|0x0000000086800000, 0x0000000086900000, 0x0000000086900000|100%| O|  |TAMS 0x0000000086900000, 0x0000000086900000| Untracked 
| 105|0x0000000086900000, 0x0000000086a00000, 0x0000000086a00000|100%| O|  |TAMS 0x0000000086a00000, 0x0000000086a00000| Untracked 
| 106|0x0000000086a00000, 0x0000000086a00000, 0x0000000086b00000|  0%| F|  |TAMS 0x0000000086a00000, 0x0000000086a00000| Untracked 
| 107|0x0000000086b00000, 0x0000000086b00000, 0x0000000086c00000|  0%| F|  |TAMS 0x0000000086b00000, 0x0000000086b00000| Untracked 
| 108|0x0000000086c00000, 0x0000000086c00000, 0x0000000086d00000|  0%| F|  |TAMS 0x0000000086c00000, 0x0000000086c00000| Untracked 
| 109|0x0000000086d00000, 0x0000000086e00000, 0x0000000086e00000|100%| O|  |TAMS 0x0000000086e00000, 0x0000000086e00000| Untracked 
| 110|0x0000000086e00000, 0x0000000086e00000, 0x0000000086f00000|  0%| F|  |TAMS 0x0000000086e00000, 0x0000000086e00000| Untracked 
| 111|0x0000000086f00000, 0x0000000087000000, 0x0000000087000000|100%| O|  |TAMS 0x0000000087000000, 0x0000000087000000| Untracked 
| 112|0x0000000087000000, 0x0000000087100000, 0x0000000087100000|100%| O|  |TAMS 0x0000000087100000, 0x0000000087100000| Untracked 
| 113|0x0000000087100000, 0x0000000087200000, 0x0000000087200000|100%| O|  |TAMS 0x0000000087200000, 0x0000000087200000| Untracked 
| 114|0x0000000087200000, 0x0000000087300000, 0x0000000087300000|100%| O|  |TAMS 0x0000000087300000, 0x0000000087300000| Untracked 
| 115|0x0000000087300000, 0x0000000087400000, 0x0000000087400000|100%| O|  |TAMS 0x0000000087400000, 0x0000000087400000| Untracked 
| 116|0x0000000087400000, 0x0000000087500000, 0x0000000087500000|100%| O|  |TAMS 0x0000000087500000, 0x0000000087500000| Untracked 
| 117|0x0000000087500000, 0x0000000087600000, 0x0000000087600000|100%| O|  |TAMS 0x0000000087600000, 0x0000000087600000| Untracked 
| 118|0x0000000087600000, 0x0000000087700000, 0x0000000087700000|100%| O|  |TAMS 0x0000000087700000, 0x0000000087700000| Untracked 
| 119|0x0000000087700000, 0x0000000087800000, 0x0000000087800000|100%| O|  |TAMS 0x0000000087800000, 0x0000000087800000| Untracked 
| 120|0x0000000087800000, 0x0000000087900000, 0x0000000087900000|100%| O|  |TAMS 0x0000000087900000, 0x0000000087900000| Untracked 
| 121|0x0000000087900000, 0x0000000087a00000, 0x0000000087a00000|100%| O|  |TAMS 0x0000000087a00000, 0x0000000087a00000| Untracked 
| 122|0x0000000087a00000, 0x0000000087b00000, 0x0000000087b00000|100%|HS|  |TAMS 0x0000000087b00000, 0x0000000087b00000| Complete 
| 123|0x0000000087b00000, 0x0000000087c00000, 0x0000000087c00000|100%|HC|  |TAMS 0x0000000087c00000, 0x0000000087c00000| Complete 
| 124|0x0000000087c00000, 0x0000000087d00000, 0x0000000087d00000|100%| O|  |TAMS 0x0000000087d00000, 0x0000000087d00000| Untracked 
| 125|0x0000000087d00000, 0x0000000087e00000, 0x0000000087e00000|100%| O|  |TAMS 0x0000000087e00000, 0x0000000087e00000| Untracked 
| 126|0x0000000087e00000, 0x0000000087f00000, 0x0000000087f00000|100%| O|  |TAMS 0x0000000087f00000, 0x0000000087f00000| Untracked 
| 127|0x0000000087f00000, 0x0000000088000000, 0x0000000088000000|100%| O|  |TAMS 0x0000000088000000, 0x0000000088000000| Untracked 
| 128|0x0000000088000000, 0x0000000088100000, 0x0000000088100000|100%| O|  |TAMS 0x0000000088100000, 0x0000000088100000| Untracked 
| 129|0x0000000088100000, 0x0000000088200000, 0x0000000088200000|100%| O|  |TAMS 0x0000000088200000, 0x0000000088200000| Untracked 
| 130|0x0000000088200000, 0x0000000088300000, 0x0000000088300000|100%| O|  |TAMS 0x0000000088300000, 0x0000000088300000| Untracked 
| 131|0x0000000088300000, 0x0000000088400000, 0x0000000088400000|100%| O|  |TAMS 0x0000000088400000, 0x0000000088400000| Untracked 
| 132|0x0000000088400000, 0x0000000088500000, 0x0000000088500000|100%| O|  |TAMS 0x0000000088500000, 0x0000000088500000| Untracked 
| 133|0x0000000088500000, 0x0000000088600000, 0x0000000088600000|100%| O|  |TAMS 0x0000000088600000, 0x0000000088600000| Untracked 
| 134|0x0000000088600000, 0x0000000088700000, 0x0000000088700000|100%| O|  |TAMS 0x0000000088700000, 0x0000000088700000| Untracked 
| 135|0x0000000088700000, 0x0000000088800000, 0x0000000088800000|100%| O|  |TAMS 0x0000000088700000, 0x0000000088800000| Untracked 
| 136|0x0000000088800000, 0x0000000088900000, 0x0000000088900000|100%| O|  |TAMS 0x0000000088900000, 0x0000000088900000| Untracked 
| 137|0x0000000088900000, 0x0000000088a00000, 0x0000000088a00000|100%| O|  |TAMS 0x0000000088a00000, 0x0000000088a00000| Untracked 
| 138|0x0000000088a00000, 0x0000000088b00000, 0x0000000088b00000|100%| O|  |TAMS 0x0000000088b00000, 0x0000000088b00000| Untracked 
| 139|0x0000000088b00000, 0x0000000088c00000, 0x0000000088c00000|100%| O|  |TAMS 0x0000000088c00000, 0x0000000088c00000| Untracked 
| 140|0x0000000088c00000, 0x0000000088d00000, 0x0000000088d00000|100%| O|  |TAMS 0x0000000088c00000, 0x0000000088d00000| Untracked 
| 141|0x0000000088d00000, 0x0000000088e00000, 0x0000000088e00000|100%| O|  |TAMS 0x0000000088e00000, 0x0000000088e00000| Untracked 
| 142|0x0000000088e00000, 0x0000000088f00000, 0x0000000088f00000|100%| O|  |TAMS 0x0000000088f00000, 0x0000000088f00000| Untracked 
| 143|0x0000000088f00000, 0x0000000089000000, 0x0000000089000000|100%| O|  |TAMS 0x0000000089000000, 0x0000000089000000| Untracked 
| 144|0x0000000089000000, 0x0000000089100000, 0x0000000089100000|100%| O|  |TAMS 0x0000000089100000, 0x0000000089100000| Untracked 
| 145|0x0000000089100000, 0x0000000089200000, 0x0000000089200000|100%| O|  |TAMS 0x0000000089200000, 0x0000000089200000| Untracked 
| 146|0x0000000089200000, 0x0000000089300000, 0x0000000089300000|100%| O|  |TAMS 0x0000000089300000, 0x0000000089300000| Untracked 
| 147|0x0000000089300000, 0x0000000089400000, 0x0000000089400000|100%| O|  |TAMS 0x0000000089400000, 0x0000000089400000| Untracked 
| 148|0x0000000089400000, 0x0000000089400000, 0x0000000089500000|  0%| F|  |TAMS 0x0000000089400000, 0x0000000089400000| Untracked 
| 149|0x0000000089500000, 0x0000000089600000, 0x0000000089600000|100%| O|  |TAMS 0x0000000089500000, 0x0000000089600000| Untracked 
| 150|0x0000000089600000, 0x0000000089700000, 0x0000000089700000|100%| O|  |TAMS 0x0000000089700000, 0x0000000089700000| Untracked 
| 151|0x0000000089700000, 0x0000000089800000, 0x0000000089800000|100%| O|  |TAMS 0x0000000089800000, 0x0000000089800000| Untracked 
| 152|0x0000000089800000, 0x0000000089900000, 0x0000000089900000|100%|HS|  |TAMS 0x0000000089800000, 0x0000000089900000| Complete 
| 153|0x0000000089900000, 0x0000000089a00000, 0x0000000089a00000|100%|HC|  |TAMS 0x0000000089900000, 0x0000000089a00000| Complete 
| 154|0x0000000089a00000, 0x0000000089b00000, 0x0000000089b00000|100%| O|  |TAMS 0x0000000089a00000, 0x0000000089b00000| Untracked 
| 155|0x0000000089b00000, 0x0000000089c00000, 0x0000000089c00000|100%| O|  |TAMS 0x0000000089c00000, 0x0000000089c00000| Untracked 
| 156|0x0000000089c00000, 0x0000000089d00000, 0x0000000089d00000|100%| O|  |TAMS 0x0000000089c00000, 0x0000000089d00000| Untracked 
| 157|0x0000000089d00000, 0x0000000089e00000, 0x0000000089e00000|100%| O|  |TAMS 0x0000000089e00000, 0x0000000089e00000| Untracked 
| 158|0x0000000089e00000, 0x0000000089f00000, 0x0000000089f00000|100%| O|  |TAMS 0x0000000089e00000, 0x0000000089f00000| Untracked 
| 159|0x0000000089f00000, 0x000000008a000000, 0x000000008a000000|100%| O|  |TAMS 0x000000008a000000, 0x000000008a000000| Untracked 
| 160|0x000000008a000000, 0x000000008a000000, 0x000000008a100000|  0%| F|  |TAMS 0x000000008a000000, 0x000000008a000000| Untracked 
| 161|0x000000008a100000, 0x000000008a100000, 0x000000008a200000|  0%| F|  |TAMS 0x000000008a100000, 0x000000008a100000| Untracked 
| 162|0x000000008a200000, 0x000000008a200000, 0x000000008a300000|  0%| F|  |TAMS 0x000000008a200000, 0x000000008a200000| Untracked 
| 163|0x000000008a300000, 0x000000008a400000, 0x000000008a400000|100%| O|  |TAMS 0x000000008a300000, 0x000000008a400000| Untracked 
| 164|0x000000008a400000, 0x000000008a400000, 0x000000008a500000|  0%| F|  |TAMS 0x000000008a400000, 0x000000008a400000| Untracked 
| 165|0x000000008a500000, 0x000000008a500000, 0x000000008a600000|  0%| F|  |TAMS 0x000000008a500000, 0x000000008a500000| Untracked 
| 166|0x000000008a600000, 0x000000008a700000, 0x000000008a700000|100%| O|  |TAMS 0x000000008a700000, 0x000000008a700000| Untracked 
| 167|0x000000008a700000, 0x000000008a800000, 0x000000008a800000|100%| O|  |TAMS 0x000000008a700000, 0x000000008a800000| Untracked 
| 168|0x000000008a800000, 0x000000008a900000, 0x000000008a900000|100%| O|  |TAMS 0x000000008a900000, 0x000000008a900000| Untracked 
| 169|0x000000008a900000, 0x000000008aa00000, 0x000000008aa00000|100%| O|  |TAMS 0x000000008aa00000, 0x000000008aa00000| Untracked 
| 170|0x000000008aa00000, 0x000000008ab00000, 0x000000008ab00000|100%| O|  |TAMS 0x000000008ab00000, 0x000000008ab00000| Untracked 
| 171|0x000000008ab00000, 0x000000008ac00000, 0x000000008ac00000|100%| O|  |TAMS 0x000000008ac00000, 0x000000008ac00000| Untracked 
| 172|0x000000008ac00000, 0x000000008ad00000, 0x000000008ad00000|100%| O|  |TAMS 0x000000008ad00000, 0x000000008ad00000| Untracked 
| 173|0x000000008ad00000, 0x000000008ae00000, 0x000000008ae00000|100%| O|  |TAMS 0x000000008ae00000, 0x000000008ae00000| Untracked 
| 174|0x000000008ae00000, 0x000000008af00000, 0x000000008af00000|100%| O|  |TAMS 0x000000008af00000, 0x000000008af00000| Untracked 
| 175|0x000000008af00000, 0x000000008b000000, 0x000000008b000000|100%| O|  |TAMS 0x000000008b000000, 0x000000008b000000| Untracked 
| 176|0x000000008b000000, 0x000000008b100000, 0x000000008b100000|100%| O|  |TAMS 0x000000008b100000, 0x000000008b100000| Untracked 
| 177|0x000000008b100000, 0x000000008b200000, 0x000000008b200000|100%| O|  |TAMS 0x000000008b200000, 0x000000008b200000| Untracked 
| 178|0x000000008b200000, 0x000000008b300000, 0x000000008b300000|100%| O|  |TAMS 0x000000008b300000, 0x000000008b300000| Untracked 
| 179|0x000000008b300000, 0x000000008b400000, 0x000000008b400000|100%| O|  |TAMS 0x000000008b400000, 0x000000008b400000| Untracked 
| 180|0x000000008b400000, 0x000000008b500000, 0x000000008b500000|100%| O|  |TAMS 0x000000008b500000, 0x000000008b500000| Untracked 
| 181|0x000000008b500000, 0x000000008b600000, 0x000000008b600000|100%| O|  |TAMS 0x000000008b600000, 0x000000008b600000| Untracked 
| 182|0x000000008b600000, 0x000000008b700000, 0x000000008b700000|100%|HS|  |TAMS 0x000000008b600000, 0x000000008b700000| Complete 
| 183|0x000000008b700000, 0x000000008b800000, 0x000000008b800000|100%|HC|  |TAMS 0x000000008b700000, 0x000000008b800000| Complete 
| 184|0x000000008b800000, 0x000000008b800000, 0x000000008b900000|  0%| F|  |TAMS 0x000000008b800000, 0x000000008b800000| Untracked 
| 185|0x000000008b900000, 0x000000008b900000, 0x000000008ba00000|  0%| F|  |TAMS 0x000000008b900000, 0x000000008b900000| Untracked 
| 186|0x000000008ba00000, 0x000000008bb00000, 0x000000008bb00000|100%| O|  |TAMS 0x000000008ba00000, 0x000000008bb00000| Untracked 
| 187|0x000000008bb00000, 0x000000008bc00000, 0x000000008bc00000|100%| O|  |TAMS 0x000000008bb00000, 0x000000008bc00000| Untracked 
| 188|0x000000008bc00000, 0x000000008bd00000, 0x000000008bd00000|100%| O|  |TAMS 0x000000008bc00000, 0x000000008bd00000| Untracked 
| 189|0x000000008bd00000, 0x000000008be00000, 0x000000008be00000|100%| O|  |TAMS 0x000000008bd00000, 0x000000008be00000| Untracked 
| 190|0x000000008be00000, 0x000000008bf00000, 0x000000008bf00000|100%| O|  |TAMS 0x000000008be00000, 0x000000008bf00000| Untracked 
| 191|0x000000008bf00000, 0x000000008c000000, 0x000000008c000000|100%| O|  |TAMS 0x000000008bf00000, 0x000000008c000000| Untracked 
| 192|0x000000008c000000, 0x000000008c100000, 0x000000008c100000|100%| O|  |TAMS 0x000000008c100000, 0x000000008c100000| Untracked 
| 193|0x000000008c100000, 0x000000008c100000, 0x000000008c200000|  0%| F|  |TAMS 0x000000008c100000, 0x000000008c100000| Untracked 
| 194|0x000000008c200000, 0x000000008c200000, 0x000000008c300000|  0%| F|  |TAMS 0x000000008c200000, 0x000000008c200000| Untracked 
| 195|0x000000008c300000, 0x000000008c300000, 0x000000008c400000|  0%| F|  |TAMS 0x000000008c300000, 0x000000008c300000| Untracked 
| 196|0x000000008c400000, 0x000000008c400000, 0x000000008c500000|  0%| F|  |TAMS 0x000000008c400000, 0x000000008c400000| Untracked 
| 197|0x000000008c500000, 0x000000008c500000, 0x000000008c600000|  0%| F|  |TAMS 0x000000008c500000, 0x000000008c500000| Untracked 
| 198|0x000000008c600000, 0x000000008c600000, 0x000000008c700000|  0%| F|  |TAMS 0x000000008c600000, 0x000000008c600000| Untracked 
| 199|0x000000008c700000, 0x000000008c700000, 0x000000008c800000|  0%| F|  |TAMS 0x000000008c700000, 0x000000008c700000| Untracked 
| 200|0x000000008c800000, 0x000000008c800000, 0x000000008c900000|  0%| F|  |TAMS 0x000000008c800000, 0x000000008c800000| Untracked 
| 201|0x000000008c900000, 0x000000008c900000, 0x000000008ca00000|  0%| F|  |TAMS 0x000000008c900000, 0x000000008c900000| Untracked 
| 202|0x000000008ca00000, 0x000000008cb00000, 0x000000008cb00000|100%| O|  |TAMS 0x000000008ca00000, 0x000000008cb00000| Untracked 
| 203|0x000000008cb00000, 0x000000008cc00000, 0x000000008cc00000|100%| O|  |TAMS 0x000000008cb00000, 0x000000008cc00000| Untracked 
| 204|0x000000008cc00000, 0x000000008cc00000, 0x000000008cd00000|  0%| F|  |TAMS 0x000000008cc00000, 0x000000008cc00000| Untracked 
| 205|0x000000008cd00000, 0x000000008ce00000, 0x000000008ce00000|100%|HS|  |TAMS 0x000000008ce00000, 0x000000008ce00000| Complete 
| 206|0x000000008ce00000, 0x000000008cf00000, 0x000000008cf00000|100%|HC|  |TAMS 0x000000008cf00000, 0x000000008cf00000| Complete 
| 207|0x000000008cf00000, 0x000000008cf00000, 0x000000008d000000|  0%| F|  |TAMS 0x000000008cf00000, 0x000000008cf00000| Untracked 
| 208|0x000000008d000000, 0x000000008d000000, 0x000000008d100000|  0%| F|  |TAMS 0x000000008d000000, 0x000000008d000000| Untracked 
| 209|0x000000008d100000, 0x000000008d200000, 0x000000008d200000|100%| O|  |TAMS 0x000000008d200000, 0x000000008d200000| Untracked 
| 210|0x000000008d200000, 0x000000008d300000, 0x000000008d300000|100%| O|  |TAMS 0x000000008d300000, 0x000000008d300000| Untracked 
| 211|0x000000008d300000, 0x000000008d400000, 0x000000008d400000|100%| O|  |TAMS 0x000000008d400000, 0x000000008d400000| Untracked 
| 212|0x000000008d400000, 0x000000008d500000, 0x000000008d500000|100%| O|  |TAMS 0x000000008d500000, 0x000000008d500000| Untracked 
| 213|0x000000008d500000, 0x000000008d500000, 0x000000008d600000|  0%| F|  |TAMS 0x000000008d500000, 0x000000008d500000| Untracked 
| 214|0x000000008d600000, 0x000000008d600000, 0x000000008d700000|  0%| F|  |TAMS 0x000000008d600000, 0x000000008d600000| Untracked 
| 215|0x000000008d700000, 0x000000008d700000, 0x000000008d800000|  0%| F|  |TAMS 0x000000008d700000, 0x000000008d700000| Untracked 
| 216|0x000000008d800000, 0x000000008d800000, 0x000000008d900000|  0%| F|  |TAMS 0x000000008d800000, 0x000000008d800000| Untracked 
| 217|0x000000008d900000, 0x000000008d900000, 0x000000008da00000|  0%| F|  |TAMS 0x000000008d900000, 0x000000008d900000| Untracked 
| 218|0x000000008da00000, 0x000000008da00000, 0x000000008db00000|  0%| F|  |TAMS 0x000000008da00000, 0x000000008da00000| Untracked 
| 219|0x000000008db00000, 0x000000008db00000, 0x000000008dc00000|  0%| F|  |TAMS 0x000000008db00000, 0x000000008db00000| Untracked 
| 220|0x000000008dc00000, 0x000000008dc00000, 0x000000008dd00000|  0%| F|  |TAMS 0x000000008dc00000, 0x000000008dc00000| Untracked 
| 221|0x000000008dd00000, 0x000000008dd00000, 0x000000008de00000|  0%| F|  |TAMS 0x000000008dd00000, 0x000000008dd00000| Untracked 
| 222|0x000000008de00000, 0x000000008de00000, 0x000000008df00000|  0%| F|  |TAMS 0x000000008de00000, 0x000000008de00000| Untracked 
| 223|0x000000008df00000, 0x000000008df00000, 0x000000008e000000|  0%| F|  |TAMS 0x000000008df00000, 0x000000008df00000| Untracked 
| 224|0x000000008e000000, 0x000000008e000000, 0x000000008e100000|  0%| F|  |TAMS 0x000000008e000000, 0x000000008e000000| Untracked 
| 225|0x000000008e100000, 0x000000008e100000, 0x000000008e200000|  0%| F|  |TAMS 0x000000008e100000, 0x000000008e100000| Untracked 
| 226|0x000000008e200000, 0x000000008e200000, 0x000000008e300000|  0%| F|  |TAMS 0x000000008e200000, 0x000000008e200000| Untracked 
| 227|0x000000008e300000, 0x000000008e300000, 0x000000008e400000|  0%| F|  |TAMS 0x000000008e300000, 0x000000008e300000| Untracked 
| 228|0x000000008e400000, 0x000000008e400000, 0x000000008e500000|  0%| F|  |TAMS 0x000000008e400000, 0x000000008e400000| Untracked 
| 229|0x000000008e500000, 0x000000008e500000, 0x000000008e600000|  0%| F|  |TAMS 0x000000008e500000, 0x000000008e500000| Untracked 
| 230|0x000000008e600000, 0x000000008e600000, 0x000000008e700000|  0%| F|  |TAMS 0x000000008e600000, 0x000000008e600000| Untracked 
| 231|0x000000008e700000, 0x000000008e700000, 0x000000008e800000|  0%| F|  |TAMS 0x000000008e700000, 0x000000008e700000| Untracked 
| 232|0x000000008e800000, 0x000000008e800000, 0x000000008e900000|  0%| F|  |TAMS 0x000000008e800000, 0x000000008e800000| Untracked 
| 233|0x000000008e900000, 0x000000008e900000, 0x000000008ea00000|  0%| F|  |TAMS 0x000000008e900000, 0x000000008e900000| Untracked 
| 234|0x000000008ea00000, 0x000000008ea00000, 0x000000008eb00000|  0%| F|  |TAMS 0x000000008ea00000, 0x000000008ea00000| Untracked 
| 235|0x000000008eb00000, 0x000000008eb00000, 0x000000008ec00000|  0%| F|  |TAMS 0x000000008eb00000, 0x000000008eb00000| Untracked 
| 236|0x000000008ec00000, 0x000000008ed00000, 0x000000008ed00000|100%| O|  |TAMS 0x000000008ec36400, 0x000000008ed00000| Untracked 
| 237|0x000000008ed00000, 0x000000008ee00000, 0x000000008ee00000|100%| O|  |TAMS 0x000000008ed00000, 0x000000008ee00000| Untracked 
| 238|0x000000008ee00000, 0x000000008ef00000, 0x000000008ef00000|100%| O|  |TAMS 0x000000008ee00000, 0x000000008ef00000| Untracked 
| 239|0x000000008ef00000, 0x000000008f000000, 0x000000008f000000|100%| O|  |TAMS 0x000000008ef00000, 0x000000008f000000| Untracked 
| 240|0x000000008f000000, 0x000000008f100000, 0x000000008f100000|100%| O|  |TAMS 0x000000008f000000, 0x000000008f100000| Untracked 
| 241|0x000000008f100000, 0x000000008f200000, 0x000000008f200000|100%| O|  |TAMS 0x000000008f100000, 0x000000008f200000| Untracked 
| 242|0x000000008f200000, 0x000000008f300000, 0x000000008f300000|100%| O|  |TAMS 0x000000008f200000, 0x000000008f300000| Untracked 
| 243|0x000000008f300000, 0x000000008f400000, 0x000000008f400000|100%| O|  |TAMS 0x000000008f300000, 0x000000008f400000| Untracked 
| 244|0x000000008f400000, 0x000000008f500000, 0x000000008f500000|100%| O|  |TAMS 0x000000008f400000, 0x000000008f500000| Untracked 
| 245|0x000000008f500000, 0x000000008f600000, 0x000000008f600000|100%| O|  |TAMS 0x000000008f500000, 0x000000008f600000| Untracked 
| 246|0x000000008f600000, 0x000000008f700000, 0x000000008f700000|100%| O|  |TAMS 0x000000008f600000, 0x000000008f700000| Untracked 
| 247|0x000000008f700000, 0x000000008f800000, 0x000000008f800000|100%| O|  |TAMS 0x000000008f700000, 0x000000008f800000| Untracked 
| 248|0x000000008f800000, 0x000000008f900000, 0x000000008f900000|100%| O|  |TAMS 0x000000008f800000, 0x000000008f900000| Untracked 
| 249|0x000000008f900000, 0x000000008f900000, 0x000000008fa00000|  0%| F|  |TAMS 0x000000008f900000, 0x000000008f900000| Untracked 
| 250|0x000000008fa00000, 0x000000008fa00000, 0x000000008fb00000|  0%| F|  |TAMS 0x000000008fa00000, 0x000000008fa00000| Untracked 
| 251|0x000000008fb00000, 0x000000008fb00000, 0x000000008fc00000|  0%| F|  |TAMS 0x000000008fb00000, 0x000000008fb00000| Untracked 
| 252|0x000000008fc00000, 0x000000008fc00000, 0x000000008fd00000|  0%| F|  |TAMS 0x000000008fc00000, 0x000000008fc00000| Untracked 
| 253|0x000000008fd00000, 0x000000008fd00000, 0x000000008fe00000|  0%| F|  |TAMS 0x000000008fd00000, 0x000000008fd00000| Untracked 
| 254|0x000000008fe00000, 0x000000008fe00000, 0x000000008ff00000|  0%| F|  |TAMS 0x000000008fe00000, 0x000000008fe00000| Untracked 
| 255|0x000000008ff00000, 0x000000008ff00000, 0x0000000090000000|  0%| F|  |TAMS 0x000000008ff00000, 0x000000008ff00000| Untracked 
| 256|0x0000000090000000, 0x0000000090000000, 0x0000000090100000|  0%| F|  |TAMS 0x0000000090000000, 0x0000000090000000| Untracked 
| 257|0x0000000090100000, 0x0000000090100000, 0x0000000090200000|  0%| F|  |TAMS 0x0000000090100000, 0x0000000090100000| Untracked 
| 258|0x0000000090200000, 0x0000000090200000, 0x0000000090300000|  0%| F|  |TAMS 0x0000000090200000, 0x0000000090200000| Untracked 
| 259|0x0000000090300000, 0x0000000090300000, 0x0000000090400000|  0%| F|  |TAMS 0x0000000090300000, 0x0000000090300000| Untracked 
| 260|0x0000000090400000, 0x0000000090400000, 0x0000000090500000|  0%| F|  |TAMS 0x0000000090400000, 0x0000000090400000| Untracked 
| 261|0x0000000090500000, 0x0000000090500000, 0x0000000090600000|  0%| F|  |TAMS 0x0000000090500000, 0x0000000090500000| Untracked 
| 262|0x0000000090600000, 0x0000000090600000, 0x0000000090700000|  0%| F|  |TAMS 0x0000000090600000, 0x0000000090600000| Untracked 
| 263|0x0000000090700000, 0x0000000090700000, 0x0000000090800000|  0%| F|  |TAMS 0x0000000090700000, 0x0000000090700000| Untracked 
| 264|0x0000000090800000, 0x0000000090800000, 0x0000000090900000|  0%| F|  |TAMS 0x0000000090800000, 0x0000000090800000| Untracked 
| 265|0x0000000090900000, 0x0000000090900000, 0x0000000090a00000|  0%| F|  |TAMS 0x0000000090900000, 0x0000000090900000| Untracked 
| 266|0x0000000090a00000, 0x0000000090a00000, 0x0000000090b00000|  0%| F|  |TAMS 0x0000000090a00000, 0x0000000090a00000| Untracked 
| 267|0x0000000090b00000, 0x0000000090b00000, 0x0000000090c00000|  0%| F|  |TAMS 0x0000000090b00000, 0x0000000090b00000| Untracked 
| 268|0x0000000090c00000, 0x0000000090c00000, 0x0000000090d00000|  0%| F|  |TAMS 0x0000000090c00000, 0x0000000090c00000| Untracked 
| 269|0x0000000090d00000, 0x0000000090d00000, 0x0000000090e00000|  0%| F|  |TAMS 0x0000000090d00000, 0x0000000090d00000| Untracked 
| 270|0x0000000090e00000, 0x0000000090e00000, 0x0000000090f00000|  0%| F|  |TAMS 0x0000000090e00000, 0x0000000090e00000| Untracked 
| 271|0x0000000090f00000, 0x0000000090f00000, 0x0000000091000000|  0%| F|  |TAMS 0x0000000090f00000, 0x0000000090f00000| Untracked 
| 272|0x0000000091000000, 0x0000000091000000, 0x0000000091100000|  0%| F|  |TAMS 0x0000000091000000, 0x0000000091000000| Untracked 
| 273|0x0000000091100000, 0x0000000091100000, 0x0000000091200000|  0%| F|  |TAMS 0x0000000091100000, 0x0000000091100000| Untracked 
| 274|0x0000000091200000, 0x0000000091200000, 0x0000000091300000|  0%| F|  |TAMS 0x0000000091200000, 0x0000000091200000| Untracked 
| 275|0x0000000091300000, 0x0000000091300000, 0x0000000091400000|  0%| F|  |TAMS 0x0000000091300000, 0x0000000091300000| Untracked 
| 276|0x0000000091400000, 0x0000000091400000, 0x0000000091500000|  0%| F|  |TAMS 0x0000000091400000, 0x0000000091400000| Untracked 
| 277|0x0000000091500000, 0x0000000091500000, 0x0000000091600000|  0%| F|  |TAMS 0x0000000091500000, 0x0000000091500000| Untracked 
| 278|0x0000000091600000, 0x0000000091600000, 0x0000000091700000|  0%| F|  |TAMS 0x0000000091600000, 0x0000000091600000| Untracked 
| 279|0x0000000091700000, 0x0000000091700000, 0x0000000091800000|  0%| F|  |TAMS 0x0000000091700000, 0x0000000091700000| Untracked 
| 280|0x0000000091800000, 0x0000000091800000, 0x0000000091900000|  0%| F|  |TAMS 0x0000000091800000, 0x0000000091800000| Untracked 
| 281|0x0000000091900000, 0x0000000091900000, 0x0000000091a00000|  0%| F|  |TAMS 0x0000000091900000, 0x0000000091900000| Untracked 
| 282|0x0000000091a00000, 0x0000000091a00000, 0x0000000091b00000|  0%| F|  |TAMS 0x0000000091a00000, 0x0000000091a00000| Untracked 
| 283|0x0000000091b00000, 0x0000000091b00000, 0x0000000091c00000|  0%| F|  |TAMS 0x0000000091b00000, 0x0000000091b00000| Untracked 
| 284|0x0000000091c00000, 0x0000000091c00000, 0x0000000091d00000|  0%| F|  |TAMS 0x0000000091c00000, 0x0000000091c00000| Untracked 
| 285|0x0000000091d00000, 0x0000000091d00000, 0x0000000091e00000|  0%| F|  |TAMS 0x0000000091d00000, 0x0000000091d00000| Untracked 
| 286|0x0000000091e00000, 0x0000000091e00000, 0x0000000091f00000|  0%| F|  |TAMS 0x0000000091e00000, 0x0000000091e00000| Untracked 
| 287|0x0000000091f00000, 0x0000000091f00000, 0x0000000092000000|  0%| F|  |TAMS 0x0000000091f00000, 0x0000000091f00000| Untracked 
| 288|0x0000000092000000, 0x0000000092000000, 0x0000000092100000|  0%| F|  |TAMS 0x0000000092000000, 0x0000000092000000| Untracked 
| 289|0x0000000092100000, 0x0000000092100000, 0x0000000092200000|  0%| F|  |TAMS 0x0000000092100000, 0x0000000092100000| Untracked 
| 290|0x0000000092200000, 0x0000000092200000, 0x0000000092300000|  0%| F|  |TAMS 0x0000000092200000, 0x0000000092200000| Untracked 
| 291|0x0000000092300000, 0x0000000092300000, 0x0000000092400000|  0%| F|  |TAMS 0x0000000092300000, 0x0000000092300000| Untracked 
| 292|0x0000000092400000, 0x0000000092400000, 0x0000000092500000|  0%| F|  |TAMS 0x0000000092400000, 0x0000000092400000| Untracked 
| 293|0x0000000092500000, 0x0000000092500000, 0x0000000092600000|  0%| F|  |TAMS 0x0000000092500000, 0x0000000092500000| Untracked 
| 294|0x0000000092600000, 0x0000000092600000, 0x0000000092700000|  0%| F|  |TAMS 0x0000000092600000, 0x0000000092600000| Untracked 
| 295|0x0000000092700000, 0x0000000092700000, 0x0000000092800000|  0%| F|  |TAMS 0x0000000092700000, 0x0000000092700000| Untracked 
| 296|0x0000000092800000, 0x0000000092800000, 0x0000000092900000|  0%| F|  |TAMS 0x0000000092800000, 0x0000000092800000| Untracked 
| 297|0x0000000092900000, 0x00000000929f2ca8, 0x0000000092a00000| 94%| S|CS|TAMS 0x0000000092900000, 0x0000000092900000| Complete 
| 298|0x0000000092a00000, 0x0000000092b00000, 0x0000000092b00000|100%| S|CS|TAMS 0x0000000092a00000, 0x0000000092a00000| Complete 
| 299|0x0000000092b00000, 0x0000000092c00000, 0x0000000092c00000|100%| S|CS|TAMS 0x0000000092b00000, 0x0000000092b00000| Complete 
| 300|0x0000000092c00000, 0x0000000092d00000, 0x0000000092d00000|100%| S|CS|TAMS 0x0000000092c00000, 0x0000000092c00000| Complete 
| 301|0x0000000092d00000, 0x0000000092e00000, 0x0000000092e00000|100%| S|CS|TAMS 0x0000000092d00000, 0x0000000092d00000| Complete 
| 302|0x0000000092e00000, 0x0000000092f00000, 0x0000000092f00000|100%| S|CS|TAMS 0x0000000092e00000, 0x0000000092e00000| Complete 
| 303|0x0000000092f00000, 0x0000000093000000, 0x0000000093000000|100%| S|CS|TAMS 0x0000000092f00000, 0x0000000092f00000| Complete 
| 304|0x0000000093000000, 0x0000000093100000, 0x0000000093100000|100%| S|CS|TAMS 0x0000000093000000, 0x0000000093000000| Complete 
| 305|0x0000000093100000, 0x0000000093100000, 0x0000000093200000|  0%| F|  |TAMS 0x0000000093100000, 0x0000000093100000| Untracked 
| 306|0x0000000093200000, 0x0000000093200000, 0x0000000093300000|  0%| F|  |TAMS 0x0000000093200000, 0x0000000093200000| Untracked 
| 307|0x0000000093300000, 0x0000000093300000, 0x0000000093400000|  0%| F|  |TAMS 0x0000000093300000, 0x0000000093300000| Untracked 
| 308|0x0000000093400000, 0x0000000093400000, 0x0000000093500000|  0%| F|  |TAMS 0x0000000093400000, 0x0000000093400000| Untracked 
| 309|0x0000000093500000, 0x0000000093500000, 0x0000000093600000|  0%| F|  |TAMS 0x0000000093500000, 0x0000000093500000| Untracked 
| 310|0x0000000093600000, 0x0000000093600000, 0x0000000093700000|  0%| F|  |TAMS 0x0000000093600000, 0x0000000093600000| Untracked 
| 311|0x0000000093700000, 0x0000000093700000, 0x0000000093800000|  0%| F|  |TAMS 0x0000000093700000, 0x0000000093700000| Untracked 
| 312|0x0000000093800000, 0x0000000093800000, 0x0000000093900000|  0%| F|  |TAMS 0x0000000093800000, 0x0000000093800000| Untracked 
| 313|0x0000000093900000, 0x0000000093900000, 0x0000000093a00000|  0%| F|  |TAMS 0x0000000093900000, 0x0000000093900000| Untracked 
| 314|0x0000000093a00000, 0x0000000093a00000, 0x0000000093b00000|  0%| F|  |TAMS 0x0000000093a00000, 0x0000000093a00000| Untracked 
| 315|0x0000000093b00000, 0x0000000093b00000, 0x0000000093c00000|  0%| F|  |TAMS 0x0000000093b00000, 0x0000000093b00000| Untracked 
| 316|0x0000000093c00000, 0x0000000093c00000, 0x0000000093d00000|  0%| F|  |TAMS 0x0000000093c00000, 0x0000000093c00000| Untracked 
| 317|0x0000000093d00000, 0x0000000093d00000, 0x0000000093e00000|  0%| F|  |TAMS 0x0000000093d00000, 0x0000000093d00000| Untracked 
| 318|0x0000000093e00000, 0x0000000093e00000, 0x0000000093f00000|  0%| F|  |TAMS 0x0000000093e00000, 0x0000000093e00000| Untracked 
| 319|0x0000000093f00000, 0x0000000093f00000, 0x0000000094000000|  0%| F|  |TAMS 0x0000000093f00000, 0x0000000093f00000| Untracked 
| 320|0x0000000094000000, 0x0000000094000000, 0x0000000094100000|  0%| F|  |TAMS 0x0000000094000000, 0x0000000094000000| Untracked 
| 321|0x0000000094100000, 0x0000000094100000, 0x0000000094200000|  0%| F|  |TAMS 0x0000000094100000, 0x0000000094100000| Untracked 
| 322|0x0000000094200000, 0x0000000094200000, 0x0000000094300000|  0%| F|  |TAMS 0x0000000094200000, 0x0000000094200000| Untracked 
| 323|0x0000000094300000, 0x0000000094300000, 0x0000000094400000|  0%| F|  |TAMS 0x0000000094300000, 0x0000000094300000| Untracked 
| 324|0x0000000094400000, 0x0000000094400000, 0x0000000094500000|  0%| F|  |TAMS 0x0000000094400000, 0x0000000094400000| Untracked 
| 325|0x0000000094500000, 0x0000000094500000, 0x0000000094600000|  0%| F|  |TAMS 0x0000000094500000, 0x0000000094500000| Untracked 
| 326|0x0000000094600000, 0x0000000094600000, 0x0000000094700000|  0%| F|  |TAMS 0x0000000094600000, 0x0000000094600000| Untracked 
| 327|0x0000000094700000, 0x0000000094700000, 0x0000000094800000|  0%| F|  |TAMS 0x0000000094700000, 0x0000000094700000| Untracked 
| 328|0x0000000094800000, 0x0000000094800000, 0x0000000094900000|  0%| F|  |TAMS 0x0000000094800000, 0x0000000094800000| Untracked 
| 329|0x0000000094900000, 0x0000000094900000, 0x0000000094a00000|  0%| F|  |TAMS 0x0000000094900000, 0x0000000094900000| Untracked 
| 330|0x0000000094a00000, 0x0000000094a00000, 0x0000000094b00000|  0%| F|  |TAMS 0x0000000094a00000, 0x0000000094a00000| Untracked 
| 331|0x0000000094b00000, 0x0000000094b00000, 0x0000000094c00000|  0%| F|  |TAMS 0x0000000094b00000, 0x0000000094b00000| Untracked 
| 332|0x0000000094c00000, 0x0000000094c00000, 0x0000000094d00000|  0%| F|  |TAMS 0x0000000094c00000, 0x0000000094c00000| Untracked 
| 333|0x0000000094d00000, 0x0000000094d00000, 0x0000000094e00000|  0%| F|  |TAMS 0x0000000094d00000, 0x0000000094d00000| Untracked 
| 334|0x0000000094e00000, 0x0000000094e00000, 0x0000000094f00000|  0%| F|  |TAMS 0x0000000094e00000, 0x0000000094e00000| Untracked 
| 335|0x0000000094f00000, 0x0000000094f00000, 0x0000000095000000|  0%| F|  |TAMS 0x0000000094f00000, 0x0000000094f00000| Untracked 
| 336|0x0000000095000000, 0x0000000095000000, 0x0000000095100000|  0%| F|  |TAMS 0x0000000095000000, 0x0000000095000000| Untracked 
| 337|0x0000000095100000, 0x0000000095100000, 0x0000000095200000|  0%| F|  |TAMS 0x0000000095100000, 0x0000000095100000| Untracked 
| 338|0x0000000095200000, 0x0000000095200000, 0x0000000095300000|  0%| F|  |TAMS 0x0000000095200000, 0x0000000095200000| Untracked 
| 339|0x0000000095300000, 0x0000000095300000, 0x0000000095400000|  0%| F|  |TAMS 0x0000000095300000, 0x0000000095300000| Untracked 
| 340|0x0000000095400000, 0x0000000095400000, 0x0000000095500000|  0%| F|  |TAMS 0x0000000095400000, 0x0000000095400000| Untracked 
| 341|0x0000000095500000, 0x0000000095500000, 0x0000000095600000|  0%| F|  |TAMS 0x0000000095500000, 0x0000000095500000| Untracked 
| 342|0x0000000095600000, 0x0000000095600000, 0x0000000095700000|  0%| F|  |TAMS 0x0000000095600000, 0x0000000095600000| Untracked 
| 343|0x0000000095700000, 0x0000000095700000, 0x0000000095800000|  0%| F|  |TAMS 0x0000000095700000, 0x0000000095700000| Untracked 
| 344|0x0000000095800000, 0x0000000095800000, 0x0000000095900000|  0%| F|  |TAMS 0x0000000095800000, 0x0000000095800000| Untracked 
| 345|0x0000000095900000, 0x0000000095900000, 0x0000000095a00000|  0%| F|  |TAMS 0x0000000095900000, 0x0000000095900000| Untracked 
| 346|0x0000000095a00000, 0x0000000095a00000, 0x0000000095b00000|  0%| F|  |TAMS 0x0000000095a00000, 0x0000000095a00000| Untracked 
| 347|0x0000000095b00000, 0x0000000095b00000, 0x0000000095c00000|  0%| F|  |TAMS 0x0000000095b00000, 0x0000000095b00000| Untracked 
| 348|0x0000000095c00000, 0x0000000095c00000, 0x0000000095d00000|  0%| F|  |TAMS 0x0000000095c00000, 0x0000000095c00000| Untracked 
| 349|0x0000000095d00000, 0x0000000095d00000, 0x0000000095e00000|  0%| F|  |TAMS 0x0000000095d00000, 0x0000000095d00000| Untracked 
| 350|0x0000000095e00000, 0x0000000095e00000, 0x0000000095f00000|  0%| F|  |TAMS 0x0000000095e00000, 0x0000000095e00000| Untracked 
| 351|0x0000000095f00000, 0x0000000095f00000, 0x0000000096000000|  0%| F|  |TAMS 0x0000000095f00000, 0x0000000095f00000| Untracked 
| 352|0x0000000096000000, 0x0000000096000000, 0x0000000096100000|  0%| F|  |TAMS 0x0000000096000000, 0x0000000096000000| Untracked 
| 353|0x0000000096100000, 0x0000000096100000, 0x0000000096200000|  0%| F|  |TAMS 0x0000000096100000, 0x0000000096100000| Untracked 
| 354|0x0000000096200000, 0x0000000096200000, 0x0000000096300000|  0%| F|  |TAMS 0x0000000096200000, 0x0000000096200000| Untracked 
| 355|0x0000000096300000, 0x0000000096300000, 0x0000000096400000|  0%| F|  |TAMS 0x0000000096300000, 0x0000000096300000| Untracked 
| 356|0x0000000096400000, 0x0000000096400000, 0x0000000096500000|  0%| F|  |TAMS 0x0000000096400000, 0x0000000096400000| Untracked 
| 357|0x0000000096500000, 0x0000000096500000, 0x0000000096600000|  0%| F|  |TAMS 0x0000000096500000, 0x0000000096500000| Untracked 
| 358|0x0000000096600000, 0x0000000096600000, 0x0000000096700000|  0%| F|  |TAMS 0x0000000096600000, 0x0000000096600000| Untracked 
| 359|0x0000000096700000, 0x0000000096700000, 0x0000000096800000|  0%| F|  |TAMS 0x0000000096700000, 0x0000000096700000| Untracked 
| 360|0x0000000096800000, 0x0000000096800000, 0x0000000096900000|  0%| F|  |TAMS 0x0000000096800000, 0x0000000096800000| Untracked 
| 361|0x0000000096900000, 0x0000000096900000, 0x0000000096a00000|  0%| F|  |TAMS 0x0000000096900000, 0x0000000096900000| Untracked 
| 362|0x0000000096a00000, 0x0000000096a00000, 0x0000000096b00000|  0%| F|  |TAMS 0x0000000096a00000, 0x0000000096a00000| Untracked 
| 363|0x0000000096b00000, 0x0000000096b00000, 0x0000000096c00000|  0%| F|  |TAMS 0x0000000096b00000, 0x0000000096b00000| Untracked 
| 364|0x0000000096c00000, 0x0000000096c00000, 0x0000000096d00000|  0%| F|  |TAMS 0x0000000096c00000, 0x0000000096c00000| Untracked 
| 365|0x0000000096d00000, 0x0000000096d00000, 0x0000000096e00000|  0%| F|  |TAMS 0x0000000096d00000, 0x0000000096d00000| Untracked 
| 366|0x0000000096e00000, 0x0000000096e00000, 0x0000000096f00000|  0%| F|  |TAMS 0x0000000096e00000, 0x0000000096e00000| Untracked 
| 367|0x0000000096f00000, 0x0000000096f00000, 0x0000000097000000|  0%| F|  |TAMS 0x0000000096f00000, 0x0000000096f00000| Untracked 
| 368|0x0000000097000000, 0x0000000097000000, 0x0000000097100000|  0%| F|  |TAMS 0x0000000097000000, 0x0000000097000000| Untracked 
| 369|0x0000000097100000, 0x0000000097100000, 0x0000000097200000|  0%| F|  |TAMS 0x0000000097100000, 0x0000000097100000| Untracked 
| 370|0x0000000097200000, 0x0000000097200000, 0x0000000097300000|  0%| F|  |TAMS 0x0000000097200000, 0x0000000097200000| Untracked 
| 371|0x0000000097300000, 0x0000000097300000, 0x0000000097400000|  0%| F|  |TAMS 0x0000000097300000, 0x0000000097300000| Untracked 
| 372|0x0000000097400000, 0x0000000097400000, 0x0000000097500000|  0%| F|  |TAMS 0x0000000097400000, 0x0000000097400000| Untracked 
| 373|0x0000000097500000, 0x0000000097500000, 0x0000000097600000|  0%| F|  |TAMS 0x0000000097500000, 0x0000000097500000| Untracked 
| 374|0x0000000097600000, 0x0000000097600000, 0x0000000097700000|  0%| F|  |TAMS 0x0000000097600000, 0x0000000097600000| Untracked 
| 375|0x0000000097700000, 0x0000000097700000, 0x0000000097800000|  0%| F|  |TAMS 0x0000000097700000, 0x0000000097700000| Untracked 
| 376|0x0000000097800000, 0x0000000097800000, 0x0000000097900000|  0%| F|  |TAMS 0x0000000097800000, 0x0000000097800000| Untracked 
| 377|0x0000000097900000, 0x0000000097900000, 0x0000000097a00000|  0%| F|  |TAMS 0x0000000097900000, 0x0000000097900000| Untracked 
| 378|0x0000000097a00000, 0x0000000097a00000, 0x0000000097b00000|  0%| F|  |TAMS 0x0000000097a00000, 0x0000000097a00000| Untracked 
| 379|0x0000000097b00000, 0x0000000097b00000, 0x0000000097c00000|  0%| F|  |TAMS 0x0000000097b00000, 0x0000000097b00000| Untracked 
| 380|0x0000000097c00000, 0x0000000097c00000, 0x0000000097d00000|  0%| F|  |TAMS 0x0000000097c00000, 0x0000000097c00000| Untracked 
| 381|0x0000000097d00000, 0x0000000097d00000, 0x0000000097e00000|  0%| F|  |TAMS 0x0000000097d00000, 0x0000000097d00000| Untracked 
| 382|0x0000000097e00000, 0x0000000097e00000, 0x0000000097f00000|  0%| F|  |TAMS 0x0000000097e00000, 0x0000000097e00000| Untracked 
| 383|0x0000000097f00000, 0x0000000097f00000, 0x0000000098000000|  0%| F|  |TAMS 0x0000000097f00000, 0x0000000097f00000| Untracked 
| 384|0x0000000098000000, 0x0000000098000000, 0x0000000098100000|  0%| F|  |TAMS 0x0000000098000000, 0x0000000098000000| Untracked 
| 385|0x0000000098100000, 0x0000000098100000, 0x0000000098200000|  0%| F|  |TAMS 0x0000000098100000, 0x0000000098100000| Untracked 
| 386|0x0000000098200000, 0x0000000098200000, 0x0000000098300000|  0%| F|  |TAMS 0x0000000098200000, 0x0000000098200000| Untracked 
| 387|0x0000000098300000, 0x0000000098300000, 0x0000000098400000|  0%| F|  |TAMS 0x0000000098300000, 0x0000000098300000| Untracked 
| 388|0x0000000098400000, 0x0000000098400000, 0x0000000098500000|  0%| F|  |TAMS 0x0000000098400000, 0x0000000098400000| Untracked 
| 389|0x0000000098500000, 0x0000000098500000, 0x0000000098600000|  0%| F|  |TAMS 0x0000000098500000, 0x0000000098500000| Untracked 
| 390|0x0000000098600000, 0x0000000098600000, 0x0000000098700000|  0%| F|  |TAMS 0x0000000098600000, 0x0000000098600000| Untracked 
| 391|0x0000000098700000, 0x0000000098700000, 0x0000000098800000|  0%| F|  |TAMS 0x0000000098700000, 0x0000000098700000| Untracked 
| 392|0x0000000098800000, 0x0000000098800000, 0x0000000098900000|  0%| F|  |TAMS 0x0000000098800000, 0x0000000098800000| Untracked 
| 393|0x0000000098900000, 0x0000000098900000, 0x0000000098a00000|  0%| F|  |TAMS 0x0000000098900000, 0x0000000098900000| Untracked 
| 394|0x0000000098a00000, 0x0000000098a00000, 0x0000000098b00000|  0%| F|  |TAMS 0x0000000098a00000, 0x0000000098a00000| Untracked 
| 395|0x0000000098b00000, 0x0000000098b00000, 0x0000000098c00000|  0%| F|  |TAMS 0x0000000098b00000, 0x0000000098b00000| Untracked 
| 396|0x0000000098c00000, 0x0000000098c00000, 0x0000000098d00000|  0%| F|  |TAMS 0x0000000098c00000, 0x0000000098c00000| Untracked 
| 397|0x0000000098d00000, 0x0000000098d00000, 0x0000000098e00000|  0%| F|  |TAMS 0x0000000098d00000, 0x0000000098d00000| Untracked 
| 398|0x0000000098e00000, 0x0000000098e00000, 0x0000000098f00000|  0%| F|  |TAMS 0x0000000098e00000, 0x0000000098e00000| Untracked 
| 399|0x0000000098f00000, 0x0000000098f00000, 0x0000000099000000|  0%| F|  |TAMS 0x0000000098f00000, 0x0000000098f00000| Untracked 
| 400|0x0000000099000000, 0x0000000099000000, 0x0000000099100000|  0%| F|  |TAMS 0x0000000099000000, 0x0000000099000000| Untracked 
| 401|0x0000000099100000, 0x0000000099100000, 0x0000000099200000|  0%| F|  |TAMS 0x0000000099100000, 0x0000000099100000| Untracked 
| 402|0x0000000099200000, 0x0000000099200000, 0x0000000099300000|  0%| F|  |TAMS 0x0000000099200000, 0x0000000099200000| Untracked 
| 403|0x0000000099300000, 0x0000000099300000, 0x0000000099400000|  0%| F|  |TAMS 0x0000000099300000, 0x0000000099300000| Untracked 
| 404|0x0000000099400000, 0x0000000099400000, 0x0000000099500000|  0%| F|  |TAMS 0x0000000099400000, 0x0000000099400000| Untracked 
| 405|0x0000000099500000, 0x0000000099500000, 0x0000000099600000|  0%| F|  |TAMS 0x0000000099500000, 0x0000000099500000| Untracked 
| 406|0x0000000099600000, 0x0000000099600000, 0x0000000099700000|  0%| F|  |TAMS 0x0000000099600000, 0x0000000099600000| Untracked 
| 407|0x0000000099700000, 0x0000000099700000, 0x0000000099800000|  0%| F|  |TAMS 0x0000000099700000, 0x0000000099700000| Untracked 
| 408|0x0000000099800000, 0x0000000099800000, 0x0000000099900000|  0%| F|  |TAMS 0x0000000099800000, 0x0000000099800000| Untracked 
| 409|0x0000000099900000, 0x0000000099900000, 0x0000000099a00000|  0%| F|  |TAMS 0x0000000099900000, 0x0000000099900000| Untracked 
| 410|0x0000000099a00000, 0x0000000099a00000, 0x0000000099b00000|  0%| F|  |TAMS 0x0000000099a00000, 0x0000000099a00000| Untracked 
| 411|0x0000000099b00000, 0x0000000099b00000, 0x0000000099c00000|  0%| F|  |TAMS 0x0000000099b00000, 0x0000000099b00000| Untracked 
| 412|0x0000000099c00000, 0x0000000099c00000, 0x0000000099d00000|  0%| F|  |TAMS 0x0000000099c00000, 0x0000000099c00000| Untracked 
| 413|0x0000000099d00000, 0x0000000099d00000, 0x0000000099e00000|  0%| F|  |TAMS 0x0000000099d00000, 0x0000000099d00000| Untracked 
| 414|0x0000000099e00000, 0x0000000099e00000, 0x0000000099f00000|  0%| F|  |TAMS 0x0000000099e00000, 0x0000000099e00000| Untracked 
| 415|0x0000000099f00000, 0x0000000099f00000, 0x000000009a000000|  0%| F|  |TAMS 0x0000000099f00000, 0x0000000099f00000| Untracked 
| 416|0x000000009a000000, 0x000000009a000000, 0x000000009a100000|  0%| F|  |TAMS 0x000000009a000000, 0x000000009a000000| Untracked 
| 417|0x000000009a100000, 0x000000009a100000, 0x000000009a200000|  0%| F|  |TAMS 0x000000009a100000, 0x000000009a100000| Untracked 
| 418|0x000000009a200000, 0x000000009a200000, 0x000000009a300000|  0%| F|  |TAMS 0x000000009a200000, 0x000000009a200000| Untracked 
| 419|0x000000009a300000, 0x000000009a300000, 0x000000009a400000|  0%| F|  |TAMS 0x000000009a300000, 0x000000009a300000| Untracked 
| 420|0x000000009a400000, 0x000000009a400000, 0x000000009a500000|  0%| F|  |TAMS 0x000000009a400000, 0x000000009a400000| Untracked 
| 421|0x000000009a500000, 0x000000009a500000, 0x000000009a600000|  0%| F|  |TAMS 0x000000009a500000, 0x000000009a500000| Untracked 
| 422|0x000000009a600000, 0x000000009a600000, 0x000000009a700000|  0%| F|  |TAMS 0x000000009a600000, 0x000000009a600000| Untracked 
| 423|0x000000009a700000, 0x000000009a700000, 0x000000009a800000|  0%| F|  |TAMS 0x000000009a700000, 0x000000009a700000| Untracked 
| 424|0x000000009a800000, 0x000000009a800000, 0x000000009a900000|  0%| F|  |TAMS 0x000000009a800000, 0x000000009a800000| Untracked 
| 425|0x000000009a900000, 0x000000009a900000, 0x000000009aa00000|  0%| F|  |TAMS 0x000000009a900000, 0x000000009a900000| Untracked 
| 426|0x000000009aa00000, 0x000000009aa00000, 0x000000009ab00000|  0%| F|  |TAMS 0x000000009aa00000, 0x000000009aa00000| Untracked 
| 427|0x000000009ab00000, 0x000000009ab00000, 0x000000009ac00000|  0%| F|  |TAMS 0x000000009ab00000, 0x000000009ab00000| Untracked 
| 428|0x000000009ac00000, 0x000000009ac00000, 0x000000009ad00000|  0%| F|  |TAMS 0x000000009ac00000, 0x000000009ac00000| Untracked 
| 429|0x000000009ad00000, 0x000000009ad00000, 0x000000009ae00000|  0%| F|  |TAMS 0x000000009ad00000, 0x000000009ad00000| Untracked 
| 430|0x000000009ae00000, 0x000000009ae00000, 0x000000009af00000|  0%| F|  |TAMS 0x000000009ae00000, 0x000000009ae00000| Untracked 
| 431|0x000000009af00000, 0x000000009af00000, 0x000000009b000000|  0%| F|  |TAMS 0x000000009af00000, 0x000000009af00000| Untracked 
| 432|0x000000009b000000, 0x000000009b000000, 0x000000009b100000|  0%| F|  |TAMS 0x000000009b000000, 0x000000009b000000| Untracked 
| 433|0x000000009b100000, 0x000000009b100000, 0x000000009b200000|  0%| F|  |TAMS 0x000000009b100000, 0x000000009b100000| Untracked 
| 434|0x000000009b200000, 0x000000009b200000, 0x000000009b300000|  0%| F|  |TAMS 0x000000009b200000, 0x000000009b200000| Untracked 
| 435|0x000000009b300000, 0x000000009b300000, 0x000000009b400000|  0%| F|  |TAMS 0x000000009b300000, 0x000000009b300000| Untracked 
| 436|0x000000009b400000, 0x000000009b400000, 0x000000009b500000|  0%| F|  |TAMS 0x000000009b400000, 0x000000009b400000| Untracked 
| 437|0x000000009b500000, 0x000000009b500000, 0x000000009b600000|  0%| F|  |TAMS 0x000000009b500000, 0x000000009b500000| Untracked 
| 438|0x000000009b600000, 0x000000009b600000, 0x000000009b700000|  0%| F|  |TAMS 0x000000009b600000, 0x000000009b600000| Untracked 
| 439|0x000000009b700000, 0x000000009b700000, 0x000000009b800000|  0%| F|  |TAMS 0x000000009b700000, 0x000000009b700000| Untracked 
| 440|0x000000009b800000, 0x000000009b800000, 0x000000009b900000|  0%| F|  |TAMS 0x000000009b800000, 0x000000009b800000| Untracked 
| 441|0x000000009b900000, 0x000000009b900000, 0x000000009ba00000|  0%| F|  |TAMS 0x000000009b900000, 0x000000009b900000| Untracked 
| 442|0x000000009ba00000, 0x000000009ba00000, 0x000000009bb00000|  0%| F|  |TAMS 0x000000009ba00000, 0x000000009ba00000| Untracked 
| 443|0x000000009bb00000, 0x000000009bb00000, 0x000000009bc00000|  0%| F|  |TAMS 0x000000009bb00000, 0x000000009bb00000| Untracked 
| 444|0x000000009bc00000, 0x000000009bc00000, 0x000000009bd00000|  0%| F|  |TAMS 0x000000009bc00000, 0x000000009bc00000| Untracked 
| 445|0x000000009bd00000, 0x000000009bd00000, 0x000000009be00000|  0%| F|  |TAMS 0x000000009bd00000, 0x000000009bd00000| Untracked 
| 446|0x000000009be00000, 0x000000009be00000, 0x000000009bf00000|  0%| F|  |TAMS 0x000000009be00000, 0x000000009be00000| Untracked 
| 447|0x000000009bf00000, 0x000000009bf00000, 0x000000009c000000|  0%| F|  |TAMS 0x000000009bf00000, 0x000000009bf00000| Untracked 
| 448|0x000000009c000000, 0x000000009c000000, 0x000000009c100000|  0%| F|  |TAMS 0x000000009c000000, 0x000000009c000000| Untracked 
| 449|0x000000009c100000, 0x000000009c100000, 0x000000009c200000|  0%| F|  |TAMS 0x000000009c100000, 0x000000009c100000| Untracked 
| 450|0x000000009c200000, 0x000000009c200000, 0x000000009c300000|  0%| F|  |TAMS 0x000000009c200000, 0x000000009c200000| Untracked 
| 451|0x000000009c300000, 0x000000009c300000, 0x000000009c400000|  0%| F|  |TAMS 0x000000009c300000, 0x000000009c300000| Untracked 
| 452|0x000000009c400000, 0x000000009c400000, 0x000000009c500000|  0%| F|  |TAMS 0x000000009c400000, 0x000000009c400000| Untracked 
| 453|0x000000009c500000, 0x000000009c500000, 0x000000009c600000|  0%| F|  |TAMS 0x000000009c500000, 0x000000009c500000| Untracked 
| 454|0x000000009c600000, 0x000000009c600000, 0x000000009c700000|  0%| F|  |TAMS 0x000000009c600000, 0x000000009c600000| Untracked 
| 455|0x000000009c700000, 0x000000009c700000, 0x000000009c800000|  0%| F|  |TAMS 0x000000009c700000, 0x000000009c700000| Untracked 
| 456|0x000000009c800000, 0x000000009c800000, 0x000000009c900000|  0%| F|  |TAMS 0x000000009c800000, 0x000000009c800000| Untracked 
| 457|0x000000009c900000, 0x000000009c900000, 0x000000009ca00000|  0%| F|  |TAMS 0x000000009c900000, 0x000000009c900000| Untracked 
| 458|0x000000009ca00000, 0x000000009ca00000, 0x000000009cb00000|  0%| F|  |TAMS 0x000000009ca00000, 0x000000009ca00000| Untracked 
| 459|0x000000009cb00000, 0x000000009cb00000, 0x000000009cc00000|  0%| F|  |TAMS 0x000000009cb00000, 0x000000009cb00000| Untracked 
| 460|0x000000009cc00000, 0x000000009cc00000, 0x000000009cd00000|  0%| F|  |TAMS 0x000000009cc00000, 0x000000009cc00000| Untracked 
| 461|0x000000009cd00000, 0x000000009cd00000, 0x000000009ce00000|  0%| F|  |TAMS 0x000000009cd00000, 0x000000009cd00000| Untracked 
| 462|0x000000009ce00000, 0x000000009ce00000, 0x000000009cf00000|  0%| F|  |TAMS 0x000000009ce00000, 0x000000009ce00000| Untracked 
| 463|0x000000009cf00000, 0x000000009cf00000, 0x000000009d000000|  0%| F|  |TAMS 0x000000009cf00000, 0x000000009cf00000| Untracked 
| 464|0x000000009d000000, 0x000000009d000000, 0x000000009d100000|  0%| F|  |TAMS 0x000000009d000000, 0x000000009d000000| Untracked 
| 465|0x000000009d100000, 0x000000009d100000, 0x000000009d200000|  0%| F|  |TAMS 0x000000009d100000, 0x000000009d100000| Untracked 
| 466|0x000000009d200000, 0x000000009d200000, 0x000000009d300000|  0%| F|  |TAMS 0x000000009d200000, 0x000000009d200000| Untracked 
| 467|0x000000009d300000, 0x000000009d300000, 0x000000009d400000|  0%| F|  |TAMS 0x000000009d300000, 0x000000009d300000| Untracked 
| 468|0x000000009d400000, 0x000000009d400000, 0x000000009d500000|  0%| F|  |TAMS 0x000000009d400000, 0x000000009d400000| Untracked 
| 469|0x000000009d500000, 0x000000009d500000, 0x000000009d600000|  0%| F|  |TAMS 0x000000009d500000, 0x000000009d500000| Untracked 
| 470|0x000000009d600000, 0x000000009d600000, 0x000000009d700000|  0%| F|  |TAMS 0x000000009d600000, 0x000000009d600000| Untracked 
| 471|0x000000009d700000, 0x000000009d700000, 0x000000009d800000|  0%| F|  |TAMS 0x000000009d700000, 0x000000009d700000| Untracked 
| 472|0x000000009d800000, 0x000000009d800000, 0x000000009d900000|  0%| F|  |TAMS 0x000000009d800000, 0x000000009d800000| Untracked 
| 473|0x000000009d900000, 0x000000009d900000, 0x000000009da00000|  0%| F|  |TAMS 0x000000009d900000, 0x000000009d900000| Untracked 
| 474|0x000000009da00000, 0x000000009da00000, 0x000000009db00000|  0%| F|  |TAMS 0x000000009da00000, 0x000000009da00000| Untracked 
| 475|0x000000009db00000, 0x000000009db00000, 0x000000009dc00000|  0%| F|  |TAMS 0x000000009db00000, 0x000000009db00000| Untracked 
| 476|0x000000009dc00000, 0x000000009dc00000, 0x000000009dd00000|  0%| F|  |TAMS 0x000000009dc00000, 0x000000009dc00000| Untracked 
| 477|0x000000009dd00000, 0x000000009dd00000, 0x000000009de00000|  0%| F|  |TAMS 0x000000009dd00000, 0x000000009dd00000| Untracked 
| 478|0x000000009de00000, 0x000000009de00000, 0x000000009df00000|  0%| F|  |TAMS 0x000000009de00000, 0x000000009de00000| Untracked 
| 479|0x000000009df00000, 0x000000009df00000, 0x000000009e000000|  0%| F|  |TAMS 0x000000009df00000, 0x000000009df00000| Untracked 
| 480|0x000000009e000000, 0x000000009e000000, 0x000000009e100000|  0%| F|  |TAMS 0x000000009e000000, 0x000000009e000000| Untracked 
| 481|0x000000009e100000, 0x000000009e100000, 0x000000009e200000|  0%| F|  |TAMS 0x000000009e100000, 0x000000009e100000| Untracked 
| 482|0x000000009e200000, 0x000000009e200000, 0x000000009e300000|  0%| F|  |TAMS 0x000000009e200000, 0x000000009e200000| Untracked 
| 483|0x000000009e300000, 0x000000009e300000, 0x000000009e400000|  0%| F|  |TAMS 0x000000009e300000, 0x000000009e300000| Untracked 
| 484|0x000000009e400000, 0x000000009e400000, 0x000000009e500000|  0%| F|  |TAMS 0x000000009e400000, 0x000000009e400000| Untracked 
| 485|0x000000009e500000, 0x000000009e500000, 0x000000009e600000|  0%| F|  |TAMS 0x000000009e500000, 0x000000009e500000| Untracked 
| 486|0x000000009e600000, 0x000000009e600000, 0x000000009e700000|  0%| F|  |TAMS 0x000000009e600000, 0x000000009e600000| Untracked 
| 487|0x000000009e700000, 0x000000009e700000, 0x000000009e800000|  0%| F|  |TAMS 0x000000009e700000, 0x000000009e700000| Untracked 
| 488|0x000000009e800000, 0x000000009e800000, 0x000000009e900000|  0%| F|  |TAMS 0x000000009e800000, 0x000000009e800000| Untracked 
| 489|0x000000009e900000, 0x000000009e900000, 0x000000009ea00000|  0%| F|  |TAMS 0x000000009e900000, 0x000000009e900000| Untracked 
| 490|0x000000009ea00000, 0x000000009ea00000, 0x000000009eb00000|  0%| F|  |TAMS 0x000000009ea00000, 0x000000009ea00000| Untracked 
| 491|0x000000009eb00000, 0x000000009eb00000, 0x000000009ec00000|  0%| F|  |TAMS 0x000000009eb00000, 0x000000009eb00000| Untracked 
| 492|0x000000009ec00000, 0x000000009ec00000, 0x000000009ed00000|  0%| F|  |TAMS 0x000000009ec00000, 0x000000009ec00000| Untracked 
| 493|0x000000009ed00000, 0x000000009ed00000, 0x000000009ee00000|  0%| F|  |TAMS 0x000000009ed00000, 0x000000009ed00000| Untracked 
| 494|0x000000009ee00000, 0x000000009ee00000, 0x000000009ef00000|  0%| F|  |TAMS 0x000000009ee00000, 0x000000009ee00000| Untracked 
| 495|0x000000009ef00000, 0x000000009ef00000, 0x000000009f000000|  0%| F|  |TAMS 0x000000009ef00000, 0x000000009ef00000| Untracked 
| 496|0x000000009f000000, 0x000000009f000000, 0x000000009f100000|  0%| F|  |TAMS 0x000000009f000000, 0x000000009f000000| Untracked 
| 497|0x000000009f100000, 0x000000009f100000, 0x000000009f200000|  0%| F|  |TAMS 0x000000009f100000, 0x000000009f100000| Untracked 
| 498|0x000000009f200000, 0x000000009f200000, 0x000000009f300000|  0%| F|  |TAMS 0x000000009f200000, 0x000000009f200000| Untracked 
| 499|0x000000009f300000, 0x000000009f300000, 0x000000009f400000|  0%| F|  |TAMS 0x000000009f300000, 0x000000009f300000| Untracked 
| 500|0x000000009f400000, 0x000000009f400000, 0x000000009f500000|  0%| F|  |TAMS 0x000000009f400000, 0x000000009f400000| Untracked 
| 501|0x000000009f500000, 0x000000009f500000, 0x000000009f600000|  0%| F|  |TAMS 0x000000009f500000, 0x000000009f500000| Untracked 
| 502|0x000000009f600000, 0x000000009f600000, 0x000000009f700000|  0%| F|  |TAMS 0x000000009f600000, 0x000000009f600000| Untracked 
| 503|0x000000009f700000, 0x000000009f700000, 0x000000009f800000|  0%| F|  |TAMS 0x000000009f700000, 0x000000009f700000| Untracked 
| 504|0x000000009f800000, 0x000000009f800000, 0x000000009f900000|  0%| F|  |TAMS 0x000000009f800000, 0x000000009f800000| Untracked 
| 505|0x000000009f900000, 0x000000009f900000, 0x000000009fa00000|  0%| F|  |TAMS 0x000000009f900000, 0x000000009f900000| Untracked 
| 506|0x000000009fa00000, 0x000000009fa00000, 0x000000009fb00000|  0%| F|  |TAMS 0x000000009fa00000, 0x000000009fa00000| Untracked 
| 507|0x000000009fb00000, 0x000000009fb00000, 0x000000009fc00000|  0%| F|  |TAMS 0x000000009fb00000, 0x000000009fb00000| Untracked 
| 508|0x000000009fc00000, 0x000000009fc00000, 0x000000009fd00000|  0%| F|  |TAMS 0x000000009fc00000, 0x000000009fc00000| Untracked 
| 509|0x000000009fd00000, 0x000000009fd00000, 0x000000009fe00000|  0%| F|  |TAMS 0x000000009fd00000, 0x000000009fd00000| Untracked 
| 510|0x000000009fe00000, 0x000000009fe00000, 0x000000009ff00000|  0%| F|  |TAMS 0x000000009fe00000, 0x000000009fe00000| Untracked 
| 511|0x000000009ff00000, 0x000000009ff00000, 0x00000000a0000000|  0%| F|  |TAMS 0x000000009ff00000, 0x000000009ff00000| Untracked 
| 512|0x00000000a0000000, 0x00000000a0000000, 0x00000000a0100000|  0%| F|  |TAMS 0x00000000a0000000, 0x00000000a0000000| Untracked 
| 513|0x00000000a0100000, 0x00000000a0100000, 0x00000000a0200000|  0%| F|  |TAMS 0x00000000a0100000, 0x00000000a0100000| Untracked 
| 514|0x00000000a0200000, 0x00000000a0200000, 0x00000000a0300000|  0%| F|  |TAMS 0x00000000a0200000, 0x00000000a0200000| Untracked 
| 515|0x00000000a0300000, 0x00000000a0300000, 0x00000000a0400000|  0%| F|  |TAMS 0x00000000a0300000, 0x00000000a0300000| Untracked 
| 516|0x00000000a0400000, 0x00000000a0400000, 0x00000000a0500000|  0%| F|  |TAMS 0x00000000a0400000, 0x00000000a0400000| Untracked 
| 517|0x00000000a0500000, 0x00000000a0500000, 0x00000000a0600000|  0%| F|  |TAMS 0x00000000a0500000, 0x00000000a0500000| Untracked 
| 518|0x00000000a0600000, 0x00000000a0600000, 0x00000000a0700000|  0%| F|  |TAMS 0x00000000a0600000, 0x00000000a0600000| Untracked 
| 519|0x00000000a0700000, 0x00000000a0700000, 0x00000000a0800000|  0%| F|  |TAMS 0x00000000a0700000, 0x00000000a0700000| Untracked 
| 520|0x00000000a0800000, 0x00000000a0800000, 0x00000000a0900000|  0%| F|  |TAMS 0x00000000a0800000, 0x00000000a0800000| Untracked 
| 521|0x00000000a0900000, 0x00000000a0900000, 0x00000000a0a00000|  0%| F|  |TAMS 0x00000000a0900000, 0x00000000a0900000| Untracked 
| 522|0x00000000a0a00000, 0x00000000a0a00000, 0x00000000a0b00000|  0%| F|  |TAMS 0x00000000a0a00000, 0x00000000a0a00000| Untracked 
| 523|0x00000000a0b00000, 0x00000000a0b00000, 0x00000000a0c00000|  0%| F|  |TAMS 0x00000000a0b00000, 0x00000000a0b00000| Untracked 
| 524|0x00000000a0c00000, 0x00000000a0c00000, 0x00000000a0d00000|  0%| F|  |TAMS 0x00000000a0c00000, 0x00000000a0c00000| Untracked 
| 525|0x00000000a0d00000, 0x00000000a0d00000, 0x00000000a0e00000|  0%| F|  |TAMS 0x00000000a0d00000, 0x00000000a0d00000| Untracked 
| 526|0x00000000a0e00000, 0x00000000a0e00000, 0x00000000a0f00000|  0%| F|  |TAMS 0x00000000a0e00000, 0x00000000a0e00000| Untracked 
| 527|0x00000000a0f00000, 0x00000000a0f00000, 0x00000000a1000000|  0%| F|  |TAMS 0x00000000a0f00000, 0x00000000a0f00000| Untracked 
| 528|0x00000000a1000000, 0x00000000a1000000, 0x00000000a1100000|  0%| F|  |TAMS 0x00000000a1000000, 0x00000000a1000000| Untracked 
| 529|0x00000000a1100000, 0x00000000a1100000, 0x00000000a1200000|  0%| F|  |TAMS 0x00000000a1100000, 0x00000000a1100000| Untracked 
| 530|0x00000000a1200000, 0x00000000a1200000, 0x00000000a1300000|  0%| F|  |TAMS 0x00000000a1200000, 0x00000000a1200000| Untracked 
| 531|0x00000000a1300000, 0x00000000a1300000, 0x00000000a1400000|  0%| F|  |TAMS 0x00000000a1300000, 0x00000000a1300000| Untracked 
| 532|0x00000000a1400000, 0x00000000a1400000, 0x00000000a1500000|  0%| F|  |TAMS 0x00000000a1400000, 0x00000000a1400000| Untracked 
| 533|0x00000000a1500000, 0x00000000a1500000, 0x00000000a1600000|  0%| F|  |TAMS 0x00000000a1500000, 0x00000000a1500000| Untracked 
| 534|0x00000000a1600000, 0x00000000a1600000, 0x00000000a1700000|  0%| F|  |TAMS 0x00000000a1600000, 0x00000000a1600000| Untracked 
| 535|0x00000000a1700000, 0x00000000a1700000, 0x00000000a1800000|  0%| F|  |TAMS 0x00000000a1700000, 0x00000000a1700000| Untracked 
| 536|0x00000000a1800000, 0x00000000a1800000, 0x00000000a1900000|  0%| F|  |TAMS 0x00000000a1800000, 0x00000000a1800000| Untracked 
| 537|0x00000000a1900000, 0x00000000a1900000, 0x00000000a1a00000|  0%| F|  |TAMS 0x00000000a1900000, 0x00000000a1900000| Untracked 
| 538|0x00000000a1a00000, 0x00000000a1a00000, 0x00000000a1b00000|  0%| F|  |TAMS 0x00000000a1a00000, 0x00000000a1a00000| Untracked 
| 539|0x00000000a1b00000, 0x00000000a1b00000, 0x00000000a1c00000|  0%| F|  |TAMS 0x00000000a1b00000, 0x00000000a1b00000| Untracked 
| 540|0x00000000a1c00000, 0x00000000a1c00000, 0x00000000a1d00000|  0%| F|  |TAMS 0x00000000a1c00000, 0x00000000a1c00000| Untracked 
| 541|0x00000000a1d00000, 0x00000000a1d00000, 0x00000000a1e00000|  0%| F|  |TAMS 0x00000000a1d00000, 0x00000000a1d00000| Untracked 
| 542|0x00000000a1e00000, 0x00000000a1e00000, 0x00000000a1f00000|  0%| F|  |TAMS 0x00000000a1e00000, 0x00000000a1e00000| Untracked 
| 543|0x00000000a1f00000, 0x00000000a1f00000, 0x00000000a2000000|  0%| F|  |TAMS 0x00000000a1f00000, 0x00000000a1f00000| Untracked 
| 544|0x00000000a2000000, 0x00000000a2000000, 0x00000000a2100000|  0%| F|  |TAMS 0x00000000a2000000, 0x00000000a2000000| Untracked 
| 545|0x00000000a2100000, 0x00000000a2100000, 0x00000000a2200000|  0%| F|  |TAMS 0x00000000a2100000, 0x00000000a2100000| Untracked 
| 546|0x00000000a2200000, 0x00000000a2200000, 0x00000000a2300000|  0%| F|  |TAMS 0x00000000a2200000, 0x00000000a2200000| Untracked 
| 547|0x00000000a2300000, 0x00000000a2300000, 0x00000000a2400000|  0%| F|  |TAMS 0x00000000a2300000, 0x00000000a2300000| Untracked 
| 548|0x00000000a2400000, 0x00000000a2400000, 0x00000000a2500000|  0%| F|  |TAMS 0x00000000a2400000, 0x00000000a2400000| Untracked 
| 549|0x00000000a2500000, 0x00000000a2500000, 0x00000000a2600000|  0%| F|  |TAMS 0x00000000a2500000, 0x00000000a2500000| Untracked 
| 550|0x00000000a2600000, 0x00000000a2600000, 0x00000000a2700000|  0%| F|  |TAMS 0x00000000a2600000, 0x00000000a2600000| Untracked 
| 551|0x00000000a2700000, 0x00000000a2700000, 0x00000000a2800000|  0%| F|  |TAMS 0x00000000a2700000, 0x00000000a2700000| Untracked 
| 552|0x00000000a2800000, 0x00000000a2800000, 0x00000000a2900000|  0%| F|  |TAMS 0x00000000a2800000, 0x00000000a2800000| Untracked 
| 553|0x00000000a2900000, 0x00000000a2900000, 0x00000000a2a00000|  0%| F|  |TAMS 0x00000000a2900000, 0x00000000a2900000| Untracked 
| 554|0x00000000a2a00000, 0x00000000a2a00000, 0x00000000a2b00000|  0%| F|  |TAMS 0x00000000a2a00000, 0x00000000a2a00000| Untracked 
| 555|0x00000000a2b00000, 0x00000000a2b00000, 0x00000000a2c00000|  0%| F|  |TAMS 0x00000000a2b00000, 0x00000000a2b00000| Untracked 
| 556|0x00000000a2c00000, 0x00000000a2c00000, 0x00000000a2d00000|  0%| F|  |TAMS 0x00000000a2c00000, 0x00000000a2c00000| Untracked 
| 557|0x00000000a2d00000, 0x00000000a2d00000, 0x00000000a2e00000|  0%| F|  |TAMS 0x00000000a2d00000, 0x00000000a2d00000| Untracked 
| 558|0x00000000a2e00000, 0x00000000a2e00000, 0x00000000a2f00000|  0%| F|  |TAMS 0x00000000a2e00000, 0x00000000a2e00000| Untracked 
| 559|0x00000000a2f00000, 0x00000000a2f00000, 0x00000000a3000000|  0%| F|  |TAMS 0x00000000a2f00000, 0x00000000a2f00000| Untracked 
| 560|0x00000000a3000000, 0x00000000a3000000, 0x00000000a3100000|  0%| F|  |TAMS 0x00000000a3000000, 0x00000000a3000000| Untracked 
| 561|0x00000000a3100000, 0x00000000a3100000, 0x00000000a3200000|  0%| F|  |TAMS 0x00000000a3100000, 0x00000000a3100000| Untracked 
| 562|0x00000000a3200000, 0x00000000a3200000, 0x00000000a3300000|  0%| F|  |TAMS 0x00000000a3200000, 0x00000000a3200000| Untracked 
| 563|0x00000000a3300000, 0x00000000a3300000, 0x00000000a3400000|  0%| F|  |TAMS 0x00000000a3300000, 0x00000000a3300000| Untracked 
| 564|0x00000000a3400000, 0x00000000a3400000, 0x00000000a3500000|  0%| F|  |TAMS 0x00000000a3400000, 0x00000000a3400000| Untracked 
| 565|0x00000000a3500000, 0x00000000a3500000, 0x00000000a3600000|  0%| F|  |TAMS 0x00000000a3500000, 0x00000000a3500000| Untracked 
| 566|0x00000000a3600000, 0x00000000a3600000, 0x00000000a3700000|  0%| F|  |TAMS 0x00000000a3600000, 0x00000000a3600000| Untracked 
| 567|0x00000000a3700000, 0x00000000a3700000, 0x00000000a3800000|  0%| F|  |TAMS 0x00000000a3700000, 0x00000000a3700000| Untracked 
| 568|0x00000000a3800000, 0x00000000a3800000, 0x00000000a3900000|  0%| F|  |TAMS 0x00000000a3800000, 0x00000000a3800000| Untracked 
| 569|0x00000000a3900000, 0x00000000a3900000, 0x00000000a3a00000|  0%| F|  |TAMS 0x00000000a3900000, 0x00000000a3900000| Untracked 
| 570|0x00000000a3a00000, 0x00000000a3a00000, 0x00000000a3b00000|  0%| F|  |TAMS 0x00000000a3a00000, 0x00000000a3a00000| Untracked 
| 571|0x00000000a3b00000, 0x00000000a3b00000, 0x00000000a3c00000|  0%| F|  |TAMS 0x00000000a3b00000, 0x00000000a3b00000| Untracked 
| 572|0x00000000a3c00000, 0x00000000a3c00000, 0x00000000a3d00000|  0%| F|  |TAMS 0x00000000a3c00000, 0x00000000a3c00000| Untracked 
| 573|0x00000000a3d00000, 0x00000000a3d00000, 0x00000000a3e00000|  0%| F|  |TAMS 0x00000000a3d00000, 0x00000000a3d00000| Untracked 
| 574|0x00000000a3e00000, 0x00000000a3e00000, 0x00000000a3f00000|  0%| F|  |TAMS 0x00000000a3e00000, 0x00000000a3e00000| Untracked 
| 575|0x00000000a3f00000, 0x00000000a3f00000, 0x00000000a4000000|  0%| F|  |TAMS 0x00000000a3f00000, 0x00000000a3f00000| Untracked 
| 576|0x00000000a4000000, 0x00000000a4000000, 0x00000000a4100000|  0%| F|  |TAMS 0x00000000a4000000, 0x00000000a4000000| Untracked 
| 577|0x00000000a4100000, 0x00000000a4100000, 0x00000000a4200000|  0%| F|  |TAMS 0x00000000a4100000, 0x00000000a4100000| Untracked 
| 578|0x00000000a4200000, 0x00000000a4200000, 0x00000000a4300000|  0%| F|  |TAMS 0x00000000a4200000, 0x00000000a4200000| Untracked 
| 579|0x00000000a4300000, 0x00000000a4300000, 0x00000000a4400000|  0%| F|  |TAMS 0x00000000a4300000, 0x00000000a4300000| Untracked 
| 580|0x00000000a4400000, 0x00000000a4400000, 0x00000000a4500000|  0%| F|  |TAMS 0x00000000a4400000, 0x00000000a4400000| Untracked 
| 581|0x00000000a4500000, 0x00000000a4500000, 0x00000000a4600000|  0%| F|  |TAMS 0x00000000a4500000, 0x00000000a4500000| Untracked 
| 582|0x00000000a4600000, 0x00000000a4600000, 0x00000000a4700000|  0%| F|  |TAMS 0x00000000a4600000, 0x00000000a4600000| Untracked 
| 583|0x00000000a4700000, 0x00000000a4700000, 0x00000000a4800000|  0%| F|  |TAMS 0x00000000a4700000, 0x00000000a4700000| Untracked 
| 584|0x00000000a4800000, 0x00000000a4800000, 0x00000000a4900000|  0%| F|  |TAMS 0x00000000a4800000, 0x00000000a4800000| Untracked 
| 585|0x00000000a4900000, 0x00000000a4900000, 0x00000000a4a00000|  0%| F|  |TAMS 0x00000000a4900000, 0x00000000a4900000| Untracked 
| 586|0x00000000a4a00000, 0x00000000a4a00000, 0x00000000a4b00000|  0%| F|  |TAMS 0x00000000a4a00000, 0x00000000a4a00000| Untracked 
| 587|0x00000000a4b00000, 0x00000000a4b00000, 0x00000000a4c00000|  0%| F|  |TAMS 0x00000000a4b00000, 0x00000000a4b00000| Untracked 
| 588|0x00000000a4c00000, 0x00000000a4c00000, 0x00000000a4d00000|  0%| F|  |TAMS 0x00000000a4c00000, 0x00000000a4c00000| Untracked 
| 589|0x00000000a4d00000, 0x00000000a4d00000, 0x00000000a4e00000|  0%| F|  |TAMS 0x00000000a4d00000, 0x00000000a4d00000| Untracked 
| 590|0x00000000a4e00000, 0x00000000a4e00000, 0x00000000a4f00000|  0%| F|  |TAMS 0x00000000a4e00000, 0x00000000a4e00000| Untracked 
| 591|0x00000000a4f00000, 0x00000000a4f00000, 0x00000000a5000000|  0%| F|  |TAMS 0x00000000a4f00000, 0x00000000a4f00000| Untracked 
| 592|0x00000000a5000000, 0x00000000a5000000, 0x00000000a5100000|  0%| F|  |TAMS 0x00000000a5000000, 0x00000000a5000000| Untracked 
| 593|0x00000000a5100000, 0x00000000a5100000, 0x00000000a5200000|  0%| F|  |TAMS 0x00000000a5100000, 0x00000000a5100000| Untracked 
| 594|0x00000000a5200000, 0x00000000a5200000, 0x00000000a5300000|  0%| F|  |TAMS 0x00000000a5200000, 0x00000000a5200000| Untracked 
| 595|0x00000000a5300000, 0x00000000a5300000, 0x00000000a5400000|  0%| F|  |TAMS 0x00000000a5300000, 0x00000000a5300000| Untracked 
| 596|0x00000000a5400000, 0x00000000a5400000, 0x00000000a5500000|  0%| F|  |TAMS 0x00000000a5400000, 0x00000000a5400000| Untracked 
| 597|0x00000000a5500000, 0x00000000a5500000, 0x00000000a5600000|  0%| F|  |TAMS 0x00000000a5500000, 0x00000000a5500000| Untracked 
| 598|0x00000000a5600000, 0x00000000a5600000, 0x00000000a5700000|  0%| F|  |TAMS 0x00000000a5600000, 0x00000000a5600000| Untracked 
| 599|0x00000000a5700000, 0x00000000a5700000, 0x00000000a5800000|  0%| F|  |TAMS 0x00000000a5700000, 0x00000000a5700000| Untracked 
| 600|0x00000000a5800000, 0x00000000a5800000, 0x00000000a5900000|  0%| F|  |TAMS 0x00000000a5800000, 0x00000000a5800000| Untracked 
| 601|0x00000000a5900000, 0x00000000a5900000, 0x00000000a5a00000|  0%| F|  |TAMS 0x00000000a5900000, 0x00000000a5900000| Untracked 
| 602|0x00000000a5a00000, 0x00000000a5a00000, 0x00000000a5b00000|  0%| F|  |TAMS 0x00000000a5a00000, 0x00000000a5a00000| Untracked 
| 603|0x00000000a5b00000, 0x00000000a5b00000, 0x00000000a5c00000|  0%| F|  |TAMS 0x00000000a5b00000, 0x00000000a5b00000| Untracked 
|2043|0x00000000ffb00000, 0x00000000ffc00000, 0x00000000ffc00000|100%| O|  |TAMS 0x00000000ffc00000, 0x00000000ffc00000| Untracked 
|2044|0x00000000ffc00000, 0x00000000ffd00000, 0x00000000ffd00000|100%| O|  |TAMS 0x00000000ffd00000, 0x00000000ffd00000| Untracked 
|2045|0x00000000ffd00000, 0x00000000ffe00000, 0x00000000ffe00000|100%| O|  |TAMS 0x00000000ffe00000, 0x00000000ffe00000| Untracked 
|2046|0x00000000ffe00000, 0x00000000fff00000, 0x00000000fff00000|100%| O|  |TAMS 0x00000000fff00000, 0x00000000fff00000| Untracked 
|2047|0x00000000fff00000, 0x0000000100000000, 0x0000000100000000|100%| O|  |TAMS 0x0000000100000000, 0x0000000100000000| Untracked 

Card table byte_map: [0x0000027a22a00000,0x0000027a22e00000] _byte_map_base: 0x0000027a22600000

Marking Bits (Prev, Next): (CMBitMap*) 0x0000027a0b7badf0, (CMBitMap*) 0x0000027a0b7bae30
 Prev Bits: [0x0000027a23200000, 0x0000027a25200000)
 Next Bits: [0x0000027a25200000, 0x0000027a27200000)

Polling page: 0x0000027a09550000

Metaspace:

Usage:
  Non-class:    138.59 MB used.
      Class:     20.65 MB used.
       Both:    159.24 MB used.

Virtual space:
  Non-class space:      192.00 MB reserved,     139.25 MB ( 73%) committed,  3 nodes.
      Class space:        1.00 GB reserved,      21.25 MB (  2%) committed,  1 nodes.
             Both:        1.19 GB reserved,     160.50 MB ( 13%) committed. 

Chunk freelists:
   Non-Class:  4.78 MB
       Class:  10.72 MB
        Both:  15.50 MB

MaxMetaspaceSize: unlimited
CompressedClassSpaceSize: 1.00 GB
Initial GC threshold: 21.00 MB
Current GC threshold: 261.50 MB
CDS: on
MetaspaceReclaimPolicy: balanced
 - commit_granule_bytes: 65536.
 - commit_granule_words: 8192.
 - virtual_space_node_default_size: 8388608.
 - enlarge_chunks_in_place: 1.
 - new_chunks_are_fully_committed: 0.
 - uncommit_free_chunks: 1.
 - use_allocation_guard: 0.
 - handle_deallocations: 1.


Internal statistics:

num_allocs_failed_limit: 6.
num_arena_births: 2466.
num_arena_deaths: 332.
num_vsnodes_births: 4.
num_vsnodes_deaths: 0.
num_space_committed: 2571.
num_space_uncommitted: 4.
num_chunks_returned_to_freelist: 462.
num_chunks_taken_from_freelist: 9600.
num_chunk_merges: 166.
num_chunk_splits: 6264.
num_chunks_enlarged: 4112.
num_inconsistent_stats: 0.

CodeHeap 'non-profiled nmethods': size=120000Kb used=19890Kb max_used=20102Kb free=100109Kb
 bounds [0x0000027a1ada0000, 0x0000027a1c150000, 0x0000027a222d0000]
CodeHeap 'profiled nmethods': size=120000Kb used=50372Kb max_used=50930Kb free=69627Kb
 bounds [0x0000027a132d0000, 0x0000027a164d0000, 0x0000027a1a800000]
CodeHeap 'non-nmethods': size=5760Kb used=1810Kb max_used=1865Kb free=3949Kb
 bounds [0x0000027a1a800000, 0x0000027a1aa70000, 0x0000027a1ada0000]
 total_blobs=25348 nmethods=24432 adapters=827
 compilation: enabled
              stopped_count=0, restarted_count=0
 full_count=0

Compilation events (20 events):
Event: 4008.426 Thread 0x0000027a29c390b0 nmethod 31054 0x0000027a159e8590 code [0x0000027a159e8760, 0x0000027a159e8ce8]
Event: 4008.426 Thread 0x0000027a29c390b0 31055       3       org.gradle.internal.classpath.Instrumented::convertToString (22 bytes)
Event: 4008.426 Thread 0x0000027a29c390b0 nmethod 31055 0x0000027a15c06810 code [0x0000027a15c069e0, 0x0000027a15c06f08]
Event: 4008.426 Thread 0x0000027a29c390b0 31056       3       org.gradle.internal.configuration.inputs.AccessTrackingProperties$$Lambda$3654/0x0000027a2c5346b8::accept (10 bytes)
Event: 4008.427 Thread 0x0000027a29c390b0 nmethod 31056 0x0000027a15299210 code [0x0000027a152993c0, 0x0000027a152995c8]
Event: 4008.436 Thread 0x0000027a7ba4cb80 31058       4       java.lang.invoke.MemberName$Factory::resolveOrFail (79 bytes)
Event: 4008.437 Thread 0x0000027a7ba4cb80 nmethod 31058 0x0000027a1b2f7910 code [0x0000027a1b2f7aa0, 0x0000027a1b2f7b68]
Event: 4008.437 Thread 0x0000027a7ba4cb80 31057       4       java.lang.invoke.MemberName::hashCode (43 bytes)
Event: 4008.448 Thread 0x0000027a7ba4cb80 nmethod 31057 0x0000027a1b9b0910 code [0x0000027a1b9b0b00, 0x0000027a1b9b15c8]
Event: 4008.472 Thread 0x0000027a29c387a0 nmethod 31053 0x0000027a1bd9ea10 code [0x0000027a1bd9ed80, 0x0000027a1bda1020]
Event: 4008.511 Thread 0x0000027a29c390b0 31059       3       com.google.common.collect.MapMakerInternalMap$Segment::getEntry (80 bytes)
Event: 4008.512 Thread 0x0000027a29c390b0 nmethod 31059 0x0000027a15335c90 code [0x0000027a15335f40, 0x0000027a15336fa8]
Event: 4008.522 Thread 0x0000027a29c390b0 31060       1       com.android.tools.r8.ProgramResource$ByteResource::getKind (5 bytes)
Event: 4008.522 Thread 0x0000027a29c390b0 nmethod 31060 0x0000027a1b9b0590 code [0x0000027a1b9b0720, 0x0000027a1b9b07f8]
Event: 4008.553 Thread 0x0000027a29c390b0 31062       3       java.lang.invoke.BootstrapMethodInvoker::maybeReBoxElements (24 bytes)
Event: 4008.553 Thread 0x0000027a29c390b0 nmethod 31062 0x0000027a1545b790 code [0x0000027a1545b980, 0x0000027a1545bfc8]
Event: 4008.559 Thread 0x0000027a29c390b0 31063       3       java.lang.invoke.DelegatingMethodHandle$Holder::delegate (23 bytes)
Event: 4008.560 Thread 0x0000027a29c390b0 nmethod 31063 0x0000027a15d38090 code [0x0000027a15d38260, 0x0000027a15d38808]
Event: 4008.560 Thread 0x0000027a29c390b0 31064       3       java.lang.invoke.LambdaMetafactory::altMetafactory (392 bytes)
Event: 4008.562 Thread 0x0000027a29c390b0 nmethod 31064 0x0000027a159c1b90 code [0x0000027a159c1f80, 0x0000027a159c3d68]

GC Heap History (20 events):
Event: 3951.915 GC heap after
{Heap after GC invocations=90 (full 0):
 garbage-first heap   total 495616K, used 184513K [0x0000000080000000, 0x0000000100000000)
  region size 1024K, 3 young (3072K), 3 survivors (3072K)
 Metaspace       used 138960K, committed 140096K, reserved 1179648K
  class space    used 18171K, committed 18752K, reserved 1048576K
}
Event: 3954.340 GC heap before
{Heap before GC invocations=90 (full 0):
 garbage-first heap   total 495616K, used 219329K [0x0000000080000000, 0x0000000100000000)
  region size 1024K, 38 young (38912K), 3 survivors (3072K)
 Metaspace       used 139408K, committed 140672K, reserved 1179648K
  class space    used 18228K, committed 18816K, reserved 1048576K
}
Event: 3954.348 GC heap after
{Heap after GC invocations=91 (full 0):
 garbage-first heap   total 495616K, used 189618K [0x0000000080000000, 0x0000000100000000)
  region size 1024K, 8 young (8192K), 8 survivors (8192K)
 Metaspace       used 139408K, committed 140672K, reserved 1179648K
  class space    used 18228K, committed 18816K, reserved 1048576K
}
Event: 3961.831 GC heap before
{Heap before GC invocations=92 (full 0):
 garbage-first heap   total 495616K, used 336050K [0x0000000080000000, 0x0000000100000000)
  region size 1024K, 144 young (147456K), 8 survivors (8192K)
 Metaspace       used 142329K, committed 143552K, reserved 1179648K
  class space    used 18514K, committed 19136K, reserved 1048576K
}
Event: 3961.889 GC heap after
{Heap after GC invocations=93 (full 0):
 garbage-first heap   total 495616K, used 216135K [0x0000000080000000, 0x0000000100000000)
  region size 1024K, 18 young (18432K), 18 survivors (18432K)
 Metaspace       used 142329K, committed 143552K, reserved 1179648K
  class space    used 18514K, committed 19136K, reserved 1048576K
}
Event: 3962.605 GC heap before
{Heap before GC invocations=93 (full 0):
 garbage-first heap   total 495616K, used 222279K [0x0000000080000000, 0x0000000100000000)
  region size 1024K, 24 young (24576K), 18 survivors (18432K)
 Metaspace       used 142390K, committed 143616K, reserved 1179648K
  class space    used 18521K, committed 19136K, reserved 1048576K
}
Event: 3962.641 GC heap after
{Heap after GC invocations=94 (full 0):
 garbage-first heap   total 495616K, used 198945K [0x0000000080000000, 0x0000000100000000)
  region size 1024K, 3 young (3072K), 3 survivors (3072K)
 Metaspace       used 142390K, committed 143616K, reserved 1179648K
  class space    used 18521K, committed 19136K, reserved 1048576K
}
Event: 3967.510 GC heap before
{Heap before GC invocations=94 (full 0):
 garbage-first heap   total 495616K, used 341281K [0x0000000080000000, 0x0000000100000000)
  region size 1024K, 144 young (147456K), 3 survivors (3072K)
 Metaspace       used 142668K, committed 144000K, reserved 1179648K
  class space    used 18575K, committed 19200K, reserved 1048576K
}
Event: 3967.523 GC heap after
{Heap after GC invocations=95 (full 0):
 garbage-first heap   total 495616K, used 209495K [0x0000000080000000, 0x0000000100000000)
  region size 1024K, 13 young (13312K), 13 survivors (13312K)
 Metaspace       used 142668K, committed 144000K, reserved 1179648K
  class space    used 18575K, committed 19200K, reserved 1048576K
}
Event: 3973.360 GC heap before
{Heap before GC invocations=96 (full 0):
 garbage-first heap   total 495616K, used 396887K [0x0000000080000000, 0x0000000100000000)
  region size 1024K, 185 young (189440K), 13 survivors (13312K)
 Metaspace       used 155412K, committed 156672K, reserved 1245184K
  class space    used 20061K, committed 20672K, reserved 1048576K
}
Event: 3973.431 GC heap after
{Heap after GC invocations=97 (full 0):
 garbage-first heap   total 495616K, used 238370K [0x0000000080000000, 0x0000000100000000)
  region size 1024K, 24 young (24576K), 24 survivors (24576K)
 Metaspace       used 155412K, committed 156672K, reserved 1245184K
  class space    used 20061K, committed 20672K, reserved 1048576K
}
Event: 3973.453 GC heap before
{Heap before GC invocations=97 (full 0):
 garbage-first heap   total 495616K, used 239394K [0x0000000080000000, 0x0000000100000000)
  region size 1024K, 25 young (25600K), 24 survivors (24576K)
 Metaspace       used 155419K, committed 156672K, reserved 1245184K
  class space    used 20061K, committed 20672K, reserved 1048576K
}
Event: 3973.533 GC heap after
{Heap after GC invocations=98 (full 0):
 garbage-first heap   total 495616K, used 227545K [0x0000000080000000, 0x0000000100000000)
  region size 1024K, 1 young (1024K), 1 survivors (1024K)
 Metaspace       used 155419K, committed 156672K, reserved 1245184K
  class space    used 20061K, committed 20672K, reserved 1048576K
}
Event: 3979.206 GC heap before
{Heap before GC invocations=98 (full 0):
 garbage-first heap   total 495616K, used 385241K [0x0000000080000000, 0x0000000100000000)
  region size 1024K, 155 young (158720K), 1 survivors (1024K)
 Metaspace       used 159652K, committed 160896K, reserved 1245184K
  class space    used 20667K, committed 21248K, reserved 1048576K
}
Event: 3979.222 GC heap after
{Heap after GC invocations=99 (full 0):
 garbage-first heap   total 495616K, used 238335K [0x0000000080000000, 0x0000000100000000)
  region size 1024K, 12 young (12288K), 12 survivors (12288K)
 Metaspace       used 159652K, committed 160896K, reserved 1245184K
  class space    used 20667K, committed 21248K, reserved 1048576K
}
Event: 4006.491 GC heap before
{Heap before GC invocations=100 (full 0):
 garbage-first heap   total 495616K, used 396031K [0x0000000080000000, 0x0000000100000000)
  region size 1024K, 161 young (164864K), 12 survivors (12288K)
 Metaspace       used 160177K, committed 161536K, reserved 1245184K
  class space    used 20733K, committed 21376K, reserved 1048576K
}
Event: 4006.518 GC heap after
{Heap after GC invocations=101 (full 0):
 garbage-first heap   total 495616K, used 249400K [0x0000000080000000, 0x0000000100000000)
  region size 1024K, 13 young (13312K), 13 survivors (13312K)
 Metaspace       used 160177K, committed 161536K, reserved 1245184K
  class space    used 20733K, committed 21376K, reserved 1048576K
}
Event: 4006.532 GC heap before
{Heap before GC invocations=101 (full 0):
 garbage-first heap   total 495616K, used 260664K [0x0000000080000000, 0x0000000100000000)
  region size 1024K, 24 young (24576K), 13 survivors (13312K)
 Metaspace       used 160217K, committed 161536K, reserved 1245184K
  class space    used 20737K, committed 21376K, reserved 1048576K
}
Event: 4006.570 GC heap after
{Heap after GC invocations=102 (full 0):
 garbage-first heap   total 495616K, used 212342K [0x0000000080000000, 0x0000000100000000)
  region size 1024K, 2 young (2048K), 2 survivors (2048K)
 Metaspace       used 160217K, committed 161536K, reserved 1245184K
  class space    used 20737K, committed 21376K, reserved 1048576K
}
Event: 4008.664 GC heap before
{Heap before GC invocations=102 (full 0):
 garbage-first heap   total 495616K, used 387446K [0x0000000080000000, 0x0000000100000000)
  region size 1024K, 174 young (178176K), 2 survivors (2048K)
 Metaspace       used 163066K, committed 164352K, reserved 1245184K
  class space    used 21150K, committed 21760K, reserved 1048576K
}

Dll operation events (17 events):
Event: 0.011 Loaded shared library C:\Users\perez\.jdks\ms-17.0.18\bin\java.dll
Event: 0.028 Loaded shared library C:\Users\perez\.jdks\ms-17.0.18\bin\jsvml.dll
Event: 0.075 Loaded shared library C:\Users\perez\.jdks\ms-17.0.18\bin\zip.dll
Event: 0.079 Loaded shared library C:\Users\perez\.jdks\ms-17.0.18\bin\instrument.dll
Event: 0.085 Loaded shared library C:\Users\perez\.jdks\ms-17.0.18\bin\net.dll
Event: 0.089 Loaded shared library C:\Users\perez\.jdks\ms-17.0.18\bin\nio.dll
Event: 0.092 Loaded shared library C:\Users\perez\.jdks\ms-17.0.18\bin\zip.dll
Event: 0.390 Loaded shared library C:\Users\perez\.jdks\ms-17.0.18\bin\jimage.dll
Event: 0.708 Loaded shared library C:\Users\perez\.jdks\ms-17.0.18\bin\verify.dll
Event: 0.968 Loaded shared library C:\Users\perez\AndroidStudioProjects\MyApplication\native\1def1411415f61bf3af743bc5b6707747c0891f09f0c88961ee8f79bc544acac\windows-amd64\native-platform.dll
Event: 1.009 Loaded shared library C:\Users\perez\AndroidStudioProjects\MyApplication\native\0.2.7\x86_64-windows-gnu\gradle-fileevents.dll
Event: 2.571 Loaded shared library C:\Users\perez\.jdks\ms-17.0.18\bin\management.dll
Event: 2.576 Loaded shared library C:\Users\perez\.jdks\ms-17.0.18\bin\management_ext.dll
Event: 2.850 Loaded shared library C:\Users\perez\.jdks\ms-17.0.18\bin\extnet.dll
Event: 3.267 Loaded shared library C:\Users\perez\.jdks\ms-17.0.18\bin\sunmscapi.dll
Event: 3777.193 Loaded shared library C:\Users\perez\.jdks\ms-17.0.18\bin\rmi.dll
Event: 3840.107 Loaded shared library C:\Users\perez\AppData\Local\Temp\sqlite-3.41.2.2-ba570168-f5f6-4f5f-8778-c4f1ba1ece3e-sqlitejdbc.dll

Deoptimization events (20 events):
Event: 4007.792 Thread 0x0000027a748a5000 DEOPT PACKING pc=0x0000027a1bbc9ed0 sp=0x000000b74d8fd8e0
Event: 4007.792 Thread 0x0000027a748a5000 DEOPT UNPACKING pc=0x0000027a1a8569a3 sp=0x000000b74d8fd8a0 mode 2
Event: 4007.792 Thread 0x0000027a753c7ce0 DEOPT UNPACKING pc=0x0000027a1a8569a3 sp=0x000000b74dffd328 mode 2
Event: 4007.792 Thread 0x0000027a7bdda810 DEOPT UNPACKING pc=0x0000027a1a8569a3 sp=0x000000b74f3fd788 mode 2
Event: 4008.320 Thread 0x0000027a748a31a0 Uncommon trap: trap_request=0xffffff45 fr.pc=0x0000027a1b3ae4f4 relative=0x0000000000000474
Event: 4008.320 Thread 0x0000027a748a31a0 Uncommon trap: reason=unstable_if action=reinterpret pc=0x0000027a1b3ae4f4 method=com.google.common.collect.MapMakerInternalMap$Segment.getEntry(Ljava/lang/Object;I)Lcom/google/common/collect/MapMakerInternalMap$InternalEntry; @ 63 c2
Event: 4008.320 Thread 0x0000027a748a31a0 DEOPT PACKING pc=0x0000027a1b3ae4f4 sp=0x000000b74d1fd4e0
Event: 4008.320 Thread 0x0000027a748a31a0 DEOPT UNPACKING pc=0x0000027a1a8569a3 sp=0x000000b74d1fd308 mode 2
Event: 4008.457 Thread 0x0000027a7bdda810 Uncommon trap: trap_request=0xffffff45 fr.pc=0x0000027a1b27fc44 relative=0x0000000000000184
Event: 4008.457 Thread 0x0000027a7bdda810 Uncommon trap: reason=unstable_if action=reinterpret pc=0x0000027a1b27fc44 method=com.google.common.collect.MapMakerInternalMap$Segment.getEntry(Ljava/lang/Object;I)Lcom/google/common/collect/MapMakerInternalMap$InternalEntry; @ 63 c2
Event: 4008.457 Thread 0x0000027a7bdda810 DEOPT PACKING pc=0x0000027a1b27fc44 sp=0x000000b74f3fca60
Event: 4008.457 Thread 0x0000027a7bdda810 DEOPT UNPACKING pc=0x0000027a1a8569a3 sp=0x000000b74f3fca08 mode 2
Event: 4008.484 Thread 0x0000027a748a5000 Uncommon trap: trap_request=0xffffff45 fr.pc=0x0000027a1b64a0e4 relative=0x0000000000000324
Event: 4008.484 Thread 0x0000027a748a5000 Uncommon trap: reason=unstable_if action=reinterpret pc=0x0000027a1b64a0e4 method=java.lang.Class.newReflectionData(Ljava/lang/ref/SoftReference;I)Ljava/lang/Class$ReflectionData; @ 22 c2
Event: 4008.484 Thread 0x0000027a7bdda810 Uncommon trap: trap_request=0xffffff45 fr.pc=0x0000027a1b361764 relative=0x0000000000002f44
Event: 4008.484 Thread 0x0000027a748a5000 DEOPT PACKING pc=0x0000027a1b64a0e4 sp=0x000000b74d8fdc60
Event: 4008.484 Thread 0x0000027a748a5000 DEOPT UNPACKING pc=0x0000027a1a8569a3 sp=0x000000b74d8fdb28 mode 2
Event: 4008.484 Thread 0x0000027a7bdda810 Uncommon trap: reason=unstable_if action=reinterpret pc=0x0000027a1b361764 method=java.lang.reflect.Constructor.acquireConstructorAccessor()Ljdk/internal/reflect/ConstructorAccessor; @ 18 c2
Event: 4008.484 Thread 0x0000027a7bdda810 DEOPT PACKING pc=0x0000027a1b361764 sp=0x000000b74f3fdc70
Event: 4008.486 Thread 0x0000027a7bdda810 DEOPT UNPACKING pc=0x0000027a1a8569a3 sp=0x000000b74f3fdc68 mode 2

Classes loaded (20 events):
Event: 3971.729 Loading class java/util/regex/Matcher$ImmutableMatchResult
Event: 3971.729 Loading class java/util/regex/Matcher$ImmutableMatchResult done
Event: 3972.097 Loading class java/util/stream/Nodes$IntFixedNodeBuilder
Event: 3972.098 Loading class java/util/stream/Node$Builder$OfInt
Event: 3972.098 Loading class java/util/stream/Node$Builder$OfInt done
Event: 3972.098 Loading class java/util/stream/Nodes$IntArrayNode
Event: 3972.099 Loading class java/util/stream/Nodes$IntArrayNode done
Event: 3972.099 Loading class java/util/stream/Nodes$IntFixedNodeBuilder done
Event: 3976.820 Loading class java/util/concurrent/ConcurrentHashMap$TreeNode
Event: 3976.826 Loading class java/util/concurrent/ConcurrentHashMap$TreeNode done
Event: 3976.826 Loading class java/util/concurrent/ConcurrentHashMap$TreeBin
Event: 3976.830 Loading class java/util/concurrent/ConcurrentHashMap$TreeBin done
Event: 3977.263 Loading class sun/nio/fs/WindowsSecurity$Privilege
Event: 3977.264 Loading class sun/nio/fs/WindowsSecurity$Privilege done
Event: 4006.620 Loading class java/nio/file/FileTreeIterator
Event: 4006.621 Loading class java/nio/file/FileTreeIterator done
Event: 4006.659 Loading class java/util/zip/ZipInputStream
Event: 4006.661 Loading class java/util/zip/ZipInputStream done
Event: 4007.885 Loading class java/util/concurrent/RejectedExecutionException
Event: 4007.886 Loading class java/util/concurrent/RejectedExecutionException done

Classes unloaded (20 events):
Event: 3979.461 Thread 0x0000027a29c0f2f0 Unloading class 0x0000027a2c272850 'kotlin/jvm/functions/Function0'
Event: 3979.461 Thread 0x0000027a29c0f2f0 Unloading class 0x0000027a2c272610 'dagger/spi/internal/shaded/androidx/room/compiler/processing/javac/JavacBasicAnnotationProcessor$2'
Event: 3979.461 Thread 0x0000027a29c0f2f0 Unloading class 0x0000027a2c2723f0 'kotlin/jvm/internal/Lambda'
Event: 3979.461 Thread 0x0000027a29c0f2f0 Unloading class 0x0000027a2c2721f8 'kotlin/jvm/internal/FunctionBase'
Event: 3979.461 Thread 0x0000027a29c0f2f0 Unloading class 0x0000027a2c272000 'kotlin/jvm/functions/Function1'
Event: 3979.461 Thread 0x0000027a29c0f2f0 Unloading class 0x0000027a2c271c68 'kotlin/Function'
Event: 3979.461 Thread 0x0000027a29c0f2f0 Unloading class 0x0000027a2c271a08 'kotlin/KotlinNullPointerException'
Event: 3979.461 Thread 0x0000027a29c0f2f0 Unloading class 0x0000027a2c2717b0 'kotlin/UninitializedPropertyAccessException'
Event: 3979.461 Thread 0x0000027a29c0f2f0 Unloading class 0x0000027a2c2715b0 'kotlin/jvm/internal/Intrinsics'
Event: 3979.461 Thread 0x0000027a29c0f2f0 Unloading class 0x0000027a2c2713b0 'dagger/spi/internal/shaded/androidx/room/compiler/processing/XProcessingEnvConfig$Companion'
Event: 3979.461 Thread 0x0000027a29c0f2f0 Unloading class 0x0000027a2c2711b0 'dagger/spi/internal/shaded/androidx/room/compiler/processing/XProcessingEnvConfig'
Event: 3979.461 Thread 0x0000027a29c0f2f0 Unloading class 0x0000027a2c270fa8 'dagger/spi/internal/shaded/androidx/room/compiler/processing/XProcessingEnvConfig$Builder'
Event: 3979.461 Thread 0x0000027a29c0f2f0 Unloading class 0x0000027a2c270da8 'dagger/hilt/processor/internal/HiltProcessingEnvConfigs'
Event: 3979.461 Thread 0x0000027a29c0f2f0 Unloading class 0x0000027a2c270b28 'dagger/hilt/processor/internal/uninstallmodules/UninstallModulesProcessingStep'
Event: 3979.461 Thread 0x0000027a29c0f2f0 Unloading class 0x0000027a2c2708a8 'dagger/hilt/processor/internal/BaseProcessingStep'
Event: 3979.461 Thread 0x0000027a29c0f2f0 Unloading class 0x0000027a2c2695f8 'dagger/spi/internal/shaded/androidx/room/compiler/processing/XProcessingStep'
Event: 3979.461 Thread 0x0000027a29c0f2f0 Unloading class 0x0000027a2c2705c0 'dagger/hilt/processor/internal/uninstallmodules/UninstallModulesProcessor'
Event: 3979.461 Thread 0x0000027a29c0f2f0 Unloading class 0x0000027a2c2702d8 'dagger/hilt/processor/internal/JavacBaseProcessingStepProcessor'
Event: 3979.461 Thread 0x0000027a29c0f2f0 Unloading class 0x0000027a2c270000 'dagger/spi/internal/shaded/androidx/room/compiler/processing/javac/JavacBasicAnnotationProcessor'
Event: 3979.461 Thread 0x0000027a29c0f2f0 Unloading class 0x0000027a2c269400 'dagger/spi/internal/shaded/androidx/room/compiler/processing/XBasicAnnotationProcessor'

Classes redefined (0 events):
No events

Internal exceptions (20 events):
Event: 3998.972 Thread 0x0000027a748a31a0 Exception <a 'sun/nio/fs/WindowsException'{0x0000000098713a90}> (0x0000000098713a90) 
thrown [s\src\hotspot\share\prims\jni.cpp, line 516]
Event: 3998.975 Thread 0x0000027a748a31a0 Exception <a 'sun/nio/fs/WindowsException'{0x000000009871b080}> (0x000000009871b080) 
thrown [s\src\hotspot\share\prims\jni.cpp, line 516]
Event: 3998.977 Thread 0x0000027a748a31a0 Exception <a 'sun/nio/fs/WindowsException'{0x00000000987223e0}> (0x00000000987223e0) 
thrown [s\src\hotspot\share\prims\jni.cpp, line 516]
Event: 3998.980 Thread 0x0000027a748a31a0 Exception <a 'sun/nio/fs/WindowsException'{0x00000000987294d0}> (0x00000000987294d0) 
thrown [s\src\hotspot\share\prims\jni.cpp, line 516]
Event: 3998.983 Thread 0x0000027a748a31a0 Exception <a 'sun/nio/fs/WindowsException'{0x00000000987308e8}> (0x00000000987308e8) 
thrown [s\src\hotspot\share\prims\jni.cpp, line 516]
Event: 3998.985 Thread 0x0000027a748a31a0 Exception <a 'sun/nio/fs/WindowsException'{0x0000000098737cf0}> (0x0000000098737cf0) 
thrown [s\src\hotspot\share\prims\jni.cpp, line 516]
Event: 3998.988 Thread 0x0000027a748a31a0 Exception <a 'sun/nio/fs/WindowsException'{0x000000009873f0e8}> (0x000000009873f0e8) 
thrown [s\src\hotspot\share\prims\jni.cpp, line 516]
Event: 3998.991 Thread 0x0000027a748a31a0 Exception <a 'sun/nio/fs/WindowsException'{0x0000000098746428}> (0x0000000098746428) 
thrown [s\src\hotspot\share\prims\jni.cpp, line 516]
Event: 3998.995 Thread 0x0000027a748a31a0 Exception <a 'sun/nio/fs/WindowsException'{0x000000009874dfe0}> (0x000000009874dfe0) 
thrown [s\src\hotspot\share\prims\jni.cpp, line 516]
Event: 3998.998 Thread 0x0000027a748a31a0 Exception <a 'sun/nio/fs/WindowsException'{0x0000000098755980}> (0x0000000098755980) 
thrown [s\src\hotspot\share\prims\jni.cpp, line 516]
Event: 3999.001 Thread 0x0000027a748a31a0 Exception <a 'sun/nio/fs/WindowsException'{0x000000009875d018}> (0x000000009875d018) 
thrown [s\src\hotspot\share\prims\jni.cpp, line 516]
Event: 3999.004 Thread 0x0000027a748a31a0 Exception <a 'sun/nio/fs/WindowsException'{0x0000000098764658}> (0x0000000098764658) 
thrown [s\src\hotspot\share\prims\jni.cpp, line 516]
Event: 3999.008 Thread 0x0000027a748a31a0 Exception <a 'sun/nio/fs/WindowsException'{0x000000009876baf8}> (0x000000009876baf8) 
thrown [s\src\hotspot\share\prims\jni.cpp, line 516]
Event: 3999.011 Thread 0x0000027a748a31a0 Exception <a 'sun/nio/fs/WindowsException'{0x0000000098772f38}> (0x0000000098772f38) 
thrown [s\src\hotspot\share\prims\jni.cpp, line 516]
Event: 3999.015 Thread 0x0000027a748a31a0 Exception <a 'sun/nio/fs/WindowsException'{0x000000009877a540}> (0x000000009877a540) 
thrown [s\src\hotspot\share\prims\jni.cpp, line 516]
Event: 3999.018 Thread 0x0000027a748a31a0 Exception <a 'sun/nio/fs/WindowsException'{0x0000000098781b30}> (0x0000000098781b30) 
thrown [s\src\hotspot\share\prims\jni.cpp, line 516]
Event: 3999.022 Thread 0x0000027a748a31a0 Exception <a 'sun/nio/fs/WindowsException'{0x00000000987890e0}> (0x00000000987890e0) 
thrown [s\src\hotspot\share\prims\jni.cpp, line 516]
Event: 3999.026 Thread 0x0000027a748a31a0 Exception <a 'sun/nio/fs/WindowsException'{0x00000000987905d0}> (0x00000000987905d0) 
thrown [s\src\hotspot\share\prims\jni.cpp, line 516]
Event: 4006.417 Thread 0x0000027a729288e0 Exception <a 'java/lang/NoSuchMethodError'{0x0000000096d7eef0}: static Lcom/android/build/gradle/internal/tasks/DexArchiveBuilderTaskDelegate$ClasspathServiceKey;.<clinit>()V> (0x0000000096d7eef0) 
thrown [s\src\hotspot\share\prims\jni.cpp, line 1112]
Event: 4008.551 Thread 0x0000027a748a31a0 Exception <a 'java/lang/NoSuchMethodError'{0x00000000932b4a90}: 'java.lang.Object java.lang.invoke.DirectMethodHandle$Holder.invokeStaticInit(java.lang.Object, java.lang.Object, java.lang.Object, java.lang.Object, java.lang.Object, java.lang.Object, java.lang.Object, java.lang.Object, java.lang.Object, java.lang.Object, java.lang.Object, java.lang.Object, java.lang.Object, java.lang.Object, java.lang.Object, java.lang.Object, java.lang.Object, java.lang.Object, java.lang.Object, java.lang.Object, int, java

VM Operations (20 events):
Event: 4002.752 Executing VM operation: Cleanup done
Event: 4006.491 Executing VM operation: G1CollectForAllocation
Event: 4006.518 Executing VM operation: G1CollectForAllocation done
Event: 4006.531 Executing VM operation: G1CollectForAllocation
Event: 4006.570 Executing VM operation: G1CollectForAllocation done
Event: 4007.512 Executing VM operation: HandshakeAllThreads
Event: 4007.512 Executing VM operation: HandshakeAllThreads done
Event: 4007.512 Executing VM operation: HandshakeAllThreads
Event: 4007.513 Executing VM operation: HandshakeAllThreads done
Event: 4007.686 Executing VM operation: HandshakeAllThreads
Event: 4007.686 Executing VM operation: HandshakeAllThreads done
Event: 4007.686 Executing VM operation: Cleanup
Event: 4007.686 Executing VM operation: Cleanup done
Event: 4008.402 Executing VM operation: HandshakeAllThreads
Event: 4008.403 Executing VM operation: HandshakeAllThreads done
Event: 4008.601 Executing VM operation: HandshakeAllThreads
Event: 4008.601 Executing VM operation: HandshakeAllThreads done
Event: 4008.601 Executing VM operation: HandshakeAllThreads
Event: 4008.601 Executing VM operation: HandshakeAllThreads done
Event: 4008.664 Executing VM operation: G1CollectForAllocation

Memory protections (0 events):
No events

Nmethod flushes (20 events):
Event: 4008.628 Thread 0x0000027a29c3a530 flushing  nmethod 0x0000027a14688d90
Event: 4008.628 Thread 0x0000027a29c3a530 flushing  nmethod 0x0000027a1469cd10
Event: 4008.628 Thread 0x0000027a29c3a530 flushing  nmethod 0x0000027a146ddc90
Event: 4008.629 Thread 0x0000027a29c3a530 flushing  nmethod 0x0000027a14809890
Event: 4008.629 Thread 0x0000027a29c3a530 flushing  nmethod 0x0000027a14827290
Event: 4008.629 Thread 0x0000027a29c3a530 flushing  nmethod 0x0000027a148ab310
Event: 4008.633 Thread 0x0000027a29c3a530 flushing  nmethod 0x0000027a14c41f10
Event: 4008.638 Thread 0x0000027a29c3a530 flushing  nmethod 0x0000027a151e8d90
Event: 4008.642 Thread 0x0000027a29c3a530 flushing  nmethod 0x0000027a153aaf10
Event: 4008.642 Thread 0x0000027a29c3a530 flushing  nmethod 0x0000027a15456c10
Event: 4008.643 Thread 0x0000027a29c3a530 flushing  nmethod 0x0000027a15488710
Event: 4008.643 Thread 0x0000027a29c3a530 flushing  nmethod 0x0000027a154ed590
Event: 4008.649 Thread 0x0000027a29c3a530 flushing  nmethod 0x0000027a15951290
Event: 4008.650 Thread 0x0000027a29c3a530 flushing  nmethod 0x0000027a159a8f90
Event: 4008.650 Thread 0x0000027a29c3a530 flushing  nmethod 0x0000027a159e9490
Event: 4008.652 Thread 0x0000027a29c3a530 flushing  nmethod 0x0000027a15c03490
Event: 4008.652 Thread 0x0000027a29c3a530 flushing  nmethod 0x0000027a15c57090
Event: 4008.652 Thread 0x0000027a29c3a530 flushing  nmethod 0x0000027a15c59490
Event: 4008.652 Thread 0x0000027a29c3a530 flushing  nmethod 0x0000027a15c64b90
Event: 4008.657 Thread 0x0000027a29c3a530 flushing  nmethod 0x0000027a16403090

Events (20 events):
Event: 3957.628 Thread 0x0000027a29c387a0 Thread added: 0x0000027a7ba49110
Event: 3962.723 Thread 0x0000027a7ba49110 Thread exited: 0x0000027a7ba49110
Event: 3962.723 Thread 0x0000027a7ba48bc0 Thread exited: 0x0000027a7ba48bc0
Event: 3965.438 Thread 0x0000027a729288e0 Thread added: 0x0000027a7cdcc750
Event: 3965.439 Thread 0x0000027a729288e0 Thread added: 0x0000027a7cdcd680
Event: 3966.603 Thread 0x0000027a729288e0 Thread added: 0x0000027a7cdca8f0
Event: 3966.604 Thread 0x0000027a729288e0 Thread added: 0x0000027a7cdcae00
Event: 3966.604 Thread 0x0000027a729288e0 Thread added: 0x0000027a7cdcd170
Event: 3966.604 Thread 0x0000027a729288e0 Thread added: 0x0000027a7cdcb310
Event: 3966.604 Thread 0x0000027a729288e0 Thread added: 0x0000027a7cdca3e0
Event: 3966.604 Thread 0x0000027a729288e0 Thread added: 0x0000027a7cdcbd30
Event: 3966.604 Thread 0x0000027a729288e0 Thread added: 0x0000027a7cdccc60
Event: 3966.679 Thread 0x0000027a729288e0 Thread added: 0x0000027a7666c9f0
Event: 3979.952 Thread 0x0000027a729288e0 Thread added: 0x0000027a7bdda810
Event: 4006.065 Thread 0x0000027a29c390b0 Thread added: 0x0000027a7ba4cb80
Event: 4006.421 Thread 0x0000027a729288e0 Thread added: 0x0000027a7595f9d0
Event: 4006.424 Thread 0x0000027a729288e0 Thread added: 0x0000027a7595fee0
Event: 4006.428 Thread 0x0000027a729288e0 Thread added: 0x0000027a7595efb0
Event: 4006.431 Thread 0x0000027a729288e0 Thread added: 0x0000027a7595f4c0
Event: 4008.559 Thread 0x0000027a7ba4cb80 Thread exited: 0x0000027a7ba4cb80


Dynamic libraries:
0x00007ff6a3520000 - 0x00007ff6a352e000 	C:\Users\perez\.jdks\ms-17.0.18\bin\java.exe
0x00007ffcc1c40000 - 0x00007ffcc1ea7000 	C:\WINDOWS\SYSTEM32\ntdll.dll
0x00007ffcc1440000 - 0x00007ffcc1509000 	C:\WINDOWS\System32\KERNEL32.DLL
0x00007ffcbf5e0000 - 0x00007ffcbf9d1000 	C:\WINDOWS\System32\KERNELBASE.dll
0x00007ffcbf1c0000 - 0x00007ffcbf30b000 	C:\WINDOWS\System32\ucrtbase.dll
0x00007ffc78bd0000 - 0x00007ffc78be8000 	C:\Users\perez\.jdks\ms-17.0.18\bin\jli.dll
0x00007ffc78410000 - 0x00007ffc7842e000 	C:\Users\perez\.jdks\ms-17.0.18\bin\VCRUNTIME140.dll
0x00007ffcc04a0000 - 0x00007ffcc0665000 	C:\WINDOWS\System32\USER32.dll
0x00007ffca1900000 - 0x00007ffca1b93000 	C:\WINDOWS\WinSxS\amd64_microsoft.windows.common-controls_6595b64144ccf1df_6.0.26100.8037_none_3e092faae333b53b\COMCTL32.dll
0x00007ffcbf440000 - 0x00007ffcbf467000 	C:\WINDOWS\System32\win32u.dll
0x00007ffcbffb0000 - 0x00007ffcc0059000 	C:\WINDOWS\System32\msvcrt.dll
0x00007ffcbff00000 - 0x00007ffcbff2b000 	C:\WINDOWS\System32\GDI32.dll
0x00007ffcbf310000 - 0x00007ffcbf43b000 	C:\WINDOWS\System32\gdi32full.dll
0x00007ffcbf530000 - 0x00007ffcbf5d3000 	C:\WINDOWS\System32\msvcp_win.dll
0x00007ffcc01d0000 - 0x00007ffcc0201000 	C:\WINDOWS\System32\IMM32.DLL
0x00007ffc78710000 - 0x00007ffc7871c000 	C:\Users\perez\.jdks\ms-17.0.18\bin\vcruntime140_1.dll
0x00007ffc65c00000 - 0x00007ffc65c89000 	C:\Users\perez\.jdks\ms-17.0.18\bin\msvcp140.dll
0x00007ffb979a0000 - 0x00007ffb9861a000 	C:\Users\perez\.jdks\ms-17.0.18\bin\server\jvm.dll
0x00007ffcc1590000 - 0x00007ffcc164b000 	C:\WINDOWS\System32\ADVAPI32.dll
0x00007ffcbfa90000 - 0x00007ffcbfb37000 	C:\WINDOWS\System32\sechost.dll
0x00007ffcbfc00000 - 0x00007ffcbfd18000 	C:\WINDOWS\System32\RPCRT4.dll
0x00007ffcbff30000 - 0x00007ffcbffa4000 	C:\WINDOWS\System32\WS2_32.dll
0x00007ffcbe380000 - 0x00007ffcbe3de000 	C:\WINDOWS\SYSTEM32\POWRPROF.dll
0x00007ffcb8970000 - 0x00007ffcb897b000 	C:\WINDOWS\SYSTEM32\VERSION.dll
0x00007ffcb8930000 - 0x00007ffcb8965000 	C:\WINDOWS\SYSTEM32\WINMM.dll
0x00007ffcbe360000 - 0x00007ffcbe374000 	C:\WINDOWS\SYSTEM32\UMPDC.dll
0x00007ffcbd2b0000 - 0x00007ffcbd2cb000 	C:\WINDOWS\SYSTEM32\kernel.appcore.dll
0x00007ffc784e0000 - 0x00007ffc784ea000 	C:\Users\perez\.jdks\ms-17.0.18\bin\jimage.dll
0x00007ffcb32c0000 - 0x00007ffcb3502000 	C:\WINDOWS\SYSTEM32\DBGHELP.DLL
0x00007ffcc1650000 - 0x00007ffcc19d2000 	C:\WINDOWS\System32\combase.dll
0x00007ffcc0210000 - 0x00007ffcc02e7000 	C:\WINDOWS\System32\OLEAUT32.dll
0x00007ffca0680000 - 0x00007ffca06bb000 	C:\WINDOWS\SYSTEM32\dbgcore.DLL
0x00007ffcbe5b0000 - 0x00007ffcbe655000 	C:\WINDOWS\System32\bcryptPrimitives.dll
0x00007ffc831e0000 - 0x00007ffc831ef000 	C:\Users\perez\.jdks\ms-17.0.18\bin\instrument.dll
0x00007ffc783d0000 - 0x00007ffc783f6000 	C:\Users\perez\.jdks\ms-17.0.18\bin\java.dll
0x00007ffc46e80000 - 0x00007ffc46f56000 	C:\Users\perez\.jdks\ms-17.0.18\bin\jsvml.dll
0x00007ffcc0cc0000 - 0x00007ffcc141f000 	C:\WINDOWS\System32\SHELL32.dll
0x00007ffcbeed0000 - 0x00007ffcbf03a000 	C:\WINDOWS\System32\wintypes.dll
0x00007ffcbe660000 - 0x00007ffcbeec4000 	C:\WINDOWS\System32\windows.storage.dll
0x00007ffcc00d0000 - 0x00007ffcc01c7000 	C:\WINDOWS\System32\SHCORE.dll
0x00007ffcc0060000 - 0x00007ffcc00c7000 	C:\WINDOWS\System32\shlwapi.dll
0x00007ffcbe440000 - 0x00007ffcbe469000 	C:\WINDOWS\SYSTEM32\profapi.dll
0x00007ffc783b0000 - 0x00007ffc783c8000 	C:\Users\perez\.jdks\ms-17.0.18\bin\zip.dll
0x00007ffc78390000 - 0x00007ffc783ab000 	C:\Users\perez\.jdks\ms-17.0.18\bin\net.dll
0x00007ffcb5ad0000 - 0x00007ffcb5bf7000 	C:\WINDOWS\SYSTEM32\WINHTTP.dll
0x00007ffcbd820000 - 0x00007ffcbd88b000 	C:\WINDOWS\system32\mswsock.dll
0x00007ffc76ac0000 - 0x00007ffc76ad6000 	C:\Users\perez\.jdks\ms-17.0.18\bin\nio.dll
0x00007ffc65e60000 - 0x00007ffc65e70000 	C:\Users\perez\.jdks\ms-17.0.18\bin\verify.dll
0x00007ffc78430000 - 0x00007ffc78457000 	C:\Users\perez\AndroidStudioProjects\MyApplication\native\1def1411415f61bf3af743bc5b6707747c0891f09f0c88961ee8f79bc544acac\windows-amd64\native-platform.dll
0x00007ffc78ed0000 - 0x00007ffc78f48000 	C:\Users\perez\AndroidStudioProjects\MyApplication\native\0.2.7\x86_64-windows-gnu\gradle-fileevents.dll
0x00007ffc65e50000 - 0x00007ffc65e5a000 	C:\Users\perez\.jdks\ms-17.0.18\bin\management.dll
0x00007ffc65e40000 - 0x00007ffc65e4c000 	C:\Users\perez\.jdks\ms-17.0.18\bin\management_ext.dll
0x00007ffcc02f0000 - 0x00007ffcc02f8000 	C:\WINDOWS\System32\PSAPI.DLL
0x00007ffcbcc80000 - 0x00007ffcbccb3000 	C:\WINDOWS\SYSTEM32\IPHLPAPI.DLL
0x00007ffcc0cb0000 - 0x00007ffcc0cba000 	C:\WINDOWS\System32\NSI.dll
0x00007ffcb8910000 - 0x00007ffcb892d000 	C:\WINDOWS\SYSTEM32\dhcpcsvc6.DLL
0x00007ffcb8840000 - 0x00007ffcb8863000 	C:\WINDOWS\SYSTEM32\dhcpcsvc.DLL
0x00007ffcbcce0000 - 0x00007ffcbce0a000 	C:\WINDOWS\SYSTEM32\DNSAPI.dll
0x00007ffc65bf0000 - 0x00007ffc65bf9000 	C:\Users\perez\.jdks\ms-17.0.18\bin\extnet.dll
0x00007ffcbdb00000 - 0x00007ffcbdb1b000 	C:\WINDOWS\SYSTEM32\CRYPTSP.dll
0x00007ffcbd210000 - 0x00007ffcbd249000 	C:\WINDOWS\system32\rsaenh.dll
0x00007ffcbd8d0000 - 0x00007ffcbd902000 	C:\WINDOWS\SYSTEM32\USERENV.dll
0x00007ffcbe410000 - 0x00007ffcbe43a000 	C:\WINDOWS\SYSTEM32\bcrypt.dll
0x00007ffcbdb20000 - 0x00007ffcbdb2c000 	C:\WINDOWS\SYSTEM32\CRYPTBASE.dll
0x00007ffc82340000 - 0x00007ffc8234e000 	C:\Users\perez\.jdks\ms-17.0.18\bin\sunmscapi.dll
0x00007ffcbf040000 - 0x00007ffcbf1b7000 	C:\WINDOWS\System32\CRYPT32.dll
0x00007ffcbdd20000 - 0x00007ffcbdd50000 	C:\WINDOWS\SYSTEM32\ncrypt.dll
0x00007ffcbdcd0000 - 0x00007ffcbdd0f000 	C:\WINDOWS\SYSTEM32\NTASN1.dll
0x00007ffc94b60000 - 0x00007ffc94b68000 	C:\WINDOWS\system32\wshunix.dll
0x00007ffc96cd0000 - 0x00007ffc96ce8000 	C:\WINDOWS\system32\napinsp.dll
0x00007ffc96cb0000 - 0x00007ffc96cc2000 	C:\WINDOWS\System32\winrnr.dll
0x00007ffc96c80000 - 0x00007ffc96ca2000 	C:\WINDOWS\system32\nlansp_c.dll
0x00007ffc96c00000 - 0x00007ffc96c16000 	C:\WINDOWS\system32\wshbth.dll
0x00007ffcb4c20000 - 0x00007ffcb4c2b000 	C:\Windows\System32\rasadhlp.dll
0x00007ffcb91b0000 - 0x00007ffcb9236000 	C:\WINDOWS\System32\fwpuclnt.dll
0x00007ffc5b610000 - 0x00007ffc5b617000 	C:\Users\perez\.jdks\ms-17.0.18\bin\rmi.dll
0x00007ffc64780000 - 0x00007ffc64869000 	C:\Users\perez\AppData\Local\Temp\sqlite-3.41.2.2-ba570168-f5f6-4f5f-8778-c4f1ba1ece3e-sqlitejdbc.dll
0x00007ffcbd3d0000 - 0x00007ffcbd406000 	C:\WINDOWS\SYSTEM32\ntmarta.dll

dbghelp: loaded successfully - version: 4.0.5 - missing functions: none
symbol engine: initialized successfully - sym options: 0x614 - pdb path: .;C:\Users\perez\.jdks\ms-17.0.18\bin;C:\WINDOWS\SYSTEM32;C:\WINDOWS\WinSxS\amd64_microsoft.windows.common-controls_6595b64144ccf1df_6.0.26100.8037_none_3e092faae333b53b;C:\Users\perez\.jdks\ms-17.0.18\bin\server;C:\Users\perez\AndroidStudioProjects\MyApplication\native\1def1411415f61bf3af743bc5b6707747c0891f09f0c88961ee8f79bc544acac\windows-amd64;C:\Users\perez\AndroidStudioProjects\MyApplication\native\0.2.7\x86_64-windows-gnu;C:\Users\perez\AppData\Local\Temp

VM Arguments:
jvm_args: --add-opens=java.base/java.lang=ALL-UNNAMED --add-opens=java.base/java.lang.invoke=ALL-UNNAMED --add-opens=java.base/java.util=ALL-UNNAMED --add-opens=java.prefs/java.util.prefs=ALL-UNNAMED --add-exports=jdk.compiler/com.sun.tools.javac.api=ALL-UNNAMED --add-exports=jdk.compiler/com.sun.tools.javac.util=ALL-UNNAMED --add-opens=java.base/java.util=ALL-UNNAMED --add-opens=java.prefs/java.util.prefs=ALL-UNNAMED --add-opens=java.base/java.nio.charset=ALL-UNNAMED --add-opens=java.base/java.net=ALL-UNNAMED --add-opens=java.base/java.util.concurrent.atomic=ALL-UNNAMED --add-opens=java.xml/javax.xml.namespace=ALL-UNNAMED -Xmx2048m -Dfile.encoding=UTF-8 -Duser.country=CO -Duser.language=es -Duser.variant -javaagent:C:\Users\perez\AndroidStudioProjects\MyApplication\wrapper\dists\gradle-8.13-bin\5xuhj0ry160q40clulazy9h7d\gradle-8.13\lib\agents\gradle-instrumentation-agent-8.13.jar 
java_command: org.gradle.launcher.daemon.bootstrap.GradleDaemon 8.13
java_class_path (initial): C:\Users\perez\AndroidStudioProjects\MyApplication\wrapper\dists\gradle-8.13-bin\5xuhj0ry160q40clulazy9h7d\gradle-8.13\lib\gradle-daemon-main-8.13.jar
Launcher Type: SUN_STANDARD

[Global flags]
     intx CICompilerCount                          = 4                                         {product} {ergonomic}
     uint ConcGCThreads                            = 2                                         {product} {ergonomic}
     uint G1ConcRefinementThreads                  = 8                                         {product} {ergonomic}
   size_t G1HeapRegionSize                         = 1048576                                   {product} {ergonomic}
    uintx GCDrainStackTargetSize                   = 64                                        {product} {ergonomic}
   size_t InitialHeapSize                          = 123731968                                 {product} {ergonomic}
   size_t MarkStackSize                            = 4194304                                   {product} {ergonomic}
   size_t MaxHeapSize                              = 2147483648                                {product} {command line}
   size_t MaxNewSize                               = 1287651328                                {product} {ergonomic}
   size_t MinHeapDeltaBytes                        = 1048576                                   {product} {ergonomic}
   size_t MinHeapSize                              = 8388608                                   {product} {ergonomic}
    uintx NonNMethodCodeHeapSize                   = 5839372                                {pd product} {ergonomic}
    uintx NonProfiledCodeHeapSize                  = 122909434                              {pd product} {ergonomic}
    uintx ProfiledCodeHeapSize                     = 122909434                              {pd product} {ergonomic}
    uintx ReservedCodeCacheSize                    = 251658240                              {pd product} {ergonomic}
     bool SegmentedCodeCache                       = true                                      {product} {ergonomic}
   size_t SoftMaxHeapSize                          = 2147483648                             {manageable} {ergonomic}
     bool UseCompressedClassPointers               = true                           {product lp64_product} {ergonomic}
     bool UseCompressedOops                        = true                           {product lp64_product} {ergonomic}
     bool UseG1GC                                  = true                                      {product} {ergonomic}
     bool UseLargePagesIndividualAllocation        = false                                  {pd product} {ergonomic}

Logging:
Log output configuration:
 #0: stdout all=warning uptime,level,tags
 #1: stderr all=off uptime,level,tags

Environment Variables:
PATH=C:\Program Files\dotnet\;C:\ORECLE\dbhomeXE\bin;C:\app\perez\product\21c\dbhomeXE\bin;C:\Program Files\Common Files\Oracle\Java\javapath;C:\Program Files (x86)\Common Files\Oracle\Java\javapath;C:\WINDOWS\system32;C:\WINDOWS;C:\WINDOWS\System32\Wbem;C:\WINDOWS\System32\WindowsPowerShell\v1.0\;C:\WINDOWS\System32\OpenSSH\;C:\Program Files\HP\HP One Agent;C:\Program Files (x86)\Microsoft SQL Server\160\Tools\Binn\;C:\Program Files\Microsoft SQL Server\160\Tools\Binn\;C:\Program Files\Microsoft SQL Server\Client SDK\ODBC\170\Tools\Binn\;C:\Program Files\Microsoft SQL Server\160\DTS\Binn\;C:\Program Files (x86)\Microsoft SQL Server\160\DTS\Binn\;C:\Program Files\Microsoft SQL Server\150\Tools\Binn\;C:\xampp\php;C:\ProgramData\ComposerSetup\bin;C:\flutter\bin;C:\Users\perez\AppData\Local\Android\Sdk\platform-tools;C:\Program Files\Git\cmd;C:\Program Files\nodejs\;C:\WINDOWS\system32;C:\WINDOWS;C:\WINDOWS\System32\Wbem;C:\WINDOWS\System32\WindowsPowerShell\v1.0\;C:\WINDOWS\System32\OpenSSH\;C:\Program Files\ngrok;C:\Program Files\cursor\resources\app\bin;C:\Users\perez\.config\herd\bin\nvm;C:\Program Files\nodejs;C:\Users\perez\.config\herd\bin;C:\Users\perez\AppData\Local\Programs\Python\Python313\Scripts\;C:\Users\perez\AppData\Local\Programs\Python\Python313\;C:\Users\perez\AppData\Local\Programs\oh-my-posh\bin\;C:\Program Files\MySQL\MySQL Shell 8.0\bin\;C:\xampp\php\php.exe;C:\Users\perez\AppData\Local\Programs\Microsoft VS Code\bin;C:\Users\perez\AppData\Roaming\Composer\vendor\bin;C:\Users\perez\AppData\Local\GitHubDesktop\bin;C:\Users\perez\.dotnet\tools;C:\Users\perez\.deno\bin;C:\Users\perez\AppData\Roaming\npm;C:\Users\perez\AppData\Local\Microsoft\WindowsApps;C:\ngrok;C:\Users\perez\AppData\Local\Programs\Antigravity\bin;C:\Users\perez\AppData\Local\Programs\Ollama
USERNAME=perez
OS=Windows_NT
PROCESSOR_IDENTIFIER=AMD64 Family 23 Model 104 Stepping 1, AuthenticAMD
TMP=C:\Users\perez\AppData\Local\Temp
TEMP=C:\Users\perez\AppData\Local\Temp



Periodic native trim disabled


---------------  S Y S T E M  ---------------

OS:
 Windows 11 , 64 bit Build 26100 (10.0.26100.7920)
OS uptime: 0 days 4:45 hours
Hyper-V role detected

CPU: total 8 (initial active 8) (8 cores per cpu, 2 threads per core) family 23 model 104 stepping 1 microcode 0x8608107, cx8, cmov, fxsr, ht, mmx, 3dnowpref, sse, sse2, sse3, ssse3, sse4a, sse4.1, sse4.2, popcnt, lzcnt, tsc, tscinvbit, avx, avx2, aes, clmul, bmi1, bmi2, adx, sha, fma, vzeroupper, clflush, clflushopt, hv
Processor Information for the first 8 processors :
  Max Mhz: 2600, Current Mhz: 2600, Mhz Limit: 2600

Memory: 4k page, system-wide physical 7502M (490M free)
TotalPageFile size 30030M (AvailPageFile size 459M)
current process WorkingSet (physical memory assigned to process): 650M, peak: 755M
current process commit charge ("private bytes"): 1092M, peak: 1593M

vm_info: OpenJDK 64-Bit Server VM (17.0.18+8-LTS) for windows-amd64 JRE (17.0.18+8-LTS), built on Jan 15 2026 18:50:45 by "MicrosoftCorporation" with MS VC++ 17.14 (VS2022)

END.
