#
# There is insufficient memory for the Java Runtime Environment to continue.
# Native memory allocation (malloc) failed to allocate 1657776 bytes for Chunk::new
# Possible reasons:
#   The system is out of physical RAM or swap space
#   The process is running with CompressedOops enabled, and the Java Heap may be blocking the growth of the native heap
# Possible solutions:
#   Reduce memory load on the system
#   Increase physical memory or swap space
#   Check if swap backing store is full
#   Decrease Java heap size (-Xmx/-Xms)
#   Decrease number of Java threads
#   Decrease Java thread stack sizes (-Xss)
#   Set larger code cache with -XX:ReservedCodeCacheSize=
#   JVM is running with Unscaled Compressed Oops mode in which the Java heap is
#     placed in the first 4GB address space. The Java Heap base address is the
#     maximum limit for the native heap growth. Please use -XX:HeapBaseMinAddress
#     to set the Java Heap base and to place the Java Heap above 4GB virtual address.
# This output file may be truncated or incomplete.
#
#  Out of Memory Error (arena.cpp:168), pid=22168, tid=8360
#
# JRE version: Java(TM) SE Runtime Environment (21.0.1+12) (build 21.0.1+12-LTS-29)
# Java VM: Java HotSpot(TM) 64-Bit Server VM (21.0.1+12-LTS-29, mixed mode, sharing, tiered, compressed oops, compressed class ptrs, g1 gc, windows-amd64)
# No core dump will be written. Minidumps are not enabled by default on client versions of Windows
#

---------------  S U M M A R Y ------------

Command Line: --add-opens=java.base/java.lang=ALL-UNNAMED --add-opens=java.base/java.lang.invoke=ALL-UNNAMED --add-opens=java.base/java.util=ALL-UNNAMED --add-opens=java.prefs/java.util.prefs=ALL-UNNAMED --add-exports=jdk.compiler/com.sun.tools.javac.api=ALL-UNNAMED --add-exports=jdk.compiler/com.sun.tools.javac.util=ALL-UNNAMED --add-opens=java.base/java.util=ALL-UNNAMED --add-opens=java.prefs/java.util.prefs=ALL-UNNAMED --add-opens=java.base/java.nio.charset=ALL-UNNAMED --add-opens=java.base/java.net=ALL-UNNAMED --add-opens=java.base/java.util.concurrent.atomic=ALL-UNNAMED --add-opens=java.xml/javax.xml.namespace=ALL-UNNAMED -Xmx2048m -Dfile.encoding=UTF-8 -Duser.country=CO -Duser.language=es -Duser.variant -javaagent:C:\Users\perez\.gradle\wrapper\dists\gradle-8.13-bin\5xuhj0ry160q40clulazy9h7d\gradle-8.13\lib\agents\gradle-instrumentation-agent-8.13.jar org.gradle.launcher.daemon.bootstrap.GradleDaemon 8.13

Host: AMD Ryzen 3 5300U with Radeon Graphics         , 8 cores, 7G,  Windows 11 , 64 bit Build 26100 (10.0.26100.7920)
Time: Tue Mar 24 11:21:34 2026 Hora est. Pacífico, Sudamérica elapsed time: 65.936581 seconds (0d 0h 1m 5s)

---------------  T H R E A D  ---------------

Current thread (0x000001dd8fd29a50):  JavaThread "C2 CompilerThread1" daemon [_thread_in_native, id=8360, stack(0x0000007093800000,0x0000007093900000) (1024K)]


Current CompileTask:
C2:  65936 16273       4       kotlin.io.FilesKt__UtilsKt::toRelativeStringOrNull$FilesKt__UtilsKt (271 bytes)

Stack: [0x0000007093800000,0x0000007093900000]
Native frames: (J=compiled Java code, j=interpreted, Vv=VM code, C=native code)
V  [jvm.dll+0x6c9029]
V  [jvm.dll+0x854b81]
V  [jvm.dll+0x856e5e]
V  [jvm.dll+0x857543]
V  [jvm.dll+0x280c06]
V  [jvm.dll+0xc3ead]
V  [jvm.dll+0xc43c3]
V  [jvm.dll+0x3b5732]
V  [jvm.dll+0x382475]
V  [jvm.dll+0x3818ea]
V  [jvm.dll+0x249ad0]
V  [jvm.dll+0x2490b1]
V  [jvm.dll+0x1c9ca1]
V  [jvm.dll+0x2586b9]
V  [jvm.dll+0x256c9a]
V  [jvm.dll+0x3ef1b6]
V  [jvm.dll+0x7fd728]
V  [jvm.dll+0x6c777d]
C  [ucrtbase.dll+0x37b0]
C  [KERNEL32.DLL+0x2e8d7]
C  [ntdll.dll+0x8c48c]


---------------  P R O C E S S  ---------------

Threads class SMR info:
_java_thread_list=0x000001dd902f3300, length=141, elements={
0x000001dd245a81d0, 0x000001dd4323bc00, 0x000001dd4323e770, 0x000001dd432448d0,
0x000001dd43245330, 0x000001dd43246a30, 0x000001dd432470a0, 0x000001dd43255f50,
0x000001dd43277e00, 0x000001dd4348cbe0, 0x000001dd43576340, 0x000001dd8972c510,
0x000001dd893f4f40, 0x000001dd89e55950, 0x000001dd89e015b0, 0x000001dd89e01c20,
0x000001dd89fab2a0, 0x000001dd89fe4fa0, 0x000001dd89ffcdf0, 0x000001dd89ffad20,
0x000001dd89ff9970, 0x000001dd89ffc0d0, 0x000001dd89ffa000, 0x000001dd89ffba40,
0x000001dd89ffc760, 0x000001dd8aeacf60, 0x000001dd8aeac240, 0x000001dd8aeac8d0,
0x000001dd8aeaf030, 0x000001dd8aeabbb0, 0x000001dd8aeb24b0, 0x000001dd8aeb2b40,
0x000001dd8aeb1e20, 0x000001dd8e420f80, 0x000001dd8e41f540, 0x000001dd8e420260,
0x000001dd8e421610, 0x000001dd8e4208f0, 0x000001dd8e41fbd0, 0x000001dd8e41e190,
0x000001dd8e421ca0, 0x000001dd8e41e820, 0x000001dd8e41eeb0, 0x000001dd8e424a90,
0x000001dd8e425120, 0x000001dd8e4257b0, 0x000001dd8e423050, 0x000001dd8e424400,
0x000001dd8e422330, 0x000001dd8e4229c0, 0x000001dd8e423d70, 0x000001dd8e4236e0,
0x000001dd8cfd6d10, 0x000001dd8cfd5960, 0x000001dd8cfd73a0, 0x000001dd8cfd8de0,
0x000001dd8cfdbbd0, 0x000001dd8cfdc260, 0x000001dd8c476d00, 0x000001dd8c479460,
0x000001dd8c477390, 0x000001dd8c47cf70, 0x000001dd8c47a810, 0x000001dd8c47c250,
0x000001dd8c47b530, 0x000001dd8c47d600, 0x000001dd8c47c8e0, 0x000001dd8c47aea0,
0x000001dd8c47dc90, 0x000001dd8e68afc0, 0x000001dd8e688860, 0x000001dd8e6881d0,
0x000001dd8e5fd1d0, 0x000001dd8e5fbe20, 0x000001dd8e5fc4b0, 0x000001dd8e5f9d50,
0x000001dd8e5ff930, 0x000001dd8e5fd860, 0x000001dd8e5fffc0, 0x000001dd8e5fdef0,
0x000001dd8e600650, 0x000001dd8e601370, 0x000001dd8e600ce0, 0x000001dd8e5fe580,
0x000001dd8e5fec10, 0x000001dd8e5ff2a0, 0x000001dd8d45be60, 0x000001dd8d45c4f0,
0x000001dd8d45b140, 0x000001dd8d45cb80, 0x000001dd8d45d8a0, 0x000001dd8d45b7d0,
0x000001dd8d45df30, 0x000001dd8d45aab0, 0x000001dd8d45f970, 0x000001dd8d460000,
0x000001dd8d460690, 0x000001dd8d45e5c0, 0x000001dd8d461a40, 0x000001dd8d460d20,
0x000001dd8d45f2e0, 0x000001dd8d4620d0, 0x000001dd8d4613b0, 0x000001dd8d45ec50,
0x000001dd8e689580, 0x000001dd8e68a2a0, 0x000001dd8e688ef0, 0x000001dd8e68a930,
0x000001dd8e689c10, 0x000001dd8e687b40, 0x000001dd8e68e440, 0x000001dd8e68ddb0,
0x000001dd8e68bce0, 0x000001dd8e68ca00, 0x000001dd8e68ead0, 0x000001dd8e68b650,
0x000001dd8e68d720, 0x000001dd8e68f160, 0x000001dd8e68c370, 0x000001dd8e68d090,
0x000001dd8e5fb790, 0x000001dd8e5faa70, 0x000001dd8e5fb100, 0x000001dd8c47a180,
0x000001dd8ecfee20, 0x000001dd8ecfa5f0, 0x000001dd8ecf8520, 0x000001dd8ecf8bb0,
0x000001dd8ecfb310, 0x000001dd8ecfac80, 0x000001dd8ce215e0, 0x000001dd8ce1e160,
0x000001dd8ce1c090, 0x000001dd8ce20f50, 0x000001dd8ce21c70, 0x000001dd8ce1ee80,
0x000001dd8ce22300, 0x000001dd8ce22990, 0x000001dd8ce23020, 0x000001dd8ce1fba0,
0x000001dd8fd29a50
}

Java Threads: ( => current thread )
  0x000001dd245a81d0 JavaThread "main"                              [_thread_blocked, id=15460, stack(0x0000007093b00000,0x0000007093c00000) (1024K)]
  0x000001dd4323bc00 JavaThread "Reference Handler"          daemon [_thread_blocked, id=16004, stack(0x0000007094300000,0x0000007094400000) (1024K)]
  0x000001dd4323e770 JavaThread "Finalizer"                  daemon [_thread_blocked, id=3252, stack(0x0000007094400000,0x0000007094500000) (1024K)]
  0x000001dd432448d0 JavaThread "Signal Dispatcher"          daemon [_thread_blocked, id=23812, stack(0x0000007094500000,0x0000007094600000) (1024K)]
  0x000001dd43245330 JavaThread "Attach Listener"            daemon [_thread_blocked, id=26132, stack(0x0000007094600000,0x0000007094700000) (1024K)]
  0x000001dd43246a30 JavaThread "Service Thread"             daemon [_thread_blocked, id=25864, stack(0x0000007094700000,0x0000007094800000) (1024K)]
  0x000001dd432470a0 JavaThread "Monitor Deflation Thread"   daemon [_thread_blocked, id=18068, stack(0x0000007094800000,0x0000007094900000) (1024K)]
  0x000001dd43255f50 JavaThread "C2 CompilerThread0"         daemon [_thread_blocked, id=26044, stack(0x0000007094900000,0x0000007094a00000) (1024K)]
  0x000001dd43277e00 JavaThread "C1 CompilerThread0"         daemon [_thread_blocked, id=23040, stack(0x0000007094a00000,0x0000007094b00000) (1024K)]
  0x000001dd4348cbe0 JavaThread "Common-Cleaner"             daemon [_thread_blocked, id=25912, stack(0x0000007094b00000,0x0000007094c00000) (1024K)]
  0x000001dd43576340 JavaThread "Notification Thread"        daemon [_thread_blocked, id=1360, stack(0x0000007094c00000,0x0000007094d00000) (1024K)]
  0x000001dd8972c510 JavaThread "Daemon health stats"               [_thread_blocked, id=20456, stack(0x0000007095400000,0x0000007095500000) (1024K)]
  0x000001dd893f4f40 JavaThread "Incoming local TCP Connector on port 57847"        [_thread_in_native, id=24104, stack(0x0000007095500000,0x0000007095600000) (1024K)]
  0x000001dd89e55950 JavaThread "Daemon periodic checks"            [_thread_blocked, id=24036, stack(0x0000007095600000,0x0000007095700000) (1024K)]
  0x000001dd89e015b0 JavaThread "Daemon"                            [_thread_blocked, id=4980, stack(0x0000007095700000,0x0000007095800000) (1024K)]
  0x000001dd89e01c20 JavaThread "Handler for socket connection from /127.0.0.1:57847 to /127.0.0.1:57848"        [_thread_in_native, id=25092, stack(0x0000007095800000,0x0000007095900000) (1024K)]
  0x000001dd89fab2a0 JavaThread "Cancel handler"                    [_thread_blocked, id=5604, stack(0x0000007094d00000,0x0000007094e00000) (1024K)]
  0x000001dd89fe4fa0 JavaThread "Daemon worker"                     [_thread_blocked, id=14060, stack(0x0000007095900000,0x0000007095a00000) (1024K)]
  0x000001dd89ffcdf0 JavaThread "Asynchronous log dispatcher for DefaultDaemonConnection: socket connection from /127.0.0.1:57847 to /127.0.0.1:57848"        [_thread_blocked, id=20428, stack(0x0000007095a00000,0x0000007095b00000) (1024K)]
  0x000001dd89ffad20 JavaThread "Stdin handler"                     [_thread_blocked, id=24068, stack(0x0000007095b00000,0x0000007095c00000) (1024K)]
  0x000001dd89ff9970 JavaThread "Daemon client event forwarder"        [_thread_blocked, id=26052, stack(0x0000007095c00000,0x0000007095d00000) (1024K)]
  0x000001dd89ffc0d0 JavaThread "Cache worker for journal cache (C:\Users\perez\.gradle\caches\journal-1)"        [_thread_blocked, id=21384, stack(0x0000007095d00000,0x0000007095e00000) (1024K)]
  0x000001dd89ffa000 JavaThread "File lock request listener"        [_thread_in_native, id=3740, stack(0x0000007095e00000,0x0000007095f00000) (1024K)]
  0x000001dd89ffba40 JavaThread "Cache worker for file hash cache (C:\Users\perez\.gradle\caches\8.13\fileHashes)"        [_thread_blocked, id=19968, stack(0x0000007095f00000,0x0000007096000000) (1024K)]
  0x000001dd89ffc760 JavaThread "Cache worker for file hash cache (C:\Users\perez\Downloads\Movil_chicamocha\MobileApp_UsoChicamocha\.gradle\8.13\fileHashes)"        [_thread_blocked, id=15340, stack(0x0000007096400000,0x0000007096500000) (1024K)]
  0x000001dd8aeacf60 JavaThread "Cache worker for Build Output Cleanup Cache (C:\Users\perez\Downloads\Movil_chicamocha\MobileApp_UsoChicamocha\.gradle\buildOutputCleanup)"        [_thread_blocked, id=2728, stack(0x0000007096500000,0x0000007096600000) (1024K)]
  0x000001dd8aeac240 JavaThread "File watcher server"        daemon [_thread_in_native, id=20104, stack(0x0000007096600000,0x0000007096700000) (1024K)]
  0x000001dd8aeac8d0 JavaThread "File watcher consumer"      daemon [_thread_blocked, id=9780, stack(0x0000007096700000,0x0000007096800000) (1024K)]
  0x000001dd8aeaf030 JavaThread "Cache worker for checksums cache (C:\Users\perez\Downloads\Movil_chicamocha\MobileApp_UsoChicamocha\.gradle\8.13\checksums)"        [_thread_blocked, id=26224, stack(0x0000007096800000,0x0000007096900000) (1024K)]
  0x000001dd8aeabbb0 JavaThread "Cache worker for file content cache (C:\Users\perez\.gradle\caches\8.13\fileContent)"        [_thread_blocked, id=15356, stack(0x0000007096900000,0x0000007096a00000) (1024K)]
  0x000001dd8aeb24b0 JavaThread "Cache worker for cache directory md-supplier (C:\Users\perez\.gradle\caches\8.13\md-supplier)"        [_thread_blocked, id=24932, stack(0x0000007096a00000,0x0000007096b00000) (1024K)]
  0x000001dd8aeb2b40 JavaThread "Cache worker for cache directory md-rule (C:\Users\perez\.gradle\caches\8.13\md-rule)"        [_thread_blocked, id=26340, stack(0x0000007096b00000,0x0000007096c00000) (1024K)]
  0x000001dd8aeb1e20 JavaThread "Unconstrained build operations"        [_thread_blocked, id=17208, stack(0x0000007096300000,0x0000007096400000) (1024K)]
  0x000001dd8e420f80 JavaThread "Unconstrained build operations Thread 2"        [_thread_blocked, id=11324, stack(0x0000007096c00000,0x0000007096d00000) (1024K)]
  0x000001dd8e41f540 JavaThread "Unconstrained build operations Thread 3"        [_thread_blocked, id=676, stack(0x0000007096d00000,0x0000007096e00000) (1024K)]
  0x000001dd8e420260 JavaThread "Unconstrained build operations Thread 4"        [_thread_blocked, id=7048, stack(0x0000007096e00000,0x0000007096f00000) (1024K)]
  0x000001dd8e421610 JavaThread "Unconstrained build operations Thread 5"        [_thread_blocked, id=3748, stack(0x0000007096f00000,0x0000007097000000) (1024K)]
  0x000001dd8e4208f0 JavaThread "Unconstrained build operations Thread 6"        [_thread_blocked, id=25060, stack(0x0000007097000000,0x0000007097100000) (1024K)]
  0x000001dd8e41fbd0 JavaThread "Unconstrained build operations Thread 7"        [_thread_blocked, id=13192, stack(0x0000007097100000,0x0000007097200000) (1024K)]
  0x000001dd8e41e190 JavaThread "Unconstrained build operations Thread 8"        [_thread_blocked, id=24396, stack(0x0000007097200000,0x0000007097300000) (1024K)]
  0x000001dd8e421ca0 JavaThread "Unconstrained build operations Thread 9"        [_thread_blocked, id=18480, stack(0x0000007097300000,0x0000007097400000) (1024K)]
  0x000001dd8e41e820 JavaThread "Unconstrained build operations Thread 10"        [_thread_blocked, id=7840, stack(0x0000007097400000,0x0000007097500000) (1024K)]
  0x000001dd8e41eeb0 JavaThread "Unconstrained build operations Thread 11"        [_thread_blocked, id=16824, stack(0x0000007097500000,0x0000007097600000) (1024K)]
  0x000001dd8e424a90 JavaThread "Unconstrained build operations Thread 12"        [_thread_blocked, id=10104, stack(0x0000007097600000,0x0000007097700000) (1024K)]
  0x000001dd8e425120 JavaThread "Unconstrained build operations Thread 13"        [_thread_blocked, id=14568, stack(0x0000007097700000,0x0000007097800000) (1024K)]
  0x000001dd8e4257b0 JavaThread "Unconstrained build operations Thread 14"        [_thread_blocked, id=13440, stack(0x0000007097800000,0x0000007097900000) (1024K)]
  0x000001dd8e423050 JavaThread "Unconstrained build operations Thread 15"        [_thread_blocked, id=24408, stack(0x0000007097900000,0x0000007097a00000) (1024K)]
  0x000001dd8e424400 JavaThread "Unconstrained build operations Thread 16"        [_thread_blocked, id=22708, stack(0x0000007097a00000,0x0000007097b00000) (1024K)]
  0x000001dd8e422330 JavaThread "Unconstrained build operations Thread 17"        [_thread_blocked, id=18276, stack(0x0000007097b00000,0x0000007097c00000) (1024K)]
  0x000001dd8e4229c0 JavaThread "Unconstrained build operations Thread 18"        [_thread_blocked, id=16160, stack(0x0000007097c00000,0x0000007097d00000) (1024K)]
  0x000001dd8e423d70 JavaThread "Unconstrained build operations Thread 19"        [_thread_blocked, id=5796, stack(0x0000007097d00000,0x0000007097e00000) (1024K)]
  0x000001dd8e4236e0 JavaThread "Unconstrained build operations Thread 20"        [_thread_blocked, id=26616, stack(0x0000007097e00000,0x0000007097f00000) (1024K)]
  0x000001dd8cfd6d10 JavaThread "Unconstrained build operations Thread 21"        [_thread_blocked, id=20252, stack(0x0000007097f00000,0x0000007098000000) (1024K)]
  0x000001dd8cfd5960 JavaThread "Memory manager"                    [_thread_blocked, id=8912, stack(0x0000007098000000,0x0000007098100000) (1024K)]
  0x000001dd8cfd73a0 JavaThread "Problems report writer"            [_thread_blocked, id=25960, stack(0x0000007098100000,0x0000007098200000) (1024K)]
  0x000001dd8cfd8de0 JavaThread "build event listener"              [_thread_blocked, id=13716, stack(0x0000007098200000,0x0000007098300000) (1024K)]
  0x000001dd8cfdbbd0 JavaThread "included builds"                   [_thread_blocked, id=25424, stack(0x0000007098300000,0x0000007098400000) (1024K)]
  0x000001dd8cfdc260 JavaThread "Execution worker"                  [_thread_blocked, id=4600, stack(0x0000007098400000,0x0000007098500000) (1024K)]
  0x000001dd8c476d00 JavaThread "Execution worker Thread 2"         [_thread_blocked, id=25696, stack(0x0000007098500000,0x0000007098600000) (1024K)]
  0x000001dd8c479460 JavaThread "Execution worker Thread 3"         [_thread_blocked, id=26592, stack(0x0000007098600000,0x0000007098700000) (1024K)]
  0x000001dd8c477390 JavaThread "Execution worker Thread 4"         [_thread_blocked, id=25660, stack(0x0000007098700000,0x0000007098800000) (1024K)]
  0x000001dd8c47cf70 JavaThread "Execution worker Thread 5"         [_thread_blocked, id=26252, stack(0x0000007098800000,0x0000007098900000) (1024K)]
  0x000001dd8c47a810 JavaThread "Execution worker Thread 6"         [_thread_blocked, id=6564, stack(0x0000007098900000,0x0000007098a00000) (1024K)]
  0x000001dd8c47c250 JavaThread "Execution worker Thread 7"         [_thread_blocked, id=19776, stack(0x0000007098a00000,0x0000007098b00000) (1024K)]
  0x000001dd8c47b530 JavaThread "Cache worker for execution history cache (C:\Users\perez\Downloads\Movil_chicamocha\MobileApp_UsoChicamocha\.gradle\8.13\executionHistory)"        [_thread_blocked, id=20956, stack(0x0000007098b00000,0x0000007098c00000) (1024K)]
  0x000001dd8c47d600 JavaThread "Unconstrained build operations Thread 22"        [_thread_blocked, id=17908, stack(0x0000007098c00000,0x0000007098d00000) (1024K)]
  0x000001dd8c47c8e0 JavaThread "Unconstrained build operations Thread 23"        [_thread_blocked, id=13352, stack(0x0000007098d00000,0x0000007098e00000) (1024K)]
  0x000001dd8c47aea0 JavaThread "Unconstrained build operations Thread 24"        [_thread_blocked, id=18868, stack(0x0000007098e00000,0x0000007098f00000) (1024K)]
  0x000001dd8c47dc90 JavaThread "Unconstrained build operations Thread 25"        [_thread_blocked, id=24480, stack(0x0000007098f00000,0x0000007099000000) (1024K)]
  0x000001dd8e68afc0 JavaThread "Unconstrained build operations Thread 26"        [_thread_blocked, id=1308, stack(0x0000007099000000,0x0000007099100000) (1024K)]
  0x000001dd8e688860 JavaThread "Unconstrained build operations Thread 27"        [_thread_blocked, id=26128, stack(0x0000007099100000,0x0000007099200000) (1024K)]
  0x000001dd8e6881d0 JavaThread "Unconstrained build operations Thread 28"        [_thread_blocked, id=1004, stack(0x0000007099200000,0x0000007099300000) (1024K)]
  0x000001dd8e5fd1d0 JavaThread "Unconstrained build operations Thread 29"        [_thread_blocked, id=26308, stack(0x0000007099300000,0x0000007099400000) (1024K)]
  0x000001dd8e5fbe20 JavaThread "Unconstrained build operations Thread 30"        [_thread_blocked, id=25764, stack(0x0000007099400000,0x0000007099500000) (1024K)]
  0x000001dd8e5fc4b0 JavaThread "Unconstrained build operations Thread 31"        [_thread_blocked, id=25812, stack(0x0000007099500000,0x0000007099600000) (1024K)]
  0x000001dd8e5f9d50 JavaThread "Unconstrained build operations Thread 32"        [_thread_blocked, id=9608, stack(0x0000007099600000,0x0000007099700000) (1024K)]
  0x000001dd8e5ff930 JavaThread "Unconstrained build operations Thread 33"        [_thread_blocked, id=25860, stack(0x0000007099700000,0x0000007099800000) (1024K)]
  0x000001dd8e5fd860 JavaThread "Unconstrained build operations Thread 34"        [_thread_blocked, id=21668, stack(0x0000007099800000,0x0000007099900000) (1024K)]
  0x000001dd8e5fffc0 JavaThread "Unconstrained build operations Thread 35"        [_thread_blocked, id=16964, stack(0x0000007099900000,0x0000007099a00000) (1024K)]
  0x000001dd8e5fdef0 JavaThread "Unconstrained build operations Thread 36"        [_thread_blocked, id=24724, stack(0x0000007099a00000,0x0000007099b00000) (1024K)]
  0x000001dd8e600650 JavaThread "Unconstrained build operations Thread 37"        [_thread_blocked, id=24460, stack(0x0000007099b00000,0x0000007099c00000) (1024K)]
  0x000001dd8e601370 JavaThread "Unconstrained build operations Thread 38"        [_thread_blocked, id=20412, stack(0x0000007099c00000,0x0000007099d00000) (1024K)]
  0x000001dd8e600ce0 JavaThread "Unconstrained build operations Thread 39"        [_thread_blocked, id=21536, stack(0x0000007099d00000,0x0000007099e00000) (1024K)]
  0x000001dd8e5fe580 JavaThread "Unconstrained build operations Thread 40"        [_thread_blocked, id=24164, stack(0x0000007099e00000,0x0000007099f00000) (1024K)]
  0x000001dd8e5fec10 JavaThread "Unconstrained build operations Thread 41"        [_thread_blocked, id=22740, stack(0x0000007099f00000,0x000000709a000000) (1024K)]
  0x000001dd8e5ff2a0 JavaThread "Unconstrained build operations Thread 42"        [_thread_blocked, id=2128, stack(0x000000709a000000,0x000000709a100000) (1024K)]
  0x000001dd8d45be60 JavaThread "Unconstrained build operations Thread 43"        [_thread_blocked, id=19988, stack(0x000000709a100000,0x000000709a200000) (1024K)]
  0x000001dd8d45c4f0 JavaThread "Unconstrained build operations Thread 44"        [_thread_blocked, id=26000, stack(0x000000709a200000,0x000000709a300000) (1024K)]
  0x000001dd8d45b140 JavaThread "Unconstrained build operations Thread 45"        [_thread_blocked, id=10124, stack(0x000000709a300000,0x000000709a400000) (1024K)]
  0x000001dd8d45cb80 JavaThread "Unconstrained build operations Thread 46"        [_thread_blocked, id=23544, stack(0x000000709a400000,0x000000709a500000) (1024K)]
  0x000001dd8d45d8a0 JavaThread "Unconstrained build operations Thread 47"        [_thread_blocked, id=25688, stack(0x000000709a500000,0x000000709a600000) (1024K)]
  0x000001dd8d45b7d0 JavaThread "Unconstrained build operations Thread 48"        [_thread_blocked, id=21380, stack(0x000000709a600000,0x000000709a700000) (1024K)]
  0x000001dd8d45df30 JavaThread "Unconstrained build operations Thread 49"        [_thread_blocked, id=23868, stack(0x000000709a700000,0x000000709a800000) (1024K)]
  0x000001dd8d45aab0 JavaThread "Unconstrained build operations Thread 50"        [_thread_blocked, id=24176, stack(0x000000709a800000,0x000000709a900000) (1024K)]
  0x000001dd8d45f970 JavaThread "Unconstrained build operations Thread 51"        [_thread_blocked, id=26304, stack(0x000000709a900000,0x000000709aa00000) (1024K)]
  0x000001dd8d460000 JavaThread "Unconstrained build operations Thread 52"        [_thread_in_native, id=15808, stack(0x000000709aa00000,0x000000709ab00000) (1024K)]
  0x000001dd8d460690 JavaThread "Unconstrained build operations Thread 53"        [_thread_blocked, id=26212, stack(0x000000709ab00000,0x000000709ac00000) (1024K)]
  0x000001dd8d45e5c0 JavaThread "Unconstrained build operations Thread 54"        [_thread_blocked, id=26364, stack(0x000000709ac00000,0x000000709ad00000) (1024K)]
  0x000001dd8d461a40 JavaThread "Unconstrained build operations Thread 55"        [_thread_blocked, id=24248, stack(0x000000709ad00000,0x000000709ae00000) (1024K)]
  0x000001dd8d460d20 JavaThread "Unconstrained build operations Thread 56"        [_thread_blocked, id=23580, stack(0x000000709ae00000,0x000000709af00000) (1024K)]
  0x000001dd8d45f2e0 JavaThread "Unconstrained build operations Thread 57"        [_thread_blocked, id=22276, stack(0x000000709af00000,0x000000709b000000) (1024K)]
  0x000001dd8d4620d0 JavaThread "Unconstrained build operations Thread 58"        [_thread_blocked, id=25628, stack(0x000000709b000000,0x000000709b100000) (1024K)]
  0x000001dd8d4613b0 JavaThread "Unconstrained build operations Thread 59"        [_thread_blocked, id=26316, stack(0x000000709b100000,0x000000709b200000) (1024K)]
  0x000001dd8d45ec50 JavaThread "Unconstrained build operations Thread 60"        [_thread_blocked, id=1964, stack(0x000000709b200000,0x000000709b300000) (1024K)]
  0x000001dd8e689580 JavaThread "Unconstrained build operations Thread 61"        [_thread_blocked, id=20012, stack(0x000000709b300000,0x000000709b400000) (1024K)]
  0x000001dd8e68a2a0 JavaThread "Unconstrained build operations Thread 62"        [_thread_blocked, id=25876, stack(0x000000709b400000,0x000000709b500000) (1024K)]
  0x000001dd8e688ef0 JavaThread "Unconstrained build operations Thread 63"        [_thread_blocked, id=14256, stack(0x000000709b500000,0x000000709b600000) (1024K)]
  0x000001dd8e68a930 JavaThread "Unconstrained build operations Thread 64"        [_thread_blocked, id=26492, stack(0x000000709b600000,0x000000709b700000) (1024K)]
  0x000001dd8e689c10 JavaThread "Unconstrained build operations Thread 65"        [_thread_blocked, id=26424, stack(0x000000709b700000,0x000000709b800000) (1024K)]
  0x000001dd8e687b40 JavaThread "Unconstrained build operations Thread 66"        [_thread_blocked, id=16572, stack(0x0000007096000000,0x0000007096100000) (1024K)]
  0x000001dd8e68e440 JavaThread "Unconstrained build operations Thread 67"        [_thread_blocked, id=20232, stack(0x000000709b800000,0x000000709b900000) (1024K)]
  0x000001dd8e68ddb0 JavaThread "Unconstrained build operations Thread 68"        [_thread_blocked, id=24288, stack(0x000000709b900000,0x000000709ba00000) (1024K)]
  0x000001dd8e68bce0 JavaThread "Unconstrained build operations Thread 69"        [_thread_blocked, id=22696, stack(0x000000709ba00000,0x000000709bb00000) (1024K)]
  0x000001dd8e68ca00 JavaThread "Unconstrained build operations Thread 70"        [_thread_blocked, id=26012, stack(0x000000709bb00000,0x000000709bc00000) (1024K)]
  0x000001dd8e68ead0 JavaThread "Unconstrained build operations Thread 71"        [_thread_blocked, id=25400, stack(0x000000709bc00000,0x000000709bd00000) (1024K)]
  0x000001dd8e68b650 JavaThread "Unconstrained build operations Thread 72"        [_thread_blocked, id=9392, stack(0x000000709bd00000,0x000000709be00000) (1024K)]
  0x000001dd8e68d720 JavaThread "Unconstrained build operations Thread 73"        [_thread_blocked, id=12564, stack(0x000000709bf00000,0x000000709c000000) (1024K)]
  0x000001dd8e68f160 JavaThread "Unconstrained build operations Thread 74"        [_thread_blocked, id=24080, stack(0x000000709c000000,0x000000709c100000) (1024K)]
  0x000001dd8e68c370 JavaThread "Unconstrained build operations Thread 75"        [_thread_blocked, id=19616, stack(0x000000709c100000,0x000000709c200000) (1024K)]
  0x000001dd8e68d090 JavaThread "Unconstrained build operations Thread 76"        [_thread_blocked, id=11072, stack(0x000000709c200000,0x000000709c300000) (1024K)]
  0x000001dd8e5fb790 JavaThread "Unconstrained build operations Thread 77"        [_thread_blocked, id=15304, stack(0x000000709c300000,0x000000709c400000) (1024K)]
  0x000001dd8e5faa70 JavaThread "Unconstrained build operations Thread 78"        [_thread_blocked, id=6476, stack(0x000000709c400000,0x000000709c500000) (1024K)]
  0x000001dd8e5fb100 JavaThread "Unconstrained build operations Thread 79"        [_thread_blocked, id=14664, stack(0x000000709c500000,0x000000709c600000) (1024K)]
  0x000001dd8c47a180 JavaThread "Unconstrained build operations Thread 80"        [_thread_blocked, id=24500, stack(0x000000709c600000,0x000000709c700000) (1024K)]
  0x000001dd8ecfee20 JavaThread "WorkerExecutor Queue"              [_thread_blocked, id=26460, stack(0x000000709c700000,0x000000709c800000) (1024K)]
  0x000001dd8ecfa5f0 JavaThread "RMI Scheduler(0)"           daemon [_thread_blocked, id=24020, stack(0x000000709be00000,0x000000709bf00000) (1024K)]
  0x000001dd8ecf8520 JavaThread "RMI GC Daemon"              daemon [_thread_blocked, id=25032, stack(0x000000709c900000,0x000000709ca00000) (1024K)]
  0x000001dd8ecf8bb0 JavaThread "RMI TCP Accept-0"           daemon [_thread_in_native, id=16672, stack(0x000000709ca00000,0x000000709cb00000) (1024K)]
  0x000001dd8ecfb310 JavaThread "RMI Reaper"                        [_thread_blocked, id=25340, stack(0x000000709cb00000,0x000000709cc00000) (1024K)]
  0x000001dd8ecfac80 JavaThread "RMI TCP Connection(3)-127.0.0.1" daemon [_thread_in_native, id=11540, stack(0x000000709cd00000,0x000000709ce00000) (1024K)]
  0x000001dd8ce215e0 JavaThread "WorkerExecutor Queue Thread 2"        [_thread_blocked, id=26276, stack(0x000000709ce00000,0x000000709cf00000) (1024K)]
  0x000001dd8ce1e160 JavaThread "RMI TCP Connection(2)-127.0.0.1" daemon [_thread_in_native, id=16808, stack(0x000000709d000000,0x000000709d100000) (1024K)]
  0x000001dd8ce1c090 JavaThread "Cache worker for Java compile cache (C:\Users\perez\.gradle\caches\8.13\javaCompile)"        [_thread_blocked, id=5420, stack(0x0000007093900000,0x0000007093a00000) (1024K)]
  0x000001dd8ce20f50 JavaThread "Build operations"                  [_thread_blocked, id=13360, stack(0x0000007093a00000,0x0000007093b00000) (1024K)]
  0x000001dd8ce21c70 JavaThread "Build operations Thread 2"         [_thread_blocked, id=25956, stack(0x000000709cf00000,0x000000709d000000) (1024K)]
  0x000001dd8ce1ee80 JavaThread "Build operations Thread 3"         [_thread_blocked, id=12872, stack(0x000000709d100000,0x000000709d200000) (1024K)]
  0x000001dd8ce22300 JavaThread "Build operations Thread 4"         [_thread_blocked, id=8480, stack(0x000000709d200000,0x000000709d300000) (1024K)]
  0x000001dd8ce22990 JavaThread "Build operations Thread 5"         [_thread_blocked, id=22720, stack(0x000000709d300000,0x000000709d400000) (1024K)]
  0x000001dd8ce23020 JavaThread "Build operations Thread 6"         [_thread_blocked, id=26612, stack(0x000000709d400000,0x000000709d500000) (1024K)]
  0x000001dd8ce1fba0 JavaThread "Build operations Thread 7"         [_thread_blocked, id=24780, stack(0x000000709d500000,0x000000709d600000) (1024K)]
=>0x000001dd8fd29a50 JavaThread "C2 CompilerThread1"         daemon [_thread_in_native, id=8360, stack(0x0000007093800000,0x0000007093900000) (1024K)]
Total: 141

Other Threads:
  0x000001dd432185f0 VMThread "VM Thread"                           [id=18648, stack(0x0000007094200000,0x0000007094300000) (1024K)]
  0x000001dd431ff910 WatcherThread "VM Periodic Task Thread"        [id=6108, stack(0x0000007094100000,0x0000007094200000) (1024K)]
  0x000001dd268c5430 WorkerThread "GC Thread#0"                     [id=26116, stack(0x0000007093c00000,0x0000007093d00000) (1024K)]
  0x000001dd43217770 WorkerThread "GC Thread#1"                     [id=24032, stack(0x0000007094e00000,0x0000007094f00000) (1024K)]
  0x000001dd43218250 WorkerThread "GC Thread#2"                     [id=4492, stack(0x0000007094f00000,0x0000007095000000) (1024K)]
  0x000001dd432173d0 WorkerThread "GC Thread#3"                     [id=14112, stack(0x0000007095000000,0x0000007095100000) (1024K)]
  0x000001dd43217b10 WorkerThread "GC Thread#4"                     [id=24916, stack(0x0000007095100000,0x0000007095200000) (1024K)]
  0x000001dd43217eb0 WorkerThread "GC Thread#5"                     [id=16040, stack(0x0000007095200000,0x0000007095300000) (1024K)]
  0x000001dd89f1c7a0 WorkerThread "GC Thread#6"                     [id=23736, stack(0x0000007095300000,0x0000007095400000) (1024K)]
  0x000001dd89f1f6c0 WorkerThread "GC Thread#7"                     [id=26444, stack(0x0000007096100000,0x0000007096200000) (1024K)]
  0x000001dd268d8340 ConcurrentGCThread "G1 Main Marker"            [id=18972, stack(0x0000007093d00000,0x0000007093e00000) (1024K)]
  0x000001dd268d8eb0 WorkerThread "G1 Conc#0"                       [id=13160, stack(0x0000007093e00000,0x0000007093f00000) (1024K)]
  0x000001dd89f1c060 WorkerThread "G1 Conc#1"                       [id=7156, stack(0x0000007096200000,0x0000007096300000) (1024K)]
  0x000001dd2692de40 ConcurrentGCThread "G1 Refine#0"               [id=22624, stack(0x0000007093f00000,0x0000007094000000) (1024K)]
  0x000001dd2692e8c0 ConcurrentGCThread "G1 Service"                [id=19104, stack(0x0000007094000000,0x0000007094100000) (1024K)]
Total: 15

Threads with active compile tasks:
C2 CompilerThread1    66112 16273       4       kotlin.io.FilesKt__UtilsKt::toRelativeStringOrNull$FilesKt__UtilsKt (271 bytes)
Total: 1

VM state: not at safepoint (normal execution)

VM Mutex/Monitor currently owned by a thread: None

Heap address: 0x0000000080000000, size: 2048 MB, Compressed Oops mode: 32-bit

CDS archive(s) mapped at: [0x000001dd44000000-0x000001dd44c90000-0x000001dd44c90000), size 13172736, SharedBaseAddress: 0x000001dd44000000, ArchiveRelocationMode: 1.
Compressed class space mapped at: 0x000001dd45000000-0x000001dd85000000, reserved size: 1073741824
Narrow klass base: 0x000001dd44000000, Narrow klass shift: 0, Narrow klass range: 0x100000000

GC Precious Log:
 CardTable entry size: 512
 Card Set container configuration: InlinePtr #cards 5 size 8 Array Of Cards #cards 12 size 40 Howl #buckets 4 coarsen threshold 1843 Howl Bitmap #cards 512 size 80 coarsen threshold 460 Card regions per heap region 1 cards per card region 2048
 CPUs: 8 total, 8 available
 Memory: 7502M
 Large Page Support: Disabled
 NUMA Support: Disabled
 Compressed Oops: Enabled (32-bit)
 Heap Region Size: 1M
 Heap Min Capacity: 8M
 Heap Initial Capacity: 118M
 Heap Max Capacity: 2G
 Pre-touch: Disabled
 Parallel Workers: 8
 Concurrent Workers: 2
 Concurrent Refinement Workers: 8
 Periodic GC: Disabled

Heap:
 garbage-first heap   total 291840K, used 157987K [0x0000000080000000, 0x0000000100000000)
  region size 1024K, 7 young (7168K), 4 survivors (4096K)
 Metaspace       used 108438K, committed 110848K, reserved 1179648K
  class space    used 15133K, committed 16320K, reserved 1048576K

Heap Regions: E=young(eden), S=young(survivor), O=old, HS=humongous(starts), HC=humongous(continues), CS=collection set, F=free, TAMS=top-at-mark-start, PB=parsable bottom
|   0|0x0000000080000000, 0x0000000080100000, 0x0000000080100000|100%|HS|  |TAMS 0x0000000080000000| PB 0x0000000080000000| Complete 
|   1|0x0000000080100000, 0x0000000080200000, 0x0000000080200000|100%|HC|  |TAMS 0x0000000080100000| PB 0x0000000080100000| Complete 
|   2|0x0000000080200000, 0x0000000080300000, 0x0000000080300000|100%|HC|  |TAMS 0x0000000080200000| PB 0x0000000080200000| Complete 
|   3|0x0000000080300000, 0x0000000080400000, 0x0000000080400000|100%| O|  |TAMS 0x0000000080300000| PB 0x0000000080300000| Untracked 
|   4|0x0000000080400000, 0x0000000080500000, 0x0000000080500000|100%| O|  |TAMS 0x0000000080400000| PB 0x0000000080400000| Untracked 
|   5|0x0000000080500000, 0x0000000080600000, 0x0000000080600000|100%| O|  |TAMS 0x0000000080500000| PB 0x0000000080500000| Untracked 
|   6|0x0000000080600000, 0x0000000080700000, 0x0000000080700000|100%|HS|  |TAMS 0x0000000080600000| PB 0x0000000080600000| Complete 
|   7|0x0000000080700000, 0x0000000080800000, 0x0000000080800000|100%| O|  |TAMS 0x0000000080700000| PB 0x0000000080700000| Untracked 
|   8|0x0000000080800000, 0x0000000080900000, 0x0000000080900000|100%| O|  |TAMS 0x0000000080800000| PB 0x0000000080800000| Untracked 
|   9|0x0000000080900000, 0x0000000080a00000, 0x0000000080a00000|100%| O|  |TAMS 0x0000000080900000| PB 0x0000000080900000| Untracked 
|  10|0x0000000080a00000, 0x0000000080b00000, 0x0000000080b00000|100%| O|  |TAMS 0x0000000080a00000| PB 0x0000000080a00000| Untracked 
|  11|0x0000000080b00000, 0x0000000080c00000, 0x0000000080c00000|100%| O|  |TAMS 0x0000000080b00000| PB 0x0000000080b00000| Untracked 
|  12|0x0000000080c00000, 0x0000000080d00000, 0x0000000080d00000|100%| O|  |TAMS 0x0000000080c00000| PB 0x0000000080c00000| Untracked 
|  13|0x0000000080d00000, 0x0000000080e00000, 0x0000000080e00000|100%| O|  |TAMS 0x0000000080d00000| PB 0x0000000080d00000| Untracked 
|  14|0x0000000080e00000, 0x0000000080f00000, 0x0000000080f00000|100%| O|  |TAMS 0x0000000080e00000| PB 0x0000000080e00000| Untracked 
|  15|0x0000000080f00000, 0x0000000081000000, 0x0000000081000000|100%| O|  |TAMS 0x0000000080f00000| PB 0x0000000080f00000| Untracked 
|  16|0x0000000081000000, 0x0000000081100000, 0x0000000081100000|100%| O|  |TAMS 0x0000000081000000| PB 0x0000000081000000| Untracked 
|  17|0x0000000081100000, 0x0000000081200000, 0x0000000081200000|100%| O|  |TAMS 0x0000000081100000| PB 0x0000000081100000| Untracked 
|  18|0x0000000081200000, 0x0000000081300000, 0x0000000081300000|100%| O|  |TAMS 0x0000000081200000| PB 0x0000000081200000| Untracked 
|  19|0x0000000081300000, 0x0000000081400000, 0x0000000081400000|100%| O|  |TAMS 0x0000000081300000| PB 0x0000000081300000| Untracked 
|  20|0x0000000081400000, 0x0000000081500000, 0x0000000081500000|100%| O|  |TAMS 0x0000000081400000| PB 0x0000000081400000| Untracked 
|  21|0x0000000081500000, 0x0000000081600000, 0x0000000081600000|100%| O|  |TAMS 0x0000000081500000| PB 0x0000000081500000| Untracked 
|  22|0x0000000081600000, 0x0000000081700000, 0x0000000081700000|100%| O|  |TAMS 0x0000000081600000| PB 0x0000000081600000| Untracked 
|  23|0x0000000081700000, 0x0000000081800000, 0x0000000081800000|100%| O|  |TAMS 0x0000000081700000| PB 0x0000000081700000| Untracked 
|  24|0x0000000081800000, 0x0000000081900000, 0x0000000081900000|100%| O|  |TAMS 0x0000000081800000| PB 0x0000000081800000| Untracked 
|  25|0x0000000081900000, 0x0000000081a00000, 0x0000000081a00000|100%| O|  |TAMS 0x0000000081900000| PB 0x0000000081900000| Untracked 
|  26|0x0000000081a00000, 0x0000000081b00000, 0x0000000081b00000|100%| O|  |TAMS 0x0000000081a00000| PB 0x0000000081a00000| Untracked 
|  27|0x0000000081b00000, 0x0000000081c00000, 0x0000000081c00000|100%| O|  |TAMS 0x0000000081b00000| PB 0x0000000081b00000| Untracked 
|  28|0x0000000081c00000, 0x0000000081d00000, 0x0000000081d00000|100%| O|  |TAMS 0x0000000081c00000| PB 0x0000000081c00000| Untracked 
|  29|0x0000000081d00000, 0x0000000081e00000, 0x0000000081e00000|100%| O|  |TAMS 0x0000000081d00000| PB 0x0000000081d00000| Untracked 
|  30|0x0000000081e00000, 0x0000000081f00000, 0x0000000081f00000|100%| O|  |TAMS 0x0000000081e00000| PB 0x0000000081e00000| Untracked 
|  31|0x0000000081f00000, 0x0000000082000000, 0x0000000082000000|100%| O|  |TAMS 0x0000000081f00000| PB 0x0000000081f00000| Untracked 
|  32|0x0000000082000000, 0x0000000082100000, 0x0000000082100000|100%| O|  |TAMS 0x0000000082000000| PB 0x0000000082000000| Untracked 
|  33|0x0000000082100000, 0x0000000082200000, 0x0000000082200000|100%| O|  |TAMS 0x0000000082100000| PB 0x0000000082100000| Untracked 
|  34|0x0000000082200000, 0x0000000082300000, 0x0000000082300000|100%| O|  |TAMS 0x0000000082200000| PB 0x0000000082200000| Untracked 
|  35|0x0000000082300000, 0x0000000082400000, 0x0000000082400000|100%| O|  |TAMS 0x0000000082300000| PB 0x0000000082300000| Untracked 
|  36|0x0000000082400000, 0x0000000082500000, 0x0000000082500000|100%| O|  |TAMS 0x0000000082400000| PB 0x0000000082400000| Untracked 
|  37|0x0000000082500000, 0x0000000082600000, 0x0000000082600000|100%| O|  |TAMS 0x0000000082500000| PB 0x0000000082500000| Untracked 
|  38|0x0000000082600000, 0x0000000082700000, 0x0000000082700000|100%| O|  |TAMS 0x0000000082600000| PB 0x0000000082600000| Untracked 
|  39|0x0000000082700000, 0x0000000082800000, 0x0000000082800000|100%| O|  |TAMS 0x0000000082700000| PB 0x0000000082700000| Untracked 
|  40|0x0000000082800000, 0x0000000082900000, 0x0000000082900000|100%| O|  |TAMS 0x0000000082800000| PB 0x0000000082800000| Untracked 
|  41|0x0000000082900000, 0x0000000082a00000, 0x0000000082a00000|100%| O|  |TAMS 0x0000000082900000| PB 0x0000000082900000| Untracked 
|  42|0x0000000082a00000, 0x0000000082b00000, 0x0000000082b00000|100%| O|  |TAMS 0x0000000082a00000| PB 0x0000000082a00000| Untracked 
|  43|0x0000000082b00000, 0x0000000082c00000, 0x0000000082c00000|100%| O|  |TAMS 0x0000000082b00000| PB 0x0000000082b00000| Untracked 
|  44|0x0000000082c00000, 0x0000000082d00000, 0x0000000082d00000|100%| O|  |TAMS 0x0000000082c00000| PB 0x0000000082c00000| Untracked 
|  45|0x0000000082d00000, 0x0000000082e00000, 0x0000000082e00000|100%| O|  |TAMS 0x0000000082d00000| PB 0x0000000082d00000| Untracked 
|  46|0x0000000082e00000, 0x0000000082f00000, 0x0000000082f00000|100%| O|  |TAMS 0x0000000082e00000| PB 0x0000000082e00000| Untracked 
|  47|0x0000000082f00000, 0x0000000083000000, 0x0000000083000000|100%|HS|  |TAMS 0x0000000082f00000| PB 0x0000000082f00000| Complete 
|  48|0x0000000083000000, 0x0000000083100000, 0x0000000083100000|100%|HS|  |TAMS 0x0000000083000000| PB 0x0000000083000000| Complete 
|  49|0x0000000083100000, 0x0000000083200000, 0x0000000083200000|100%|HS|  |TAMS 0x0000000083100000| PB 0x0000000083100000| Complete 
|  50|0x0000000083200000, 0x0000000083300000, 0x0000000083300000|100%|HC|  |TAMS 0x0000000083200000| PB 0x0000000083200000| Complete 
|  51|0x0000000083300000, 0x0000000083400000, 0x0000000083400000|100%|HS|  |TAMS 0x0000000083300000| PB 0x0000000083300000| Complete 
|  52|0x0000000083400000, 0x0000000083500000, 0x0000000083500000|100%|HC|  |TAMS 0x0000000083400000| PB 0x0000000083400000| Complete 
|  53|0x0000000083500000, 0x0000000083600000, 0x0000000083600000|100%|HS|  |TAMS 0x0000000083500000| PB 0x0000000083500000| Complete 
|  54|0x0000000083600000, 0x0000000083700000, 0x0000000083700000|100%|HS|  |TAMS 0x0000000083600000| PB 0x0000000083600000| Complete 
|  55|0x0000000083700000, 0x0000000083800000, 0x0000000083800000|100%|HC|  |TAMS 0x0000000083700000| PB 0x0000000083700000| Complete 
|  56|0x0000000083800000, 0x0000000083900000, 0x0000000083900000|100%|HC|  |TAMS 0x0000000083800000| PB 0x0000000083800000| Complete 
|  57|0x0000000083900000, 0x0000000083a00000, 0x0000000083a00000|100%|HS|  |TAMS 0x0000000083900000| PB 0x0000000083900000| Complete 
|  58|0x0000000083a00000, 0x0000000083b00000, 0x0000000083b00000|100%| O|  |TAMS 0x0000000083a00000| PB 0x0000000083a00000| Untracked 
|  59|0x0000000083b00000, 0x0000000083c00000, 0x0000000083c00000|100%|HS|  |TAMS 0x0000000083b00000| PB 0x0000000083b00000| Complete 
|  60|0x0000000083c00000, 0x0000000083d00000, 0x0000000083d00000|100%|HS|  |TAMS 0x0000000083c00000| PB 0x0000000083c00000| Complete 
|  61|0x0000000083d00000, 0x0000000083e00000, 0x0000000083e00000|100%| O|  |TAMS 0x0000000083d00000| PB 0x0000000083d00000| Untracked 
|  62|0x0000000083e00000, 0x0000000083f00000, 0x0000000083f00000|100%| O|  |TAMS 0x0000000083e00000| PB 0x0000000083e00000| Untracked 
|  63|0x0000000083f00000, 0x0000000084000000, 0x0000000084000000|100%| O|  |TAMS 0x0000000083f00000| PB 0x0000000083f00000| Untracked 
|  64|0x0000000084000000, 0x0000000084100000, 0x0000000084100000|100%| O|  |TAMS 0x0000000084000000| PB 0x0000000084000000| Untracked 
|  65|0x0000000084100000, 0x0000000084200000, 0x0000000084200000|100%| O|  |TAMS 0x0000000084100000| PB 0x0000000084100000| Untracked 
|  66|0x0000000084200000, 0x0000000084300000, 0x0000000084300000|100%| O|  |TAMS 0x0000000084200000| PB 0x0000000084200000| Untracked 
|  67|0x0000000084300000, 0x0000000084400000, 0x0000000084400000|100%| O|  |TAMS 0x0000000084300000| PB 0x0000000084300000| Untracked 
|  68|0x0000000084400000, 0x0000000084500000, 0x0000000084500000|100%| O|  |TAMS 0x0000000084400000| PB 0x0000000084400000| Untracked 
|  69|0x0000000084500000, 0x0000000084600000, 0x0000000084600000|100%|HS|  |TAMS 0x0000000084500000| PB 0x0000000084500000| Complete 
|  70|0x0000000084600000, 0x0000000084700000, 0x0000000084700000|100%| O|  |TAMS 0x0000000084600000| PB 0x0000000084600000| Untracked 
|  71|0x0000000084700000, 0x0000000084800000, 0x0000000084800000|100%| O|  |TAMS 0x0000000084700000| PB 0x0000000084700000| Untracked 
|  72|0x0000000084800000, 0x0000000084900000, 0x0000000084900000|100%| O|  |TAMS 0x0000000084800000| PB 0x0000000084800000| Untracked 
|  73|0x0000000084900000, 0x0000000084a00000, 0x0000000084a00000|100%| O|  |TAMS 0x0000000084900000| PB 0x0000000084900000| Untracked 
|  74|0x0000000084a00000, 0x0000000084b00000, 0x0000000084b00000|100%|HS|  |TAMS 0x0000000084a00000| PB 0x0000000084a00000| Complete 
|  75|0x0000000084b00000, 0x0000000084c00000, 0x0000000084c00000|100%|HC|  |TAMS 0x0000000084b00000| PB 0x0000000084b00000| Complete 
|  76|0x0000000084c00000, 0x0000000084d00000, 0x0000000084d00000|100%|HC|  |TAMS 0x0000000084c00000| PB 0x0000000084c00000| Complete 
|  77|0x0000000084d00000, 0x0000000084e00000, 0x0000000084e00000|100%| O|  |TAMS 0x0000000084d00000| PB 0x0000000084d00000| Untracked 
|  78|0x0000000084e00000, 0x0000000084f00000, 0x0000000084f00000|100%| O|  |TAMS 0x0000000084e00000| PB 0x0000000084e00000| Untracked 
|  79|0x0000000084f00000, 0x0000000085000000, 0x0000000085000000|100%| O|  |TAMS 0x0000000084f00000| PB 0x0000000084f00000| Untracked 
|  80|0x0000000085000000, 0x0000000085100000, 0x0000000085100000|100%| O|  |TAMS 0x0000000085000000| PB 0x0000000085000000| Untracked 
|  81|0x0000000085100000, 0x0000000085200000, 0x0000000085200000|100%| O|  |TAMS 0x0000000085100000| PB 0x0000000085100000| Untracked 
|  82|0x0000000085200000, 0x0000000085300000, 0x0000000085300000|100%| O|  |TAMS 0x0000000085200000| PB 0x0000000085200000| Untracked 
|  83|0x0000000085300000, 0x0000000085400000, 0x0000000085400000|100%| O|  |TAMS 0x0000000085300000| PB 0x0000000085300000| Untracked 
|  84|0x0000000085400000, 0x0000000085500000, 0x0000000085500000|100%| O|  |TAMS 0x0000000085400000| PB 0x0000000085400000| Untracked 
|  85|0x0000000085500000, 0x0000000085600000, 0x0000000085600000|100%| O|  |TAMS 0x0000000085500000| PB 0x0000000085500000| Untracked 
|  86|0x0000000085600000, 0x0000000085700000, 0x0000000085700000|100%| O|  |TAMS 0x0000000085600000| PB 0x0000000085600000| Untracked 
|  87|0x0000000085700000, 0x0000000085800000, 0x0000000085800000|100%| O|  |TAMS 0x0000000085700000| PB 0x0000000085700000| Untracked 
|  88|0x0000000085800000, 0x0000000085900000, 0x0000000085900000|100%| O|  |TAMS 0x0000000085800000| PB 0x0000000085800000| Untracked 
|  89|0x0000000085900000, 0x0000000085a00000, 0x0000000085a00000|100%| O|  |TAMS 0x0000000085900000| PB 0x0000000085900000| Untracked 
|  90|0x0000000085a00000, 0x0000000085b00000, 0x0000000085b00000|100%| O|  |TAMS 0x0000000085a00000| PB 0x0000000085a00000| Untracked 
|  91|0x0000000085b00000, 0x0000000085c00000, 0x0000000085c00000|100%| O|  |TAMS 0x0000000085b00000| PB 0x0000000085b00000| Untracked 
|  92|0x0000000085c00000, 0x0000000085d00000, 0x0000000085d00000|100%| O|  |TAMS 0x0000000085c00000| PB 0x0000000085c00000| Untracked 
|  93|0x0000000085d00000, 0x0000000085e00000, 0x0000000085e00000|100%| O|  |TAMS 0x0000000085d00000| PB 0x0000000085d00000| Untracked 
|  94|0x0000000085e00000, 0x0000000085f00000, 0x0000000085f00000|100%| O|  |TAMS 0x0000000085e00000| PB 0x0000000085e00000| Untracked 
|  95|0x0000000085f00000, 0x0000000086000000, 0x0000000086000000|100%| O|  |TAMS 0x0000000085f00000| PB 0x0000000085f00000| Untracked 
|  96|0x0000000086000000, 0x0000000086100000, 0x0000000086100000|100%| O|  |TAMS 0x0000000086000000| PB 0x0000000086000000| Untracked 
|  97|0x0000000086100000, 0x0000000086200000, 0x0000000086200000|100%| O|  |TAMS 0x0000000086100000| PB 0x0000000086100000| Untracked 
|  98|0x0000000086200000, 0x0000000086300000, 0x0000000086300000|100%| O|  |TAMS 0x0000000086200000| PB 0x0000000086200000| Untracked 
|  99|0x0000000086300000, 0x0000000086400000, 0x0000000086400000|100%| O|  |TAMS 0x0000000086300000| PB 0x0000000086300000| Untracked 
| 100|0x0000000086400000, 0x0000000086500000, 0x0000000086500000|100%| O|Cm|TAMS 0x0000000086400000| PB 0x0000000086400000| Complete 
| 101|0x0000000086500000, 0x0000000086600000, 0x0000000086600000|100%| O|  |TAMS 0x0000000086500000| PB 0x0000000086500000| Untracked 
| 102|0x0000000086600000, 0x0000000086700000, 0x0000000086700000|100%| O|  |TAMS 0x0000000086600000| PB 0x0000000086600000| Untracked 
| 103|0x0000000086700000, 0x0000000086800000, 0x0000000086800000|100%| O|  |TAMS 0x0000000086700000| PB 0x0000000086700000| Untracked 
| 104|0x0000000086800000, 0x0000000086900000, 0x0000000086900000|100%| O|  |TAMS 0x0000000086800000| PB 0x0000000086800000| Untracked 
| 105|0x0000000086900000, 0x0000000086a00000, 0x0000000086a00000|100%| O|Cm|TAMS 0x0000000086900000| PB 0x0000000086900000| Complete 
| 106|0x0000000086a00000, 0x0000000086b00000, 0x0000000086b00000|100%| O|  |TAMS 0x0000000086a00000| PB 0x0000000086a00000| Untracked 
| 107|0x0000000086b00000, 0x0000000086c00000, 0x0000000086c00000|100%| O|  |TAMS 0x0000000086b00000| PB 0x0000000086b00000| Untracked 
| 108|0x0000000086c00000, 0x0000000086d00000, 0x0000000086d00000|100%| O|  |TAMS 0x0000000086c00000| PB 0x0000000086c00000| Untracked 
| 109|0x0000000086d00000, 0x0000000086e00000, 0x0000000086e00000|100%| O|  |TAMS 0x0000000086d00000| PB 0x0000000086d00000| Untracked 
| 110|0x0000000086e00000, 0x0000000086f00000, 0x0000000086f00000|100%| O|  |TAMS 0x0000000086e00000| PB 0x0000000086e00000| Untracked 
| 111|0x0000000086f00000, 0x0000000087000000, 0x0000000087000000|100%| O|  |TAMS 0x0000000086f00000| PB 0x0000000086f00000| Untracked 
| 112|0x0000000087000000, 0x0000000087100000, 0x0000000087100000|100%| O|  |TAMS 0x0000000087000000| PB 0x0000000087000000| Untracked 
| 113|0x0000000087100000, 0x0000000087200000, 0x0000000087200000|100%| O|  |TAMS 0x0000000087100000| PB 0x0000000087100000| Untracked 
| 114|0x0000000087200000, 0x0000000087300000, 0x0000000087300000|100%| O|  |TAMS 0x0000000087200000| PB 0x0000000087200000| Untracked 
| 115|0x0000000087300000, 0x0000000087400000, 0x0000000087400000|100%| O|  |TAMS 0x0000000087300000| PB 0x0000000087300000| Untracked 
| 116|0x0000000087400000, 0x0000000087500000, 0x0000000087500000|100%| O|  |TAMS 0x0000000087400000| PB 0x0000000087400000| Untracked 
| 117|0x0000000087500000, 0x0000000087600000, 0x0000000087600000|100%| O|  |TAMS 0x0000000087500000| PB 0x0000000087500000| Untracked 
| 118|0x0000000087600000, 0x0000000087700000, 0x0000000087700000|100%| O|  |TAMS 0x0000000087600000| PB 0x0000000087600000| Untracked 
| 119|0x0000000087700000, 0x0000000087800000, 0x0000000087800000|100%| O|  |TAMS 0x0000000087700000| PB 0x0000000087700000| Untracked 
| 120|0x0000000087800000, 0x0000000087900000, 0x0000000087900000|100%| O|  |TAMS 0x0000000087800000| PB 0x0000000087800000| Untracked 
| 121|0x0000000087900000, 0x0000000087a00000, 0x0000000087a00000|100%| O|  |TAMS 0x0000000087900000| PB 0x0000000087900000| Untracked 
| 122|0x0000000087a00000, 0x0000000087b00000, 0x0000000087b00000|100%| O|  |TAMS 0x0000000087a00000| PB 0x0000000087a00000| Untracked 
| 123|0x0000000087b00000, 0x0000000087c00000, 0x0000000087c00000|100%| O|  |TAMS 0x0000000087b00000| PB 0x0000000087b00000| Untracked 
| 124|0x0000000087c00000, 0x0000000087d00000, 0x0000000087d00000|100%| O|Cm|TAMS 0x0000000087c00000| PB 0x0000000087c00000| Complete 
| 125|0x0000000087d00000, 0x0000000087e00000, 0x0000000087e00000|100%| O|  |TAMS 0x0000000087d00000| PB 0x0000000087d00000| Untracked 
| 126|0x0000000087e00000, 0x0000000087f00000, 0x0000000087f00000|100%| O|Cm|TAMS 0x0000000087e00000| PB 0x0000000087e00000| Complete 
| 127|0x0000000087f00000, 0x0000000088000000, 0x0000000088000000|100%| O|  |TAMS 0x0000000087f00000| PB 0x0000000087f00000| Untracked 
| 128|0x0000000088000000, 0x0000000088100000, 0x0000000088100000|100%| O|  |TAMS 0x0000000088000000| PB 0x0000000088000000| Untracked 
| 129|0x0000000088100000, 0x0000000088200000, 0x0000000088200000|100%| O|  |TAMS 0x0000000088100000| PB 0x0000000088100000| Untracked 
| 130|0x0000000088200000, 0x0000000088300000, 0x0000000088300000|100%| O|  |TAMS 0x0000000088200000| PB 0x0000000088200000| Untracked 
| 131|0x0000000088300000, 0x0000000088400000, 0x0000000088400000|100%| O|  |TAMS 0x0000000088300000| PB 0x0000000088300000| Untracked 
| 132|0x0000000088400000, 0x0000000088500000, 0x0000000088500000|100%| O|  |TAMS 0x0000000088400000| PB 0x0000000088400000| Untracked 
| 133|0x0000000088500000, 0x0000000088600000, 0x0000000088600000|100%| O|  |TAMS 0x0000000088500000| PB 0x0000000088500000| Untracked 
| 134|0x0000000088600000, 0x0000000088700000, 0x0000000088700000|100%| O|  |TAMS 0x0000000088600000| PB 0x0000000088600000| Untracked 
| 135|0x0000000088700000, 0x0000000088800000, 0x0000000088800000|100%| O|  |TAMS 0x0000000088700000| PB 0x0000000088700000| Untracked 
| 136|0x0000000088800000, 0x0000000088900000, 0x0000000088900000|100%| O|  |TAMS 0x0000000088800000| PB 0x0000000088800000| Untracked 
| 137|0x0000000088900000, 0x0000000088a00000, 0x0000000088a00000|100%| O|  |TAMS 0x0000000088900000| PB 0x0000000088900000| Untracked 
| 138|0x0000000088a00000, 0x0000000088b00000, 0x0000000088b00000|100%| O|  |TAMS 0x0000000088a00000| PB 0x0000000088a00000| Untracked 
| 139|0x0000000088b00000, 0x0000000088c00000, 0x0000000088c00000|100%| O|  |TAMS 0x0000000088b00000| PB 0x0000000088b00000| Untracked 
| 140|0x0000000088c00000, 0x0000000088d00000, 0x0000000088d00000|100%| O|  |TAMS 0x0000000088c00000| PB 0x0000000088c00000| Untracked 
| 141|0x0000000088d00000, 0x0000000088e00000, 0x0000000088e00000|100%| O|  |TAMS 0x0000000088d00000| PB 0x0000000088d00000| Untracked 
| 142|0x0000000088e00000, 0x0000000088f00000, 0x0000000088f00000|100%| O|  |TAMS 0x0000000088e00000| PB 0x0000000088e00000| Untracked 
| 143|0x0000000088f00000, 0x0000000088f14dc0, 0x0000000089000000|  8%| O|  |TAMS 0x0000000088f00000| PB 0x0000000088f00000| Untracked 
| 144|0x0000000089000000, 0x0000000089000000, 0x0000000089100000|  0%| F|  |TAMS 0x0000000089000000| PB 0x0000000089000000| Untracked 
| 145|0x0000000089100000, 0x0000000089100000, 0x0000000089200000|  0%| F|  |TAMS 0x0000000089100000| PB 0x0000000089100000| Untracked 
| 146|0x0000000089200000, 0x0000000089200000, 0x0000000089300000|  0%| F|  |TAMS 0x0000000089200000| PB 0x0000000089200000| Untracked 
| 147|0x0000000089300000, 0x0000000089300000, 0x0000000089400000|  0%| F|  |TAMS 0x0000000089300000| PB 0x0000000089300000| Untracked 
| 148|0x0000000089400000, 0x0000000089400000, 0x0000000089500000|  0%| F|  |TAMS 0x0000000089400000| PB 0x0000000089400000| Untracked 
| 149|0x0000000089500000, 0x0000000089500000, 0x0000000089600000|  0%| F|  |TAMS 0x0000000089500000| PB 0x0000000089500000| Untracked 
| 150|0x0000000089600000, 0x0000000089600000, 0x0000000089700000|  0%| F|  |TAMS 0x0000000089600000| PB 0x0000000089600000| Untracked 
| 151|0x0000000089700000, 0x0000000089700000, 0x0000000089800000|  0%| F|  |TAMS 0x0000000089700000| PB 0x0000000089700000| Untracked 
| 152|0x0000000089800000, 0x0000000089800000, 0x0000000089900000|  0%| F|  |TAMS 0x0000000089800000| PB 0x0000000089800000| Untracked 
| 153|0x0000000089900000, 0x0000000089900000, 0x0000000089a00000|  0%| F|  |TAMS 0x0000000089900000| PB 0x0000000089900000| Untracked 
| 154|0x0000000089a00000, 0x0000000089a00000, 0x0000000089b00000|  0%| F|  |TAMS 0x0000000089a00000| PB 0x0000000089a00000| Untracked 
| 155|0x0000000089b00000, 0x0000000089b00000, 0x0000000089c00000|  0%| F|  |TAMS 0x0000000089b00000| PB 0x0000000089b00000| Untracked 
| 156|0x0000000089c00000, 0x0000000089c00000, 0x0000000089d00000|  0%| F|  |TAMS 0x0000000089c00000| PB 0x0000000089c00000| Untracked 
| 157|0x0000000089d00000, 0x0000000089d00000, 0x0000000089e00000|  0%| F|  |TAMS 0x0000000089d00000| PB 0x0000000089d00000| Untracked 
| 158|0x0000000089e00000, 0x0000000089e00000, 0x0000000089f00000|  0%| F|  |TAMS 0x0000000089e00000| PB 0x0000000089e00000| Untracked 
| 159|0x0000000089f00000, 0x0000000089f00000, 0x000000008a000000|  0%| F|  |TAMS 0x0000000089f00000| PB 0x0000000089f00000| Untracked 
| 160|0x000000008a000000, 0x000000008a000000, 0x000000008a100000|  0%| F|  |TAMS 0x000000008a000000| PB 0x000000008a000000| Untracked 
| 161|0x000000008a100000, 0x000000008a100000, 0x000000008a200000|  0%| F|  |TAMS 0x000000008a100000| PB 0x000000008a100000| Untracked 
| 162|0x000000008a200000, 0x000000008a200000, 0x000000008a300000|  0%| F|  |TAMS 0x000000008a200000| PB 0x000000008a200000| Untracked 
| 163|0x000000008a300000, 0x000000008a300000, 0x000000008a400000|  0%| F|  |TAMS 0x000000008a300000| PB 0x000000008a300000| Untracked 
| 164|0x000000008a400000, 0x000000008a400000, 0x000000008a500000|  0%| F|  |TAMS 0x000000008a400000| PB 0x000000008a400000| Untracked 
| 165|0x000000008a500000, 0x000000008a500000, 0x000000008a600000|  0%| F|  |TAMS 0x000000008a500000| PB 0x000000008a500000| Untracked 
| 166|0x000000008a600000, 0x000000008a600000, 0x000000008a700000|  0%| F|  |TAMS 0x000000008a600000| PB 0x000000008a600000| Untracked 
| 167|0x000000008a700000, 0x000000008a700000, 0x000000008a800000|  0%| F|  |TAMS 0x000000008a700000| PB 0x000000008a700000| Untracked 
| 168|0x000000008a800000, 0x000000008a800000, 0x000000008a900000|  0%| F|  |TAMS 0x000000008a800000| PB 0x000000008a800000| Untracked 
| 169|0x000000008a900000, 0x000000008a900000, 0x000000008aa00000|  0%| F|  |TAMS 0x000000008a900000| PB 0x000000008a900000| Untracked 
| 170|0x000000008aa00000, 0x000000008aa00000, 0x000000008ab00000|  0%| F|  |TAMS 0x000000008aa00000| PB 0x000000008aa00000| Untracked 
| 171|0x000000008ab00000, 0x000000008ab00000, 0x000000008ac00000|  0%| F|  |TAMS 0x000000008ab00000| PB 0x000000008ab00000| Untracked 
| 172|0x000000008ac00000, 0x000000008ac00000, 0x000000008ad00000|  0%| F|  |TAMS 0x000000008ac00000| PB 0x000000008ac00000| Untracked 
| 173|0x000000008ad00000, 0x000000008ad00000, 0x000000008ae00000|  0%| F|  |TAMS 0x000000008ad00000| PB 0x000000008ad00000| Untracked 
| 174|0x000000008ae00000, 0x000000008ae00000, 0x000000008af00000|  0%| F|  |TAMS 0x000000008ae00000| PB 0x000000008ae00000| Untracked 
| 175|0x000000008af00000, 0x000000008af00000, 0x000000008b000000|  0%| F|  |TAMS 0x000000008af00000| PB 0x000000008af00000| Untracked 
| 176|0x000000008b000000, 0x000000008b000000, 0x000000008b100000|  0%| F|  |TAMS 0x000000008b000000| PB 0x000000008b000000| Untracked 
| 177|0x000000008b100000, 0x000000008b100000, 0x000000008b200000|  0%| F|  |TAMS 0x000000008b100000| PB 0x000000008b100000| Untracked 
| 178|0x000000008b200000, 0x000000008b200000, 0x000000008b300000|  0%| F|  |TAMS 0x000000008b200000| PB 0x000000008b200000| Untracked 
| 179|0x000000008b300000, 0x000000008b300000, 0x000000008b400000|  0%| F|  |TAMS 0x000000008b300000| PB 0x000000008b300000| Untracked 
| 180|0x000000008b400000, 0x000000008b400000, 0x000000008b500000|  0%| F|  |TAMS 0x000000008b400000| PB 0x000000008b400000| Untracked 
| 181|0x000000008b500000, 0x000000008b500000, 0x000000008b600000|  0%| F|  |TAMS 0x000000008b500000| PB 0x000000008b500000| Untracked 
| 182|0x000000008b600000, 0x000000008b600000, 0x000000008b700000|  0%| F|  |TAMS 0x000000008b600000| PB 0x000000008b600000| Untracked 
| 183|0x000000008b700000, 0x000000008b700000, 0x000000008b800000|  0%| F|  |TAMS 0x000000008b700000| PB 0x000000008b700000| Untracked 
| 184|0x000000008b800000, 0x000000008b800000, 0x000000008b900000|  0%| F|  |TAMS 0x000000008b800000| PB 0x000000008b800000| Untracked 
| 185|0x000000008b900000, 0x000000008b900000, 0x000000008ba00000|  0%| F|  |TAMS 0x000000008b900000| PB 0x000000008b900000| Untracked 
| 186|0x000000008ba00000, 0x000000008ba00000, 0x000000008bb00000|  0%| F|  |TAMS 0x000000008ba00000| PB 0x000000008ba00000| Untracked 
| 187|0x000000008bb00000, 0x000000008bb00000, 0x000000008bc00000|  0%| F|  |TAMS 0x000000008bb00000| PB 0x000000008bb00000| Untracked 
| 188|0x000000008bc00000, 0x000000008bc00000, 0x000000008bd00000|  0%| F|  |TAMS 0x000000008bc00000| PB 0x000000008bc00000| Untracked 
| 189|0x000000008bd00000, 0x000000008bd00000, 0x000000008be00000|  0%| F|  |TAMS 0x000000008bd00000| PB 0x000000008bd00000| Untracked 
| 190|0x000000008be00000, 0x000000008be00000, 0x000000008bf00000|  0%| F|  |TAMS 0x000000008be00000| PB 0x000000008be00000| Untracked 
| 191|0x000000008bf00000, 0x000000008bf00000, 0x000000008c000000|  0%| F|  |TAMS 0x000000008bf00000| PB 0x000000008bf00000| Untracked 
| 192|0x000000008c000000, 0x000000008c000000, 0x000000008c100000|  0%| F|  |TAMS 0x000000008c000000| PB 0x000000008c000000| Untracked 
| 193|0x000000008c100000, 0x000000008c100000, 0x000000008c200000|  0%| F|  |TAMS 0x000000008c100000| PB 0x000000008c100000| Untracked 
| 194|0x000000008c200000, 0x000000008c200000, 0x000000008c300000|  0%| F|  |TAMS 0x000000008c200000| PB 0x000000008c200000| Untracked 
| 195|0x000000008c300000, 0x000000008c300000, 0x000000008c400000|  0%| F|  |TAMS 0x000000008c300000| PB 0x000000008c300000| Untracked 
| 196|0x000000008c400000, 0x000000008c400000, 0x000000008c500000|  0%| F|  |TAMS 0x000000008c400000| PB 0x000000008c400000| Untracked 
| 197|0x000000008c500000, 0x000000008c500000, 0x000000008c600000|  0%| F|  |TAMS 0x000000008c500000| PB 0x000000008c500000| Untracked 
| 198|0x000000008c600000, 0x000000008c600000, 0x000000008c700000|  0%| F|  |TAMS 0x000000008c600000| PB 0x000000008c600000| Untracked 
| 199|0x000000008c700000, 0x000000008c700000, 0x000000008c800000|  0%| F|  |TAMS 0x000000008c700000| PB 0x000000008c700000| Untracked 
| 200|0x000000008c800000, 0x000000008c800000, 0x000000008c900000|  0%| F|  |TAMS 0x000000008c800000| PB 0x000000008c800000| Untracked 
| 201|0x000000008c900000, 0x000000008c900000, 0x000000008ca00000|  0%| F|  |TAMS 0x000000008c900000| PB 0x000000008c900000| Untracked 
| 202|0x000000008ca00000, 0x000000008ca00000, 0x000000008cb00000|  0%| F|  |TAMS 0x000000008ca00000| PB 0x000000008ca00000| Untracked 
| 203|0x000000008cb00000, 0x000000008cb00000, 0x000000008cc00000|  0%| F|  |TAMS 0x000000008cb00000| PB 0x000000008cb00000| Untracked 
| 204|0x000000008cc00000, 0x000000008cc00000, 0x000000008cd00000|  0%| F|  |TAMS 0x000000008cc00000| PB 0x000000008cc00000| Untracked 
| 205|0x000000008cd00000, 0x000000008cd00000, 0x000000008ce00000|  0%| F|  |TAMS 0x000000008cd00000| PB 0x000000008cd00000| Untracked 
| 206|0x000000008ce00000, 0x000000008ce00000, 0x000000008cf00000|  0%| F|  |TAMS 0x000000008ce00000| PB 0x000000008ce00000| Untracked 
| 207|0x000000008cf00000, 0x000000008cf00000, 0x000000008d000000|  0%| F|  |TAMS 0x000000008cf00000| PB 0x000000008cf00000| Untracked 
| 208|0x000000008d000000, 0x000000008d000000, 0x000000008d100000|  0%| F|  |TAMS 0x000000008d000000| PB 0x000000008d000000| Untracked 
| 209|0x000000008d100000, 0x000000008d100000, 0x000000008d200000|  0%| F|  |TAMS 0x000000008d100000| PB 0x000000008d100000| Untracked 
| 210|0x000000008d200000, 0x000000008d200000, 0x000000008d300000|  0%| F|  |TAMS 0x000000008d200000| PB 0x000000008d200000| Untracked 
| 211|0x000000008d300000, 0x000000008d300000, 0x000000008d400000|  0%| F|  |TAMS 0x000000008d300000| PB 0x000000008d300000| Untracked 
| 212|0x000000008d400000, 0x000000008d400000, 0x000000008d500000|  0%| F|  |TAMS 0x000000008d400000| PB 0x000000008d400000| Untracked 
| 213|0x000000008d500000, 0x000000008d500000, 0x000000008d600000|  0%| F|  |TAMS 0x000000008d500000| PB 0x000000008d500000| Untracked 
| 214|0x000000008d600000, 0x000000008d600000, 0x000000008d700000|  0%| F|  |TAMS 0x000000008d600000| PB 0x000000008d600000| Untracked 
| 215|0x000000008d700000, 0x000000008d700000, 0x000000008d800000|  0%| F|  |TAMS 0x000000008d700000| PB 0x000000008d700000| Untracked 
| 216|0x000000008d800000, 0x000000008d800000, 0x000000008d900000|  0%| F|  |TAMS 0x000000008d800000| PB 0x000000008d800000| Untracked 
| 217|0x000000008d900000, 0x000000008d900000, 0x000000008da00000|  0%| F|  |TAMS 0x000000008d900000| PB 0x000000008d900000| Untracked 
| 218|0x000000008da00000, 0x000000008da00000, 0x000000008db00000|  0%| F|  |TAMS 0x000000008da00000| PB 0x000000008da00000| Untracked 
| 219|0x000000008db00000, 0x000000008db00000, 0x000000008dc00000|  0%| F|  |TAMS 0x000000008db00000| PB 0x000000008db00000| Untracked 
| 220|0x000000008dc00000, 0x000000008dc00000, 0x000000008dd00000|  0%| F|  |TAMS 0x000000008dc00000| PB 0x000000008dc00000| Untracked 
| 221|0x000000008dd00000, 0x000000008dd00000, 0x000000008de00000|  0%| F|  |TAMS 0x000000008dd00000| PB 0x000000008dd00000| Untracked 
| 222|0x000000008de00000, 0x000000008de00000, 0x000000008df00000|  0%| F|  |TAMS 0x000000008de00000| PB 0x000000008de00000| Untracked 
| 223|0x000000008df00000, 0x000000008df00000, 0x000000008e000000|  0%| F|  |TAMS 0x000000008df00000| PB 0x000000008df00000| Untracked 
| 224|0x000000008e000000, 0x000000008e000000, 0x000000008e100000|  0%| F|  |TAMS 0x000000008e000000| PB 0x000000008e000000| Untracked 
| 225|0x000000008e100000, 0x000000008e100000, 0x000000008e200000|  0%| F|  |TAMS 0x000000008e100000| PB 0x000000008e100000| Untracked 
| 226|0x000000008e200000, 0x000000008e200000, 0x000000008e300000|  0%| F|  |TAMS 0x000000008e200000| PB 0x000000008e200000| Untracked 
| 227|0x000000008e300000, 0x000000008e300000, 0x000000008e400000|  0%| F|  |TAMS 0x000000008e300000| PB 0x000000008e300000| Untracked 
| 228|0x000000008e400000, 0x000000008e400000, 0x000000008e500000|  0%| F|  |TAMS 0x000000008e400000| PB 0x000000008e400000| Untracked 
| 229|0x000000008e500000, 0x000000008e500000, 0x000000008e600000|  0%| F|  |TAMS 0x000000008e500000| PB 0x000000008e500000| Untracked 
| 230|0x000000008e600000, 0x000000008e600000, 0x000000008e700000|  0%| F|  |TAMS 0x000000008e600000| PB 0x000000008e600000| Untracked 
| 231|0x000000008e700000, 0x000000008e700000, 0x000000008e800000|  0%| F|  |TAMS 0x000000008e700000| PB 0x000000008e700000| Untracked 
| 232|0x000000008e800000, 0x000000008e800000, 0x000000008e900000|  0%| F|  |TAMS 0x000000008e800000| PB 0x000000008e800000| Untracked 
| 233|0x000000008e900000, 0x000000008e900000, 0x000000008ea00000|  0%| F|  |TAMS 0x000000008e900000| PB 0x000000008e900000| Untracked 
| 234|0x000000008ea00000, 0x000000008ea00000, 0x000000008eb00000|  0%| F|  |TAMS 0x000000008ea00000| PB 0x000000008ea00000| Untracked 
| 235|0x000000008eb00000, 0x000000008eb00000, 0x000000008ec00000|  0%| F|  |TAMS 0x000000008eb00000| PB 0x000000008eb00000| Untracked 
| 236|0x000000008ec00000, 0x000000008ec00000, 0x000000008ed00000|  0%| F|  |TAMS 0x000000008ec00000| PB 0x000000008ec00000| Untracked 
| 237|0x000000008ed00000, 0x000000008ed00000, 0x000000008ee00000|  0%| F|  |TAMS 0x000000008ed00000| PB 0x000000008ed00000| Untracked 
| 238|0x000000008ee00000, 0x000000008ee00000, 0x000000008ef00000|  0%| F|  |TAMS 0x000000008ee00000| PB 0x000000008ee00000| Untracked 
| 239|0x000000008ef00000, 0x000000008ef33ea8, 0x000000008f000000| 20%| S|CS|TAMS 0x000000008ef00000| PB 0x000000008ef00000| Complete 
| 240|0x000000008f000000, 0x000000008f100000, 0x000000008f100000|100%| S|CS|TAMS 0x000000008f000000| PB 0x000000008f000000| Complete 
| 241|0x000000008f100000, 0x000000008f200000, 0x000000008f200000|100%| S|CS|TAMS 0x000000008f100000| PB 0x000000008f100000| Complete 
| 242|0x000000008f200000, 0x000000008f300000, 0x000000008f300000|100%| S|CS|TAMS 0x000000008f200000| PB 0x000000008f200000| Complete 
| 243|0x000000008f300000, 0x000000008f300000, 0x000000008f400000|  0%| F|  |TAMS 0x000000008f300000| PB 0x000000008f300000| Untracked 
| 244|0x000000008f400000, 0x000000008f400000, 0x000000008f500000|  0%| F|  |TAMS 0x000000008f400000| PB 0x000000008f400000| Untracked 
| 245|0x000000008f500000, 0x000000008f500000, 0x000000008f600000|  0%| F|  |TAMS 0x000000008f500000| PB 0x000000008f500000| Untracked 
| 246|0x000000008f600000, 0x000000008f600000, 0x000000008f700000|  0%| F|  |TAMS 0x000000008f600000| PB 0x000000008f600000| Untracked 
| 247|0x000000008f700000, 0x000000008f700000, 0x000000008f800000|  0%| F|  |TAMS 0x000000008f700000| PB 0x000000008f700000| Untracked 
| 248|0x000000008f800000, 0x000000008f800000, 0x000000008f900000|  0%| F|  |TAMS 0x000000008f800000| PB 0x000000008f800000| Untracked 
| 249|0x000000008f900000, 0x000000008f900000, 0x000000008fa00000|  0%| F|  |TAMS 0x000000008f900000| PB 0x000000008f900000| Untracked 
| 250|0x000000008fa00000, 0x000000008fa00000, 0x000000008fb00000|  0%| F|  |TAMS 0x000000008fa00000| PB 0x000000008fa00000| Untracked 
| 251|0x000000008fb00000, 0x000000008fb00000, 0x000000008fc00000|  0%| F|  |TAMS 0x000000008fb00000| PB 0x000000008fb00000| Untracked 
| 252|0x000000008fc00000, 0x000000008fc00000, 0x000000008fd00000|  0%| F|  |TAMS 0x000000008fc00000| PB 0x000000008fc00000| Untracked 
| 253|0x000000008fd00000, 0x000000008fd00000, 0x000000008fe00000|  0%| F|  |TAMS 0x000000008fd00000| PB 0x000000008fd00000| Untracked 
| 254|0x000000008fe00000, 0x000000008fe00000, 0x000000008ff00000|  0%| F|  |TAMS 0x000000008fe00000| PB 0x000000008fe00000| Untracked 
| 255|0x000000008ff00000, 0x000000008ff00000, 0x0000000090000000|  0%| F|  |TAMS 0x000000008ff00000| PB 0x000000008ff00000| Untracked 
| 256|0x0000000090000000, 0x0000000090000000, 0x0000000090100000|  0%| F|  |TAMS 0x0000000090000000| PB 0x0000000090000000| Untracked 
| 257|0x0000000090100000, 0x0000000090100000, 0x0000000090200000|  0%| F|  |TAMS 0x0000000090100000| PB 0x0000000090100000| Untracked 
| 258|0x0000000090200000, 0x0000000090200000, 0x0000000090300000|  0%| F|  |TAMS 0x0000000090200000| PB 0x0000000090200000| Untracked 
| 259|0x0000000090300000, 0x0000000090300000, 0x0000000090400000|  0%| F|  |TAMS 0x0000000090300000| PB 0x0000000090300000| Untracked 
| 260|0x0000000090400000, 0x0000000090400000, 0x0000000090500000|  0%| F|  |TAMS 0x0000000090400000| PB 0x0000000090400000| Untracked 
| 261|0x0000000090500000, 0x0000000090500000, 0x0000000090600000|  0%| F|  |TAMS 0x0000000090500000| PB 0x0000000090500000| Untracked 
| 262|0x0000000090600000, 0x0000000090600000, 0x0000000090700000|  0%| F|  |TAMS 0x0000000090600000| PB 0x0000000090600000| Untracked 
| 263|0x0000000090700000, 0x0000000090700000, 0x0000000090800000|  0%| F|  |TAMS 0x0000000090700000| PB 0x0000000090700000| Untracked 
| 264|0x0000000090800000, 0x0000000090800000, 0x0000000090900000|  0%| F|  |TAMS 0x0000000090800000| PB 0x0000000090800000| Untracked 
| 265|0x0000000090900000, 0x0000000090900000, 0x0000000090a00000|  0%| F|  |TAMS 0x0000000090900000| PB 0x0000000090900000| Untracked 
| 266|0x0000000090a00000, 0x0000000090a00000, 0x0000000090b00000|  0%| F|  |TAMS 0x0000000090a00000| PB 0x0000000090a00000| Untracked 
| 267|0x0000000090b00000, 0x0000000090b00000, 0x0000000090c00000|  0%| F|  |TAMS 0x0000000090b00000| PB 0x0000000090b00000| Untracked 
| 268|0x0000000090c00000, 0x0000000090c00000, 0x0000000090d00000|  0%| F|  |TAMS 0x0000000090c00000| PB 0x0000000090c00000| Untracked 
| 269|0x0000000090d00000, 0x0000000090d00000, 0x0000000090e00000|  0%| F|  |TAMS 0x0000000090d00000| PB 0x0000000090d00000| Untracked 
| 270|0x0000000090e00000, 0x0000000090e00000, 0x0000000090f00000|  0%| F|  |TAMS 0x0000000090e00000| PB 0x0000000090e00000| Untracked 
| 271|0x0000000090f00000, 0x0000000090f00000, 0x0000000091000000|  0%| F|  |TAMS 0x0000000090f00000| PB 0x0000000090f00000| Untracked 
| 272|0x0000000091000000, 0x0000000091000000, 0x0000000091100000|  0%| F|  |TAMS 0x0000000091000000| PB 0x0000000091000000| Untracked 
| 273|0x0000000091100000, 0x0000000091100000, 0x0000000091200000|  0%| F|  |TAMS 0x0000000091100000| PB 0x0000000091100000| Untracked 
| 274|0x0000000091200000, 0x0000000091200000, 0x0000000091300000|  0%| F|  |TAMS 0x0000000091200000| PB 0x0000000091200000| Untracked 
|2038|0x00000000ff600000, 0x00000000ff700000, 0x00000000ff700000|100%| O|Cm|TAMS 0x00000000ff600000| PB 0x00000000ff600000| Complete 
|2039|0x00000000ff700000, 0x00000000ff800000, 0x00000000ff800000|100%| O|  |TAMS 0x00000000ff700000| PB 0x00000000ff700000| Untracked 
|2040|0x00000000ff800000, 0x00000000ff900000, 0x00000000ff900000|100%| O|  |TAMS 0x00000000ff800000| PB 0x00000000ff800000| Untracked 
|2041|0x00000000ff900000, 0x00000000ffa00000, 0x00000000ffa00000|100%| O|  |TAMS 0x00000000ff900000| PB 0x00000000ff900000| Untracked 
|2042|0x00000000ffa00000, 0x00000000ffb00000, 0x00000000ffb00000|100%| O|  |TAMS 0x00000000ffa00000| PB 0x00000000ffa00000| Untracked 
|2043|0x00000000ffb00000, 0x00000000ffb00000, 0x00000000ffc00000|  0%| F|  |TAMS 0x00000000ffb00000| PB 0x00000000ffb00000| Untracked 
|2044|0x00000000ffc00000, 0x00000000ffce9920, 0x00000000ffd00000| 91%| E|  |TAMS 0x00000000ffc00000| PB 0x00000000ffc00000| Complete 
|2045|0x00000000ffd00000, 0x00000000ffe00000, 0x00000000ffe00000|100%| E|CS|TAMS 0x00000000ffd00000| PB 0x00000000ffd00000| Complete 
|2046|0x00000000ffe00000, 0x00000000fff00000, 0x00000000fff00000|100%| E|CS|TAMS 0x00000000ffe00000| PB 0x00000000ffe00000| Complete 
|2047|0x00000000fff00000, 0x0000000100000000, 0x0000000100000000|100%| O|  |TAMS 0x00000000fff00000| PB 0x00000000fff00000| Untracked 

Card table byte_map: [0x000001dd3e3f0000,0x000001dd3e7f0000] _byte_map_base: 0x000001dd3dff0000

Marking Bits: (CMBitMap*) 0x000001dd268c6a50
 Bits: [0x000001dd3e7f0000, 0x000001dd407f0000)

Polling page: 0x000001dd247f0000

Metaspace:

Usage:
  Non-class:     91.12 MB used.
      Class:     14.78 MB used.
       Both:    105.90 MB used.

Virtual space:
  Non-class space:      128.00 MB reserved,      92.31 MB ( 72%) committed,  2 nodes.
      Class space:        1.00 GB reserved,      15.94 MB (  2%) committed,  1 nodes.
             Both:        1.12 GB reserved,     108.25 MB (  9%) committed. 

Chunk freelists:
   Non-Class:  2.92 MB
       Class:  15.89 MB
        Both:  18.81 MB

MaxMetaspaceSize: unlimited
CompressedClassSpaceSize: 1.00 GB
Initial GC threshold: 21.00 MB
Current GC threshold: 180.12 MB
CDS: on
 - commit_granule_bytes: 65536.
 - commit_granule_words: 8192.
 - virtual_space_node_default_size: 8388608.
 - enlarge_chunks_in_place: 1.
 - use_allocation_guard: 0.


Internal statistics:

num_allocs_failed_limit: 6.
num_arena_births: 4480.
num_arena_deaths: 0.
num_vsnodes_births: 3.
num_vsnodes_deaths: 0.
num_space_committed: 1731.
num_space_uncommitted: 0.
num_chunks_returned_to_freelist: 6.
num_chunks_taken_from_freelist: 9554.
num_chunk_merges: 6.
num_chunk_splits: 6188.
num_chunks_enlarged: 3810.
num_inconsistent_stats: 0.

CodeHeap 'non-profiled nmethods': size=120000Kb used=9246Kb max_used=9464Kb free=110753Kb
 bounds [0x000001dd36790000, 0x000001dd370d0000, 0x000001dd3dcc0000]
CodeHeap 'profiled nmethods': size=120000Kb used=24651Kb max_used=25259Kb free=95348Kb
 bounds [0x000001dd2ecc0000, 0x000001dd30580000, 0x000001dd361f0000]
CodeHeap 'non-nmethods': size=5760Kb used=2181Kb max_used=2254Kb free=3578Kb
 bounds [0x000001dd361f0000, 0x000001dd36460000, 0x000001dd36790000]
 total_blobs=14193 nmethods=13302 adapters=795
 compilation: enabled
              stopped_count=0, restarted_count=0
 full_count=0

Compilation events (20 events):
Event: 65.661 Thread 0x000001dd43277e00 16286       3       kotlin.text.StringsKt__StringsKt::lastIndexOf$default (29 bytes)
Event: 65.662 Thread 0x000001dd43277e00 nmethod 16286 0x000001dd2ee01c90 code [0x000001dd2ee01ee0, 0x000001dd2ee026d0]
Event: 65.662 Thread 0x000001dd43277e00 16287       3       kotlin.text.StringsKt__StringsKt::lastIndexOf (48 bytes)
Event: 65.663 Thread 0x000001dd43277e00 nmethod 16287 0x000001dd2f8de810 code [0x000001dd2f8deaa0, 0x000001dd2f8df668]
Event: 65.663 Thread 0x000001dd43277e00 16288       3       kotlin.io.FilesKt__UtilsKt::getExtension (24 bytes)
Event: 65.664 Thread 0x000001dd43277e00 nmethod 16288 0x000001dd2f757f10 code [0x000001dd2f758160, 0x000001dd2f7587d8]
Event: 65.675 Thread 0x000001dd43255f50 nmethod 16269 0x000001dd36e9b490 code [0x000001dd36e9b9c0, 0x000001dd36e9f108]
Event: 65.675 Thread 0x000001dd43255f50 16289       4       kotlin.io.FilesKt__FilePathComponentsKt::toComponents (231 bytes)
Event: 65.685 Thread 0x000001dd43277e00 16290       3       kotlin.text.StringsKt__StringsKt::substringAfterLast (67 bytes)
Event: 65.686 Thread 0x000001dd43277e00 nmethod 16290 0x000001dd2ef04090 code [0x000001dd2ef04420, 0x000001dd2ef05708]
Event: 65.700 Thread 0x000001dd43277e00 16291       3       dagger.hilt.android.plugin.util.AggregatedPackagesTransform$transform$1::invoke (9 bytes)
Event: 65.701 Thread 0x000001dd43277e00 nmethod 16291 0x000001dd2ecf9810 code [0x000001dd2ecf9ac0, 0x000001dd2ecfa710]
Event: 65.701 Thread 0x000001dd43277e00 16292       3       dagger.hilt.android.plugin.util.AggregatedPackagesTransform$transform$1::invoke (16 bytes)
Event: 65.702 Thread 0x000001dd43277e00 nmethod 16292 0x000001dd2f80e990 code [0x000001dd2f80ec20, 0x000001dd2f80f708]
Event: 65.706 Thread 0x000001dd43277e00 16293   !   3       dagger.hilt.android.plugin.util.AggregatedPackagesTransform::transformFile (362 bytes)
Event: 65.715 Thread 0x000001dd43277e00 nmethod 16293 0x000001dd3056ce90 code [0x000001dd3056d9e0, 0x000001dd30573ea8]
Event: 65.715 Thread 0x000001dd43277e00 16295       3       dagger.hilt.android.plugin.util.FilesKt::isClassFile (33 bytes)
Event: 65.716 Thread 0x000001dd43277e00 nmethod 16295 0x000001dd2f675390 code [0x000001dd2f6756e0, 0x000001dd2f676820]
Event: 65.716 Thread 0x000001dd43277e00 16294       3       dagger.hilt.android.plugin.util.FilesKt::isJarFile (33 bytes)
Event: 65.718 Thread 0x000001dd43277e00 nmethod 16294 0x000001dd2f80a310 code [0x000001dd2f80a660, 0x000001dd2f80b7a0]

GC Heap History (20 events):
Event: 25.597 GC heap after
{Heap after GC invocations=37 (full 0):
 garbage-first heap   total 174080K, used 112580K [0x0000000080000000, 0x0000000100000000)
  region size 1024K, 7 young (7168K), 7 survivors (7168K)
 Metaspace       used 100200K, committed 102400K, reserved 1179648K
  class space    used 14127K, committed 15232K, reserved 1048576K
}
Event: 26.543 GC heap before
{Heap before GC invocations=38 (full 0):
 garbage-first heap   total 199680K, used 153540K [0x0000000080000000, 0x0000000100000000)
  region size 1024K, 48 young (49152K), 7 survivors (7168K)
 Metaspace       used 100785K, committed 103040K, reserved 1179648K
  class space    used 14239K, committed 15360K, reserved 1048576K
}
Event: 26.552 GC heap after
{Heap after GC invocations=39 (full 0):
 garbage-first heap   total 199680K, used 115712K [0x0000000080000000, 0x0000000100000000)
  region size 1024K, 5 young (5120K), 5 survivors (5120K)
 Metaspace       used 100785K, committed 103040K, reserved 1179648K
  class space    used 14239K, committed 15360K, reserved 1048576K
}
Event: 27.928 GC heap before
{Heap before GC invocations=39 (full 0):
 garbage-first heap   total 199680K, used 181248K [0x0000000080000000, 0x0000000100000000)
  region size 1024K, 70 young (71680K), 5 survivors (5120K)
 Metaspace       used 101009K, committed 103296K, reserved 1179648K
  class space    used 14257K, committed 15360K, reserved 1048576K
}
Event: 27.938 GC heap after
{Heap after GC invocations=40 (full 0):
 garbage-first heap   total 199680K, used 117837K [0x0000000080000000, 0x0000000100000000)
  region size 1024K, 9 young (9216K), 9 survivors (9216K)
 Metaspace       used 101009K, committed 103296K, reserved 1179648K
  class space    used 14257K, committed 15360K, reserved 1048576K
}
Event: 30.643 GC heap before
{Heap before GC invocations=40 (full 0):
 garbage-first heap   total 199680K, used 178253K [0x0000000080000000, 0x0000000100000000)
  region size 1024K, 68 young (69632K), 9 survivors (9216K)
 Metaspace       used 102234K, committed 104640K, reserved 1179648K
  class space    used 14417K, committed 15616K, reserved 1048576K
}
Event: 30.655 GC heap after
{Heap after GC invocations=41 (full 0):
 garbage-first heap   total 199680K, used 121894K [0x0000000080000000, 0x0000000100000000)
  region size 1024K, 6 young (6144K), 6 survivors (6144K)
 Metaspace       used 102234K, committed 104640K, reserved 1179648K
  class space    used 14417K, committed 15616K, reserved 1048576K
}
Event: 31.488 GC heap before
{Heap before GC invocations=42 (full 0):
 garbage-first heap   total 211968K, used 180262K [0x0000000080000000, 0x0000000100000000)
  region size 1024K, 64 young (65536K), 6 survivors (6144K)
 Metaspace       used 104691K, committed 107072K, reserved 1179648K
  class space    used 14734K, committed 15936K, reserved 1048576K
}
Event: 31.498 GC heap after
{Heap after GC invocations=43 (full 0):
 garbage-first heap   total 211968K, used 126737K [0x0000000080000000, 0x0000000100000000)
  region size 1024K, 7 young (7168K), 7 survivors (7168K)
 Metaspace       used 104691K, committed 107072K, reserved 1179648K
  class space    used 14734K, committed 15936K, reserved 1048576K
}
Event: 32.427 GC heap before
{Heap before GC invocations=43 (full 0):
 garbage-first heap   total 211968K, used 191249K [0x0000000080000000, 0x0000000100000000)
  region size 1024K, 71 young (72704K), 7 survivors (7168K)
 Metaspace       used 104798K, committed 107136K, reserved 1179648K
  class space    used 14737K, committed 15936K, reserved 1048576K
}
Event: 32.437 GC heap after
{Heap after GC invocations=44 (full 0):
 garbage-first heap   total 211968K, used 128094K [0x0000000080000000, 0x0000000100000000)
  region size 1024K, 5 young (5120K), 5 survivors (5120K)
 Metaspace       used 104798K, committed 107136K, reserved 1179648K
  class space    used 14737K, committed 15936K, reserved 1048576K
}
Event: 45.850 GC heap before
{Heap before GC invocations=44 (full 0):
 garbage-first heap   total 211968K, used 193630K [0x0000000080000000, 0x0000000100000000)
  region size 1024K, 70 young (71680K), 5 survivors (5120K)
 Metaspace       used 106291K, committed 108672K, reserved 1179648K
  class space    used 14943K, committed 16128K, reserved 1048576K
}
Event: 45.860 GC heap after
{Heap after GC invocations=45 (full 0):
 garbage-first heap   total 211968K, used 131575K [0x0000000080000000, 0x0000000100000000)
  region size 1024K, 6 young (6144K), 6 survivors (6144K)
 Metaspace       used 106291K, committed 108672K, reserved 1179648K
  class space    used 14943K, committed 16128K, reserved 1048576K
}
Event: 62.496 GC heap before
{Heap before GC invocations=46 (full 0):
 garbage-first heap   total 227328K, used 191991K [0x0000000080000000, 0x0000000100000000)
  region size 1024K, 65 young (66560K), 6 survivors (6144K)
 Metaspace       used 106639K, committed 108928K, reserved 1179648K
  class space    used 14982K, committed 16128K, reserved 1048576K
}
Event: 62.508 GC heap after
{Heap after GC invocations=47 (full 0):
 garbage-first heap   total 227328K, used 134161K [0x0000000080000000, 0x0000000100000000)
  region size 1024K, 4 young (4096K), 4 survivors (4096K)
 Metaspace       used 106639K, committed 108928K, reserved 1179648K
  class space    used 14982K, committed 16128K, reserved 1048576K
}
Event: 63.761 GC heap before
{Heap before GC invocations=47 (full 0):
 garbage-first heap   total 227328K, used 213009K [0x0000000080000000, 0x0000000100000000)
  region size 1024K, 77 young (78848K), 4 survivors (4096K)
 Metaspace       used 107990K, committed 110336K, reserved 1179648K
  class space    used 15073K, committed 16256K, reserved 1048576K
}
Event: 63.786 GC heap after
{Heap after GC invocations=48 (full 0):
 garbage-first heap   total 233472K, used 145053K [0x0000000080000000, 0x0000000100000000)
  region size 1024K, 10 young (10240K), 10 survivors (10240K)
 Metaspace       used 107990K, committed 110336K, reserved 1179648K
  class space    used 15073K, committed 16256K, reserved 1048576K
}
Event: 65.008 GC heap before
{Heap before GC invocations=48 (full 0):
 garbage-first heap   total 233472K, used 209565K [0x0000000080000000, 0x0000000100000000)
  region size 1024K, 74 young (75776K), 10 survivors (10240K)
 Metaspace       used 108280K, committed 110656K, reserved 1179648K
  class space    used 15105K, committed 16256K, reserved 1048576K
}
Event: 65.030 GC heap after
{Heap after GC invocations=49 (full 0):
 garbage-first heap   total 233472K, used 154337K [0x0000000080000000, 0x0000000100000000)
  region size 1024K, 10 young (10240K), 10 survivors (10240K)
 Metaspace       used 108280K, committed 110656K, reserved 1179648K
  class space    used 15105K, committed 16256K, reserved 1048576K
}
Event: 65.828 GC heap before
{Heap before GC invocations=50 (full 0):
 garbage-first heap   total 291840K, used 206561K [0x0000000080000000, 0x0000000100000000)
  region size 1024K, 62 young (63488K), 10 survivors (10240K)
 Metaspace       used 108438K, committed 110848K, reserved 1179648K
  class space    used 15133K, committed 16320K, reserved 1048576K
}

Dll operation events (17 events):
Event: 0.018 Loaded shared library C:\Program Files\Java\jdk-21\bin\java.dll
Event: 0.058 Loaded shared library C:\Program Files\Java\jdk-21\bin\jsvml.dll
Event: 0.111 Loaded shared library C:\Program Files\Java\jdk-21\bin\zip.dll
Event: 0.117 Loaded shared library C:\Program Files\Java\jdk-21\bin\instrument.dll
Event: 0.122 Loaded shared library C:\Program Files\Java\jdk-21\bin\net.dll
Event: 0.125 Loaded shared library C:\Program Files\Java\jdk-21\bin\nio.dll
Event: 0.128 Loaded shared library C:\Program Files\Java\jdk-21\bin\zip.dll
Event: 0.456 Loaded shared library C:\Program Files\Java\jdk-21\bin\jimage.dll
Event: 0.668 Loaded shared library C:\Program Files\Java\jdk-21\bin\verify.dll
Event: 0.845 Loaded shared library C:\Users\perez\.gradle\native\1def1411415f61bf3af743bc5b6707747c0891f09f0c88961ee8f79bc544acac\windows-amd64\native-platform.dll
Event: 0.902 Loaded shared library C:\Users\perez\.gradle\native\0.2.7\x86_64-windows-gnu\gradle-fileevents.dll
Event: 2.416 Loaded shared library C:\Program Files\Java\jdk-21\bin\management.dll
Event: 2.419 Loaded shared library C:\Program Files\Java\jdk-21\bin\management_ext.dll
Event: 2.610 Loaded shared library C:\Program Files\Java\jdk-21\bin\extnet.dll
Event: 2.888 Loaded shared library C:\Program Files\Java\jdk-21\bin\sunmscapi.dll
Event: 31.340 Loaded shared library C:\Users\perez\AppData\Local\Temp\native-platform1547926286181087110dir\native-platform.dll
Event: 33.613 Loaded shared library C:\Program Files\Java\jdk-21\bin\rmi.dll

Deoptimization events (20 events):
Event: 65.289 Thread 0x000001dd8d460000 Uncommon trap: trap_request=0xffffff45 fr.pc=0x000001dd36fde1d4 relative=0x00000000000000f4
Event: 65.289 Thread 0x000001dd8d460000 Uncommon trap: reason=unstable_if action=reinterpret pc=0x000001dd36fde1d4 method=org.gradle.internal.execution.DefaultWorkExecutionTracker$OperationListener.started(Lorg/gradle/internal/operations/BuildOperationDescriptor;Lorg/gradle/internal/operations/
Event: 65.289 Thread 0x000001dd8d460000 DEOPT PACKING pc=0x000001dd36fde1d4 sp=0x000000709aafbd60
Event: 65.289 Thread 0x000001dd8d460000 DEOPT UNPACKING pc=0x000001dd362446a2 sp=0x000000709aafbce0 mode 2
Event: 65.304 Thread 0x000001dd8d460000 Uncommon trap: trap_request=0xffffff45 fr.pc=0x000001dd36fcfb30 relative=0x00000000000000f0
Event: 65.304 Thread 0x000001dd8d460000 Uncommon trap: reason=unstable_if action=reinterpret pc=0x000001dd36fcfb30 method=org.gradle.internal.execution.DefaultWorkExecutionTracker$OperationListener.finished(Lorg/gradle/internal/operations/BuildOperationDescriptor;Lorg/gradle/internal/operations
Event: 65.304 Thread 0x000001dd8d460000 DEOPT PACKING pc=0x000001dd36fcfb30 sp=0x000000709aafbd60
Event: 65.304 Thread 0x000001dd8d460000 DEOPT UNPACKING pc=0x000001dd362446a2 sp=0x000000709aafbcd8 mode 2
Event: 65.310 Thread 0x000001dd8d460000 Uncommon trap: trap_request=0xfffffff4 fr.pc=0x000001dd370b7b5c relative=0x000000000000455c
Event: 65.310 Thread 0x000001dd8d460000 Uncommon trap: reason=null_check action=make_not_entrant pc=0x000001dd370b7b5c method=org.gradle.api.internal.changedetection.state.CachingFileHasher.snapshot(Ljava/io/File;JJ)Lorg/gradle/api/internal/changedetection/state/CachingFileHasher$FileInfo; @ 31
Event: 65.310 Thread 0x000001dd8d460000 DEOPT PACKING pc=0x000001dd370b7b5c sp=0x000000709aafcb00
Event: 65.310 Thread 0x000001dd8d460000 DEOPT UNPACKING pc=0x000001dd362446a2 sp=0x000000709aafc918 mode 2
Event: 65.313 Thread 0x000001dd8d460000 Uncommon trap: trap_request=0xffffff45 fr.pc=0x000001dd370074e4 relative=0x0000000000000704
Event: 65.313 Thread 0x000001dd8d460000 Uncommon trap: reason=unstable_if action=reinterpret pc=0x000001dd370074e4 method=org.gradle.internal.snapshot.VfsRelativePath.lengthOfCommonPrefix(Ljava/lang/String;Lorg/gradle/internal/snapshot/CaseSensitivity;)I @ 117 c2
Event: 65.313 Thread 0x000001dd8d460000 DEOPT PACKING pc=0x000001dd370074e4 sp=0x000000709aafca20
Event: 65.313 Thread 0x000001dd8d460000 DEOPT UNPACKING pc=0x000001dd362446a2 sp=0x000000709aafc9a8 mode 2
Event: 65.591 Thread 0x000001dd8d460000 Uncommon trap: trap_request=0xffffff45 fr.pc=0x000001dd36abe680 relative=0x0000000000004ce0
Event: 65.591 Thread 0x000001dd8d460000 Uncommon trap: reason=unstable_if action=reinterpret pc=0x000001dd36abe680 method=kotlin.io.FilesKt__FilePathComponentsKt.getRootLength$FilesKt__FilePathComponentsKt(Ljava/lang/String;)I @ 90 c2
Event: 65.591 Thread 0x000001dd8d460000 DEOPT PACKING pc=0x000001dd36abe680 sp=0x000000709aafbc90
Event: 65.591 Thread 0x000001dd8d460000 DEOPT UNPACKING pc=0x000001dd362446a2 sp=0x000000709aafbbe0 mode 2

Classes loaded (20 events):
Event: 33.884 Loading class sun/rmi/transport/DGCImpl$1
Event: 33.884 Loading class sun/rmi/transport/DGCImpl$1 done
Event: 33.884 Loading class sun/rmi/transport/SequenceEntry
Event: 33.884 Loading class sun/rmi/transport/SequenceEntry done
Event: 45.866 Loading class sun/rmi/transport/DGCClient$EndpointEntry$CleanRequest
Event: 45.867 Loading class sun/rmi/transport/DGCClient$EndpointEntry$CleanRequest done
Event: 50.241 Loading class java/rmi/server/Unreferenced
Event: 50.241 Loading class java/rmi/server/Unreferenced done
Event: 54.411 Loading class java/time/Instant$1
Event: 54.411 Loading class java/time/Instant$1 done
Event: 62.676 Loading class java/io/FileReader
Event: 62.676 Loading class java/io/FileReader done
Event: 64.759 Loading class java/util/PriorityQueue
Event: 64.760 Loading class java/util/PriorityQueue done
Event: 65.303 Loading class sun/nio/ch/ChannelOutputStream
Event: 65.303 Loading class sun/nio/ch/ChannelOutputStream done
Event: 65.313 Loading class java/nio/file/StandardCopyOption
Event: 65.313 Loading class java/nio/file/StandardCopyOption done
Event: 65.313 Loading class sun/nio/fs/WindowsFileCopy
Event: 65.314 Loading class sun/nio/fs/WindowsFileCopy done

Classes unloaded (0 events):
No events

Classes redefined (0 events):
No events

Internal exceptions (20 events):
Event: 33.644 Thread 0x000001dd8ecf98d0 Exception <a 'java/lang/NoSuchMethodError'{0x000000008a74da10}: 'java.lang.Object java.lang.invoke.DirectMethodHandle$Holder.invokeSpecial(java.lang.Object, java.lang.Object, int, java.lang.Object, long)'> (0x000000008a74da10) 
thrown [s\open\src\hotspot\share\interpreter\linkResolver.cpp, line 773]
Event: 33.645 Thread 0x000001dd8ecf98d0 Exception <a 'java/lang/NoSuchMethodError'{0x000000008a754338}: 'java.lang.Object java.lang.invoke.DirectMethodHandle$Holder.newInvokeSpecial(java.lang.Object, java.lang.Object, int, java.lang.Object, long)'> (0x000000008a754338) 
thrown [s\open\src\hotspot\share\interpreter\linkResolver.cpp, line 773]
Event: 33.682 Thread 0x000001dd8ecfee20 Exception <a 'java/lang/NoSuchMethodError'{0x000000008a792f70}: static Lorg/jetbrains/kotlin/daemon/common/CompileService$CallResult;.<clinit>()V> (0x000000008a792f70) 
thrown [s\open\src\hotspot\share\prims\jni.cpp, line 1106]
Event: 33.683 Thread 0x000001dd8ecfee20 Exception <a 'java/lang/NoSuchMethodError'{0x000000008a79f278}: static Lorg/jetbrains/kotlin/daemon/common/CompileService$CallResult$Good;.<clinit>()V> (0x000000008a79f278) 
thrown [s\open\src\hotspot\share\prims\jni.cpp, line 1106]
Event: 33.685 Thread 0x000001dd8ecfee20 Exception <a 'java/lang/NoSuchMethodError'{0x000000008a7ac570}: static Lorg/jetbrains/kotlin/daemon/common/DaemonJVMOptions;.<clinit>()V> (0x000000008a7ac570) 
thrown [s\open\src\hotspot\share\prims\jni.cpp, line 1106]
Event: 33.699 Thread 0x000001dd8ecfee20 Exception <a 'java/lang/NoSuchMethodError'{0x000000008a7c7220}: static Lorg/jetbrains/kotlin/daemon/common/CompileService$CallResult$Ok;.<clinit>()V> (0x000000008a7c7220) 
thrown [s\open\src\hotspot\share\prims\jni.cpp, line 1106]
Event: 33.771 Thread 0x000001dd8ecfee20 Exception <a 'java/lang/NoSuchMethodError'{0x000000008a55f4f0}: static [Ljava/lang/Integer;.<clinit>()V> (0x000000008a55f4f0) 
thrown [s\open\src\hotspot\share\prims\jni.cpp, line 1106]
Event: 45.022 Thread 0x000001dd8ecfac80 Exception <a 'java/lang/NoSuchMethodError'{0x000000008a3f44a8}: 'void java.lang.invoke.DirectMethodHandle$Holder.invokeInterface(java.lang.Object, java.lang.Object, int, java.lang.Object)'> (0x000000008a3f44a8) 
thrown [s\open\src\hotspot\share\interpreter\linkResolver.cpp, line 773]
Event: 45.022 Thread 0x000001dd8ecfac80 Exception <a 'java/lang/NoSuchMethodError'{0x000000008a3f8030}: 'void java.lang.invoke.DelegatingMethodHandle$Holder.reinvoke_L(java.lang.Object, java.lang.Object, int, java.lang.Object)'> (0x000000008a3f8030) 
thrown [s\open\src\hotspot\share\interpreter\linkResolver.cpp, line 773]
Event: 45.042 Thread 0x000001dd8ecfac80 Exception <a 'java/lang/NoSuchMethodError'{0x000000008a217a90}: 'void java.lang.invoke.DelegatingMethodHandle$Holder.reinvoke_L(java.lang.Object, java.lang.Object, int, int, java.lang.Object, java.lang.Object)'> (0x000000008a217a90) 
thrown [s\open\src\hotspot\share\interpreter\linkResolver.cpp, line 773]
Event: 45.868 Thread 0x000001dd8ecf98d0 Implicit null exception at 0x000001dd36b8798b to 0x000001dd36b87a4c
Event: 62.371 Thread 0x000001dd8cfdc260 Exception <a 'java/lang/NoSuchMethodError'{0x000000008aa499b8}: static Ljava/lang/Object;.<clinit>()V> (0x000000008aa499b8) 
thrown [s\open\src\hotspot\share\prims\jni.cpp, line 1106]
Event: 62.509 Thread 0x000001dd8ce20f50 Implicit null exception at 0x000001dd36a56787 to 0x000001dd36a5684c
Event: 62.514 Thread 0x000001dd8cfdc260 Implicit null exception at 0x000001dd3693d833 to 0x000001dd3693e75c
Event: 62.514 Thread 0x000001dd8cfdc260 Implicit null exception at 0x000001dd36d34a03 to 0x000001dd36d35470
Event: 62.515 Thread 0x000001dd8cfdc260 Implicit null exception at 0x000001dd36c2f747 to 0x000001dd36c2fa4c
Event: 62.582 Thread 0x000001dd8cfdc260 Implicit null exception at 0x000001dd36ccd47b to 0x000001dd36ccd91c
Event: 62.582 Thread 0x000001dd8cfdc260 Implicit null exception at 0x000001dd36a4955e to 0x000001dd36a495b5
Event: 64.753 Thread 0x000001dd8cfdc260 Exception <a 'java/lang/IncompatibleClassChangeError'{0x000000008c372278}: Found class java.lang.Object, but interface was expected> (0x000000008c372278) 
thrown [s\open\src\hotspot\share\interpreter\linkResolver.cpp, line 840]
Event: 65.310 Thread 0x000001dd8d460000 Implicit null exception at 0x000001dd370b41b0 to 0x000001dd370b7b2c

ZGC Phase Switch (0 events):
No events

VM Operations (20 events):
Event: 62.478 Executing VM operation: HandshakeAllThreads (Deoptimize) done
Event: 62.492 Executing VM operation: HandshakeAllThreads (Deoptimize)
Event: 62.493 Executing VM operation: HandshakeAllThreads (Deoptimize) done
Event: 62.496 Executing VM operation: G1CollectForAllocation (G1 Evacuation Pause)
Event: 62.508 Executing VM operation: G1CollectForAllocation (G1 Evacuation Pause) done
Event: 63.276 Executing VM operation: ICBufferFull
Event: 63.276 Executing VM operation: ICBufferFull done
Event: 63.680 Executing VM operation: HandshakeAllThreads (Deoptimize)
Event: 63.680 Executing VM operation: HandshakeAllThreads (Deoptimize) done
Event: 63.761 Executing VM operation: G1CollectForAllocation (G1 Evacuation Pause)
Event: 63.786 Executing VM operation: G1CollectForAllocation (G1 Evacuation Pause) done
Event: 64.786 Executing VM operation: Cleanup
Event: 64.786 Executing VM operation: Cleanup done
Event: 65.008 Executing VM operation: G1CollectForAllocation (G1 Evacuation Pause)
Event: 65.030 Executing VM operation: G1CollectForAllocation (G1 Evacuation Pause) done
Event: 65.198 Executing VM operation: G1PauseRemark
Event: 65.222 Executing VM operation: G1PauseRemark done
Event: 65.288 Executing VM operation: G1PauseCleanup
Event: 65.288 Executing VM operation: G1PauseCleanup done
Event: 65.828 Executing VM operation: G1CollectForAllocation (G1 Evacuation Pause)

Events (20 events):
Event: 65.219 Thread 0x000001dd432185f0 flushing nmethod 0x000001dd36bdbf10
Event: 65.219 Thread 0x000001dd432185f0 flushing nmethod 0x000001dd36bd8f90
Event: 65.219 Thread 0x000001dd432185f0 flushing nmethod 0x000001dd36bab110
Event: 65.219 Thread 0x000001dd432185f0 flushing nmethod 0x000001dd36b71090
Event: 65.219 Thread 0x000001dd432185f0 flushing nmethod 0x000001dd36b42a10
Event: 65.219 Thread 0x000001dd432185f0 flushing nmethod 0x000001dd36b59590
Event: 65.219 Thread 0x000001dd432185f0 flushing nmethod 0x000001dd36b4b290
Event: 65.219 Thread 0x000001dd432185f0 flushing nmethod 0x000001dd36b20b10
Event: 65.219 Thread 0x000001dd432185f0 flushing nmethod 0x000001dd36ab6c10
Event: 65.219 Thread 0x000001dd432185f0 flushing nmethod 0x000001dd36a88890
Event: 65.219 Thread 0x000001dd432185f0 flushing nmethod 0x000001dd36938e90
Event: 65.219 Thread 0x000001dd432185f0 flushing nmethod 0x000001dd369f0190
Event: 65.219 Thread 0x000001dd432185f0 flushing nmethod 0x000001dd369d7f90
Event: 65.219 Thread 0x000001dd432185f0 flushing nmethod 0x000001dd3698e890
Event: 65.219 Thread 0x000001dd432185f0 flushing nmethod 0x000001dd36943e10
Event: 65.219 Thread 0x000001dd432185f0 flushing nmethod 0x000001dd36910b10
Event: 65.219 Thread 0x000001dd432185f0 flushing nmethod 0x000001dd367e1210
Event: 65.219 Thread 0x000001dd432185f0 flushing nmethod 0x000001dd3681d210
Event: 65.501 Thread 0x000001dd8fd285e0 Thread exited: 0x000001dd8fd285e0
Event: 65.596 Thread 0x000001dd8fd29a50 Thread added: 0x000001dd8fd29a50


Dynamic libraries:
0x00007ff73e310000 - 0x00007ff73e320000 	C:\Program Files\Java\jdk-21\bin\java.exe
0x00007ffccb720000 - 0x00007ffccb987000 	C:\WINDOWS\SYSTEM32\ntdll.dll
0x00007ffccad90000 - 0x00007ffccae59000 	C:\WINDOWS\System32\KERNEL32.DLL
0x00007ffcc8380000 - 0x00007ffcc8771000 	C:\WINDOWS\System32\KERNELBASE.dll
0x00007ffcc80c0000 - 0x00007ffcc820b000 	C:\WINDOWS\System32\ucrtbase.dll
0x00007ffc6ab60000 - 0x00007ffc6ab7b000 	C:\Program Files\Java\jdk-21\bin\VCRUNTIME140.dll
0x00007ffc6ab80000 - 0x00007ffc6ab99000 	C:\Program Files\Java\jdk-21\bin\jli.dll
0x00007ffccaba0000 - 0x00007ffccac5b000 	C:\WINDOWS\System32\ADVAPI32.dll
0x00007ffcc9d70000 - 0x00007ffcc9e19000 	C:\WINDOWS\System32\msvcrt.dll
0x00007ffccb0c0000 - 0x00007ffccb167000 	C:\WINDOWS\System32\sechost.dll
0x00007ffccb200000 - 0x00007ffccb318000 	C:\WINDOWS\System32\RPCRT4.dll
0x00007ffcca8f0000 - 0x00007ffccaab5000 	C:\WINDOWS\System32\USER32.dll
0x00007ffcad5b0000 - 0x00007ffcad843000 	C:\WINDOWS\WinSxS\amd64_microsoft.windows.common-controls_6595b64144ccf1df_6.0.26100.8037_none_3e092faae333b53b\COMCTL32.dll
0x00007ffcc8830000 - 0x00007ffcc8857000 	C:\WINDOWS\System32\win32u.dll
0x00007ffccb6b0000 - 0x00007ffccb6db000 	C:\WINDOWS\System32\GDI32.dll
0x00007ffcc8a90000 - 0x00007ffcc8bbb000 	C:\WINDOWS\System32\gdi32full.dll
0x00007ffcc1b30000 - 0x00007ffcc1b3b000 	C:\WINDOWS\SYSTEM32\VERSION.dll
0x00007ffcc8860000 - 0x00007ffcc8903000 	C:\WINDOWS\System32\msvcp_win.dll
0x00007ffccae60000 - 0x00007ffccae91000 	C:\WINDOWS\System32\IMM32.DLL
0x00007ffc6ab50000 - 0x00007ffc6ab5c000 	C:\Program Files\Java\jdk-21\bin\vcruntime140_1.dll
0x00007ffc6aac0000 - 0x00007ffc6ab4e000 	C:\Program Files\Java\jdk-21\bin\msvcp140.dll
0x00007ffbde1b0000 - 0x00007ffbdeec5000 	C:\Program Files\Java\jdk-21\bin\server\jvm.dll
0x00007ffccb4c0000 - 0x00007ffccb534000 	C:\WINDOWS\System32\WS2_32.dll
0x00007ffcc7e60000 - 0x00007ffcc7ebe000 	C:\WINDOWS\SYSTEM32\POWRPROF.dll
0x00007ffcc1af0000 - 0x00007ffcc1b25000 	C:\WINDOWS\SYSTEM32\WINMM.dll
0x00007ffcc7e40000 - 0x00007ffcc7e54000 	C:\WINDOWS\SYSTEM32\UMPDC.dll
0x00007ffcc6d90000 - 0x00007ffcc6dab000 	C:\WINDOWS\SYSTEM32\kernel.appcore.dll
0x00007ffc54fd0000 - 0x00007ffc54fda000 	C:\Program Files\Java\jdk-21\bin\jimage.dll
0x00007ffcbdf60000 - 0x00007ffcbe1a2000 	C:\WINDOWS\SYSTEM32\DBGHELP.DLL
0x00007ffcc99d0000 - 0x00007ffcc9d52000 	C:\WINDOWS\System32\combase.dll
0x00007ffccaac0000 - 0x00007ffccab97000 	C:\WINDOWS\System32\OLEAUT32.dll
0x00007ffcacae0000 - 0x00007ffcacb1b000 	C:\WINDOWS\SYSTEM32\dbgcore.DLL
0x00007ffcc8780000 - 0x00007ffcc8825000 	C:\WINDOWS\System32\bcryptPrimitives.dll
0x00007ffcc3ce0000 - 0x00007ffcc3cef000 	C:\Program Files\Java\jdk-21\bin\instrument.dll
0x00007ffc4fac0000 - 0x00007ffc4fadf000 	C:\Program Files\Java\jdk-21\bin\java.dll
0x00007ffcc9f80000 - 0x00007ffcca6df000 	C:\WINDOWS\System32\SHELL32.dll
0x00007ffcc8210000 - 0x00007ffcc837a000 	C:\WINDOWS\System32\wintypes.dll
0x00007ffcc8bc0000 - 0x00007ffcc9424000 	C:\WINDOWS\System32\windows.storage.dll
0x00007ffccb5b0000 - 0x00007ffccb6a7000 	C:\WINDOWS\System32\SHCORE.dll
0x00007ffccb540000 - 0x00007ffccb5a7000 	C:\WINDOWS\System32\shlwapi.dll
0x00007ffcc7f20000 - 0x00007ffcc7f49000 	C:\WINDOWS\SYSTEM32\profapi.dll
0x00007ffc41870000 - 0x00007ffc41947000 	C:\Program Files\Java\jdk-21\bin\jsvml.dll
0x00007ffc4fa70000 - 0x00007ffc4fa88000 	C:\Program Files\Java\jdk-21\bin\zip.dll
0x00007ffc4fab0000 - 0x00007ffc4fac0000 	C:\Program Files\Java\jdk-21\bin\net.dll
0x00007ffcbf050000 - 0x00007ffcbf177000 	C:\WINDOWS\SYSTEM32\WINHTTP.dll
0x00007ffcc7300000 - 0x00007ffcc736b000 	C:\WINDOWS\system32\mswsock.dll
0x00007ffc4fa90000 - 0x00007ffc4faa6000 	C:\Program Files\Java\jdk-21\bin\nio.dll
0x00007ffc4fa60000 - 0x00007ffc4fa70000 	C:\Program Files\Java\jdk-21\bin\verify.dll
0x00007ffbc0da0000 - 0x00007ffbc0dc7000 	C:\Users\perez\.gradle\native\1def1411415f61bf3af743bc5b6707747c0891f09f0c88961ee8f79bc544acac\windows-amd64\native-platform.dll
0x00007ffbbeed0000 - 0x00007ffbbef48000 	C:\Users\perez\.gradle\native\0.2.7\x86_64-windows-gnu\gradle-fileevents.dll
0x00007ffc48920000 - 0x00007ffc4892a000 	C:\Program Files\Java\jdk-21\bin\management.dll
0x00007ffc48910000 - 0x00007ffc4891b000 	C:\Program Files\Java\jdk-21\bin\management_ext.dll
0x00007ffcc9d60000 - 0x00007ffcc9d68000 	C:\WINDOWS\System32\PSAPI.DLL
0x00007ffcc6740000 - 0x00007ffcc6773000 	C:\WINDOWS\SYSTEM32\IPHLPAPI.DLL
0x00007ffccb170000 - 0x00007ffccb17a000 	C:\WINDOWS\System32\NSI.dll
0x00007ffc48900000 - 0x00007ffc48907000 	C:\Program Files\Java\jdk-21\bin\extnet.dll
0x00007ffcc75e0000 - 0x00007ffcc75fb000 	C:\WINDOWS\SYSTEM32\CRYPTSP.dll
0x00007ffcc6cf0000 - 0x00007ffcc6d29000 	C:\WINDOWS\system32\rsaenh.dll
0x00007ffcc73b0000 - 0x00007ffcc73e2000 	C:\WINDOWS\SYSTEM32\USERENV.dll
0x00007ffcc7ef0000 - 0x00007ffcc7f1a000 	C:\WINDOWS\SYSTEM32\bcrypt.dll
0x00007ffcc7600000 - 0x00007ffcc760c000 	C:\WINDOWS\SYSTEM32\CRYPTBASE.dll
0x00007ffc48930000 - 0x00007ffc4893e000 	C:\Program Files\Java\jdk-21\bin\sunmscapi.dll
0x00007ffcc8910000 - 0x00007ffcc8a87000 	C:\WINDOWS\System32\CRYPT32.dll
0x00007ffcc7800000 - 0x00007ffcc7830000 	C:\WINDOWS\SYSTEM32\ncrypt.dll
0x00007ffcc77b0000 - 0x00007ffcc77ef000 	C:\WINDOWS\SYSTEM32\NTASN1.dll
0x00007ffcb16a0000 - 0x00007ffcb16a8000 	C:\WINDOWS\system32\wshunix.dll
0x00007ffca28c0000 - 0x00007ffca28d8000 	C:\WINDOWS\system32\napinsp.dll
0x00007ffcc67f0000 - 0x00007ffcc691a000 	C:\WINDOWS\SYSTEM32\DNSAPI.dll
0x00007ffca1ab0000 - 0x00007ffca1ac2000 	C:\WINDOWS\System32\winrnr.dll
0x00007ffca1a80000 - 0x00007ffca1aa2000 	C:\WINDOWS\system32\nlansp_c.dll
0x00007ffca1a60000 - 0x00007ffca1a76000 	C:\WINDOWS\system32\wshbth.dll
0x00007ffcbf7e0000 - 0x00007ffcbf7eb000 	C:\Windows\System32\rasadhlp.dll
0x00007ffcc32d0000 - 0x00007ffcc3356000 	C:\WINDOWS\System32\fwpuclnt.dll
0x00007ffcbcab0000 - 0x00007ffcbcace000 	C:\Users\perez\AppData\Local\Temp\native-platform1547926286181087110dir\native-platform.dll
0x00007ffcbcaa0000 - 0x00007ffcbcaa7000 	C:\Program Files\Java\jdk-21\bin\rmi.dll

dbghelp: loaded successfully - version: 4.0.5 - missing functions: none
symbol engine: initialized successfully - sym options: 0x614 - pdb path: .;C:\Program Files\Java\jdk-21\bin;C:\WINDOWS\SYSTEM32;C:\WINDOWS\WinSxS\amd64_microsoft.windows.common-controls_6595b64144ccf1df_6.0.26100.8037_none_3e092faae333b53b;C:\Program Files\Java\jdk-21\bin\server;C:\Users\perez\.gradle\native\1def1411415f61bf3af743bc5b6707747c0891f09f0c88961ee8f79bc544acac\windows-amd64;C:\Users\perez\.gradle\native\0.2.7\x86_64-windows-gnu;C:\Users\perez\AppData\Local\Temp\native-platform1547926286181087110dir

VM Arguments:
jvm_args: --add-opens=java.base/java.lang=ALL-UNNAMED --add-opens=java.base/java.lang.invoke=ALL-UNNAMED --add-opens=java.base/java.util=ALL-UNNAMED --add-opens=java.prefs/java.util.prefs=ALL-UNNAMED --add-exports=jdk.compiler/com.sun.tools.javac.api=ALL-UNNAMED --add-exports=jdk.compiler/com.sun.tools.javac.util=ALL-UNNAMED --add-opens=java.base/java.util=ALL-UNNAMED --add-opens=java.prefs/java.util.prefs=ALL-UNNAMED --add-opens=java.base/java.nio.charset=ALL-UNNAMED --add-opens=java.base/java.net=ALL-UNNAMED --add-opens=java.base/java.util.concurrent.atomic=ALL-UNNAMED --add-opens=java.xml/javax.xml.namespace=ALL-UNNAMED -Xmx2048m -Dfile.encoding=UTF-8 -Duser.country=CO -Duser.language=es -Duser.variant -javaagent:C:\Users\perez\.gradle\wrapper\dists\gradle-8.13-bin\5xuhj0ry160q40clulazy9h7d\gradle-8.13\lib\agents\gradle-instrumentation-agent-8.13.jar 
java_command: org.gradle.launcher.daemon.bootstrap.GradleDaemon 8.13
java_class_path (initial): C:\Users\perez\.gradle\wrapper\dists\gradle-8.13-bin\5xuhj0ry160q40clulazy9h7d\gradle-8.13\lib\gradle-daemon-main-8.13.jar
Launcher Type: SUN_STANDARD

[Global flags]
     intx CICompilerCount                          = 4                                         {product} {ergonomic}
     uint ConcGCThreads                            = 2                                         {product} {ergonomic}
     uint G1ConcRefinementThreads                  = 8                                         {product} {ergonomic}
   size_t G1HeapRegionSize                         = 1048576                                   {product} {ergonomic}
    uintx GCDrainStackTargetSize                   = 64                                        {product} {ergonomic}
   size_t InitialHeapSize                          = 123731968                                 {product} {ergonomic}
   size_t MarkStackSize                            = 4194304                                   {product} {ergonomic}
   size_t MaxHeapSize                              = 2147483648                                {product} {command line}
   size_t MaxNewSize                               = 1287651328                                {product} {ergonomic}
   size_t MinHeapDeltaBytes                        = 1048576                                   {product} {ergonomic}
   size_t MinHeapSize                              = 8388608                                   {product} {ergonomic}
    uintx NonNMethodCodeHeapSize                   = 5839372                                {pd product} {ergonomic}
    uintx NonProfiledCodeHeapSize                  = 122909434                              {pd product} {ergonomic}
    uintx ProfiledCodeHeapSize                     = 122909434                              {pd product} {ergonomic}
    uintx ReservedCodeCacheSize                    = 251658240                              {pd product} {ergonomic}
     bool SegmentedCodeCache                       = true                                      {product} {ergonomic}
   size_t SoftMaxHeapSize                          = 2147483648                             {manageable} {ergonomic}
     bool UseCompressedOops                        = true                           {product lp64_product} {ergonomic}
     bool UseG1GC                                  = true                                      {product} {ergonomic}
     bool UseLargePagesIndividualAllocation        = false                                  {pd product} {ergonomic}

Logging:
Log output configuration:
 #0: stdout all=warning uptime,level,tags foldmultilines=false
 #1: stderr all=off uptime,level,tags foldmultilines=false

Environment Variables:
CLASSPATH=C:\Users\perez\Downloads\Movil_chicamocha\MobileApp_UsoChicamocha\\gradle\wrapper\gradle-wrapper.jar
PATH=C:\Program Files\dotnet\;C:\ORECLE\dbhomeXE\bin;C:\app\perez\product\21c\dbhomeXE\bin;C:\Program Files\Common Files\Oracle\Java\javapath;C:\Program Files (x86)\Common Files\Oracle\Java\javapath;C:\WINDOWS\system32;C:\WINDOWS;C:\WINDOWS\System32\Wbem;C:\WINDOWS\System32\WindowsPowerShell\v1.0\;C:\WINDOWS\System32\OpenSSH\;C:\Program Files\HP\HP One Agent;C:\Program Files (x86)\Microsoft SQL Server\160\Tools\Binn\;C:\Program Files\Microsoft SQL Server\160\Tools\Binn\;C:\Program Files\Microsoft SQL Server\Client SDK\ODBC\170\Tools\Binn\;C:\Program Files\Microsoft SQL Server\160\DTS\Binn\;C:\Program Files (x86)\Microsoft SQL Server\160\DTS\Binn\;C:\Program Files\Microsoft SQL Server\150\Tools\Binn\;C:\xampp\php;C:\ProgramData\ComposerSetup\bin;C:\flutter\bin;C:\Users\perez\AppData\Local\Android\Sdk\platform-tools;C:\Program Files\Git\cmd;C:\Program Files\nodejs\;C:\WINDOWS\system32;C:\WINDOWS;C:\WINDOWS\System32\Wbem;C:\WINDOWS\System32\WindowsPowerShell\v1.0\;C:\WINDOWS\System32\OpenSSH\;C:\Program Files\ngrok;C:\Program Files\cursor\resources\app\bin;C:\Users\perez\.config\herd\bin\nvm;C:\Program Files\nodejs;C:\Users\perez\.config\herd\bin;C:\Users\perez\AppData\Local\Programs\Python\Python313\Scripts\;C:\Users\perez\AppData\Local\Programs\Python\Python313\;C:\Users\perez\AppData\Local\Programs\oh-my-posh\bin\;C:\Program Files\MySQL\MySQL Shell 8.0\bin\;C:\xampp\php\php.exe;C:\Users\perez\AppData\Local\Programs\Microsoft VS Code\bin;C:\Users\perez\AppData\Roaming\Composer\vendor\bin;C:\Users\perez\AppData\Local\GitHubDesktop\bin;C:\Users\perez\.dotnet\tools;C:\Users\perez\.deno\bin;C:\Users\perez\AppData\Roaming\npm;C:\Users\perez\AppData\Local\Microsoft\WindowsApps;C:\ngrok;C:\Users\perez\AppData\Local\Programs\Antigravity\bin;C:\Users\perez\AppData\Local\Programs\Ollama
USERNAME=perez
OS=Windows_NT
PROCESSOR_IDENTIFIER=AMD64 Family 23 Model 104 Stepping 1, AuthenticAMD
TMP=C:\Users\perez\AppData\Local\Temp
TEMP=C:\Users\perez\AppData\Local\Temp




Periodic native trim disabled

---------------  S Y S T E M  ---------------

OS:
 Windows 11 , 64 bit Build 26100 (10.0.26100.7920)
OS uptime: 0 days 1:48 hours
Hyper-V role detected

CPU: total 8 (initial active 8) (8 cores per cpu, 2 threads per core) family 23 model 104 stepping 1 microcode 0x8608107, cx8, cmov, fxsr, ht, mmx, 3dnowpref, sse, sse2, sse3, ssse3, sse4a, sse4.1, sse4.2, popcnt, lzcnt, tsc, tscinvbit, avx, avx2, aes, clmul, bmi1, bmi2, adx, sha, fma, vzeroupper, clflush, clflushopt, hv, rdtscp, rdpid, f16c
Processor Information for all 8 processors :
  Max Mhz: 2600, Current Mhz: 2600, Mhz Limit: 2600

Memory: 4k page, system-wide physical 7502M (545M free)
TotalPageFile size 30030M (AvailPageFile size 28M)
current process WorkingSet (physical memory assigned to process): 433M, peak: 515M
current process commit charge ("private bytes"): 636M, peak: 652M

vm_info: Java HotSpot(TM) 64-Bit Server VM (21.0.1+12-LTS-29) for windows-amd64 JRE (21.0.1+12-LTS-29), built on 2023-10-05T13:27:09Z by "mach5one" with MS VC++ 17.1 (VS2022)

END.
