#
# There is insufficient memory for the Java Runtime Environment to continue.
# Native memory allocation (mmap) failed to map 383778816 bytes. Error detail: G1 virtual space
# Possible reasons:
#   The system is out of physical RAM or swap space
#   This process is running with CompressedOops enabled, and the Java Heap may be blocking the growth of the native heap
# Possible solutions:
#   Reduce memory load on the system
#   Increase physical memory or swap space
#   Check if swap backing store is full
#   Decrease Java heap size (-Xmx/-Xms)
#   Decrease number of Java threads
#   Decrease Java thread stack sizes (-Xss)
#   Set larger code cache with -XX:ReservedCodeCacheSize=
#   JVM is running with Unscaled Compressed Oops mode in which the Java heap is
#     placed in the first 4GB address space. The Java Heap base address is the
#     maximum limit for the native heap growth. Please use -XX:HeapBaseMinAddress
#     to set the Java Heap base and to place the Java Heap above 4GB virtual address.
# This output file may be truncated or incomplete.
#
#  Out of Memory Error (os_windows.cpp:3690), pid=24932, tid=25324
#
# JRE version: OpenJDK Runtime Environment Microsoft-13106358 (17.0.18+8) (build 17.0.18+8-LTS)
# Java VM: OpenJDK 64-Bit Server VM Microsoft-13106358 (17.0.18+8-LTS, mixed mode, sharing, tiered, compressed oops, compressed class ptrs, g1 gc, windows-amd64)
# No core dump will be written. Minidumps are not enabled by default on client versions of Windows
#

---------------  S U M M A R Y ------------

Command Line: --add-opens=java.base/java.lang=ALL-UNNAMED --add-opens=java.base/java.lang.invoke=ALL-UNNAMED --add-opens=java.base/java.util=ALL-UNNAMED --add-opens=java.prefs/java.util.prefs=ALL-UNNAMED --add-exports=jdk.compiler/com.sun.tools.javac.api=ALL-UNNAMED --add-exports=jdk.compiler/com.sun.tools.javac.util=ALL-UNNAMED --add-opens=java.base/java.util=ALL-UNNAMED --add-opens=java.prefs/java.util.prefs=ALL-UNNAMED --add-opens=java.base/java.nio.charset=ALL-UNNAMED --add-opens=java.base/java.net=ALL-UNNAMED --add-opens=java.base/java.util.concurrent.atomic=ALL-UNNAMED --add-opens=java.xml/javax.xml.namespace=ALL-UNNAMED -Xmx2048m -Dfile.encoding=UTF-8 -Duser.country=CO -Duser.language=es -Duser.variant -javaagent:C:\Users\perez\AndroidStudioProjects\MyApplication\wrapper\dists\gradle-8.13-bin\5xuhj0ry160q40clulazy9h7d\gradle-8.13\lib\agents\gradle-instrumentation-agent-8.13.jar org.gradle.launcher.daemon.bootstrap.GradleDaemon 8.13

Host: AMD Ryzen 3 5300U with Radeon Graphics         , 8 cores, 7G,  Windows 11 , 64 bit Build 26100 (10.0.26100.7920)
Time: Fri Mar 20 15:18:13 2026 Hora est. Pacífico, Sudamérica elapsed time: 4042.528433 seconds (0d 1h 7m 22s)

---------------  T H R E A D  ---------------

Current thread (0x0000022e7f575670):  VMThread "VM Thread" [stack: 0x000000bbd3b00000,0x000000bbd3c00000] [id=25324]

Stack: [0x000000bbd3b00000,0x000000bbd3c00000]
Native frames: (J=compiled Java code, j=interpreted, Vv=VM code, C=native code)
V  [jvm.dll+0x68c879]  (no source info available)
V  [jvm.dll+0x845979]  (no source info available)
V  [jvm.dll+0x8476e8]  (no source info available)
V  [jvm.dll+0x847d73]  (no source info available)
V  [jvm.dll+0x24cf6f]  (no source info available)
V  [jvm.dll+0x68bc79]  (no source info available)
V  [jvm.dll+0x68023a]  (no source info available)
V  [jvm.dll+0x3101a0]  (no source info available)
V  [jvm.dll+0x310042]  (no source info available)
V  [jvm.dll+0x317599]  (no source info available)
V  [jvm.dll+0x369999]  (no source info available)
V  [jvm.dll+0x369bcd]  (no source info available)
V  [jvm.dll+0x2e69aa]  (no source info available)
V  [jvm.dll+0x2e4da1]  (no source info available)
V  [jvm.dll+0x2e453c]  (no source info available)
V  [jvm.dll+0x328ecb]  (no source info available)
V  [jvm.dll+0x84c5fd]  (no source info available)
V  [jvm.dll+0x84d313]  (no source info available)
V  [jvm.dll+0x84d844]  (no source info available)
V  [jvm.dll+0x84dc28]  (no source info available)
V  [jvm.dll+0x84dd1e]  (no source info available)
V  [jvm.dll+0x7f5ebc]  (no source info available)
V  [jvm.dll+0x68de17]  (no source info available)
C  [ucrtbase.dll+0x37b0]  (no source info available)
C  [KERNEL32.DLL+0x2e8d7]  (no source info available)
C  [ntdll.dll+0x8c48c]  (no source info available)

VM_Operation (0x000000bbdbdfd2c0): G1CollectForAllocation, mode: safepoint, requested by thread 0x0000022e5c5f4e00


---------------  P R O C E S S  ---------------

Threads class SMR info:
_java_thread_list=0x0000022e633b1800, length=131, elements={
0x0000022e721db500, 0x0000022e7f578660, 0x0000022e7f57ad50, 0x0000022e7f590f50,
0x0000022e7f593440, 0x0000022e7f593920, 0x0000022e7f597e10, 0x0000022e7f5996e0,
0x0000022e7f599cb0, 0x0000022e7f59a1d0, 0x0000022e7f6756c0, 0x0000022e7f7b42b0,
0x0000022e574bd340, 0x0000022e579d8a40, 0x0000022e57c88420, 0x0000022e57d8fbe0,
0x0000022e57d8ecb0, 0x0000022e57d900f0, 0x0000022e57d90b10, 0x0000022e5a974820,
0x0000022e5a9775b0, 0x0000022e5aa9d6c0, 0x0000022e5a856a80, 0x0000022e5a8579b0,
0x0000022e567b9300, 0x0000022e567b9810, 0x0000022e640e3f90, 0x0000022e62e22320,
0x0000022e6429e640, 0x0000022e6429b8b0, 0x0000022e6429b3a0, 0x0000022e6429eb50,
0x0000022e6429bdc0, 0x0000022e6429ccf0, 0x0000022e6429c2d0, 0x0000022e6429d710,
0x0000022e6429c7e0, 0x0000022e62fa7050, 0x0000022e5c9dde40, 0x0000022e6c030ee0,
0x0000022e5c9dc4f0, 0x0000022e5c9df790, 0x0000022e5c9dfca0, 0x0000022e6c0313f0,
0x0000022e6c032320, 0x0000022e6c033250, 0x0000022e64333160, 0x0000022e64332c50,
0x0000022e64334090, 0x0000022e64333670, 0x0000022e64332740, 0x0000022e64333b80,
0x0000022e643345a0, 0x0000022e64334fc0, 0x0000022e64331810, 0x0000022e64331d20,
0x0000022e64021810, 0x0000022e6c02ffb0, 0x0000022e6c031e10, 0x0000022e6c032830,
0x0000022e6c033760, 0x0000022e6c0304c0, 0x0000022e6429d200, 0x0000022e5be28a60,
0x0000022e5c9de350, 0x0000022e62fa8490, 0x0000022e62fa8eb0, 0x0000022e62fa6630,
0x0000022e5cb409e0, 0x0000022e640245a0, 0x0000022e64022740, 0x0000022e64022c50,
0x0000022e62dd6c80, 0x0000022e5be29480, 0x0000022e5be29990, 0x0000022e5ba7aa70,
0x0000022e6c0309d0, 0x0000022e624fc5b0, 0x0000022e624fa750, 0x0000022e624fcfd0,
0x0000022e624fbb90, 0x0000022e62dd9a10, 0x0000022e62dd76a0, 0x0000022e62dd9f20,
0x0000022e62dda430, 0x0000022e62dd80c0, 0x0000022e64021d20, 0x0000022e624fc0a0,
0x0000022e62dd85d0, 0x0000022e62dd8ae0, 0x0000022e62dd8ff0, 0x0000022e62fa7560,
0x0000022e62fa6b40, 0x0000022e6b55e100, 0x0000022e62dd9500, 0x0000022e5c5f2580,
0x0000022e5d0e8920, 0x0000022e624fcac0, 0x0000022e62e22830, 0x0000022e62e22d40,
0x0000022e5c5f34b0, 0x0000022e5c5f2070, 0x0000022e5c9de860, 0x0000022e5c9dca00,
0x0000022e5cb42840, 0x0000022e5c5f48f0, 0x0000022e5d0e74e0, 0x0000022e5d0e6fd0,
0x0000022e5d0e9d60, 0x0000022e5cb40ef0, 0x0000022e5cb42d50, 0x0000022e5cb3fab0,
0x0000022e5cb41910, 0x0000022e5d0e9340, 0x0000022e5d0e8e30, 0x0000022e5d0e79f0,
0x0000022e5d0e65b0, 0x0000022e5d0e7f00, 0x0000022e5d0e9850, 0x0000022e5d0e8410,
0x0000022e5d0e6ac0, 0x0000022e589553b0, 0x0000022e5c9e01b0, 0x0000022e5c5f2a90,
0x0000022e5c5f2fa0, 0x0000022e5c5f3ed0, 0x0000022e5c5f43e0, 0x0000022e5c5f4e00,
0x0000022e5b4c3390, 0x0000022e5b4c28f0, 0x0000022e624f9d30
}

Java Threads: ( => current thread )
  0x0000022e721db500 JavaThread "main" [_thread_blocked, id=8892, stack(0x000000bbd3500000,0x000000bbd3600000)]
  0x0000022e7f578660 JavaThread "Reference Handler" daemon [_thread_blocked, id=23628, stack(0x000000bbd3c00000,0x000000bbd3d00000)]
  0x0000022e7f57ad50 JavaThread "Finalizer" daemon [_thread_blocked, id=27180, stack(0x000000bbd3d00000,0x000000bbd3e00000)]
  0x0000022e7f590f50 JavaThread "Signal Dispatcher" daemon [_thread_blocked, id=9892, stack(0x000000bbd3e00000,0x000000bbd3f00000)]
  0x0000022e7f593440 JavaThread "Attach Listener" daemon [_thread_blocked, id=15960, stack(0x000000bbd3f00000,0x000000bbd4000000)]
  0x0000022e7f593920 JavaThread "Service Thread" daemon [_thread_blocked, id=21452, stack(0x000000bbd4000000,0x000000bbd4100000)]
  0x0000022e7f597e10 JavaThread "Monitor Deflation Thread" daemon [_thread_blocked, id=26160, stack(0x000000bbd4100000,0x000000bbd4200000)]
  0x0000022e7f5996e0 JavaThread "C2 CompilerThread0" daemon [_thread_blocked, id=1680, stack(0x000000bbd4200000,0x000000bbd4300000)]
  0x0000022e7f599cb0 JavaThread "C1 CompilerThread0" daemon [_thread_blocked, id=26024, stack(0x000000bbd4300000,0x000000bbd4400000)]
  0x0000022e7f59a1d0 JavaThread "Sweeper thread" daemon [_thread_blocked, id=16312, stack(0x000000bbd4400000,0x000000bbd4500000)]
  0x0000022e7f6756c0 JavaThread "Common-Cleaner" daemon [_thread_blocked, id=13024, stack(0x000000bbd4500000,0x000000bbd4600000)]
  0x0000022e7f7b42b0 JavaThread "Notification Thread" daemon [_thread_blocked, id=22248, stack(0x000000bbd4600000,0x000000bbd4700000)]
  0x0000022e574bd340 JavaThread "Daemon health stats" [_thread_blocked, id=4516, stack(0x000000bbd4e00000,0x000000bbd4f00000)]
  0x0000022e579d8a40 JavaThread "Incoming local TCP Connector on port 63858" [_thread_in_native, id=21900, stack(0x000000bbd4800000,0x000000bbd4900000)]
  0x0000022e57c88420 JavaThread "Daemon periodic checks" [_thread_blocked, id=5096, stack(0x000000bbd4f00000,0x000000bbd5000000)]
  0x0000022e57d8fbe0 JavaThread "Cache worker for journal cache (C:\Users\perez\AndroidStudioProjects\MyApplication\caches\journal-1)" [_thread_blocked, id=24572, stack(0x000000bbd5800000,0x000000bbd5900000)]
  0x0000022e57d8ecb0 JavaThread "File lock request listener" [_thread_in_native, id=20080, stack(0x000000bbd5900000,0x000000bbd5a00000)]
  0x0000022e57d900f0 JavaThread "Cache worker for file hash cache (C:\Users\perez\AndroidStudioProjects\MyApplication\caches\8.13\fileHashes)" [_thread_blocked, id=25184, stack(0x000000bbd5a00000,0x000000bbd5b00000)]
  0x0000022e57d90b10 JavaThread "File watcher server" daemon [_thread_blocked, id=23252, stack(0x000000bbd6200000,0x000000bbd6300000)]
  0x0000022e5a974820 JavaThread "File watcher consumer" daemon [_thread_blocked, id=26824, stack(0x000000bbd6300000,0x000000bbd6400000)]
  0x0000022e5a9775b0 JavaThread "Cache worker for file content cache (C:\Users\perez\AndroidStudioProjects\MyApplication\caches\8.13\fileContent)" [_thread_blocked, id=15260, stack(0x000000bbd6400000,0x000000bbd6500000)]
  0x0000022e5aa9d6c0 JavaThread "Memory manager" [_thread_blocked, id=26396, stack(0x000000bbd7f00000,0x000000bbd8000000)]
  0x0000022e5a856a80 JavaThread "RMI Scheduler(0)" daemon [_thread_blocked, id=1376, stack(0x000000bbdc800000,0x000000bbdc900000)]
  0x0000022e5a8579b0 JavaThread "RMI GC Daemon" daemon [_thread_blocked, id=1200, stack(0x000000bbdca00000,0x000000bbdcb00000)]
  0x0000022e567b9300 JavaThread "RMI TCP Accept-0" daemon [_thread_in_native, id=3592, stack(0x000000bbdcc00000,0x000000bbdcd00000)]
  0x0000022e567b9810 JavaThread "RMI Reaper" [_thread_blocked, id=1768, stack(0x000000bbdcd00000,0x000000bbdce00000)]
  0x0000022e640e3f90 JavaThread "Cache worker for Java compile cache (C:\Users\perez\AndroidStudioProjects\MyApplication\caches\8.13\javaCompile)" [_thread_blocked, id=22096, stack(0x000000bbda700000,0x000000bbda800000)]
  0x0000022e62e22320 JavaThread "Daemon Thread 8" [_thread_blocked, id=26792, stack(0x000000bbd3200000,0x000000bbd3300000)]
  0x0000022e6429e640 JavaThread "Handler for socket connection from /127.0.0.1:63858 to /127.0.0.1:56897" [_thread_in_native, id=27316, stack(0x000000bbd3300000,0x000000bbd3400000)]
  0x0000022e6429b8b0 JavaThread "Cancel handler" [_thread_blocked, id=23876, stack(0x000000bbd3400000,0x000000bbd3500000)]
  0x0000022e6429b3a0 JavaThread "Daemon worker Thread 8" [_thread_blocked, id=14552, stack(0x000000bbd5000000,0x000000bbd5100000)]
  0x0000022e6429eb50 JavaThread "Asynchronous log dispatcher for DefaultDaemonConnection: socket connection from /127.0.0.1:63858 to /127.0.0.1:56897" [_thread_blocked, id=22068, stack(0x000000bbd5100000,0x000000bbd5200000)]
  0x0000022e6429bdc0 JavaThread "Stdin handler" [_thread_blocked, id=11180, stack(0x000000bbd5200000,0x000000bbd5300000)]
  0x0000022e6429ccf0 JavaThread "Daemon client event forwarder" [_thread_blocked, id=16200, stack(0x000000bbd5300000,0x000000bbd5400000)]
  0x0000022e6429c2d0 JavaThread "Cache worker for file hash cache (C:\Users\perez\Downloads\Movil_chicamocha\MobileApp_UsoChicamocha\.gradle\8.13\fileHashes)" [_thread_blocked, id=17488, stack(0x000000bbd5400000,0x000000bbd5500000)]
  0x0000022e6429d710 JavaThread "Cache worker for Build Output Cleanup Cache (C:\Users\perez\Downloads\Movil_chicamocha\MobileApp_UsoChicamocha\.gradle\buildOutputCleanup)" [_thread_blocked, id=18068, stack(0x000000bbd5500000,0x000000bbd5600000)]
  0x0000022e6429c7e0 JavaThread "Cache worker for checksums cache (C:\Users\perez\Downloads\Movil_chicamocha\MobileApp_UsoChicamocha\.gradle\8.13\checksums)" [_thread_blocked, id=16496, stack(0x000000bbd5600000,0x000000bbd5700000)]
  0x0000022e62fa7050 JavaThread "Cache worker for cache directory md-supplier (C:\Users\perez\AndroidStudioProjects\MyApplication\caches\8.13\md-supplier)" [_thread_blocked, id=23492, stack(0x000000bbd5700000,0x000000bbd5800000)]
  0x0000022e5c9dde40 JavaThread "Cache worker for cache directory md-rule (C:\Users\perez\AndroidStudioProjects\MyApplication\caches\8.13\md-rule)" [_thread_blocked, id=25812, stack(0x000000bbd5e00000,0x000000bbd5f00000)]
  0x0000022e6c030ee0 JavaThread "Unconstrained build operations" [_thread_blocked, id=4544, stack(0x000000bbd5f00000,0x000000bbd6000000)]
  0x0000022e5c9dc4f0 JavaThread "Unconstrained build operations Thread 2" [_thread_blocked, id=7028, stack(0x000000bbd6100000,0x000000bbd6200000)]
  0x0000022e5c9df790 JavaThread "Unconstrained build operations Thread 3" [_thread_blocked, id=21132, stack(0x000000bbd6500000,0x000000bbd6600000)]
  0x0000022e5c9dfca0 JavaThread "Unconstrained build operations Thread 4" [_thread_blocked, id=25020, stack(0x000000bbd6600000,0x000000bbd6700000)]
  0x0000022e6c0313f0 JavaThread "Unconstrained build operations Thread 5" [_thread_blocked, id=27408, stack(0x000000bbd6700000,0x000000bbd6800000)]
  0x0000022e6c032320 JavaThread "Unconstrained build operations Thread 6" [_thread_blocked, id=23456, stack(0x000000bbd6800000,0x000000bbd6900000)]
  0x0000022e6c033250 JavaThread "Unconstrained build operations Thread 7" [_thread_blocked, id=10320, stack(0x000000bbd6900000,0x000000bbd6a00000)]
  0x0000022e64333160 JavaThread "Unconstrained build operations Thread 8" [_thread_blocked, id=11064, stack(0x000000bbd6a00000,0x000000bbd6b00000)]
  0x0000022e64332c50 JavaThread "Unconstrained build operations Thread 9" [_thread_blocked, id=17632, stack(0x000000bbd6b00000,0x000000bbd6c00000)]
  0x0000022e64334090 JavaThread "Unconstrained build operations Thread 10" [_thread_blocked, id=15212, stack(0x000000bbd6c00000,0x000000bbd6d00000)]
  0x0000022e64333670 JavaThread "Unconstrained build operations Thread 11" [_thread_blocked, id=10628, stack(0x000000bbd6d00000,0x000000bbd6e00000)]
  0x0000022e64332740 JavaThread "Unconstrained build operations Thread 12" [_thread_blocked, id=25628, stack(0x000000bbd6e00000,0x000000bbd6f00000)]
  0x0000022e64333b80 JavaThread "Unconstrained build operations Thread 13" [_thread_blocked, id=22188, stack(0x000000bbd6f00000,0x000000bbd7000000)]
  0x0000022e643345a0 JavaThread "Unconstrained build operations Thread 14" [_thread_blocked, id=23772, stack(0x000000bbd7000000,0x000000bbd7100000)]
  0x0000022e64334fc0 JavaThread "build event listener" [_thread_blocked, id=18148, stack(0x000000bbd7100000,0x000000bbd7200000)]
  0x0000022e64331810 JavaThread "build event listener" [_thread_blocked, id=14028, stack(0x000000bbd7200000,0x000000bbd7300000)]
  0x0000022e64331d20 JavaThread "Problems report writer" [_thread_blocked, id=26784, stack(0x000000bbd7300000,0x000000bbd7400000)]
  0x0000022e64021810 JavaThread "included builds" [_thread_blocked, id=18144, stack(0x000000bbd7400000,0x000000bbd7500000)]
  0x0000022e6c02ffb0 JavaThread "Execution worker" [_thread_blocked, id=27112, stack(0x000000bbd7500000,0x000000bbd7600000)]
  0x0000022e6c031e10 JavaThread "Execution worker Thread 2" [_thread_blocked, id=23256, stack(0x000000bbd7600000,0x000000bbd7700000)]
  0x0000022e6c032830 JavaThread "Execution worker Thread 3" [_thread_blocked, id=19656, stack(0x000000bbd7700000,0x000000bbd7800000)]
  0x0000022e6c033760 JavaThread "Execution worker Thread 4" [_thread_blocked, id=9388, stack(0x000000bbd7800000,0x000000bbd7900000)]
  0x0000022e6c0304c0 JavaThread "Execution worker Thread 5" [_thread_blocked, id=22424, stack(0x000000bbd7900000,0x000000bbd7a00000)]
  0x0000022e6429d200 JavaThread "Execution worker Thread 6" [_thread_blocked, id=20596, stack(0x000000bbd7a00000,0x000000bbd7b00000)]
  0x0000022e5be28a60 JavaThread "Execution worker Thread 7" [_thread_blocked, id=20852, stack(0x000000bbd7b00000,0x000000bbd7c00000)]
  0x0000022e5c9de350 JavaThread "Cache worker for execution history cache (C:\Users\perez\Downloads\Movil_chicamocha\MobileApp_UsoChicamocha\.gradle\8.13\executionHistory)" [_thread_blocked, id=19520, stack(0x000000bbd7c00000,0x000000bbd7d00000)]
  0x0000022e62fa8490 JavaThread "Unconstrained build operations Thread 15" [_thread_blocked, id=15624, stack(0x000000bbd7d00000,0x000000bbd7e00000)]
  0x0000022e62fa8eb0 JavaThread "Unconstrained build operations Thread 16" [_thread_blocked, id=2948, stack(0x000000bbd7e00000,0x000000bbd7f00000)]
  0x0000022e62fa6630 JavaThread "Unconstrained build operations Thread 17" [_thread_blocked, id=25716, stack(0x000000bbd8000000,0x000000bbd8100000)]
  0x0000022e5cb409e0 JavaThread "Unconstrained build operations Thread 18" [_thread_blocked, id=24400, stack(0x000000bbd8100000,0x000000bbd8200000)]
  0x0000022e640245a0 JavaThread "Unconstrained build operations Thread 19" [_thread_blocked, id=8536, stack(0x000000bbd8200000,0x000000bbd8300000)]
  0x0000022e64022740 JavaThread "Unconstrained build operations Thread 20" [_thread_blocked, id=24724, stack(0x000000bbd8300000,0x000000bbd8400000)]
  0x0000022e64022c50 JavaThread "Unconstrained build operations Thread 21" [_thread_blocked, id=22240, stack(0x000000bbd8400000,0x000000bbd8500000)]
  0x0000022e62dd6c80 JavaThread "Unconstrained build operations Thread 22" [_thread_blocked, id=24552, stack(0x000000bbd8500000,0x000000bbd8600000)]
  0x0000022e5be29480 JavaThread "Unconstrained build operations Thread 23" [_thread_blocked, id=23172, stack(0x000000bbd8600000,0x000000bbd8700000)]
  0x0000022e5be29990 JavaThread "Unconstrained build operations Thread 24" [_thread_blocked, id=18708, stack(0x000000bbd8700000,0x000000bbd8800000)]
  0x0000022e5ba7aa70 JavaThread "Unconstrained build operations Thread 25" [_thread_blocked, id=21976, stack(0x000000bbd8800000,0x000000bbd8900000)]
  0x0000022e6c0309d0 JavaThread "Unconstrained build operations Thread 26" [_thread_blocked, id=13036, stack(0x000000bbd8900000,0x000000bbd8a00000)]
  0x0000022e624fc5b0 JavaThread "Unconstrained build operations Thread 27" [_thread_blocked, id=18088, stack(0x000000bbd8a00000,0x000000bbd8b00000)]
  0x0000022e624fa750 JavaThread "Unconstrained build operations Thread 28" [_thread_blocked, id=24960, stack(0x000000bbd8b00000,0x000000bbd8c00000)]
  0x0000022e624fcfd0 JavaThread "Unconstrained build operations Thread 29" [_thread_blocked, id=27280, stack(0x000000bbd8c00000,0x000000bbd8d00000)]
  0x0000022e624fbb90 JavaThread "Unconstrained build operations Thread 30" [_thread_blocked, id=26200, stack(0x000000bbd8d00000,0x000000bbd8e00000)]
  0x0000022e62dd9a10 JavaThread "Unconstrained build operations Thread 31" [_thread_blocked, id=15124, stack(0x000000bbd8e00000,0x000000bbd8f00000)]
  0x0000022e62dd76a0 JavaThread "Unconstrained build operations Thread 32" [_thread_blocked, id=14120, stack(0x000000bbd8f00000,0x000000bbd9000000)]
  0x0000022e62dd9f20 JavaThread "Unconstrained build operations Thread 33" [_thread_blocked, id=26320, stack(0x000000bbd9000000,0x000000bbd9100000)]
  0x0000022e62dda430 JavaThread "Unconstrained build operations Thread 34" [_thread_blocked, id=19100, stack(0x000000bbd9100000,0x000000bbd9200000)]
  0x0000022e62dd80c0 JavaThread "Unconstrained build operations Thread 35" [_thread_blocked, id=4552, stack(0x000000bbd9200000,0x000000bbd9300000)]
  0x0000022e64021d20 JavaThread "Unconstrained build operations Thread 36" [_thread_blocked, id=23756, stack(0x000000bbd9300000,0x000000bbd9400000)]
  0x0000022e624fc0a0 JavaThread "Unconstrained build operations Thread 37" [_thread_blocked, id=11096, stack(0x000000bbd9400000,0x000000bbd9500000)]
  0x0000022e62dd85d0 JavaThread "Unconstrained build operations Thread 38" [_thread_blocked, id=25060, stack(0x000000bbd9500000,0x000000bbd9600000)]
  0x0000022e62dd8ae0 JavaThread "Unconstrained build operations Thread 39" [_thread_blocked, id=11984, stack(0x000000bbd9600000,0x000000bbd9700000)]
  0x0000022e62dd8ff0 JavaThread "Unconstrained build operations Thread 40" [_thread_blocked, id=2692, stack(0x000000bbd9700000,0x000000bbd9800000)]
  0x0000022e62fa7560 JavaThread "Unconstrained build operations Thread 41" [_thread_blocked, id=24964, stack(0x000000bbd9800000,0x000000bbd9900000)]
  0x0000022e62fa6b40 JavaThread "Unconstrained build operations Thread 42" [_thread_blocked, id=14484, stack(0x000000bbd9900000,0x000000bbd9a00000)]
  0x0000022e6b55e100 JavaThread "Unconstrained build operations Thread 43" [_thread_blocked, id=26596, stack(0x000000bbd9a00000,0x000000bbd9b00000)]
  0x0000022e62dd9500 JavaThread "Unconstrained build operations Thread 44" [_thread_blocked, id=25160, stack(0x000000bbd9b00000,0x000000bbd9c00000)]
  0x0000022e5c5f2580 JavaThread "Unconstrained build operations Thread 45" [_thread_blocked, id=5360, stack(0x000000bbd9c00000,0x000000bbd9d00000)]
  0x0000022e5d0e8920 JavaThread "WorkerExecutor Queue" [_thread_blocked, id=23344, stack(0x000000bbd9d00000,0x000000bbd9e00000)]
  0x0000022e624fcac0 JavaThread "Unconstrained build operations Thread 46" [_thread_blocked, id=26780, stack(0x000000bbd9e00000,0x000000bbd9f00000)]
  0x0000022e62e22830 JavaThread "Unconstrained build operations Thread 47" [_thread_blocked, id=2560, stack(0x000000bbd9f00000,0x000000bbda000000)]
  0x0000022e62e22d40 JavaThread "Unconstrained build operations Thread 48" [_thread_blocked, id=9000, stack(0x000000bbda000000,0x000000bbda100000)]
  0x0000022e5c5f34b0 JavaThread "Unconstrained build operations Thread 49" [_thread_blocked, id=27292, stack(0x000000bbda100000,0x000000bbda200000)]
  0x0000022e5c5f2070 JavaThread "Unconstrained build operations Thread 50" [_thread_blocked, id=26272, stack(0x000000bbda200000,0x000000bbda300000)]
  0x0000022e5c9de860 JavaThread "RMI TCP Connection(idle)" daemon [_thread_blocked, id=27444, stack(0x000000bbda400000,0x000000bbda500000)]
  0x0000022e5c9dca00 JavaThread "RMI TCP Connection(idle)" daemon [_thread_blocked, id=21788, stack(0x000000bbda500000,0x000000bbda600000)]
  0x0000022e5cb42840 JavaThread "WorkerExecutor Queue Thread 2" [_thread_blocked, id=26060, stack(0x000000bbda300000,0x000000bbda400000)]
  0x0000022e5c5f48f0 JavaThread "RMI TCP Connection(idle)" daemon [_thread_blocked, id=17396, stack(0x000000bbda900000,0x000000bbdaa00000)]
  0x0000022e5d0e74e0 JavaThread "Build operations" [_thread_blocked, id=18628, stack(0x000000bbdaa00000,0x000000bbdab00000)]
  0x0000022e5d0e6fd0 JavaThread "Build operations Thread 2" [_thread_blocked, id=27252, stack(0x000000bbdab00000,0x000000bbdac00000)]
  0x0000022e5d0e9d60 JavaThread "Build operations Thread 3" [_thread_blocked, id=10928, stack(0x000000bbdac00000,0x000000bbdad00000)]
  0x0000022e5cb40ef0 JavaThread "Build operations Thread 4" [_thread_blocked, id=2700, stack(0x000000bbdad00000,0x000000bbdae00000)]
  0x0000022e5cb42d50 JavaThread "Build operations Thread 5" [_thread_blocked, id=27024, stack(0x000000bbdae00000,0x000000bbdaf00000)]
  0x0000022e5cb3fab0 JavaThread "Build operations Thread 6" [_thread_blocked, id=27384, stack(0x000000bbdaf00000,0x000000bbdb000000)]
  0x0000022e5cb41910 JavaThread "Build operations Thread 7" [_thread_blocked, id=23044, stack(0x000000bbdb000000,0x000000bbdb100000)]
  0x0000022e5d0e9340 JavaThread "Unconstrained build operations Thread 51" [_thread_blocked, id=2124, stack(0x000000bbdb100000,0x000000bbdb200000)]
  0x0000022e5d0e8e30 JavaThread "Unconstrained build operations Thread 52" [_thread_blocked, id=8636, stack(0x000000bbdb200000,0x000000bbdb300000)]
  0x0000022e5d0e79f0 JavaThread "Unconstrained build operations Thread 53" [_thread_blocked, id=23748, stack(0x000000bbdb300000,0x000000bbdb400000)]
  0x0000022e5d0e65b0 JavaThread "Unconstrained build operations Thread 54" [_thread_blocked, id=23612, stack(0x000000bbdb400000,0x000000bbdb500000)]
  0x0000022e5d0e7f00 JavaThread "Unconstrained build operations Thread 55" [_thread_blocked, id=23048, stack(0x000000bbdb500000,0x000000bbdb600000)]
  0x0000022e5d0e9850 JavaThread "Unconstrained build operations Thread 56" [_thread_blocked, id=22496, stack(0x000000bbdb600000,0x000000bbdb700000)]
  0x0000022e5d0e8410 JavaThread "Unconstrained build operations Thread 57" [_thread_blocked, id=20620, stack(0x000000bbdb700000,0x000000bbdb800000)]
  0x0000022e5d0e6ac0 JavaThread "Unconstrained build operations Thread 58" [_thread_blocked, id=15940, stack(0x000000bbdb800000,0x000000bbdb900000)]
  0x0000022e589553b0 JavaThread "Build operations Thread 8" [_thread_blocked, id=6740, stack(0x000000bbdb900000,0x000000bbdba00000)]
  0x0000022e5c9e01b0 JavaThread "WorkerExecutor Queue Thread 4" [_thread_blocked, id=19860, stack(0x000000bbda800000,0x000000bbda900000)]
  0x0000022e5c5f2a90 JavaThread "WorkerExecutor Queue Thread 5" [_thread_blocked, id=21572, stack(0x000000bbda600000,0x000000bbda700000)]
  0x0000022e5c5f2fa0 JavaThread "WorkerExecutor Queue Thread 6" [_thread_blocked, id=20568, stack(0x000000bbdba00000,0x000000bbdbb00000)]
  0x0000022e5c5f3ed0 JavaThread "WorkerExecutor Queue Thread 7" [_thread_blocked, id=25000, stack(0x000000bbdbb00000,0x000000bbdbc00000)]
  0x0000022e5c5f43e0 JavaThread "WorkerExecutor Queue Thread 8" [_thread_blocked, id=21212, stack(0x000000bbdbc00000,0x000000bbdbd00000)]
  0x0000022e5c5f4e00 JavaThread "WorkerExecutor Queue Thread 9" [_thread_blocked, id=22312, stack(0x000000bbdbd00000,0x000000bbdbe00000)]
  0x0000022e5b4c3390 JavaThread "C2 CompilerThread1" daemon [_thread_blocked, id=680, stack(0x000000bbdbe00000,0x000000bbdbf00000)]
  0x0000022e5b4c28f0 JavaThread "C2 CompilerThread2" daemon [_thread_blocked, id=26836, stack(0x000000bbdbf00000,0x000000bbdc000000)]
  0x0000022e624f9d30 JavaThread "ForkJoinPool.commonPool-worker-29" daemon [_thread_blocked, id=26820, stack(0x000000bbdc000000,0x000000bbdc100000)]

Other Threads:
=>0x0000022e7f575670 VMThread "VM Thread" [stack: 0x000000bbd3b00000,0x000000bbd3c00000] [id=25324]
  0x0000022e7f73dd90 WatcherThread [stack: 0x000000bbd4700000,0x000000bbd4800000] [id=8388]
  0x0000022e7223b540 GCTaskThread "GC Thread#0" [stack: 0x000000bbd3600000,0x000000bbd3700000] [id=26608]
  0x0000022e567fecd0 GCTaskThread "GC Thread#1" [stack: 0x000000bbd4a00000,0x000000bbd4b00000] [id=20808]
  0x0000022e7f96db80 GCTaskThread "GC Thread#2" [stack: 0x000000bbd4b00000,0x000000bbd4c00000] [id=10900]
  0x0000022e56adb860 GCTaskThread "GC Thread#3" [stack: 0x000000bbd4900000,0x000000bbd4a00000] [id=26248]
  0x0000022e56ada4b0 GCTaskThread "GC Thread#4" [stack: 0x000000bbd4c00000,0x000000bbd4d00000] [id=2164]
  0x0000022e56adad20 GCTaskThread "GC Thread#5" [stack: 0x000000bbd5b00000,0x000000bbd5c00000] [id=26432]
  0x0000022e56adaff0 GCTaskThread "GC Thread#6" [stack: 0x000000bbd5c00000,0x000000bbd5d00000] [id=25076]
  0x0000022e56adbb30 GCTaskThread "GC Thread#7" [stack: 0x000000bbd5d00000,0x000000bbd5e00000] [id=10988]
  0x0000022e7224c510 ConcurrentGCThread "G1 Main Marker" [stack: 0x000000bbd3700000,0x000000bbd3800000] [id=17992]
  0x0000022e7224e860 ConcurrentGCThread "G1 Conc#0" [stack: 0x000000bbd3800000,0x000000bbd3900000] [id=1620]
  0x0000022e583bd0b0 ConcurrentGCThread "G1 Conc#1" [stack: 0x000000bbd6000000,0x000000bbd6100000] [id=20840]
  0x0000022e7228ec60 ConcurrentGCThread "G1 Refine#0" [stack: 0x000000bbd3900000,0x000000bbd3a00000] [id=22672]
  0x0000022e5639f4d0 ConcurrentGCThread "G1 Refine#1" [stack: 0x000000bbd4d00000,0x000000bbd4e00000] [id=16316]
  0x0000022e591ee190 ConcurrentGCThread "G1 Refine#2" [stack: 0x000000bbdcb00000,0x000000bbdcc00000] [id=25456]
  0x0000022e591ef090 ConcurrentGCThread "G1 Refine#3" [stack: 0x000000bbdd000000,0x000000bbdd100000] [id=25912]
  0x0000022e591f1490 ConcurrentGCThread "G1 Refine#4" [stack: 0x000000bbdd100000,0x000000bbdd200000] [id=22800]
  0x0000022e591f0290 ConcurrentGCThread "G1 Refine#5" [stack: 0x000000bbdd200000,0x000000bbdd300000] [id=10256]
  0x0000022e7f42c210 ConcurrentGCThread "G1 Service" [stack: 0x000000bbd3a00000,0x000000bbd3b00000] [id=3456]

Threads with active compile tasks:
C2 CompilerThread0  4042571 56413       4       com.android.tools.r8.internal.iq0$$Lambda$6291/0x0000022e13af1bf0::apply (12 bytes)
C1 CompilerThread0  4042571 56452       2       java.io.BufferedWriter::newLine (8 bytes)
C2 CompilerThread1  4042571 56421       4       com.android.tools.r8.dex.k::a (131 bytes)
C2 CompilerThread2  4042571 56364       4       com.android.tools.r8.dex.C::a (836 bytes)

VM state: at safepoint (normal execution)

VM Mutex/Monitor currently owned by a thread:  ([mutex/lock_event])
[0x0000022e721d70d0] Threads_lock - owner thread: 0x0000022e7f575670
[0x0000022e721d7b80] Heap_lock - owner thread: 0x0000022e5c5f4e00

Heap address: 0x0000000080000000, size: 2048 MB, Compressed Oops mode: 32-bit

CDS archive(s) mapped at: [0x0000022e11000000-0x0000022e11bb0000-0x0000022e11bb0000), size 12255232, SharedBaseAddress: 0x0000022e11000000, ArchiveRelocationMode: 1.
Compressed class space mapped at: 0x0000022e12000000-0x0000022e52000000, reserved size: 1073741824
Narrow klass base: 0x0000022e11000000, Narrow klass shift: 0, Narrow klass range: 0x100000000

GC Precious Log:
 CPUs: 8 total, 8 available
 Memory: 7502M
 Large Page Support: Disabled
 NUMA Support: Disabled
 Compressed Oops: Enabled (32-bit)
 Heap Region Size: 1M
 Heap Min Capacity: 8M
 Heap Initial Capacity: 118M
 Heap Max Capacity: 2G
 Pre-touch: Disabled
 Parallel Workers: 8
 Concurrent Workers: 2
 Concurrent Refinement Workers: 8
 Periodic GC: Disabled

Heap:
 garbage-first heap   total 836608K, used 230277K [0x0000000080000000, 0x0000000100000000)
  region size 1024K, 3 young (3072K), 3 survivors (3072K)
 Metaspace       used 207720K, committed 209600K, reserved 1245184K
  class space    used 27145K, committed 28096K, reserved 1048576K

Heap Regions: E=young(eden), S=young(survivor), O=old, HS=humongous(starts), HC=humongous(continues), CS=collection set, F=free, OA=open archive, CA=closed archive, TAMS=top-at-mark-start (previous, next)
|   0|0x0000000080000000, 0x0000000080100000, 0x0000000080100000|100%|HS|  |TAMS 0x0000000080100000, 0x0000000080000000| Complete 
|   1|0x0000000080100000, 0x0000000080200000, 0x0000000080200000|100%|HC|  |TAMS 0x0000000080200000, 0x0000000080100000| Complete 
|   2|0x0000000080200000, 0x0000000080300000, 0x0000000080300000|100%|HC|  |TAMS 0x0000000080300000, 0x0000000080200000| Complete 
|   3|0x0000000080300000, 0x0000000080400000, 0x0000000080400000|100%| O|  |TAMS 0x0000000080400000, 0x0000000080300000| Untracked 
|   4|0x0000000080400000, 0x0000000080500000, 0x0000000080500000|100%| O|  |TAMS 0x0000000080500000, 0x0000000080400000| Untracked 
|   5|0x0000000080500000, 0x0000000080600000, 0x0000000080600000|100%| O|  |TAMS 0x0000000080600000, 0x0000000080500000| Untracked 
|   6|0x0000000080600000, 0x0000000080700000, 0x0000000080700000|100%|HS|  |TAMS 0x0000000080700000, 0x0000000080600000| Complete 
|   7|0x0000000080700000, 0x0000000080800000, 0x0000000080800000|100%| O|  |TAMS 0x0000000080800000, 0x0000000080700000| Untracked 
|   8|0x0000000080800000, 0x0000000080900000, 0x0000000080900000|100%| O|  |TAMS 0x0000000080900000, 0x0000000080800000| Untracked 
|   9|0x0000000080900000, 0x0000000080a00000, 0x0000000080a00000|100%| O|  |TAMS 0x0000000080a00000, 0x0000000080900000| Untracked 
|  10|0x0000000080a00000, 0x0000000080b00000, 0x0000000080b00000|100%| O|  |TAMS 0x0000000080b00000, 0x0000000080a00000| Untracked 
|  11|0x0000000080b00000, 0x0000000080c00000, 0x0000000080c00000|100%| O|  |TAMS 0x0000000080c00000, 0x0000000080b00000| Untracked 
|  12|0x0000000080c00000, 0x0000000080d00000, 0x0000000080d00000|100%| O|  |TAMS 0x0000000080d00000, 0x0000000080c00000| Untracked 
|  13|0x0000000080d00000, 0x0000000080e00000, 0x0000000080e00000|100%| O|  |TAMS 0x0000000080e00000, 0x0000000080d00000| Untracked 
|  14|0x0000000080e00000, 0x0000000080f00000, 0x0000000080f00000|100%| O|  |TAMS 0x0000000080f00000, 0x0000000080e00000| Untracked 
|  15|0x0000000080f00000, 0x0000000081000000, 0x0000000081000000|100%| O|  |TAMS 0x0000000081000000, 0x0000000080f00000| Untracked 
|  16|0x0000000081000000, 0x0000000081100000, 0x0000000081100000|100%| O|  |TAMS 0x0000000081100000, 0x0000000081000000| Untracked 
|  17|0x0000000081100000, 0x0000000081200000, 0x0000000081200000|100%| O|  |TAMS 0x0000000081200000, 0x0000000081100000| Untracked 
|  18|0x0000000081200000, 0x0000000081300000, 0x0000000081300000|100%| O|  |TAMS 0x0000000081300000, 0x0000000081200000| Untracked 
|  19|0x0000000081300000, 0x0000000081400000, 0x0000000081400000|100%| O|  |TAMS 0x0000000081400000, 0x0000000081300000| Untracked 
|  20|0x0000000081400000, 0x0000000081500000, 0x0000000081500000|100%| O|  |TAMS 0x0000000081500000, 0x0000000081400000| Untracked 
|  21|0x0000000081500000, 0x0000000081600000, 0x0000000081600000|100%| O|  |TAMS 0x0000000081600000, 0x0000000081500000| Untracked 
|  22|0x0000000081600000, 0x0000000081700000, 0x0000000081700000|100%| O|  |TAMS 0x0000000081700000, 0x0000000081600000| Untracked 
|  23|0x0000000081700000, 0x0000000081800000, 0x0000000081800000|100%| O|  |TAMS 0x0000000081800000, 0x0000000081700000| Untracked 
|  24|0x0000000081800000, 0x0000000081900000, 0x0000000081900000|100%| O|  |TAMS 0x0000000081900000, 0x0000000081800000| Untracked 
|  25|0x0000000081900000, 0x0000000081a00000, 0x0000000081a00000|100%| O|  |TAMS 0x0000000081a00000, 0x0000000081900000| Untracked 
|  26|0x0000000081a00000, 0x0000000081b00000, 0x0000000081b00000|100%| O|  |TAMS 0x0000000081b00000, 0x0000000081a00000| Untracked 
|  27|0x0000000081b00000, 0x0000000081c00000, 0x0000000081c00000|100%| O|  |TAMS 0x0000000081c00000, 0x0000000081b00000| Untracked 
|  28|0x0000000081c00000, 0x0000000081d00000, 0x0000000081d00000|100%| O|  |TAMS 0x0000000081d00000, 0x0000000081c00000| Untracked 
|  29|0x0000000081d00000, 0x0000000081e00000, 0x0000000081e00000|100%| O|  |TAMS 0x0000000081e00000, 0x0000000081d00000| Untracked 
|  30|0x0000000081e00000, 0x0000000081f00000, 0x0000000081f00000|100%| O|  |TAMS 0x0000000081f00000, 0x0000000081e00000| Untracked 
|  31|0x0000000081f00000, 0x0000000082000000, 0x0000000082000000|100%| O|  |TAMS 0x0000000082000000, 0x0000000081f00000| Untracked 
|  32|0x0000000082000000, 0x0000000082000000, 0x0000000082100000|  0%| F|  |TAMS 0x0000000082000000, 0x0000000082000000| Untracked 
|  33|0x0000000082100000, 0x0000000082200000, 0x0000000082200000|100%| O|  |TAMS 0x0000000082200000, 0x0000000082100000| Untracked 
|  34|0x0000000082200000, 0x0000000082300000, 0x0000000082300000|100%| O|  |TAMS 0x0000000082300000, 0x0000000082200000| Untracked 
|  35|0x0000000082300000, 0x0000000082400000, 0x0000000082400000|100%| O|  |TAMS 0x0000000082400000, 0x0000000082300000| Untracked 
|  36|0x0000000082400000, 0x0000000082500000, 0x0000000082500000|100%| O|  |TAMS 0x0000000082500000, 0x0000000082400000| Untracked 
|  37|0x0000000082500000, 0x0000000082600000, 0x0000000082600000|100%| O|  |TAMS 0x0000000082600000, 0x0000000082500000| Untracked 
|  38|0x0000000082600000, 0x0000000082700000, 0x0000000082700000|100%| O|  |TAMS 0x0000000082700000, 0x0000000082600000| Untracked 
|  39|0x0000000082700000, 0x0000000082800000, 0x0000000082800000|100%|HS|  |TAMS 0x0000000082800000, 0x0000000082700000| Complete 
|  40|0x0000000082800000, 0x0000000082900000, 0x0000000082900000|100%| O|  |TAMS 0x0000000082900000, 0x0000000082800000| Untracked 
|  41|0x0000000082900000, 0x0000000082a00000, 0x0000000082a00000|100%| O|  |TAMS 0x0000000082a00000, 0x0000000082900000| Untracked 
|  42|0x0000000082a00000, 0x0000000082b00000, 0x0000000082b00000|100%| O|  |TAMS 0x0000000082b00000, 0x0000000082a00000| Untracked 
|  43|0x0000000082b00000, 0x0000000082c00000, 0x0000000082c00000|100%|HS|  |TAMS 0x0000000082c00000, 0x0000000082b00000| Complete 
|  44|0x0000000082c00000, 0x0000000082d00000, 0x0000000082d00000|100%| O|  |TAMS 0x0000000082d00000, 0x0000000082c00000| Untracked 
|  45|0x0000000082d00000, 0x0000000082e00000, 0x0000000082e00000|100%|HS|  |TAMS 0x0000000082e00000, 0x0000000082d00000| Complete 
|  46|0x0000000082e00000, 0x0000000082f00000, 0x0000000082f00000|100%| O|  |TAMS 0x0000000082f00000, 0x0000000082e00000| Untracked 
|  47|0x0000000082f00000, 0x0000000083000000, 0x0000000083000000|100%|HS|  |TAMS 0x0000000083000000, 0x0000000082f00000| Complete 
|  48|0x0000000083000000, 0x0000000083100000, 0x0000000083100000|100%|HS|  |TAMS 0x0000000083100000, 0x0000000083000000| Complete 
|  49|0x0000000083100000, 0x0000000083200000, 0x0000000083200000|100%|HC|  |TAMS 0x0000000083200000, 0x0000000083100000| Complete 
|  50|0x0000000083200000, 0x0000000083300000, 0x0000000083300000|100%|HS|  |TAMS 0x0000000083300000, 0x0000000083200000| Complete 
|  51|0x0000000083300000, 0x0000000083400000, 0x0000000083400000|100%|HC|  |TAMS 0x0000000083400000, 0x0000000083300000| Complete 
|  52|0x0000000083400000, 0x0000000083500000, 0x0000000083500000|100%|HS|  |TAMS 0x0000000083500000, 0x0000000083400000| Complete 
|  53|0x0000000083500000, 0x0000000083600000, 0x0000000083600000|100%|HS|  |TAMS 0x0000000083600000, 0x0000000083500000| Complete 
|  54|0x0000000083600000, 0x0000000083700000, 0x0000000083700000|100%|HC|  |TAMS 0x0000000083700000, 0x0000000083600000| Complete 
|  55|0x0000000083700000, 0x0000000083800000, 0x0000000083800000|100%|HC|  |TAMS 0x0000000083800000, 0x0000000083700000| Complete 
|  56|0x0000000083800000, 0x0000000083900000, 0x0000000083900000|100%|HS|  |TAMS 0x0000000083900000, 0x0000000083800000| Complete 
|  57|0x0000000083900000, 0x0000000083a00000, 0x0000000083a00000|100%| O|  |TAMS 0x0000000083a00000, 0x0000000083900000| Untracked 
|  58|0x0000000083a00000, 0x0000000083b00000, 0x0000000083b00000|100%|HS|  |TAMS 0x0000000083b00000, 0x0000000083a00000| Complete 
|  59|0x0000000083b00000, 0x0000000083c00000, 0x0000000083c00000|100%| O|  |TAMS 0x0000000083c00000, 0x0000000083b00000| Untracked 
|  60|0x0000000083c00000, 0x0000000083d00000, 0x0000000083d00000|100%| O|  |TAMS 0x0000000083d00000, 0x0000000083c00000| Untracked 
|  61|0x0000000083d00000, 0x0000000083e00000, 0x0000000083e00000|100%| O|  |TAMS 0x0000000083e00000, 0x0000000083d00000| Untracked 
|  62|0x0000000083e00000, 0x0000000083e00000, 0x0000000083f00000|  0%| F|  |TAMS 0x0000000083e00000, 0x0000000083e00000| Untracked 
|  63|0x0000000083f00000, 0x0000000084000000, 0x0000000084000000|100%| O|  |TAMS 0x0000000084000000, 0x0000000083f00000| Untracked 
|  64|0x0000000084000000, 0x0000000084100000, 0x0000000084100000|100%|HS|  |TAMS 0x0000000084100000, 0x0000000084000000| Complete 
|  65|0x0000000084100000, 0x0000000084200000, 0x0000000084200000|100%|HC|  |TAMS 0x0000000084200000, 0x0000000084100000| Complete 
|  66|0x0000000084200000, 0x0000000084300000, 0x0000000084300000|100%|HC|  |TAMS 0x0000000084300000, 0x0000000084200000| Complete 
|  67|0x0000000084300000, 0x0000000084400000, 0x0000000084400000|100%|HS|  |TAMS 0x0000000084400000, 0x0000000084300000| Complete 
|  68|0x0000000084400000, 0x0000000084500000, 0x0000000084500000|100%| O|  |TAMS 0x0000000084500000, 0x0000000084400000| Untracked 
|  69|0x0000000084500000, 0x0000000084600000, 0x0000000084600000|100%| O|  |TAMS 0x0000000084600000, 0x0000000084500000| Untracked 
|  70|0x0000000084600000, 0x0000000084700000, 0x0000000084700000|100%| O|  |TAMS 0x0000000084700000, 0x0000000084600000| Untracked 
|  71|0x0000000084700000, 0x0000000084800000, 0x0000000084800000|100%| O|  |TAMS 0x0000000084800000, 0x0000000084700000| Untracked 
|  72|0x0000000084800000, 0x0000000084900000, 0x0000000084900000|100%| O|  |TAMS 0x0000000084900000, 0x0000000084800000| Untracked 
|  73|0x0000000084900000, 0x0000000084a00000, 0x0000000084a00000|100%| O|  |TAMS 0x0000000084a00000, 0x0000000084900000| Untracked 
|  74|0x0000000084a00000, 0x0000000084b00000, 0x0000000084b00000|100%| O|  |TAMS 0x0000000084b00000, 0x0000000084a00000| Untracked 
|  75|0x0000000084b00000, 0x0000000084c00000, 0x0000000084c00000|100%| O|  |TAMS 0x0000000084c00000, 0x0000000084b00000| Untracked 
|  76|0x0000000084c00000, 0x0000000084d00000, 0x0000000084d00000|100%| O|  |TAMS 0x0000000084d00000, 0x0000000084c00000| Untracked 
|  77|0x0000000084d00000, 0x0000000084e00000, 0x0000000084e00000|100%| O|  |TAMS 0x0000000084e00000, 0x0000000084d00000| Untracked 
|  78|0x0000000084e00000, 0x0000000084f00000, 0x0000000084f00000|100%| O|  |TAMS 0x0000000084f00000, 0x0000000084e00000| Untracked 
|  79|0x0000000084f00000, 0x0000000085000000, 0x0000000085000000|100%| O|  |TAMS 0x0000000085000000, 0x0000000084f00000| Untracked 
|  80|0x0000000085000000, 0x0000000085100000, 0x0000000085100000|100%| O|  |TAMS 0x0000000085100000, 0x0000000085000000| Untracked 
|  81|0x0000000085100000, 0x0000000085200000, 0x0000000085200000|100%| O|  |TAMS 0x0000000085200000, 0x0000000085100000| Untracked 
|  82|0x0000000085200000, 0x0000000085300000, 0x0000000085300000|100%| O|  |TAMS 0x0000000085300000, 0x0000000085200000| Untracked 
|  83|0x0000000085300000, 0x0000000085400000, 0x0000000085400000|100%| O|  |TAMS 0x0000000085400000, 0x0000000085300000| Untracked 
|  84|0x0000000085400000, 0x0000000085500000, 0x0000000085500000|100%| O|  |TAMS 0x0000000085400000, 0x0000000085400000| Untracked 
|  85|0x0000000085500000, 0x0000000085600000, 0x0000000085600000|100%| O|  |TAMS 0x0000000085600000, 0x0000000085500000| Untracked 
|  86|0x0000000085600000, 0x0000000085700000, 0x0000000085700000|100%| O|  |TAMS 0x0000000085700000, 0x0000000085600000| Untracked 
|  87|0x0000000085700000, 0x0000000085800000, 0x0000000085800000|100%| O|  |TAMS 0x0000000085800000, 0x0000000085700000| Untracked 
|  88|0x0000000085800000, 0x0000000085900000, 0x0000000085900000|100%| O|  |TAMS 0x0000000085900000, 0x0000000085800000| Untracked 
|  89|0x0000000085900000, 0x0000000085a00000, 0x0000000085a00000|100%| O|  |TAMS 0x0000000085a00000, 0x0000000085900000| Untracked 
|  90|0x0000000085a00000, 0x0000000085b00000, 0x0000000085b00000|100%|HS|  |TAMS 0x0000000085a00000, 0x0000000085a00000| Complete 
|  91|0x0000000085b00000, 0x0000000085c00000, 0x0000000085c00000|100%| O|  |TAMS 0x0000000085c00000, 0x0000000085b00000| Untracked 
|  92|0x0000000085c00000, 0x0000000085d00000, 0x0000000085d00000|100%| O|  |TAMS 0x0000000085c00000, 0x0000000085c00000| Untracked 
|  93|0x0000000085d00000, 0x0000000085e00000, 0x0000000085e00000|100%| O|  |TAMS 0x0000000085e00000, 0x0000000085d00000| Untracked 
|  94|0x0000000085e00000, 0x0000000085f00000, 0x0000000085f00000|100%| O|  |TAMS 0x0000000085f00000, 0x0000000085e00000| Untracked 
|  95|0x0000000085f00000, 0x0000000086000000, 0x0000000086000000|100%| O|  |TAMS 0x0000000086000000, 0x0000000085f00000| Untracked 
|  96|0x0000000086000000, 0x0000000086100000, 0x0000000086100000|100%| O|  |TAMS 0x0000000086100000, 0x0000000086000000| Untracked 
|  97|0x0000000086100000, 0x0000000086200000, 0x0000000086200000|100%| O|  |TAMS 0x0000000086200000, 0x0000000086100000| Untracked 
|  98|0x0000000086200000, 0x0000000086300000, 0x0000000086300000|100%| O|  |TAMS 0x0000000086200000, 0x0000000086200000| Untracked 
|  99|0x0000000086300000, 0x0000000086400000, 0x0000000086400000|100%|HS|  |TAMS 0x0000000086300000, 0x0000000086300000| Complete 
| 100|0x0000000086400000, 0x0000000086500000, 0x0000000086500000|100%| O|  |TAMS 0x0000000086500000, 0x0000000086400000| Untracked 
| 101|0x0000000086500000, 0x0000000086500000, 0x0000000086600000|  0%| F|  |TAMS 0x0000000086500000, 0x0000000086500000| Untracked 
| 102|0x0000000086600000, 0x0000000086700000, 0x0000000086700000|100%| O|  |TAMS 0x0000000086600000, 0x0000000086600000| Untracked 
| 103|0x0000000086700000, 0x0000000086800000, 0x0000000086800000|100%| O|  |TAMS 0x0000000086800000, 0x0000000086700000| Untracked 
| 104|0x0000000086800000, 0x0000000086900000, 0x0000000086900000|100%| O|  |TAMS 0x0000000086900000, 0x0000000086800000| Untracked 
| 105|0x0000000086900000, 0x0000000086a00000, 0x0000000086a00000|100%| O|  |TAMS 0x0000000086a00000, 0x0000000086900000| Untracked 
| 106|0x0000000086a00000, 0x0000000086b00000, 0x0000000086b00000|100%| O|  |TAMS 0x0000000086b00000, 0x0000000086a00000| Untracked 
| 107|0x0000000086b00000, 0x0000000086c00000, 0x0000000086c00000|100%| O|  |TAMS 0x0000000086c00000, 0x0000000086b00000| Untracked 
| 108|0x0000000086c00000, 0x0000000086d00000, 0x0000000086d00000|100%| O|  |TAMS 0x0000000086d00000, 0x0000000086c00000| Untracked 
| 109|0x0000000086d00000, 0x0000000086e00000, 0x0000000086e00000|100%| O|  |TAMS 0x0000000086e00000, 0x0000000086d00000| Untracked 
| 110|0x0000000086e00000, 0x0000000086f00000, 0x0000000086f00000|100%| O|  |TAMS 0x0000000086e00000, 0x0000000086e00000| Untracked 
| 111|0x0000000086f00000, 0x0000000087000000, 0x0000000087000000|100%|HS|  |TAMS 0x0000000087000000, 0x0000000086f00000| Complete 
| 112|0x0000000087000000, 0x0000000087100000, 0x0000000087100000|100%| O|  |TAMS 0x0000000087100000, 0x0000000087000000| Untracked 
| 113|0x0000000087100000, 0x0000000087200000, 0x0000000087200000|100%| O|  |TAMS 0x0000000087200000, 0x0000000087100000| Untracked 
| 114|0x0000000087200000, 0x0000000087300000, 0x0000000087300000|100%| O|  |TAMS 0x0000000087300000, 0x0000000087200000| Untracked 
| 115|0x0000000087300000, 0x0000000087400000, 0x0000000087400000|100%| O|  |TAMS 0x0000000087400000, 0x0000000087300000| Untracked 
| 116|0x0000000087400000, 0x0000000087500000, 0x0000000087500000|100%| O|  |TAMS 0x0000000087500000, 0x0000000087400000| Untracked 
| 117|0x0000000087500000, 0x0000000087600000, 0x0000000087600000|100%| O|  |TAMS 0x0000000087600000, 0x0000000087500000| Untracked 
| 118|0x0000000087600000, 0x0000000087700000, 0x0000000087700000|100%| O|  |TAMS 0x0000000087700000, 0x0000000087600000| Untracked 
| 119|0x0000000087700000, 0x0000000087800000, 0x0000000087800000|100%| O|  |TAMS 0x0000000087800000, 0x0000000087700000| Untracked 
| 120|0x0000000087800000, 0x0000000087900000, 0x0000000087900000|100%| O|  |TAMS 0x0000000087900000, 0x0000000087800000| Untracked 
| 121|0x0000000087900000, 0x0000000087a00000, 0x0000000087a00000|100%| O|  |TAMS 0x0000000087900000, 0x0000000087900000| Untracked 
| 122|0x0000000087a00000, 0x0000000087b00000, 0x0000000087b00000|100%| O|  |TAMS 0x0000000087b00000, 0x0000000087a00000| Untracked 
| 123|0x0000000087b00000, 0x0000000087c00000, 0x0000000087c00000|100%| O|  |TAMS 0x0000000087c00000, 0x0000000087b00000| Untracked 
| 124|0x0000000087c00000, 0x0000000087d00000, 0x0000000087d00000|100%| O|  |TAMS 0x0000000087d00000, 0x0000000087c00000| Untracked 
| 125|0x0000000087d00000, 0x0000000087e00000, 0x0000000087e00000|100%| O|  |TAMS 0x0000000087e00000, 0x0000000087d00000| Untracked 
| 126|0x0000000087e00000, 0x0000000087f00000, 0x0000000087f00000|100%| O|  |TAMS 0x0000000087f00000, 0x0000000087e00000| Untracked 
| 127|0x0000000087f00000, 0x0000000088000000, 0x0000000088000000|100%| O|  |TAMS 0x0000000088000000, 0x0000000087f00000| Untracked 
| 128|0x0000000088000000, 0x0000000088100000, 0x0000000088100000|100%| O|  |TAMS 0x0000000088100000, 0x0000000088000000| Untracked 
| 129|0x0000000088100000, 0x0000000088200000, 0x0000000088200000|100%| O|  |TAMS 0x0000000088200000, 0x0000000088100000| Untracked 
| 130|0x0000000088200000, 0x0000000088300000, 0x0000000088300000|100%| O|  |TAMS 0x0000000088200000, 0x0000000088200000| Untracked 
| 131|0x0000000088300000, 0x0000000088400000, 0x0000000088400000|100%| O|  |TAMS 0x0000000088300000, 0x0000000088300000| Untracked 
| 132|0x0000000088400000, 0x0000000088500000, 0x0000000088500000|100%| O|  |TAMS 0x0000000088500000, 0x0000000088400000| Untracked 
| 133|0x0000000088500000, 0x0000000088600000, 0x0000000088600000|100%| O|  |TAMS 0x0000000088600000, 0x0000000088500000| Untracked 
| 134|0x0000000088600000, 0x0000000088700000, 0x0000000088700000|100%| O|  |TAMS 0x0000000088700000, 0x0000000088600000| Untracked 
| 135|0x0000000088700000, 0x0000000088800000, 0x0000000088800000|100%| O|  |TAMS 0x0000000088800000, 0x0000000088700000| Untracked 
| 136|0x0000000088800000, 0x0000000088900000, 0x0000000088900000|100%| O|  |TAMS 0x0000000088900000, 0x0000000088800000| Untracked 
| 137|0x0000000088900000, 0x0000000088a00000, 0x0000000088a00000|100%| O|  |TAMS 0x0000000088a00000, 0x0000000088900000| Untracked 
| 138|0x0000000088a00000, 0x0000000088b00000, 0x0000000088b00000|100%| O|  |TAMS 0x0000000088b00000, 0x0000000088a00000| Untracked 
| 139|0x0000000088b00000, 0x0000000088c00000, 0x0000000088c00000|100%|HS|  |TAMS 0x0000000088b00000, 0x0000000088b00000| Complete 
| 140|0x0000000088c00000, 0x0000000088d00000, 0x0000000088d00000|100%|HC|  |TAMS 0x0000000088c00000, 0x0000000088c00000| Complete 
| 141|0x0000000088d00000, 0x0000000088e00000, 0x0000000088e00000|100%| O|  |TAMS 0x0000000088d00000, 0x0000000088d00000| Untracked 
| 142|0x0000000088e00000, 0x0000000088f00000, 0x0000000088f00000|100%| O|  |TAMS 0x0000000088f00000, 0x0000000088e00000| Untracked 
| 143|0x0000000088f00000, 0x0000000089000000, 0x0000000089000000|100%| O|  |TAMS 0x0000000089000000, 0x0000000088f00000| Untracked 
| 144|0x0000000089000000, 0x0000000089100000, 0x0000000089100000|100%| O|  |TAMS 0x0000000089100000, 0x0000000089000000| Untracked 
| 145|0x0000000089100000, 0x0000000089200000, 0x0000000089200000|100%| O|  |TAMS 0x0000000089200000, 0x0000000089100000| Untracked 
| 146|0x0000000089200000, 0x0000000089300000, 0x0000000089300000|100%| O|  |TAMS 0x0000000089300000, 0x0000000089200000| Untracked 
| 147|0x0000000089300000, 0x0000000089400000, 0x0000000089400000|100%| O|  |TAMS 0x0000000089300000, 0x0000000089300000| Untracked 
| 148|0x0000000089400000, 0x0000000089500000, 0x0000000089500000|100%| O|  |TAMS 0x0000000089500000, 0x0000000089400000| Untracked 
| 149|0x0000000089500000, 0x0000000089600000, 0x0000000089600000|100%| O|  |TAMS 0x0000000089600000, 0x0000000089500000| Untracked 
| 150|0x0000000089600000, 0x0000000089700000, 0x0000000089700000|100%| O|  |TAMS 0x0000000089700000, 0x0000000089600000| Untracked 
| 151|0x0000000089700000, 0x0000000089800000, 0x0000000089800000|100%| O|  |TAMS 0x0000000089800000, 0x0000000089700000| Untracked 
| 152|0x0000000089800000, 0x0000000089900000, 0x0000000089900000|100%| O|  |TAMS 0x0000000089900000, 0x0000000089800000| Untracked 
| 153|0x0000000089900000, 0x0000000089a00000, 0x0000000089a00000|100%| O|  |TAMS 0x0000000089900000, 0x0000000089900000| Untracked 
| 154|0x0000000089a00000, 0x0000000089b00000, 0x0000000089b00000|100%| O|  |TAMS 0x0000000089b00000, 0x0000000089a00000| Untracked 
| 155|0x0000000089b00000, 0x0000000089c00000, 0x0000000089c00000|100%| O|  |TAMS 0x0000000089c00000, 0x0000000089b00000| Untracked 
| 156|0x0000000089c00000, 0x0000000089d00000, 0x0000000089d00000|100%| O|  |TAMS 0x0000000089d00000, 0x0000000089c00000| Untracked 
| 157|0x0000000089d00000, 0x0000000089e00000, 0x0000000089e00000|100%| O|  |TAMS 0x0000000089e00000, 0x0000000089d00000| Untracked 
| 158|0x0000000089e00000, 0x0000000089f00000, 0x0000000089f00000|100%| O|  |TAMS 0x0000000089f00000, 0x0000000089e00000| Untracked 
| 159|0x0000000089f00000, 0x000000008a000000, 0x000000008a000000|100%| O|  |TAMS 0x000000008a000000, 0x0000000089f00000| Untracked 
| 160|0x000000008a000000, 0x000000008a100000, 0x000000008a100000|100%| O|  |TAMS 0x000000008a000000, 0x000000008a000000| Untracked 
| 161|0x000000008a100000, 0x000000008a200000, 0x000000008a200000|100%| O|  |TAMS 0x000000008a100000, 0x000000008a100000| Untracked 
| 162|0x000000008a200000, 0x000000008a2e1600, 0x000000008a300000| 88%| O|  |TAMS 0x000000008a200000, 0x000000008a200000| Untracked 
| 163|0x000000008a300000, 0x000000008a400000, 0x000000008a400000|100%| O|  |TAMS 0x000000008a400000, 0x000000008a300000| Untracked 
| 164|0x000000008a400000, 0x000000008a400000, 0x000000008a500000|  0%| F|  |TAMS 0x000000008a400000, 0x000000008a400000| Untracked 
| 165|0x000000008a500000, 0x000000008a600000, 0x000000008a600000|100%| O|  |TAMS 0x000000008a600000, 0x000000008a500000| Untracked 
| 166|0x000000008a600000, 0x000000008a700000, 0x000000008a700000|100%| O|  |TAMS 0x000000008a700000, 0x000000008a600000| Untracked 
| 167|0x000000008a700000, 0x000000008a800000, 0x000000008a800000|100%|HS|  |TAMS 0x000000008a700000, 0x000000008a700000| Complete 
| 168|0x000000008a800000, 0x000000008a900000, 0x000000008a900000|100%|HC|  |TAMS 0x000000008a800000, 0x000000008a800000| Complete 
| 169|0x000000008a900000, 0x000000008aa00000, 0x000000008aa00000|100%| O|  |TAMS 0x000000008a900000, 0x000000008a900000| Untracked 
| 170|0x000000008aa00000, 0x000000008ab00000, 0x000000008ab00000|100%| O|  |TAMS 0x000000008ab00000, 0x000000008aa00000| Untracked 
| 171|0x000000008ab00000, 0x000000008ac00000, 0x000000008ac00000|100%| O|  |TAMS 0x000000008ab00000, 0x000000008ab00000| Untracked 
| 172|0x000000008ac00000, 0x000000008ad00000, 0x000000008ad00000|100%| O|  |TAMS 0x000000008ac00000, 0x000000008ac00000| Untracked 
| 173|0x000000008ad00000, 0x000000008ae00000, 0x000000008ae00000|100%| O|  |TAMS 0x000000008ae00000, 0x000000008ad00000| Untracked 
| 174|0x000000008ae00000, 0x000000008af00000, 0x000000008af00000|100%| O|  |TAMS 0x000000008af00000, 0x000000008ae00000| Untracked 
| 175|0x000000008af00000, 0x000000008af00000, 0x000000008b000000|  0%| F|  |TAMS 0x000000008af00000, 0x000000008af00000| Untracked 
| 176|0x000000008b000000, 0x000000008b100000, 0x000000008b100000|100%| O|  |TAMS 0x000000008b100000, 0x000000008b000000| Untracked 
| 177|0x000000008b100000, 0x000000008b200000, 0x000000008b200000|100%| O|  |TAMS 0x000000008b200000, 0x000000008b100000| Untracked 
| 178|0x000000008b200000, 0x000000008b200000, 0x000000008b300000|  0%| F|  |TAMS 0x000000008b200000, 0x000000008b200000| Untracked 
| 179|0x000000008b300000, 0x000000008b400000, 0x000000008b400000|100%| O|  |TAMS 0x000000008b300000, 0x000000008b300000| Untracked 
| 180|0x000000008b400000, 0x000000008b400000, 0x000000008b500000|  0%| F|  |TAMS 0x000000008b400000, 0x000000008b400000| Untracked 
| 181|0x000000008b500000, 0x000000008b500000, 0x000000008b600000|  0%| F|  |TAMS 0x000000008b500000, 0x000000008b500000| Untracked 
| 182|0x000000008b600000, 0x000000008b700000, 0x000000008b700000|100%| O|  |TAMS 0x000000008b600000, 0x000000008b600000| Untracked 
| 183|0x000000008b700000, 0x000000008b800000, 0x000000008b800000|100%| O|  |TAMS 0x000000008b700000, 0x000000008b700000| Untracked 
| 184|0x000000008b800000, 0x000000008b900000, 0x000000008b900000|100%| O|  |TAMS 0x000000008b900000, 0x000000008b800000| Untracked 
| 185|0x000000008b900000, 0x000000008ba00000, 0x000000008ba00000|100%| O|  |TAMS 0x000000008ba00000, 0x000000008b900000| Untracked 
| 186|0x000000008ba00000, 0x000000008bb00000, 0x000000008bb00000|100%| O|  |TAMS 0x000000008ba00000, 0x000000008ba00000| Untracked 
| 187|0x000000008bb00000, 0x000000008bc00000, 0x000000008bc00000|100%| O|  |TAMS 0x000000008bb00000, 0x000000008bb00000| Untracked 
| 188|0x000000008bc00000, 0x000000008bd00000, 0x000000008bd00000|100%| O|  |TAMS 0x000000008bc00000, 0x000000008bc00000| Untracked 
| 189|0x000000008bd00000, 0x000000008be00000, 0x000000008be00000|100%| O|  |TAMS 0x000000008bd00000, 0x000000008bd00000| Untracked 
| 190|0x000000008be00000, 0x000000008be00000, 0x000000008bf00000|  0%| F|  |TAMS 0x000000008be00000, 0x000000008be00000| Untracked 
| 191|0x000000008bf00000, 0x000000008c000000, 0x000000008c000000|100%| O|  |TAMS 0x000000008bf00000, 0x000000008bf00000| Untracked 
| 192|0x000000008c000000, 0x000000008c100000, 0x000000008c100000|100%| O|  |TAMS 0x000000008c000000, 0x000000008c000000| Untracked 
| 193|0x000000008c100000, 0x000000008c200000, 0x000000008c200000|100%| O|  |TAMS 0x000000008c100000, 0x000000008c100000| Untracked 
| 194|0x000000008c200000, 0x000000008c300000, 0x000000008c300000|100%| O|  |TAMS 0x000000008c200000, 0x000000008c200000| Untracked 
| 195|0x000000008c300000, 0x000000008c300000, 0x000000008c400000|  0%| F|  |TAMS 0x000000008c300000, 0x000000008c300000| Untracked 
| 196|0x000000008c400000, 0x000000008c400000, 0x000000008c500000|  0%| F|  |TAMS 0x000000008c400000, 0x000000008c400000| Untracked 
| 197|0x000000008c500000, 0x000000008c500000, 0x000000008c600000|  0%| F|  |TAMS 0x000000008c500000, 0x000000008c500000| Untracked 
| 198|0x000000008c600000, 0x000000008c700000, 0x000000008c700000|100%| O|  |TAMS 0x000000008c600000, 0x000000008c600000| Untracked 
| 199|0x000000008c700000, 0x000000008c800000, 0x000000008c800000|100%| O|  |TAMS 0x000000008c800000, 0x000000008c700000| Untracked 
| 200|0x000000008c800000, 0x000000008c900000, 0x000000008c900000|100%| O|  |TAMS 0x000000008c900000, 0x000000008c800000| Untracked 
| 201|0x000000008c900000, 0x000000008c900000, 0x000000008ca00000|  0%| F|  |TAMS 0x000000008c900000, 0x000000008c900000| Untracked 
| 202|0x000000008ca00000, 0x000000008cb00000, 0x000000008cb00000|100%| O|  |TAMS 0x000000008cb00000, 0x000000008ca00000| Untracked 
| 203|0x000000008cb00000, 0x000000008cc00000, 0x000000008cc00000|100%| O|  |TAMS 0x000000008cc00000, 0x000000008cb00000| Untracked 
| 204|0x000000008cc00000, 0x000000008cd00000, 0x000000008cd00000|100%| O|  |TAMS 0x000000008cd00000, 0x000000008cc00000| Untracked 
| 205|0x000000008cd00000, 0x000000008ce00000, 0x000000008ce00000|100%| O|  |TAMS 0x000000008ce00000, 0x000000008cd00000| Untracked 
| 206|0x000000008ce00000, 0x000000008cf00000, 0x000000008cf00000|100%| O|  |TAMS 0x000000008cf00000, 0x000000008ce00000| Untracked 
| 207|0x000000008cf00000, 0x000000008cf00000, 0x000000008d000000|  0%| F|  |TAMS 0x000000008cf00000, 0x000000008cf00000| Untracked 
| 208|0x000000008d000000, 0x000000008d100000, 0x000000008d100000|100%| O|  |TAMS 0x000000008d100000, 0x000000008d000000| Untracked 
| 209|0x000000008d100000, 0x000000008d200000, 0x000000008d200000|100%| O|  |TAMS 0x000000008d200000, 0x000000008d100000| Untracked 
| 210|0x000000008d200000, 0x000000008d200000, 0x000000008d300000|  0%| F|  |TAMS 0x000000008d200000, 0x000000008d200000| Untracked 
| 211|0x000000008d300000, 0x000000008d400000, 0x000000008d400000|100%| O|  |TAMS 0x000000008d400000, 0x000000008d300000| Untracked 
| 212|0x000000008d400000, 0x000000008d400000, 0x000000008d500000|  0%| F|  |TAMS 0x000000008d400000, 0x000000008d400000| Untracked 
| 213|0x000000008d500000, 0x000000008d600000, 0x000000008d600000|100%| O|  |TAMS 0x000000008d600000, 0x000000008d500000| Untracked 
| 214|0x000000008d600000, 0x000000008d700000, 0x000000008d700000|100%| O|  |TAMS 0x000000008d700000, 0x000000008d600000| Untracked 
| 215|0x000000008d700000, 0x000000008d800000, 0x000000008d800000|100%| O|  |TAMS 0x000000008d700000, 0x000000008d700000| Untracked 
| 216|0x000000008d800000, 0x000000008d900000, 0x000000008d900000|100%| O|  |TAMS 0x000000008d900000, 0x000000008d800000| Untracked 
| 217|0x000000008d900000, 0x000000008d900000, 0x000000008da00000|  0%| F|  |TAMS 0x000000008d900000, 0x000000008d900000| Untracked 
| 218|0x000000008da00000, 0x000000008da00000, 0x000000008db00000|  0%| F|  |TAMS 0x000000008da00000, 0x000000008da00000| Untracked 
| 219|0x000000008db00000, 0x000000008db00000, 0x000000008dc00000|  0%| F|  |TAMS 0x000000008db00000, 0x000000008db00000| Untracked 
| 220|0x000000008dc00000, 0x000000008dc00000, 0x000000008dd00000|  0%| F|  |TAMS 0x000000008dc00000, 0x000000008dc00000| Untracked 
| 221|0x000000008dd00000, 0x000000008dd00000, 0x000000008de00000|  0%| F|  |TAMS 0x000000008dd00000, 0x000000008dd00000| Untracked 
| 222|0x000000008de00000, 0x000000008de00000, 0x000000008df00000|  0%| F|  |TAMS 0x000000008de00000, 0x000000008de00000| Untracked 
| 223|0x000000008df00000, 0x000000008e000000, 0x000000008e000000|100%| O|  |TAMS 0x000000008df00000, 0x000000008df00000| Untracked 
| 224|0x000000008e000000, 0x000000008e100000, 0x000000008e100000|100%| O|  |TAMS 0x000000008e000000, 0x000000008e000000| Untracked 
| 225|0x000000008e100000, 0x000000008e200000, 0x000000008e200000|100%| O|  |TAMS 0x000000008e100000, 0x000000008e100000| Untracked 
| 226|0x000000008e200000, 0x000000008e300000, 0x000000008e300000|100%| O|  |TAMS 0x000000008e200000, 0x000000008e200000| Untracked 
| 227|0x000000008e300000, 0x000000008e400000, 0x000000008e400000|100%| O|  |TAMS 0x000000008e400000, 0x000000008e300000| Untracked 
| 228|0x000000008e400000, 0x000000008e400000, 0x000000008e500000|  0%| F|  |TAMS 0x000000008e400000, 0x000000008e400000| Untracked 
| 229|0x000000008e500000, 0x000000008e600000, 0x000000008e600000|100%| O|  |TAMS 0x000000008e500000, 0x000000008e500000| Untracked 
| 230|0x000000008e600000, 0x000000008e600000, 0x000000008e700000|  0%| F|  |TAMS 0x000000008e600000, 0x000000008e600000| Untracked 
| 231|0x000000008e700000, 0x000000008e800000, 0x000000008e800000|100%| O|  |TAMS 0x000000008e800000, 0x000000008e700000| Untracked 
| 232|0x000000008e800000, 0x000000008e900000, 0x000000008e900000|100%| O|  |TAMS 0x000000008e900000, 0x000000008e800000| Untracked 
| 233|0x000000008e900000, 0x000000008ea00000, 0x000000008ea00000|100%| O|  |TAMS 0x000000008ea00000, 0x000000008e900000| Untracked 
| 234|0x000000008ea00000, 0x000000008eb00000, 0x000000008eb00000|100%| O|  |TAMS 0x000000008eb00000, 0x000000008ea00000| Untracked 
| 235|0x000000008eb00000, 0x000000008ec00000, 0x000000008ec00000|100%| O|  |TAMS 0x000000008ec00000, 0x000000008eb00000| Untracked 
| 236|0x000000008ec00000, 0x000000008ec00000, 0x000000008ed00000|  0%| F|  |TAMS 0x000000008ec00000, 0x000000008ec00000| Untracked 
| 237|0x000000008ed00000, 0x000000008ee00000, 0x000000008ee00000|100%| O|  |TAMS 0x000000008eda7000, 0x000000008ed00000| Untracked 
| 238|0x000000008ee00000, 0x000000008ee00000, 0x000000008ef00000|  0%| F|  |TAMS 0x000000008ee00000, 0x000000008ee00000| Untracked 
| 239|0x000000008ef00000, 0x000000008ef00000, 0x000000008f000000|  0%| F|  |TAMS 0x000000008ef00000, 0x000000008ef00000| Untracked 
| 240|0x000000008f000000, 0x000000008f100000, 0x000000008f100000|100%| O|  |TAMS 0x000000008f000000, 0x000000008f000000| Untracked 
| 241|0x000000008f100000, 0x000000008f200000, 0x000000008f200000|100%| O|  |TAMS 0x000000008f100000, 0x000000008f100000| Untracked 
| 242|0x000000008f200000, 0x000000008f200000, 0x000000008f300000|  0%| F|  |TAMS 0x000000008f200000, 0x000000008f200000| Untracked 
| 243|0x000000008f300000, 0x000000008f300000, 0x000000008f400000|  0%| F|  |TAMS 0x000000008f300000, 0x000000008f300000| Untracked 
| 244|0x000000008f400000, 0x000000008f400000, 0x000000008f500000|  0%| F|  |TAMS 0x000000008f400000, 0x000000008f400000| Untracked 
| 245|0x000000008f500000, 0x000000008f500000, 0x000000008f600000|  0%| F|  |TAMS 0x000000008f500000, 0x000000008f500000| Untracked 
| 246|0x000000008f600000, 0x000000008f600000, 0x000000008f700000|  0%| F|  |TAMS 0x000000008f600000, 0x000000008f600000| Untracked 
| 247|0x000000008f700000, 0x000000008f800000, 0x000000008f800000|100%|HS|  |TAMS 0x000000008f800000, 0x000000008f700000| Complete 
| 248|0x000000008f800000, 0x000000008f900000, 0x000000008f900000|100%|HC|  |TAMS 0x000000008f900000, 0x000000008f800000| Complete 
| 249|0x000000008f900000, 0x000000008f900000, 0x000000008fa00000|  0%| F|  |TAMS 0x000000008f900000, 0x000000008f900000| Untracked 
| 250|0x000000008fa00000, 0x000000008fa00000, 0x000000008fb00000|  0%| F|  |TAMS 0x000000008fa00000, 0x000000008fa00000| Untracked 
| 251|0x000000008fb00000, 0x000000008fb00000, 0x000000008fc00000|  0%| F|  |TAMS 0x000000008fb00000, 0x000000008fb00000| Untracked 
| 252|0x000000008fc00000, 0x000000008fc00000, 0x000000008fd00000|  0%| F|  |TAMS 0x000000008fc00000, 0x000000008fc00000| Untracked 
| 253|0x000000008fd00000, 0x000000008fd00000, 0x000000008fe00000|  0%| F|  |TAMS 0x000000008fd00000, 0x000000008fd00000| Untracked 
| 254|0x000000008fe00000, 0x000000008ff00000, 0x000000008ff00000|100%| O|  |TAMS 0x000000008ff00000, 0x000000008fe00000| Untracked 
| 255|0x000000008ff00000, 0x0000000090000000, 0x0000000090000000|100%| O|  |TAMS 0x0000000090000000, 0x000000008ff00000| Untracked 
| 256|0x0000000090000000, 0x0000000090000000, 0x0000000090100000|  0%| F|  |TAMS 0x0000000090000000, 0x0000000090000000| Untracked 
| 257|0x0000000090100000, 0x0000000090100000, 0x0000000090200000|  0%| F|  |TAMS 0x0000000090100000, 0x0000000090100000| Untracked 
| 258|0x0000000090200000, 0x0000000090200000, 0x0000000090300000|  0%| F|  |TAMS 0x0000000090200000, 0x0000000090200000| Untracked 
| 259|0x0000000090300000, 0x0000000090300000, 0x0000000090400000|  0%| F|  |TAMS 0x0000000090300000, 0x0000000090300000| Untracked 
| 260|0x0000000090400000, 0x0000000090400000, 0x0000000090500000|  0%| F|  |TAMS 0x0000000090400000, 0x0000000090400000| Untracked 
| 261|0x0000000090500000, 0x0000000090500000, 0x0000000090600000|  0%| F|  |TAMS 0x0000000090500000, 0x0000000090500000| Untracked 
| 262|0x0000000090600000, 0x0000000090600000, 0x0000000090700000|  0%| F|  |TAMS 0x0000000090600000, 0x0000000090600000| Untracked 
| 263|0x0000000090700000, 0x0000000090700000, 0x0000000090800000|  0%| F|  |TAMS 0x0000000090700000, 0x0000000090700000| Untracked 
| 264|0x0000000090800000, 0x0000000090800000, 0x0000000090900000|  0%| F|  |TAMS 0x0000000090800000, 0x0000000090800000| Untracked 
| 265|0x0000000090900000, 0x0000000090900000, 0x0000000090a00000|  0%| F|  |TAMS 0x0000000090900000, 0x0000000090900000| Untracked 
| 266|0x0000000090a00000, 0x0000000090a00000, 0x0000000090b00000|  0%| F|  |TAMS 0x0000000090a00000, 0x0000000090a00000| Untracked 
| 267|0x0000000090b00000, 0x0000000090b00000, 0x0000000090c00000|  0%| F|  |TAMS 0x0000000090b00000, 0x0000000090b00000| Untracked 
| 268|0x0000000090c00000, 0x0000000090c00000, 0x0000000090d00000|  0%| F|  |TAMS 0x0000000090c00000, 0x0000000090c00000| Untracked 
| 269|0x0000000090d00000, 0x0000000090d00000, 0x0000000090e00000|  0%| F|  |TAMS 0x0000000090d00000, 0x0000000090d00000| Untracked 
| 270|0x0000000090e00000, 0x0000000090e00000, 0x0000000090f00000|  0%| F|  |TAMS 0x0000000090e00000, 0x0000000090e00000| Untracked 
| 271|0x0000000090f00000, 0x0000000090f00000, 0x0000000091000000|  0%| F|  |TAMS 0x0000000090f00000, 0x0000000090f00000| Untracked 
| 272|0x0000000091000000, 0x0000000091000000, 0x0000000091100000|  0%| F|  |TAMS 0x0000000091000000, 0x0000000091000000| Untracked 
| 273|0x0000000091100000, 0x0000000091100000, 0x0000000091200000|  0%| F|  |TAMS 0x0000000091100000, 0x0000000091100000| Untracked 
| 274|0x0000000091200000, 0x0000000091200000, 0x0000000091300000|  0%| F|  |TAMS 0x0000000091200000, 0x0000000091200000| Untracked 
| 275|0x0000000091300000, 0x0000000091300000, 0x0000000091400000|  0%| F|  |TAMS 0x0000000091300000, 0x0000000091300000| Untracked 
| 276|0x0000000091400000, 0x0000000091400000, 0x0000000091500000|  0%| F|  |TAMS 0x0000000091400000, 0x0000000091400000| Untracked 
| 277|0x0000000091500000, 0x0000000091500000, 0x0000000091600000|  0%| F|  |TAMS 0x0000000091500000, 0x0000000091500000| Untracked 
| 278|0x0000000091600000, 0x0000000091600000, 0x0000000091700000|  0%| F|  |TAMS 0x0000000091600000, 0x0000000091600000| Untracked 
| 279|0x0000000091700000, 0x0000000091700000, 0x0000000091800000|  0%| F|  |TAMS 0x0000000091700000, 0x0000000091700000| Untracked 
| 280|0x0000000091800000, 0x0000000091800000, 0x0000000091900000|  0%| F|  |TAMS 0x0000000091800000, 0x0000000091800000| Untracked 
| 281|0x0000000091900000, 0x0000000091900000, 0x0000000091a00000|  0%| F|  |TAMS 0x0000000091900000, 0x0000000091900000| Untracked 
| 282|0x0000000091a00000, 0x0000000091a00000, 0x0000000091b00000|  0%| F|  |TAMS 0x0000000091a00000, 0x0000000091a00000| Untracked 
| 283|0x0000000091b00000, 0x0000000091b00000, 0x0000000091c00000|  0%| F|  |TAMS 0x0000000091b00000, 0x0000000091b00000| Untracked 
| 284|0x0000000091c00000, 0x0000000091c00000, 0x0000000091d00000|  0%| F|  |TAMS 0x0000000091c00000, 0x0000000091c00000| Untracked 
| 285|0x0000000091d00000, 0x0000000091d00000, 0x0000000091e00000|  0%| F|  |TAMS 0x0000000091d00000, 0x0000000091d00000| Untracked 
| 286|0x0000000091e00000, 0x0000000091e00000, 0x0000000091f00000|  0%| F|  |TAMS 0x0000000091e00000, 0x0000000091e00000| Untracked 
| 287|0x0000000091f00000, 0x0000000091f00000, 0x0000000092000000|  0%| F|  |TAMS 0x0000000091f00000, 0x0000000091f00000| Untracked 
| 288|0x0000000092000000, 0x0000000092000000, 0x0000000092100000|  0%| F|  |TAMS 0x0000000092000000, 0x0000000092000000| Untracked 
| 289|0x0000000092100000, 0x0000000092100000, 0x0000000092200000|  0%| F|  |TAMS 0x0000000092100000, 0x0000000092100000| Untracked 
| 290|0x0000000092200000, 0x0000000092200000, 0x0000000092300000|  0%| F|  |TAMS 0x0000000092200000, 0x0000000092200000| Untracked 
| 291|0x0000000092300000, 0x0000000092300000, 0x0000000092400000|  0%| F|  |TAMS 0x0000000092300000, 0x0000000092300000| Untracked 
| 292|0x0000000092400000, 0x0000000092400000, 0x0000000092500000|  0%| F|  |TAMS 0x0000000092400000, 0x0000000092400000| Untracked 
| 293|0x0000000092500000, 0x0000000092600000, 0x0000000092600000|100%| O|  |TAMS 0x0000000092600000, 0x0000000092500000| Untracked 
| 294|0x0000000092600000, 0x0000000092600000, 0x0000000092700000|  0%| F|  |TAMS 0x0000000092600000, 0x0000000092600000| Untracked 
| 295|0x0000000092700000, 0x0000000092700000, 0x0000000092800000|  0%| F|  |TAMS 0x0000000092700000, 0x0000000092700000| Untracked 
| 296|0x0000000092800000, 0x0000000092800000, 0x0000000092900000|  0%| F|  |TAMS 0x0000000092800000, 0x0000000092800000| Untracked 
| 297|0x0000000092900000, 0x0000000092900000, 0x0000000092a00000|  0%| F|  |TAMS 0x0000000092900000, 0x0000000092900000| Untracked 
| 298|0x0000000092a00000, 0x0000000092a00000, 0x0000000092b00000|  0%| F|  |TAMS 0x0000000092a00000, 0x0000000092a00000| Untracked 
| 299|0x0000000092b00000, 0x0000000092b00000, 0x0000000092c00000|  0%| F|  |TAMS 0x0000000092b00000, 0x0000000092b00000| Untracked 
| 300|0x0000000092c00000, 0x0000000092c00000, 0x0000000092d00000|  0%| F|  |TAMS 0x0000000092c00000, 0x0000000092c00000| Untracked 
| 301|0x0000000092d00000, 0x0000000092d00000, 0x0000000092e00000|  0%| F|  |TAMS 0x0000000092d00000, 0x0000000092d00000| Untracked 
| 302|0x0000000092e00000, 0x0000000092e00000, 0x0000000092f00000|  0%| F|  |TAMS 0x0000000092e00000, 0x0000000092e00000| Untracked 
| 303|0x0000000092f00000, 0x0000000092f00000, 0x0000000093000000|  0%| F|  |TAMS 0x0000000092f00000, 0x0000000092f00000| Untracked 
| 304|0x0000000093000000, 0x0000000093000000, 0x0000000093100000|  0%| F|  |TAMS 0x0000000093000000, 0x0000000093000000| Untracked 
| 305|0x0000000093100000, 0x0000000093100000, 0x0000000093200000|  0%| F|  |TAMS 0x0000000093100000, 0x0000000093100000| Untracked 
| 306|0x0000000093200000, 0x0000000093200000, 0x0000000093300000|  0%| F|  |TAMS 0x0000000093200000, 0x0000000093200000| Untracked 
| 307|0x0000000093300000, 0x0000000093300000, 0x0000000093400000|  0%| F|  |TAMS 0x0000000093300000, 0x0000000093300000| Untracked 
| 308|0x0000000093400000, 0x0000000093400000, 0x0000000093500000|  0%| F|  |TAMS 0x0000000093400000, 0x0000000093400000| Untracked 
| 309|0x0000000093500000, 0x0000000093500000, 0x0000000093600000|  0%| F|  |TAMS 0x0000000093500000, 0x0000000093500000| Untracked 
| 310|0x0000000093600000, 0x0000000093600000, 0x0000000093700000|  0%| F|  |TAMS 0x0000000093600000, 0x0000000093600000| Untracked 
| 311|0x0000000093700000, 0x0000000093700000, 0x0000000093800000|  0%| F|  |TAMS 0x0000000093700000, 0x0000000093700000| Untracked 
| 312|0x0000000093800000, 0x0000000093800000, 0x0000000093900000|  0%| F|  |TAMS 0x0000000093800000, 0x0000000093800000| Untracked 
| 313|0x0000000093900000, 0x0000000093900000, 0x0000000093a00000|  0%| F|  |TAMS 0x0000000093900000, 0x0000000093900000| Untracked 
| 314|0x0000000093a00000, 0x0000000093a00000, 0x0000000093b00000|  0%| F|  |TAMS 0x0000000093a00000, 0x0000000093a00000| Untracked 
| 315|0x0000000093b00000, 0x0000000093b00000, 0x0000000093c00000|  0%| F|  |TAMS 0x0000000093b00000, 0x0000000093b00000| Untracked 
| 316|0x0000000093c00000, 0x0000000093c00000, 0x0000000093d00000|  0%| F|  |TAMS 0x0000000093c00000, 0x0000000093c00000| Untracked 
| 317|0x0000000093d00000, 0x0000000093d00000, 0x0000000093e00000|  0%| F|  |TAMS 0x0000000093d00000, 0x0000000093d00000| Untracked 
| 318|0x0000000093e00000, 0x0000000093e00000, 0x0000000093f00000|  0%| F|  |TAMS 0x0000000093e00000, 0x0000000093e00000| Untracked 
| 319|0x0000000093f00000, 0x0000000093f00000, 0x0000000094000000|  0%| F|  |TAMS 0x0000000093f00000, 0x0000000093f00000| Untracked 
| 320|0x0000000094000000, 0x0000000094000000, 0x0000000094100000|  0%| F|  |TAMS 0x0000000094000000, 0x0000000094000000| Untracked 
| 321|0x0000000094100000, 0x0000000094100000, 0x0000000094200000|  0%| F|  |TAMS 0x0000000094100000, 0x0000000094100000| Untracked 
| 322|0x0000000094200000, 0x0000000094200000, 0x0000000094300000|  0%| F|  |TAMS 0x0000000094200000, 0x0000000094200000| Untracked 
| 323|0x0000000094300000, 0x0000000094300000, 0x0000000094400000|  0%| F|  |TAMS 0x0000000094300000, 0x0000000094300000| Untracked 
| 324|0x0000000094400000, 0x0000000094400000, 0x0000000094500000|  0%| F|  |TAMS 0x0000000094400000, 0x0000000094400000| Untracked 
| 325|0x0000000094500000, 0x0000000094500000, 0x0000000094600000|  0%| F|  |TAMS 0x0000000094500000, 0x0000000094500000| Untracked 
| 326|0x0000000094600000, 0x0000000094700000, 0x0000000094700000|100%| O|  |TAMS 0x0000000094700000, 0x0000000094600000| Untracked 
| 327|0x0000000094700000, 0x0000000094700000, 0x0000000094800000|  0%| F|  |TAMS 0x0000000094700000, 0x0000000094700000| Untracked 
| 328|0x0000000094800000, 0x0000000094800000, 0x0000000094900000|  0%| F|  |TAMS 0x0000000094800000, 0x0000000094800000| Untracked 
| 329|0x0000000094900000, 0x0000000094900000, 0x0000000094a00000|  0%| F|  |TAMS 0x0000000094900000, 0x0000000094900000| Untracked 
| 330|0x0000000094a00000, 0x0000000094a00000, 0x0000000094b00000|  0%| F|  |TAMS 0x0000000094a00000, 0x0000000094a00000| Untracked 
| 331|0x0000000094b00000, 0x0000000094b00000, 0x0000000094c00000|  0%| F|  |TAMS 0x0000000094b00000, 0x0000000094b00000| Untracked 
| 332|0x0000000094c00000, 0x0000000094c00000, 0x0000000094d00000|  0%| F|  |TAMS 0x0000000094c00000, 0x0000000094c00000| Untracked 
| 333|0x0000000094d00000, 0x0000000094d00000, 0x0000000094e00000|  0%| F|  |TAMS 0x0000000094d00000, 0x0000000094d00000| Untracked 
| 334|0x0000000094e00000, 0x0000000094e00000, 0x0000000094f00000|  0%| F|  |TAMS 0x0000000094e00000, 0x0000000094e00000| Untracked 
| 335|0x0000000094f00000, 0x0000000094f00000, 0x0000000095000000|  0%| F|  |TAMS 0x0000000094f00000, 0x0000000094f00000| Untracked 
| 336|0x0000000095000000, 0x0000000095000000, 0x0000000095100000|  0%| F|  |TAMS 0x0000000095000000, 0x0000000095000000| Untracked 
| 337|0x0000000095100000, 0x0000000095100000, 0x0000000095200000|  0%| F|  |TAMS 0x0000000095100000, 0x0000000095100000| Untracked 
| 338|0x0000000095200000, 0x0000000095200000, 0x0000000095300000|  0%| F|  |TAMS 0x0000000095200000, 0x0000000095200000| Untracked 
| 339|0x0000000095300000, 0x0000000095300000, 0x0000000095400000|  0%| F|  |TAMS 0x0000000095300000, 0x0000000095300000| Untracked 
| 340|0x0000000095400000, 0x0000000095400000, 0x0000000095500000|  0%| F|  |TAMS 0x0000000095400000, 0x0000000095400000| Untracked 
| 341|0x0000000095500000, 0x0000000095500000, 0x0000000095600000|  0%| F|  |TAMS 0x0000000095500000, 0x0000000095500000| Untracked 
| 342|0x0000000095600000, 0x0000000095600000, 0x0000000095700000|  0%| F|  |TAMS 0x0000000095600000, 0x0000000095600000| Untracked 
| 343|0x0000000095700000, 0x0000000095700000, 0x0000000095800000|  0%| F|  |TAMS 0x0000000095700000, 0x0000000095700000| Untracked 
| 344|0x0000000095800000, 0x0000000095800000, 0x0000000095900000|  0%| F|  |TAMS 0x0000000095800000, 0x0000000095800000| Untracked 
| 345|0x0000000095900000, 0x0000000095900000, 0x0000000095a00000|  0%| F|  |TAMS 0x0000000095900000, 0x0000000095900000| Untracked 
| 346|0x0000000095a00000, 0x0000000095a00000, 0x0000000095b00000|  0%| F|  |TAMS 0x0000000095a00000, 0x0000000095a00000| Untracked 
| 347|0x0000000095b00000, 0x0000000095b00000, 0x0000000095c00000|  0%| F|  |TAMS 0x0000000095b00000, 0x0000000095b00000| Untracked 
| 348|0x0000000095c00000, 0x0000000095c00000, 0x0000000095d00000|  0%| F|  |TAMS 0x0000000095c00000, 0x0000000095c00000| Untracked 
| 349|0x0000000095d00000, 0x0000000095d00000, 0x0000000095e00000|  0%| F|  |TAMS 0x0000000095d00000, 0x0000000095d00000| Untracked 
| 350|0x0000000095e00000, 0x0000000095e00000, 0x0000000095f00000|  0%| F|  |TAMS 0x0000000095e00000, 0x0000000095e00000| Untracked 
| 351|0x0000000095f00000, 0x0000000095f00000, 0x0000000096000000|  0%| F|  |TAMS 0x0000000095f00000, 0x0000000095f00000| Untracked 
| 352|0x0000000096000000, 0x0000000096000000, 0x0000000096100000|  0%| F|  |TAMS 0x0000000096000000, 0x0000000096000000| Untracked 
| 353|0x0000000096100000, 0x0000000096100000, 0x0000000096200000|  0%| F|  |TAMS 0x0000000096100000, 0x0000000096100000| Untracked 
| 354|0x0000000096200000, 0x0000000096200000, 0x0000000096300000|  0%| F|  |TAMS 0x0000000096200000, 0x0000000096200000| Untracked 
| 355|0x0000000096300000, 0x0000000096300000, 0x0000000096400000|  0%| F|  |TAMS 0x0000000096300000, 0x0000000096300000| Untracked 
| 356|0x0000000096400000, 0x0000000096400000, 0x0000000096500000|  0%| F|  |TAMS 0x0000000096400000, 0x0000000096400000| Untracked 
| 357|0x0000000096500000, 0x0000000096500000, 0x0000000096600000|  0%| F|  |TAMS 0x0000000096500000, 0x0000000096500000| Untracked 
| 358|0x0000000096600000, 0x0000000096600000, 0x0000000096700000|  0%| F|  |TAMS 0x0000000096600000, 0x0000000096600000| Untracked 
| 359|0x0000000096700000, 0x0000000096700000, 0x0000000096800000|  0%| F|  |TAMS 0x0000000096700000, 0x0000000096700000| Untracked 
| 360|0x0000000096800000, 0x0000000096800000, 0x0000000096900000|  0%| F|  |TAMS 0x0000000096800000, 0x0000000096800000| Untracked 
| 361|0x0000000096900000, 0x0000000096900000, 0x0000000096a00000|  0%| F|  |TAMS 0x0000000096900000, 0x0000000096900000| Untracked 
| 362|0x0000000096a00000, 0x0000000096a00000, 0x0000000096b00000|  0%| F|  |TAMS 0x0000000096a00000, 0x0000000096a00000| Untracked 
| 363|0x0000000096b00000, 0x0000000096b00000, 0x0000000096c00000|  0%| F|  |TAMS 0x0000000096b00000, 0x0000000096b00000| Untracked 
| 364|0x0000000096c00000, 0x0000000096c00000, 0x0000000096d00000|  0%| F|  |TAMS 0x0000000096c00000, 0x0000000096c00000| Untracked 
| 365|0x0000000096d00000, 0x0000000096d00000, 0x0000000096e00000|  0%| F|  |TAMS 0x0000000096d00000, 0x0000000096d00000| Untracked 
| 366|0x0000000096e00000, 0x0000000096e00000, 0x0000000096f00000|  0%| F|  |TAMS 0x0000000096e00000, 0x0000000096e00000| Untracked 
| 367|0x0000000096f00000, 0x0000000096f00000, 0x0000000097000000|  0%| F|  |TAMS 0x0000000096f00000, 0x0000000096f00000| Untracked 
| 368|0x0000000097000000, 0x0000000097000000, 0x0000000097100000|  0%| F|  |TAMS 0x0000000097000000, 0x0000000097000000| Untracked 
| 369|0x0000000097100000, 0x0000000097100000, 0x0000000097200000|  0%| F|  |TAMS 0x0000000097100000, 0x0000000097100000| Untracked 
| 370|0x0000000097200000, 0x0000000097200000, 0x0000000097300000|  0%| F|  |TAMS 0x0000000097200000, 0x0000000097200000| Untracked 
| 371|0x0000000097300000, 0x0000000097300000, 0x0000000097400000|  0%| F|  |TAMS 0x0000000097300000, 0x0000000097300000| Untracked 
| 372|0x0000000097400000, 0x0000000097400000, 0x0000000097500000|  0%| F|  |TAMS 0x0000000097400000, 0x0000000097400000| Untracked 
| 373|0x0000000097500000, 0x0000000097500000, 0x0000000097600000|  0%| F|  |TAMS 0x0000000097500000, 0x0000000097500000| Untracked 
| 374|0x0000000097600000, 0x0000000097600000, 0x0000000097700000|  0%| F|  |TAMS 0x0000000097600000, 0x0000000097600000| Untracked 
| 375|0x0000000097700000, 0x0000000097700000, 0x0000000097800000|  0%| F|  |TAMS 0x0000000097700000, 0x0000000097700000| Untracked 
| 376|0x0000000097800000, 0x0000000097800000, 0x0000000097900000|  0%| F|  |TAMS 0x0000000097800000, 0x0000000097800000| Untracked 
| 377|0x0000000097900000, 0x0000000097900000, 0x0000000097a00000|  0%| F|  |TAMS 0x0000000097900000, 0x0000000097900000| Untracked 
| 378|0x0000000097a00000, 0x0000000097a00000, 0x0000000097b00000|  0%| F|  |TAMS 0x0000000097a00000, 0x0000000097a00000| Untracked 
| 379|0x0000000097b00000, 0x0000000097b00000, 0x0000000097c00000|  0%| F|  |TAMS 0x0000000097b00000, 0x0000000097b00000| Untracked 
| 380|0x0000000097c00000, 0x0000000097c00000, 0x0000000097d00000|  0%| F|  |TAMS 0x0000000097c00000, 0x0000000097c00000| Untracked 
| 381|0x0000000097d00000, 0x0000000097d00000, 0x0000000097e00000|  0%| F|  |TAMS 0x0000000097d00000, 0x0000000097d00000| Untracked 
| 382|0x0000000097e00000, 0x0000000097e00000, 0x0000000097f00000|  0%| F|  |TAMS 0x0000000097e00000, 0x0000000097e00000| Untracked 
| 383|0x0000000097f00000, 0x0000000097f00000, 0x0000000098000000|  0%| F|  |TAMS 0x0000000097f00000, 0x0000000097f00000| Untracked 
| 384|0x0000000098000000, 0x0000000098000000, 0x0000000098100000|  0%| F|  |TAMS 0x0000000098000000, 0x0000000098000000| Untracked 
| 385|0x0000000098100000, 0x0000000098100000, 0x0000000098200000|  0%| F|  |TAMS 0x0000000098100000, 0x0000000098100000| Untracked 
| 386|0x0000000098200000, 0x0000000098200000, 0x0000000098300000|  0%| F|  |TAMS 0x0000000098200000, 0x0000000098200000| Untracked 
| 387|0x0000000098300000, 0x0000000098300000, 0x0000000098400000|  0%| F|  |TAMS 0x0000000098300000, 0x0000000098300000| Untracked 
| 388|0x0000000098400000, 0x0000000098400000, 0x0000000098500000|  0%| F|  |TAMS 0x0000000098400000, 0x0000000098400000| Untracked 
| 389|0x0000000098500000, 0x0000000098500000, 0x0000000098600000|  0%| F|  |TAMS 0x0000000098500000, 0x0000000098500000| Untracked 
| 390|0x0000000098600000, 0x0000000098600000, 0x0000000098700000|  0%| F|  |TAMS 0x0000000098600000, 0x0000000098600000| Untracked 
| 391|0x0000000098700000, 0x0000000098700000, 0x0000000098800000|  0%| F|  |TAMS 0x0000000098700000, 0x0000000098700000| Untracked 
| 392|0x0000000098800000, 0x0000000098800000, 0x0000000098900000|  0%| F|  |TAMS 0x0000000098800000, 0x0000000098800000| Untracked 
| 393|0x0000000098900000, 0x0000000098900000, 0x0000000098a00000|  0%| F|  |TAMS 0x0000000098900000, 0x0000000098900000| Untracked 
| 394|0x0000000098a00000, 0x0000000098a00000, 0x0000000098b00000|  0%| F|  |TAMS 0x0000000098a00000, 0x0000000098a00000| Untracked 
| 395|0x0000000098b00000, 0x0000000098b00000, 0x0000000098c00000|  0%| F|  |TAMS 0x0000000098b00000, 0x0000000098b00000| Untracked 
| 396|0x0000000098c00000, 0x0000000098c00000, 0x0000000098d00000|  0%| F|  |TAMS 0x0000000098c00000, 0x0000000098c00000| Untracked 
| 397|0x0000000098d00000, 0x0000000098d00000, 0x0000000098e00000|  0%| F|  |TAMS 0x0000000098d00000, 0x0000000098d00000| Untracked 
| 398|0x0000000098e00000, 0x0000000098e00000, 0x0000000098f00000|  0%| F|  |TAMS 0x0000000098e00000, 0x0000000098e00000| Untracked 
| 399|0x0000000098f00000, 0x0000000098f00000, 0x0000000099000000|  0%| F|  |TAMS 0x0000000098f00000, 0x0000000098f00000| Untracked 
| 400|0x0000000099000000, 0x0000000099000000, 0x0000000099100000|  0%| F|  |TAMS 0x0000000099000000, 0x0000000099000000| Untracked 
| 401|0x0000000099100000, 0x0000000099100000, 0x0000000099200000|  0%| F|  |TAMS 0x0000000099100000, 0x0000000099100000| Untracked 
| 402|0x0000000099200000, 0x0000000099200000, 0x0000000099300000|  0%| F|  |TAMS 0x0000000099200000, 0x0000000099200000| Untracked 
| 403|0x0000000099300000, 0x0000000099300000, 0x0000000099400000|  0%| F|  |TAMS 0x0000000099300000, 0x0000000099300000| Untracked 
| 404|0x0000000099400000, 0x0000000099400000, 0x0000000099500000|  0%| F|  |TAMS 0x0000000099400000, 0x0000000099400000| Untracked 
| 405|0x0000000099500000, 0x0000000099500000, 0x0000000099600000|  0%| F|  |TAMS 0x0000000099500000, 0x0000000099500000| Untracked 
| 406|0x0000000099600000, 0x0000000099600000, 0x0000000099700000|  0%| F|  |TAMS 0x0000000099600000, 0x0000000099600000| Untracked 
| 407|0x0000000099700000, 0x0000000099700000, 0x0000000099800000|  0%| F|  |TAMS 0x0000000099700000, 0x0000000099700000| Untracked 
| 408|0x0000000099800000, 0x0000000099800000, 0x0000000099900000|  0%| F|  |TAMS 0x0000000099800000, 0x0000000099800000| Untracked 
| 409|0x0000000099900000, 0x0000000099900000, 0x0000000099a00000|  0%| F|  |TAMS 0x0000000099900000, 0x0000000099900000| Untracked 
| 410|0x0000000099a00000, 0x0000000099a00000, 0x0000000099b00000|  0%| F|  |TAMS 0x0000000099a00000, 0x0000000099a00000| Untracked 
| 411|0x0000000099b00000, 0x0000000099b00000, 0x0000000099c00000|  0%| F|  |TAMS 0x0000000099b00000, 0x0000000099b00000| Untracked 
| 412|0x0000000099c00000, 0x0000000099c00000, 0x0000000099d00000|  0%| F|  |TAMS 0x0000000099c00000, 0x0000000099c00000| Untracked 
| 413|0x0000000099d00000, 0x0000000099d00000, 0x0000000099e00000|  0%| F|  |TAMS 0x0000000099d00000, 0x0000000099d00000| Untracked 
| 414|0x0000000099e00000, 0x0000000099e00000, 0x0000000099f00000|  0%| F|  |TAMS 0x0000000099e00000, 0x0000000099e00000| Untracked 
| 415|0x0000000099f00000, 0x0000000099f00000, 0x000000009a000000|  0%| F|  |TAMS 0x0000000099f00000, 0x0000000099f00000| Untracked 
| 416|0x000000009a000000, 0x000000009a000000, 0x000000009a100000|  0%| F|  |TAMS 0x000000009a000000, 0x000000009a000000| Untracked 
| 417|0x000000009a100000, 0x000000009a100000, 0x000000009a200000|  0%| F|  |TAMS 0x000000009a100000, 0x000000009a100000| Untracked 
| 418|0x000000009a200000, 0x000000009a200000, 0x000000009a300000|  0%| F|  |TAMS 0x000000009a200000, 0x000000009a200000| Untracked 
| 419|0x000000009a300000, 0x000000009a300000, 0x000000009a400000|  0%| F|  |TAMS 0x000000009a300000, 0x000000009a300000| Untracked 
| 420|0x000000009a400000, 0x000000009a400000, 0x000000009a500000|  0%| F|  |TAMS 0x000000009a400000, 0x000000009a400000| Untracked 
| 421|0x000000009a500000, 0x000000009a500000, 0x000000009a600000|  0%| F|  |TAMS 0x000000009a500000, 0x000000009a500000| Untracked 
| 422|0x000000009a600000, 0x000000009a600000, 0x000000009a700000|  0%| F|  |TAMS 0x000000009a600000, 0x000000009a600000| Untracked 
| 423|0x000000009a700000, 0x000000009a700000, 0x000000009a800000|  0%| F|  |TAMS 0x000000009a700000, 0x000000009a700000| Untracked 
| 424|0x000000009a800000, 0x000000009a800000, 0x000000009a900000|  0%| F|  |TAMS 0x000000009a800000, 0x000000009a800000| Untracked 
| 425|0x000000009a900000, 0x000000009a900000, 0x000000009aa00000|  0%| F|  |TAMS 0x000000009a900000, 0x000000009a900000| Untracked 
| 426|0x000000009aa00000, 0x000000009aa00000, 0x000000009ab00000|  0%| F|  |TAMS 0x000000009aa00000, 0x000000009aa00000| Untracked 
| 427|0x000000009ab00000, 0x000000009ab00000, 0x000000009ac00000|  0%| F|  |TAMS 0x000000009ab00000, 0x000000009ab00000| Untracked 
| 428|0x000000009ac00000, 0x000000009ac00000, 0x000000009ad00000|  0%| F|  |TAMS 0x000000009ac00000, 0x000000009ac00000| Untracked 
| 429|0x000000009ad00000, 0x000000009ad00000, 0x000000009ae00000|  0%| F|  |TAMS 0x000000009ad00000, 0x000000009ad00000| Untracked 
| 430|0x000000009ae00000, 0x000000009ae00000, 0x000000009af00000|  0%| F|  |TAMS 0x000000009ae00000, 0x000000009ae00000| Untracked 
| 431|0x000000009af00000, 0x000000009af00000, 0x000000009b000000|  0%| F|  |TAMS 0x000000009af00000, 0x000000009af00000| Untracked 
| 432|0x000000009b000000, 0x000000009b000000, 0x000000009b100000|  0%| F|  |TAMS 0x000000009b000000, 0x000000009b000000| Untracked 
| 433|0x000000009b100000, 0x000000009b100000, 0x000000009b200000|  0%| F|  |TAMS 0x000000009b100000, 0x000000009b100000| Untracked 
| 434|0x000000009b200000, 0x000000009b200000, 0x000000009b300000|  0%| F|  |TAMS 0x000000009b200000, 0x000000009b200000| Untracked 
| 435|0x000000009b300000, 0x000000009b300000, 0x000000009b400000|  0%| F|  |TAMS 0x000000009b300000, 0x000000009b300000| Untracked 
| 436|0x000000009b400000, 0x000000009b400000, 0x000000009b500000|  0%| F|  |TAMS 0x000000009b400000, 0x000000009b400000| Untracked 
| 437|0x000000009b500000, 0x000000009b500000, 0x000000009b600000|  0%| F|  |TAMS 0x000000009b500000, 0x000000009b500000| Untracked 
| 438|0x000000009b600000, 0x000000009b600000, 0x000000009b700000|  0%| F|  |TAMS 0x000000009b600000, 0x000000009b600000| Untracked 
| 439|0x000000009b700000, 0x000000009b700000, 0x000000009b800000|  0%| F|  |TAMS 0x000000009b700000, 0x000000009b700000| Untracked 
| 440|0x000000009b800000, 0x000000009b800000, 0x000000009b900000|  0%| F|  |TAMS 0x000000009b800000, 0x000000009b800000| Untracked 
| 441|0x000000009b900000, 0x000000009b900000, 0x000000009ba00000|  0%| F|  |TAMS 0x000000009b900000, 0x000000009b900000| Untracked 
| 442|0x000000009ba00000, 0x000000009ba00000, 0x000000009bb00000|  0%| F|  |TAMS 0x000000009ba00000, 0x000000009ba00000| Untracked 
| 443|0x000000009bb00000, 0x000000009bb00000, 0x000000009bc00000|  0%| F|  |TAMS 0x000000009bb00000, 0x000000009bb00000| Untracked 
| 444|0x000000009bc00000, 0x000000009bc00000, 0x000000009bd00000|  0%| F|  |TAMS 0x000000009bc00000, 0x000000009bc00000| Untracked 
| 445|0x000000009bd00000, 0x000000009bd00000, 0x000000009be00000|  0%| F|  |TAMS 0x000000009bd00000, 0x000000009bd00000| Untracked 
| 446|0x000000009be00000, 0x000000009be00000, 0x000000009bf00000|  0%| F|  |TAMS 0x000000009be00000, 0x000000009be00000| Untracked 
| 447|0x000000009bf00000, 0x000000009bf00000, 0x000000009c000000|  0%| F|  |TAMS 0x000000009bf00000, 0x000000009bf00000| Untracked 
| 448|0x000000009c000000, 0x000000009c000000, 0x000000009c100000|  0%| F|  |TAMS 0x000000009c000000, 0x000000009c000000| Untracked 
| 449|0x000000009c100000, 0x000000009c100000, 0x000000009c200000|  0%| F|  |TAMS 0x000000009c100000, 0x000000009c100000| Untracked 
| 450|0x000000009c200000, 0x000000009c200000, 0x000000009c300000|  0%| F|  |TAMS 0x000000009c200000, 0x000000009c200000| Untracked 
| 451|0x000000009c300000, 0x000000009c300000, 0x000000009c400000|  0%| F|  |TAMS 0x000000009c300000, 0x000000009c300000| Untracked 
| 452|0x000000009c400000, 0x000000009c400000, 0x000000009c500000|  0%| F|  |TAMS 0x000000009c400000, 0x000000009c400000| Untracked 
| 453|0x000000009c500000, 0x000000009c500000, 0x000000009c600000|  0%| F|  |TAMS 0x000000009c500000, 0x000000009c500000| Untracked 
| 454|0x000000009c600000, 0x000000009c600000, 0x000000009c700000|  0%| F|  |TAMS 0x000000009c600000, 0x000000009c600000| Untracked 
| 455|0x000000009c700000, 0x000000009c700000, 0x000000009c800000|  0%| F|  |TAMS 0x000000009c700000, 0x000000009c700000| Untracked 
| 456|0x000000009c800000, 0x000000009c800000, 0x000000009c900000|  0%| F|  |TAMS 0x000000009c800000, 0x000000009c800000| Untracked 
| 457|0x000000009c900000, 0x000000009c900000, 0x000000009ca00000|  0%| F|  |TAMS 0x000000009c900000, 0x000000009c900000| Untracked 
| 458|0x000000009ca00000, 0x000000009ca00000, 0x000000009cb00000|  0%| F|  |TAMS 0x000000009ca00000, 0x000000009ca00000| Untracked 
| 459|0x000000009cb00000, 0x000000009cb00000, 0x000000009cc00000|  0%| F|  |TAMS 0x000000009cb00000, 0x000000009cb00000| Untracked 
| 460|0x000000009cc00000, 0x000000009cc00000, 0x000000009cd00000|  0%| F|  |TAMS 0x000000009cc00000, 0x000000009cc00000| Untracked 
| 461|0x000000009cd00000, 0x000000009cd00000, 0x000000009ce00000|  0%| F|  |TAMS 0x000000009cd00000, 0x000000009cd00000| Untracked 
| 462|0x000000009ce00000, 0x000000009ce00000, 0x000000009cf00000|  0%| F|  |TAMS 0x000000009ce00000, 0x000000009ce00000| Untracked 
| 463|0x000000009cf00000, 0x000000009cf00000, 0x000000009d000000|  0%| F|  |TAMS 0x000000009cf00000, 0x000000009cf00000| Untracked 
| 464|0x000000009d000000, 0x000000009d000000, 0x000000009d100000|  0%| F|  |TAMS 0x000000009d000000, 0x000000009d000000| Untracked 
| 465|0x000000009d100000, 0x000000009d100000, 0x000000009d200000|  0%| F|  |TAMS 0x000000009d100000, 0x000000009d100000| Untracked 
| 466|0x000000009d200000, 0x000000009d200000, 0x000000009d300000|  0%| F|  |TAMS 0x000000009d200000, 0x000000009d200000| Untracked 
| 467|0x000000009d300000, 0x000000009d300000, 0x000000009d400000|  0%| F|  |TAMS 0x000000009d300000, 0x000000009d300000| Untracked 
| 468|0x000000009d400000, 0x000000009d400000, 0x000000009d500000|  0%| F|  |TAMS 0x000000009d400000, 0x000000009d400000| Untracked 
| 469|0x000000009d500000, 0x000000009d500000, 0x000000009d600000|  0%| F|  |TAMS 0x000000009d500000, 0x000000009d500000| Untracked 
| 470|0x000000009d600000, 0x000000009d600000, 0x000000009d700000|  0%| F|  |TAMS 0x000000009d600000, 0x000000009d600000| Untracked 
| 471|0x000000009d700000, 0x000000009d700000, 0x000000009d800000|  0%| F|  |TAMS 0x000000009d700000, 0x000000009d700000| Untracked 
| 472|0x000000009d800000, 0x000000009d800000, 0x000000009d900000|  0%| F|  |TAMS 0x000000009d800000, 0x000000009d800000| Untracked 
| 473|0x000000009d900000, 0x000000009d900000, 0x000000009da00000|  0%| F|  |TAMS 0x000000009d900000, 0x000000009d900000| Untracked 
| 474|0x000000009da00000, 0x000000009da00000, 0x000000009db00000|  0%| F|  |TAMS 0x000000009da00000, 0x000000009da00000| Untracked 
| 475|0x000000009db00000, 0x000000009db00000, 0x000000009dc00000|  0%| F|  |TAMS 0x000000009db00000, 0x000000009db00000| Untracked 
| 476|0x000000009dc00000, 0x000000009dc00000, 0x000000009dd00000|  0%| F|  |TAMS 0x000000009dc00000, 0x000000009dc00000| Untracked 
| 477|0x000000009dd00000, 0x000000009dd00000, 0x000000009de00000|  0%| F|  |TAMS 0x000000009dd00000, 0x000000009dd00000| Untracked 
| 478|0x000000009de00000, 0x000000009de00000, 0x000000009df00000|  0%| F|  |TAMS 0x000000009de00000, 0x000000009de00000| Untracked 
| 479|0x000000009df00000, 0x000000009df00000, 0x000000009e000000|  0%| F|  |TAMS 0x000000009df00000, 0x000000009df00000| Untracked 
| 480|0x000000009e000000, 0x000000009e000000, 0x000000009e100000|  0%| F|  |TAMS 0x000000009e000000, 0x000000009e000000| Untracked 
| 481|0x000000009e100000, 0x000000009e100000, 0x000000009e200000|  0%| F|  |TAMS 0x000000009e100000, 0x000000009e100000| Untracked 
| 482|0x000000009e200000, 0x000000009e200000, 0x000000009e300000|  0%| F|  |TAMS 0x000000009e200000, 0x000000009e200000| Untracked 
| 483|0x000000009e300000, 0x000000009e300000, 0x000000009e400000|  0%| F|  |TAMS 0x000000009e300000, 0x000000009e300000| Untracked 
| 484|0x000000009e400000, 0x000000009e400000, 0x000000009e500000|  0%| F|  |TAMS 0x000000009e400000, 0x000000009e400000| Untracked 
| 485|0x000000009e500000, 0x000000009e500000, 0x000000009e600000|  0%| F|  |TAMS 0x000000009e500000, 0x000000009e500000| Untracked 
| 486|0x000000009e600000, 0x000000009e600000, 0x000000009e700000|  0%| F|  |TAMS 0x000000009e600000, 0x000000009e600000| Untracked 
| 487|0x000000009e700000, 0x000000009e700000, 0x000000009e800000|  0%| F|  |TAMS 0x000000009e700000, 0x000000009e700000| Untracked 
| 488|0x000000009e800000, 0x000000009e800000, 0x000000009e900000|  0%| F|  |TAMS 0x000000009e800000, 0x000000009e800000| Untracked 
| 489|0x000000009e900000, 0x000000009e900000, 0x000000009ea00000|  0%| F|  |TAMS 0x000000009e900000, 0x000000009e900000| Untracked 
| 490|0x000000009ea00000, 0x000000009ea00000, 0x000000009eb00000|  0%| F|  |TAMS 0x000000009ea00000, 0x000000009ea00000| Untracked 
| 491|0x000000009eb00000, 0x000000009eb00000, 0x000000009ec00000|  0%| F|  |TAMS 0x000000009eb00000, 0x000000009eb00000| Untracked 
| 492|0x000000009ec00000, 0x000000009ec00000, 0x000000009ed00000|  0%| F|  |TAMS 0x000000009ec00000, 0x000000009ec00000| Untracked 
| 493|0x000000009ed00000, 0x000000009ed00000, 0x000000009ee00000|  0%| F|  |TAMS 0x000000009ed00000, 0x000000009ed00000| Untracked 
| 494|0x000000009ee00000, 0x000000009ee00000, 0x000000009ef00000|  0%| F|  |TAMS 0x000000009ee00000, 0x000000009ee00000| Untracked 
| 495|0x000000009ef00000, 0x000000009ef00000, 0x000000009f000000|  0%| F|  |TAMS 0x000000009ef00000, 0x000000009ef00000| Untracked 
| 496|0x000000009f000000, 0x000000009f000000, 0x000000009f100000|  0%| F|  |TAMS 0x000000009f000000, 0x000000009f000000| Untracked 
| 497|0x000000009f100000, 0x000000009f100000, 0x000000009f200000|  0%| F|  |TAMS 0x000000009f100000, 0x000000009f100000| Untracked 
| 498|0x000000009f200000, 0x000000009f200000, 0x000000009f300000|  0%| F|  |TAMS 0x000000009f200000, 0x000000009f200000| Untracked 
| 499|0x000000009f300000, 0x000000009f300000, 0x000000009f400000|  0%| F|  |TAMS 0x000000009f300000, 0x000000009f300000| Untracked 
| 500|0x000000009f400000, 0x000000009f400000, 0x000000009f500000|  0%| F|  |TAMS 0x000000009f400000, 0x000000009f400000| Untracked 
| 501|0x000000009f500000, 0x000000009f500000, 0x000000009f600000|  0%| F|  |TAMS 0x000000009f500000, 0x000000009f500000| Untracked 
| 502|0x000000009f600000, 0x000000009f600000, 0x000000009f700000|  0%| F|  |TAMS 0x000000009f600000, 0x000000009f600000| Untracked 
| 503|0x000000009f700000, 0x000000009f700000, 0x000000009f800000|  0%| F|  |TAMS 0x000000009f700000, 0x000000009f700000| Untracked 
| 504|0x000000009f800000, 0x000000009f800000, 0x000000009f900000|  0%| F|  |TAMS 0x000000009f800000, 0x000000009f800000| Untracked 
| 505|0x000000009f900000, 0x000000009f900000, 0x000000009fa00000|  0%| F|  |TAMS 0x000000009f900000, 0x000000009f900000| Untracked 
| 506|0x000000009fa00000, 0x000000009fa00000, 0x000000009fb00000|  0%| F|  |TAMS 0x000000009fa00000, 0x000000009fa00000| Untracked 
| 507|0x000000009fb00000, 0x000000009fb00000, 0x000000009fc00000|  0%| F|  |TAMS 0x000000009fb00000, 0x000000009fb00000| Untracked 
| 508|0x000000009fc00000, 0x000000009fc00000, 0x000000009fd00000|  0%| F|  |TAMS 0x000000009fc00000, 0x000000009fc00000| Untracked 
| 509|0x000000009fd00000, 0x000000009fd00000, 0x000000009fe00000|  0%| F|  |TAMS 0x000000009fd00000, 0x000000009fd00000| Untracked 
| 510|0x000000009fe00000, 0x000000009fe00000, 0x000000009ff00000|  0%| F|  |TAMS 0x000000009fe00000, 0x000000009fe00000| Untracked 
| 511|0x000000009ff00000, 0x000000009ff00000, 0x00000000a0000000|  0%| F|  |TAMS 0x000000009ff00000, 0x000000009ff00000| Untracked 
| 512|0x00000000a0000000, 0x00000000a0000000, 0x00000000a0100000|  0%| F|  |TAMS 0x00000000a0000000, 0x00000000a0000000| Untracked 
| 513|0x00000000a0100000, 0x00000000a0100000, 0x00000000a0200000|  0%| F|  |TAMS 0x00000000a0100000, 0x00000000a0100000| Untracked 
| 514|0x00000000a0200000, 0x00000000a0200000, 0x00000000a0300000|  0%| F|  |TAMS 0x00000000a0200000, 0x00000000a0200000| Untracked 
| 515|0x00000000a0300000, 0x00000000a0300000, 0x00000000a0400000|  0%| F|  |TAMS 0x00000000a0300000, 0x00000000a0300000| Untracked 
| 516|0x00000000a0400000, 0x00000000a0400000, 0x00000000a0500000|  0%| F|  |TAMS 0x00000000a0400000, 0x00000000a0400000| Untracked 
| 517|0x00000000a0500000, 0x00000000a0500000, 0x00000000a0600000|  0%| F|  |TAMS 0x00000000a0500000, 0x00000000a0500000| Untracked 
| 518|0x00000000a0600000, 0x00000000a0600000, 0x00000000a0700000|  0%| F|  |TAMS 0x00000000a0600000, 0x00000000a0600000| Untracked 
| 519|0x00000000a0700000, 0x00000000a0700000, 0x00000000a0800000|  0%| F|  |TAMS 0x00000000a0700000, 0x00000000a0700000| Untracked 
| 520|0x00000000a0800000, 0x00000000a0800000, 0x00000000a0900000|  0%| F|  |TAMS 0x00000000a0800000, 0x00000000a0800000| Untracked 
| 521|0x00000000a0900000, 0x00000000a0900000, 0x00000000a0a00000|  0%| F|  |TAMS 0x00000000a0900000, 0x00000000a0900000| Untracked 
| 522|0x00000000a0a00000, 0x00000000a0a00000, 0x00000000a0b00000|  0%| F|  |TAMS 0x00000000a0a00000, 0x00000000a0a00000| Untracked 
| 523|0x00000000a0b00000, 0x00000000a0b00000, 0x00000000a0c00000|  0%| F|  |TAMS 0x00000000a0b00000, 0x00000000a0b00000| Untracked 
| 524|0x00000000a0c00000, 0x00000000a0c00000, 0x00000000a0d00000|  0%| F|  |TAMS 0x00000000a0c00000, 0x00000000a0c00000| Untracked 
| 525|0x00000000a0d00000, 0x00000000a0d00000, 0x00000000a0e00000|  0%| F|  |TAMS 0x00000000a0d00000, 0x00000000a0d00000| Untracked 
| 526|0x00000000a0e00000, 0x00000000a0e00000, 0x00000000a0f00000|  0%| F|  |TAMS 0x00000000a0e00000, 0x00000000a0e00000| Untracked 
| 527|0x00000000a0f00000, 0x00000000a0f00000, 0x00000000a1000000|  0%| F|  |TAMS 0x00000000a0f00000, 0x00000000a0f00000| Untracked 
| 528|0x00000000a1000000, 0x00000000a1000000, 0x00000000a1100000|  0%| F|  |TAMS 0x00000000a1000000, 0x00000000a1000000| Untracked 
| 529|0x00000000a1100000, 0x00000000a1100000, 0x00000000a1200000|  0%| F|  |TAMS 0x00000000a1100000, 0x00000000a1100000| Untracked 
| 530|0x00000000a1200000, 0x00000000a1200000, 0x00000000a1300000|  0%| F|  |TAMS 0x00000000a1200000, 0x00000000a1200000| Untracked 
| 531|0x00000000a1300000, 0x00000000a1300000, 0x00000000a1400000|  0%| F|  |TAMS 0x00000000a1300000, 0x00000000a1300000| Untracked 
| 532|0x00000000a1400000, 0x00000000a1400000, 0x00000000a1500000|  0%| F|  |TAMS 0x00000000a1400000, 0x00000000a1400000| Untracked 
| 533|0x00000000a1500000, 0x00000000a1500000, 0x00000000a1600000|  0%| F|  |TAMS 0x00000000a1500000, 0x00000000a1500000| Untracked 
| 534|0x00000000a1600000, 0x00000000a1600000, 0x00000000a1700000|  0%| F|  |TAMS 0x00000000a1600000, 0x00000000a1600000| Untracked 
| 535|0x00000000a1700000, 0x00000000a1700000, 0x00000000a1800000|  0%| F|  |TAMS 0x00000000a1700000, 0x00000000a1700000| Untracked 
| 536|0x00000000a1800000, 0x00000000a1800000, 0x00000000a1900000|  0%| F|  |TAMS 0x00000000a1800000, 0x00000000a1800000| Untracked 
| 537|0x00000000a1900000, 0x00000000a1900000, 0x00000000a1a00000|  0%| F|  |TAMS 0x00000000a1900000, 0x00000000a1900000| Untracked 
| 538|0x00000000a1a00000, 0x00000000a1a00000, 0x00000000a1b00000|  0%| F|  |TAMS 0x00000000a1a00000, 0x00000000a1a00000| Untracked 
| 539|0x00000000a1b00000, 0x00000000a1b00000, 0x00000000a1c00000|  0%| F|  |TAMS 0x00000000a1b00000, 0x00000000a1b00000| Untracked 
| 540|0x00000000a1c00000, 0x00000000a1c00000, 0x00000000a1d00000|  0%| F|  |TAMS 0x00000000a1c00000, 0x00000000a1c00000| Untracked 
| 541|0x00000000a1d00000, 0x00000000a1d00000, 0x00000000a1e00000|  0%| F|  |TAMS 0x00000000a1d00000, 0x00000000a1d00000| Untracked 
| 542|0x00000000a1e00000, 0x00000000a1e00000, 0x00000000a1f00000|  0%| F|  |TAMS 0x00000000a1e00000, 0x00000000a1e00000| Untracked 
| 543|0x00000000a1f00000, 0x00000000a1f00000, 0x00000000a2000000|  0%| F|  |TAMS 0x00000000a1f00000, 0x00000000a1f00000| Untracked 
| 544|0x00000000a2000000, 0x00000000a2000000, 0x00000000a2100000|  0%| F|  |TAMS 0x00000000a2000000, 0x00000000a2000000| Untracked 
| 545|0x00000000a2100000, 0x00000000a2100000, 0x00000000a2200000|  0%| F|  |TAMS 0x00000000a2100000, 0x00000000a2100000| Untracked 
| 546|0x00000000a2200000, 0x00000000a2200000, 0x00000000a2300000|  0%| F|  |TAMS 0x00000000a2200000, 0x00000000a2200000| Untracked 
| 547|0x00000000a2300000, 0x00000000a2300000, 0x00000000a2400000|  0%| F|  |TAMS 0x00000000a2300000, 0x00000000a2300000| Untracked 
| 548|0x00000000a2400000, 0x00000000a2400000, 0x00000000a2500000|  0%| F|  |TAMS 0x00000000a2400000, 0x00000000a2400000| Untracked 
| 549|0x00000000a2500000, 0x00000000a2500000, 0x00000000a2600000|  0%| F|  |TAMS 0x00000000a2500000, 0x00000000a2500000| Untracked 
| 550|0x00000000a2600000, 0x00000000a2600000, 0x00000000a2700000|  0%| F|  |TAMS 0x00000000a2600000, 0x00000000a2600000| Untracked 
| 551|0x00000000a2700000, 0x00000000a2700000, 0x00000000a2800000|  0%| F|  |TAMS 0x00000000a2700000, 0x00000000a2700000| Untracked 
| 552|0x00000000a2800000, 0x00000000a2800000, 0x00000000a2900000|  0%| F|  |TAMS 0x00000000a2800000, 0x00000000a2800000| Untracked 
| 553|0x00000000a2900000, 0x00000000a2900000, 0x00000000a2a00000|  0%| F|  |TAMS 0x00000000a2900000, 0x00000000a2900000| Untracked 
| 554|0x00000000a2a00000, 0x00000000a2a00000, 0x00000000a2b00000|  0%| F|  |TAMS 0x00000000a2a00000, 0x00000000a2a00000| Untracked 
| 555|0x00000000a2b00000, 0x00000000a2b00000, 0x00000000a2c00000|  0%| F|  |TAMS 0x00000000a2b00000, 0x00000000a2b00000| Untracked 
| 556|0x00000000a2c00000, 0x00000000a2c00000, 0x00000000a2d00000|  0%| F|  |TAMS 0x00000000a2c00000, 0x00000000a2c00000| Untracked 
| 557|0x00000000a2d00000, 0x00000000a2d00000, 0x00000000a2e00000|  0%| F|  |TAMS 0x00000000a2d00000, 0x00000000a2d00000| Untracked 
| 558|0x00000000a2e00000, 0x00000000a2e00000, 0x00000000a2f00000|  0%| F|  |TAMS 0x00000000a2e00000, 0x00000000a2e00000| Untracked 
| 559|0x00000000a2f00000, 0x00000000a2f00000, 0x00000000a3000000|  0%| F|  |TAMS 0x00000000a2f00000, 0x00000000a2f00000| Untracked 
| 560|0x00000000a3000000, 0x00000000a3000000, 0x00000000a3100000|  0%| F|  |TAMS 0x00000000a3000000, 0x00000000a3000000| Untracked 
| 561|0x00000000a3100000, 0x00000000a3100000, 0x00000000a3200000|  0%| F|  |TAMS 0x00000000a3100000, 0x00000000a3100000| Untracked 
| 562|0x00000000a3200000, 0x00000000a3200000, 0x00000000a3300000|  0%| F|  |TAMS 0x00000000a3200000, 0x00000000a3200000| Untracked 
| 563|0x00000000a3300000, 0x00000000a3300000, 0x00000000a3400000|  0%| F|  |TAMS 0x00000000a3300000, 0x00000000a3300000| Untracked 
| 564|0x00000000a3400000, 0x00000000a3400000, 0x00000000a3500000|  0%| F|  |TAMS 0x00000000a3400000, 0x00000000a3400000| Untracked 
| 565|0x00000000a3500000, 0x00000000a3500000, 0x00000000a3600000|  0%| F|  |TAMS 0x00000000a3500000, 0x00000000a3500000| Untracked 
| 566|0x00000000a3600000, 0x00000000a3600000, 0x00000000a3700000|  0%| F|  |TAMS 0x00000000a3600000, 0x00000000a3600000| Untracked 
| 567|0x00000000a3700000, 0x00000000a3700000, 0x00000000a3800000|  0%| F|  |TAMS 0x00000000a3700000, 0x00000000a3700000| Untracked 
| 568|0x00000000a3800000, 0x00000000a3800000, 0x00000000a3900000|  0%| F|  |TAMS 0x00000000a3800000, 0x00000000a3800000| Untracked 
| 569|0x00000000a3900000, 0x00000000a3900000, 0x00000000a3a00000|  0%| F|  |TAMS 0x00000000a3900000, 0x00000000a3900000| Untracked 
| 570|0x00000000a3a00000, 0x00000000a3a00000, 0x00000000a3b00000|  0%| F|  |TAMS 0x00000000a3a00000, 0x00000000a3a00000| Untracked 
| 571|0x00000000a3b00000, 0x00000000a3b00000, 0x00000000a3c00000|  0%| F|  |TAMS 0x00000000a3b00000, 0x00000000a3b00000| Untracked 
| 572|0x00000000a3c00000, 0x00000000a3c00000, 0x00000000a3d00000|  0%| F|  |TAMS 0x00000000a3c00000, 0x00000000a3c00000| Untracked 
| 573|0x00000000a3d00000, 0x00000000a3d00000, 0x00000000a3e00000|  0%| F|  |TAMS 0x00000000a3d00000, 0x00000000a3d00000| Untracked 
| 574|0x00000000a3e00000, 0x00000000a3e00000, 0x00000000a3f00000|  0%| F|  |TAMS 0x00000000a3e00000, 0x00000000a3e00000| Untracked 
| 575|0x00000000a3f00000, 0x00000000a3f00000, 0x00000000a4000000|  0%| F|  |TAMS 0x00000000a3f00000, 0x00000000a3f00000| Untracked 
| 576|0x00000000a4000000, 0x00000000a4000000, 0x00000000a4100000|  0%| F|  |TAMS 0x00000000a4000000, 0x00000000a4000000| Untracked 
| 577|0x00000000a4100000, 0x00000000a4100000, 0x00000000a4200000|  0%| F|  |TAMS 0x00000000a4100000, 0x00000000a4100000| Untracked 
| 578|0x00000000a4200000, 0x00000000a4200000, 0x00000000a4300000|  0%| F|  |TAMS 0x00000000a4200000, 0x00000000a4200000| Untracked 
| 579|0x00000000a4300000, 0x00000000a4300000, 0x00000000a4400000|  0%| F|  |TAMS 0x00000000a4300000, 0x00000000a4300000| Untracked 
| 580|0x00000000a4400000, 0x00000000a4400000, 0x00000000a4500000|  0%| F|  |TAMS 0x00000000a4400000, 0x00000000a4400000| Untracked 
| 581|0x00000000a4500000, 0x00000000a4500000, 0x00000000a4600000|  0%| F|  |TAMS 0x00000000a4500000, 0x00000000a4500000| Untracked 
| 582|0x00000000a4600000, 0x00000000a4600000, 0x00000000a4700000|  0%| F|  |TAMS 0x00000000a4600000, 0x00000000a4600000| Untracked 
| 583|0x00000000a4700000, 0x00000000a4700000, 0x00000000a4800000|  0%| F|  |TAMS 0x00000000a4700000, 0x00000000a4700000| Untracked 
| 584|0x00000000a4800000, 0x00000000a4800000, 0x00000000a4900000|  0%| F|  |TAMS 0x00000000a4800000, 0x00000000a4800000| Untracked 
| 585|0x00000000a4900000, 0x00000000a4900000, 0x00000000a4a00000|  0%| F|  |TAMS 0x00000000a4900000, 0x00000000a4900000| Untracked 
| 586|0x00000000a4a00000, 0x00000000a4a00000, 0x00000000a4b00000|  0%| F|  |TAMS 0x00000000a4a00000, 0x00000000a4a00000| Untracked 
| 587|0x00000000a4b00000, 0x00000000a4b00000, 0x00000000a4c00000|  0%| F|  |TAMS 0x00000000a4b00000, 0x00000000a4b00000| Untracked 
| 588|0x00000000a4c00000, 0x00000000a4c00000, 0x00000000a4d00000|  0%| F|  |TAMS 0x00000000a4c00000, 0x00000000a4c00000| Untracked 
| 589|0x00000000a4d00000, 0x00000000a4d00000, 0x00000000a4e00000|  0%| F|  |TAMS 0x00000000a4d00000, 0x00000000a4d00000| Untracked 
| 590|0x00000000a4e00000, 0x00000000a4e00000, 0x00000000a4f00000|  0%| F|  |TAMS 0x00000000a4e00000, 0x00000000a4e00000| Untracked 
| 591|0x00000000a4f00000, 0x00000000a4f00000, 0x00000000a5000000|  0%| F|  |TAMS 0x00000000a4f00000, 0x00000000a4f00000| Untracked 
| 592|0x00000000a5000000, 0x00000000a5000000, 0x00000000a5100000|  0%| F|  |TAMS 0x00000000a5000000, 0x00000000a5000000| Untracked 
| 593|0x00000000a5100000, 0x00000000a5100000, 0x00000000a5200000|  0%| F|  |TAMS 0x00000000a5100000, 0x00000000a5100000| Untracked 
| 594|0x00000000a5200000, 0x00000000a5200000, 0x00000000a5300000|  0%| F|  |TAMS 0x00000000a5200000, 0x00000000a5200000| Untracked 
| 595|0x00000000a5300000, 0x00000000a5300000, 0x00000000a5400000|  0%| F|  |TAMS 0x00000000a5300000, 0x00000000a5300000| Untracked 
| 596|0x00000000a5400000, 0x00000000a5400000, 0x00000000a5500000|  0%| F|  |TAMS 0x00000000a5400000, 0x00000000a5400000| Untracked 
| 597|0x00000000a5500000, 0x00000000a5500000, 0x00000000a5600000|  0%| F|  |TAMS 0x00000000a5500000, 0x00000000a5500000| Untracked 
| 598|0x00000000a5600000, 0x00000000a5600000, 0x00000000a5700000|  0%| F|  |TAMS 0x00000000a5600000, 0x00000000a5600000| Untracked 
| 599|0x00000000a5700000, 0x00000000a5700000, 0x00000000a5800000|  0%| F|  |TAMS 0x00000000a5700000, 0x00000000a5700000| Untracked 
| 600|0x00000000a5800000, 0x00000000a5800000, 0x00000000a5900000|  0%| F|  |TAMS 0x00000000a5800000, 0x00000000a5800000| Untracked 
| 601|0x00000000a5900000, 0x00000000a5900000, 0x00000000a5a00000|  0%| F|  |TAMS 0x00000000a5900000, 0x00000000a5900000| Untracked 
| 602|0x00000000a5a00000, 0x00000000a5a00000, 0x00000000a5b00000|  0%| F|  |TAMS 0x00000000a5a00000, 0x00000000a5a00000| Untracked 
| 603|0x00000000a5b00000, 0x00000000a5b00000, 0x00000000a5c00000|  0%| F|  |TAMS 0x00000000a5b00000, 0x00000000a5b00000| Untracked 
| 604|0x00000000a5c00000, 0x00000000a5c00000, 0x00000000a5d00000|  0%| F|  |TAMS 0x00000000a5c00000, 0x00000000a5c00000| Untracked 
| 605|0x00000000a5d00000, 0x00000000a5d00000, 0x00000000a5e00000|  0%| F|  |TAMS 0x00000000a5d00000, 0x00000000a5d00000| Untracked 
| 606|0x00000000a5e00000, 0x00000000a5e00000, 0x00000000a5f00000|  0%| F|  |TAMS 0x00000000a5e00000, 0x00000000a5e00000| Untracked 
| 607|0x00000000a5f00000, 0x00000000a5f00000, 0x00000000a6000000|  0%| F|  |TAMS 0x00000000a5f00000, 0x00000000a5f00000| Untracked 
| 608|0x00000000a6000000, 0x00000000a6000000, 0x00000000a6100000|  0%| F|  |TAMS 0x00000000a6000000, 0x00000000a6000000| Untracked 
| 609|0x00000000a6100000, 0x00000000a6100000, 0x00000000a6200000|  0%| F|  |TAMS 0x00000000a6100000, 0x00000000a6100000| Untracked 
| 610|0x00000000a6200000, 0x00000000a6200000, 0x00000000a6300000|  0%| F|  |TAMS 0x00000000a6200000, 0x00000000a6200000| Untracked 
| 611|0x00000000a6300000, 0x00000000a6300000, 0x00000000a6400000|  0%| F|  |TAMS 0x00000000a6300000, 0x00000000a6300000| Untracked 
| 612|0x00000000a6400000, 0x00000000a6400000, 0x00000000a6500000|  0%| F|  |TAMS 0x00000000a6400000, 0x00000000a6400000| Untracked 
| 613|0x00000000a6500000, 0x00000000a6500000, 0x00000000a6600000|  0%| F|  |TAMS 0x00000000a6500000, 0x00000000a6500000| Untracked 
| 614|0x00000000a6600000, 0x00000000a6600000, 0x00000000a6700000|  0%| F|  |TAMS 0x00000000a6600000, 0x00000000a6600000| Untracked 
| 615|0x00000000a6700000, 0x00000000a6700000, 0x00000000a6800000|  0%| F|  |TAMS 0x00000000a6700000, 0x00000000a6700000| Untracked 
| 616|0x00000000a6800000, 0x00000000a6800000, 0x00000000a6900000|  0%| F|  |TAMS 0x00000000a6800000, 0x00000000a6800000| Untracked 
| 617|0x00000000a6900000, 0x00000000a6900000, 0x00000000a6a00000|  0%| F|  |TAMS 0x00000000a6900000, 0x00000000a6900000| Untracked 
| 618|0x00000000a6a00000, 0x00000000a6a00000, 0x00000000a6b00000|  0%| F|  |TAMS 0x00000000a6a00000, 0x00000000a6a00000| Untracked 
| 619|0x00000000a6b00000, 0x00000000a6b00000, 0x00000000a6c00000|  0%| F|  |TAMS 0x00000000a6b00000, 0x00000000a6b00000| Untracked 
| 620|0x00000000a6c00000, 0x00000000a6c00000, 0x00000000a6d00000|  0%| F|  |TAMS 0x00000000a6c00000, 0x00000000a6c00000| Untracked 
| 621|0x00000000a6d00000, 0x00000000a6d00000, 0x00000000a6e00000|  0%| F|  |TAMS 0x00000000a6d00000, 0x00000000a6d00000| Untracked 
| 622|0x00000000a6e00000, 0x00000000a6e00000, 0x00000000a6f00000|  0%| F|  |TAMS 0x00000000a6e00000, 0x00000000a6e00000| Untracked 
| 623|0x00000000a6f00000, 0x00000000a6f00000, 0x00000000a7000000|  0%| F|  |TAMS 0x00000000a6f00000, 0x00000000a6f00000| Untracked 
| 624|0x00000000a7000000, 0x00000000a7000000, 0x00000000a7100000|  0%| F|  |TAMS 0x00000000a7000000, 0x00000000a7000000| Untracked 
| 625|0x00000000a7100000, 0x00000000a7100000, 0x00000000a7200000|  0%| F|  |TAMS 0x00000000a7100000, 0x00000000a7100000| Untracked 
| 626|0x00000000a7200000, 0x00000000a7200000, 0x00000000a7300000|  0%| F|  |TAMS 0x00000000a7200000, 0x00000000a7200000| Untracked 
| 627|0x00000000a7300000, 0x00000000a7300000, 0x00000000a7400000|  0%| F|  |TAMS 0x00000000a7300000, 0x00000000a7300000| Untracked 
| 628|0x00000000a7400000, 0x00000000a7400000, 0x00000000a7500000|  0%| F|  |TAMS 0x00000000a7400000, 0x00000000a7400000| Untracked 
| 629|0x00000000a7500000, 0x00000000a7500000, 0x00000000a7600000|  0%| F|  |TAMS 0x00000000a7500000, 0x00000000a7500000| Untracked 
| 630|0x00000000a7600000, 0x00000000a7600000, 0x00000000a7700000|  0%| F|  |TAMS 0x00000000a7600000, 0x00000000a7600000| Untracked 
| 631|0x00000000a7700000, 0x00000000a7700000, 0x00000000a7800000|  0%| F|  |TAMS 0x00000000a7700000, 0x00000000a7700000| Untracked 
| 632|0x00000000a7800000, 0x00000000a7800000, 0x00000000a7900000|  0%| F|  |TAMS 0x00000000a7800000, 0x00000000a7800000| Untracked 
| 633|0x00000000a7900000, 0x00000000a7900000, 0x00000000a7a00000|  0%| F|  |TAMS 0x00000000a7900000, 0x00000000a7900000| Untracked 
| 634|0x00000000a7a00000, 0x00000000a7a00000, 0x00000000a7b00000|  0%| F|  |TAMS 0x00000000a7a00000, 0x00000000a7a00000| Untracked 
| 635|0x00000000a7b00000, 0x00000000a7b00000, 0x00000000a7c00000|  0%| F|  |TAMS 0x00000000a7b00000, 0x00000000a7b00000| Untracked 
| 636|0x00000000a7c00000, 0x00000000a7c00000, 0x00000000a7d00000|  0%| F|  |TAMS 0x00000000a7c00000, 0x00000000a7c00000| Untracked 
| 637|0x00000000a7d00000, 0x00000000a7d00000, 0x00000000a7e00000|  0%| F|  |TAMS 0x00000000a7d00000, 0x00000000a7d00000| Untracked 
| 638|0x00000000a7e00000, 0x00000000a7e00000, 0x00000000a7f00000|  0%| F|  |TAMS 0x00000000a7e00000, 0x00000000a7e00000| Untracked 
| 639|0x00000000a7f00000, 0x00000000a7f00000, 0x00000000a8000000|  0%| F|  |TAMS 0x00000000a7f00000, 0x00000000a7f00000| Untracked 
| 640|0x00000000a8000000, 0x00000000a8000000, 0x00000000a8100000|  0%| F|  |TAMS 0x00000000a8000000, 0x00000000a8000000| Untracked 
| 641|0x00000000a8100000, 0x00000000a8100000, 0x00000000a8200000|  0%| F|  |TAMS 0x00000000a8100000, 0x00000000a8100000| Untracked 
| 642|0x00000000a8200000, 0x00000000a8200000, 0x00000000a8300000|  0%| F|  |TAMS 0x00000000a8200000, 0x00000000a8200000| Untracked 
| 643|0x00000000a8300000, 0x00000000a8300000, 0x00000000a8400000|  0%| F|  |TAMS 0x00000000a8300000, 0x00000000a8300000| Untracked 
| 644|0x00000000a8400000, 0x00000000a8400000, 0x00000000a8500000|  0%| F|  |TAMS 0x00000000a8400000, 0x00000000a8400000| Untracked 
| 645|0x00000000a8500000, 0x00000000a8500000, 0x00000000a8600000|  0%| F|  |TAMS 0x00000000a8500000, 0x00000000a8500000| Untracked 
| 646|0x00000000a8600000, 0x00000000a8600000, 0x00000000a8700000|  0%| F|  |TAMS 0x00000000a8600000, 0x00000000a8600000| Untracked 
| 647|0x00000000a8700000, 0x00000000a8700000, 0x00000000a8800000|  0%| F|  |TAMS 0x00000000a8700000, 0x00000000a8700000| Untracked 
| 648|0x00000000a8800000, 0x00000000a8800000, 0x00000000a8900000|  0%| F|  |TAMS 0x00000000a8800000, 0x00000000a8800000| Untracked 
| 649|0x00000000a8900000, 0x00000000a8900000, 0x00000000a8a00000|  0%| F|  |TAMS 0x00000000a8900000, 0x00000000a8900000| Untracked 
| 650|0x00000000a8a00000, 0x00000000a8a00000, 0x00000000a8b00000|  0%| F|  |TAMS 0x00000000a8a00000, 0x00000000a8a00000| Untracked 
| 651|0x00000000a8b00000, 0x00000000a8b00000, 0x00000000a8c00000|  0%| F|  |TAMS 0x00000000a8b00000, 0x00000000a8b00000| Untracked 
| 652|0x00000000a8c00000, 0x00000000a8c00000, 0x00000000a8d00000|  0%| F|  |TAMS 0x00000000a8c00000, 0x00000000a8c00000| Untracked 
| 653|0x00000000a8d00000, 0x00000000a8d00000, 0x00000000a8e00000|  0%| F|  |TAMS 0x00000000a8d00000, 0x00000000a8d00000| Untracked 
| 654|0x00000000a8e00000, 0x00000000a8e00000, 0x00000000a8f00000|  0%| F|  |TAMS 0x00000000a8e00000, 0x00000000a8e00000| Untracked 
| 655|0x00000000a8f00000, 0x00000000a8f00000, 0x00000000a9000000|  0%| F|  |TAMS 0x00000000a8f00000, 0x00000000a8f00000| Untracked 
| 656|0x00000000a9000000, 0x00000000a9000000, 0x00000000a9100000|  0%| F|  |TAMS 0x00000000a9000000, 0x00000000a9000000| Untracked 
| 657|0x00000000a9100000, 0x00000000a9100000, 0x00000000a9200000|  0%| F|  |TAMS 0x00000000a9100000, 0x00000000a9100000| Untracked 
| 658|0x00000000a9200000, 0x00000000a9200000, 0x00000000a9300000|  0%| F|  |TAMS 0x00000000a9200000, 0x00000000a9200000| Untracked 
| 659|0x00000000a9300000, 0x00000000a9300000, 0x00000000a9400000|  0%| F|  |TAMS 0x00000000a9300000, 0x00000000a9300000| Untracked 
| 660|0x00000000a9400000, 0x00000000a9400000, 0x00000000a9500000|  0%| F|  |TAMS 0x00000000a9400000, 0x00000000a9400000| Untracked 
| 661|0x00000000a9500000, 0x00000000a9500000, 0x00000000a9600000|  0%| F|  |TAMS 0x00000000a9500000, 0x00000000a9500000| Untracked 
| 662|0x00000000a9600000, 0x00000000a9600000, 0x00000000a9700000|  0%| F|  |TAMS 0x00000000a9600000, 0x00000000a9600000| Untracked 
| 663|0x00000000a9700000, 0x00000000a9700000, 0x00000000a9800000|  0%| F|  |TAMS 0x00000000a9700000, 0x00000000a9700000| Untracked 
| 664|0x00000000a9800000, 0x00000000a9800000, 0x00000000a9900000|  0%| F|  |TAMS 0x00000000a9800000, 0x00000000a9800000| Untracked 
| 665|0x00000000a9900000, 0x00000000a9900000, 0x00000000a9a00000|  0%| F|  |TAMS 0x00000000a9900000, 0x00000000a9900000| Untracked 
| 666|0x00000000a9a00000, 0x00000000a9a00000, 0x00000000a9b00000|  0%| F|  |TAMS 0x00000000a9a00000, 0x00000000a9a00000| Untracked 
| 667|0x00000000a9b00000, 0x00000000a9b00000, 0x00000000a9c00000|  0%| F|  |TAMS 0x00000000a9b00000, 0x00000000a9b00000| Untracked 
| 668|0x00000000a9c00000, 0x00000000a9c00000, 0x00000000a9d00000|  0%| F|  |TAMS 0x00000000a9c00000, 0x00000000a9c00000| Untracked 
| 669|0x00000000a9d00000, 0x00000000a9d00000, 0x00000000a9e00000|  0%| F|  |TAMS 0x00000000a9d00000, 0x00000000a9d00000| Untracked 
| 670|0x00000000a9e00000, 0x00000000a9e00000, 0x00000000a9f00000|  0%| F|  |TAMS 0x00000000a9e00000, 0x00000000a9e00000| Untracked 
| 671|0x00000000a9f00000, 0x00000000a9f00000, 0x00000000aa000000|  0%| F|  |TAMS 0x00000000a9f00000, 0x00000000a9f00000| Untracked 
| 672|0x00000000aa000000, 0x00000000aa000000, 0x00000000aa100000|  0%| F|  |TAMS 0x00000000aa000000, 0x00000000aa000000| Untracked 
| 673|0x00000000aa100000, 0x00000000aa100000, 0x00000000aa200000|  0%| F|  |TAMS 0x00000000aa100000, 0x00000000aa100000| Untracked 
| 674|0x00000000aa200000, 0x00000000aa200000, 0x00000000aa300000|  0%| F|  |TAMS 0x00000000aa200000, 0x00000000aa200000| Untracked 
| 675|0x00000000aa300000, 0x00000000aa300000, 0x00000000aa400000|  0%| F|  |TAMS 0x00000000aa300000, 0x00000000aa300000| Untracked 
| 676|0x00000000aa400000, 0x00000000aa400000, 0x00000000aa500000|  0%| F|  |TAMS 0x00000000aa400000, 0x00000000aa400000| Untracked 
| 677|0x00000000aa500000, 0x00000000aa500000, 0x00000000aa600000|  0%| F|  |TAMS 0x00000000aa500000, 0x00000000aa500000| Untracked 
| 678|0x00000000aa600000, 0x00000000aa600000, 0x00000000aa700000|  0%| F|  |TAMS 0x00000000aa600000, 0x00000000aa600000| Untracked 
| 679|0x00000000aa700000, 0x00000000aa700000, 0x00000000aa800000|  0%| F|  |TAMS 0x00000000aa700000, 0x00000000aa700000| Untracked 
| 680|0x00000000aa800000, 0x00000000aa800000, 0x00000000aa900000|  0%| F|  |TAMS 0x00000000aa800000, 0x00000000aa800000| Untracked 
| 681|0x00000000aa900000, 0x00000000aa900000, 0x00000000aaa00000|  0%| F|  |TAMS 0x00000000aa900000, 0x00000000aa900000| Untracked 
| 682|0x00000000aaa00000, 0x00000000aaa00000, 0x00000000aab00000|  0%| F|  |TAMS 0x00000000aaa00000, 0x00000000aaa00000| Untracked 
| 683|0x00000000aab00000, 0x00000000aab00000, 0x00000000aac00000|  0%| F|  |TAMS 0x00000000aab00000, 0x00000000aab00000| Untracked 
| 684|0x00000000aac00000, 0x00000000aac00000, 0x00000000aad00000|  0%| F|  |TAMS 0x00000000aac00000, 0x00000000aac00000| Untracked 
| 685|0x00000000aad00000, 0x00000000aad00000, 0x00000000aae00000|  0%| F|  |TAMS 0x00000000aad00000, 0x00000000aad00000| Untracked 
| 686|0x00000000aae00000, 0x00000000aae00000, 0x00000000aaf00000|  0%| F|  |TAMS 0x00000000aae00000, 0x00000000aae00000| Untracked 
| 687|0x00000000aaf00000, 0x00000000aaf00000, 0x00000000ab000000|  0%| F|  |TAMS 0x00000000aaf00000, 0x00000000aaf00000| Untracked 
| 688|0x00000000ab000000, 0x00000000ab000000, 0x00000000ab100000|  0%| F|  |TAMS 0x00000000ab000000, 0x00000000ab000000| Untracked 
| 689|0x00000000ab100000, 0x00000000ab100000, 0x00000000ab200000|  0%| F|  |TAMS 0x00000000ab100000, 0x00000000ab100000| Untracked 
| 690|0x00000000ab200000, 0x00000000ab200000, 0x00000000ab300000|  0%| F|  |TAMS 0x00000000ab200000, 0x00000000ab200000| Untracked 
| 691|0x00000000ab300000, 0x00000000ab300000, 0x00000000ab400000|  0%| F|  |TAMS 0x00000000ab300000, 0x00000000ab300000| Untracked 
| 692|0x00000000ab400000, 0x00000000ab400000, 0x00000000ab500000|  0%| F|  |TAMS 0x00000000ab400000, 0x00000000ab400000| Untracked 
| 693|0x00000000ab500000, 0x00000000ab500000, 0x00000000ab600000|  0%| F|  |TAMS 0x00000000ab500000, 0x00000000ab500000| Untracked 
| 694|0x00000000ab600000, 0x00000000ab600000, 0x00000000ab700000|  0%| F|  |TAMS 0x00000000ab600000, 0x00000000ab600000| Untracked 
| 695|0x00000000ab700000, 0x00000000ab700000, 0x00000000ab800000|  0%| F|  |TAMS 0x00000000ab700000, 0x00000000ab700000| Untracked 
| 696|0x00000000ab800000, 0x00000000ab800000, 0x00000000ab900000|  0%| F|  |TAMS 0x00000000ab800000, 0x00000000ab800000| Untracked 
| 697|0x00000000ab900000, 0x00000000ab900000, 0x00000000aba00000|  0%| F|  |TAMS 0x00000000ab900000, 0x00000000ab900000| Untracked 
| 698|0x00000000aba00000, 0x00000000aba00000, 0x00000000abb00000|  0%| F|  |TAMS 0x00000000aba00000, 0x00000000aba00000| Untracked 
| 699|0x00000000abb00000, 0x00000000abb00000, 0x00000000abc00000|  0%| F|  |TAMS 0x00000000abb00000, 0x00000000abb00000| Untracked 
| 700|0x00000000abc00000, 0x00000000abc00000, 0x00000000abd00000|  0%| F|  |TAMS 0x00000000abc00000, 0x00000000abc00000| Untracked 
| 701|0x00000000abd00000, 0x00000000abd00000, 0x00000000abe00000|  0%| F|  |TAMS 0x00000000abd00000, 0x00000000abd00000| Untracked 
| 702|0x00000000abe00000, 0x00000000abe00000, 0x00000000abf00000|  0%| F|  |TAMS 0x00000000abe00000, 0x00000000abe00000| Untracked 
| 703|0x00000000abf00000, 0x00000000abf00000, 0x00000000ac000000|  0%| F|  |TAMS 0x00000000abf00000, 0x00000000abf00000| Untracked 
| 704|0x00000000ac000000, 0x00000000ac000000, 0x00000000ac100000|  0%| F|  |TAMS 0x00000000ac000000, 0x00000000ac000000| Untracked 
| 705|0x00000000ac100000, 0x00000000ac100000, 0x00000000ac200000|  0%| F|  |TAMS 0x00000000ac100000, 0x00000000ac100000| Untracked 
| 706|0x00000000ac200000, 0x00000000ac200000, 0x00000000ac300000|  0%| F|  |TAMS 0x00000000ac200000, 0x00000000ac200000| Untracked 
| 707|0x00000000ac300000, 0x00000000ac300000, 0x00000000ac400000|  0%| F|  |TAMS 0x00000000ac300000, 0x00000000ac300000| Untracked 
| 708|0x00000000ac400000, 0x00000000ac400000, 0x00000000ac500000|  0%| F|  |TAMS 0x00000000ac400000, 0x00000000ac400000| Untracked 
| 709|0x00000000ac500000, 0x00000000ac500000, 0x00000000ac600000|  0%| F|  |TAMS 0x00000000ac500000, 0x00000000ac500000| Untracked 
| 710|0x00000000ac600000, 0x00000000ac600000, 0x00000000ac700000|  0%| F|  |TAMS 0x00000000ac600000, 0x00000000ac600000| Untracked 
| 711|0x00000000ac700000, 0x00000000ac700000, 0x00000000ac800000|  0%| F|  |TAMS 0x00000000ac700000, 0x00000000ac700000| Untracked 
| 712|0x00000000ac800000, 0x00000000ac800000, 0x00000000ac900000|  0%| F|  |TAMS 0x00000000ac800000, 0x00000000ac800000| Untracked 
| 713|0x00000000ac900000, 0x00000000ac900000, 0x00000000aca00000|  0%| F|  |TAMS 0x00000000ac900000, 0x00000000ac900000| Untracked 
| 714|0x00000000aca00000, 0x00000000aca00000, 0x00000000acb00000|  0%| F|  |TAMS 0x00000000aca00000, 0x00000000aca00000| Untracked 
| 715|0x00000000acb00000, 0x00000000acb00000, 0x00000000acc00000|  0%| F|  |TAMS 0x00000000acb00000, 0x00000000acb00000| Untracked 
| 716|0x00000000acc00000, 0x00000000acc00000, 0x00000000acd00000|  0%| F|  |TAMS 0x00000000acc00000, 0x00000000acc00000| Untracked 
| 717|0x00000000acd00000, 0x00000000acd00000, 0x00000000ace00000|  0%| F|  |TAMS 0x00000000acd00000, 0x00000000acd00000| Untracked 
| 718|0x00000000ace00000, 0x00000000ace00000, 0x00000000acf00000|  0%| F|  |TAMS 0x00000000ace00000, 0x00000000ace00000| Untracked 
| 719|0x00000000acf00000, 0x00000000acf00000, 0x00000000ad000000|  0%| F|  |TAMS 0x00000000acf00000, 0x00000000acf00000| Untracked 
| 720|0x00000000ad000000, 0x00000000ad000000, 0x00000000ad100000|  0%| F|  |TAMS 0x00000000ad000000, 0x00000000ad000000| Untracked 
| 721|0x00000000ad100000, 0x00000000ad100000, 0x00000000ad200000|  0%| F|  |TAMS 0x00000000ad100000, 0x00000000ad100000| Untracked 
| 722|0x00000000ad200000, 0x00000000ad200000, 0x00000000ad300000|  0%| F|  |TAMS 0x00000000ad200000, 0x00000000ad200000| Untracked 
| 723|0x00000000ad300000, 0x00000000ad300000, 0x00000000ad400000|  0%| F|  |TAMS 0x00000000ad300000, 0x00000000ad300000| Untracked 
| 724|0x00000000ad400000, 0x00000000ad400000, 0x00000000ad500000|  0%| F|  |TAMS 0x00000000ad400000, 0x00000000ad400000| Untracked 
| 725|0x00000000ad500000, 0x00000000ad600000, 0x00000000ad600000|100%| S|CS|TAMS 0x00000000ad500000, 0x00000000ad500000| Complete 
| 726|0x00000000ad600000, 0x00000000ad700000, 0x00000000ad700000|100%| S|CS|TAMS 0x00000000ad600000, 0x00000000ad600000| Complete 
| 727|0x00000000ad700000, 0x00000000ad800000, 0x00000000ad800000|100%| S|CS|TAMS 0x00000000ad700000, 0x00000000ad700000| Complete 
| 728|0x00000000ad800000, 0x00000000ad800000, 0x00000000ad900000|  0%| F|  |TAMS 0x00000000ad800000, 0x00000000ad800000| Untracked 
| 729|0x00000000ad900000, 0x00000000ad900000, 0x00000000ada00000|  0%| F|  |TAMS 0x00000000ad900000, 0x00000000ad900000| Untracked 
| 730|0x00000000ada00000, 0x00000000ada00000, 0x00000000adb00000|  0%| F|  |TAMS 0x00000000ada00000, 0x00000000ada00000| Untracked 
| 731|0x00000000adb00000, 0x00000000adb00000, 0x00000000adc00000|  0%| F|  |TAMS 0x00000000adb00000, 0x00000000adb00000| Untracked 
| 732|0x00000000adc00000, 0x00000000adc00000, 0x00000000add00000|  0%| F|  |TAMS 0x00000000adc00000, 0x00000000adc00000| Untracked 
| 733|0x00000000add00000, 0x00000000add00000, 0x00000000ade00000|  0%| F|  |TAMS 0x00000000add00000, 0x00000000add00000| Untracked 
| 734|0x00000000ade00000, 0x00000000ade00000, 0x00000000adf00000|  0%| F|  |TAMS 0x00000000ade00000, 0x00000000ade00000| Untracked 
| 735|0x00000000adf00000, 0x00000000adf00000, 0x00000000ae000000|  0%| F|  |TAMS 0x00000000adf00000, 0x00000000adf00000| Untracked 
| 736|0x00000000ae000000, 0x00000000ae000000, 0x00000000ae100000|  0%| F|  |TAMS 0x00000000ae000000, 0x00000000ae000000| Untracked 
| 737|0x00000000ae100000, 0x00000000ae100000, 0x00000000ae200000|  0%| F|  |TAMS 0x00000000ae100000, 0x00000000ae100000| Untracked 
| 738|0x00000000ae200000, 0x00000000ae200000, 0x00000000ae300000|  0%| F|  |TAMS 0x00000000ae200000, 0x00000000ae200000| Untracked 
| 739|0x00000000ae300000, 0x00000000ae300000, 0x00000000ae400000|  0%| F|  |TAMS 0x00000000ae300000, 0x00000000ae300000| Untracked 
| 740|0x00000000ae400000, 0x00000000ae400000, 0x00000000ae500000|  0%| F|  |TAMS 0x00000000ae400000, 0x00000000ae400000| Untracked 
| 741|0x00000000ae500000, 0x00000000ae500000, 0x00000000ae600000|  0%| F|  |TAMS 0x00000000ae500000, 0x00000000ae500000| Untracked 
| 742|0x00000000ae600000, 0x00000000ae600000, 0x00000000ae700000|  0%| F|  |TAMS 0x00000000ae600000, 0x00000000ae600000| Untracked 
| 743|0x00000000ae700000, 0x00000000ae700000, 0x00000000ae800000|  0%| F|  |TAMS 0x00000000ae700000, 0x00000000ae700000| Untracked 
| 744|0x00000000ae800000, 0x00000000ae800000, 0x00000000ae900000|  0%| F|  |TAMS 0x00000000ae800000, 0x00000000ae800000| Untracked 
| 745|0x00000000ae900000, 0x00000000ae900000, 0x00000000aea00000|  0%| F|  |TAMS 0x00000000ae900000, 0x00000000ae900000| Untracked 
| 746|0x00000000aea00000, 0x00000000aea00000, 0x00000000aeb00000|  0%| F|  |TAMS 0x00000000aea00000, 0x00000000aea00000| Untracked 
| 747|0x00000000aeb00000, 0x00000000aeb00000, 0x00000000aec00000|  0%| F|  |TAMS 0x00000000aeb00000, 0x00000000aeb00000| Untracked 
| 748|0x00000000aec00000, 0x00000000aec00000, 0x00000000aed00000|  0%| F|  |TAMS 0x00000000aec00000, 0x00000000aec00000| Untracked 
| 749|0x00000000aed00000, 0x00000000aed00000, 0x00000000aee00000|  0%| F|  |TAMS 0x00000000aed00000, 0x00000000aed00000| Untracked 
| 750|0x00000000aee00000, 0x00000000aee00000, 0x00000000aef00000|  0%| F|  |TAMS 0x00000000aee00000, 0x00000000aee00000| Untracked 
| 751|0x00000000aef00000, 0x00000000aef00000, 0x00000000af000000|  0%| F|  |TAMS 0x00000000aef00000, 0x00000000aef00000| Untracked 
| 752|0x00000000af000000, 0x00000000af000000, 0x00000000af100000|  0%| F|  |TAMS 0x00000000af000000, 0x00000000af000000| Untracked 
| 753|0x00000000af100000, 0x00000000af100000, 0x00000000af200000|  0%| F|  |TAMS 0x00000000af100000, 0x00000000af100000| Untracked 
| 754|0x00000000af200000, 0x00000000af200000, 0x00000000af300000|  0%| F|  |TAMS 0x00000000af200000, 0x00000000af200000| Untracked 
| 755|0x00000000af300000, 0x00000000af300000, 0x00000000af400000|  0%| F|  |TAMS 0x00000000af300000, 0x00000000af300000| Untracked 
| 756|0x00000000af400000, 0x00000000af400000, 0x00000000af500000|  0%| F|  |TAMS 0x00000000af400000, 0x00000000af400000| Untracked 
| 757|0x00000000af500000, 0x00000000af500000, 0x00000000af600000|  0%| F|  |TAMS 0x00000000af500000, 0x00000000af500000| Untracked 
| 758|0x00000000af600000, 0x00000000af600000, 0x00000000af700000|  0%| F|  |TAMS 0x00000000af600000, 0x00000000af600000| Untracked 
| 759|0x00000000af700000, 0x00000000af700000, 0x00000000af800000|  0%| F|  |TAMS 0x00000000af700000, 0x00000000af700000| Untracked 
| 760|0x00000000af800000, 0x00000000af800000, 0x00000000af900000|  0%| F|  |TAMS 0x00000000af800000, 0x00000000af800000| Untracked 
| 761|0x00000000af900000, 0x00000000af900000, 0x00000000afa00000|  0%| F|  |TAMS 0x00000000af900000, 0x00000000af900000| Untracked 
| 762|0x00000000afa00000, 0x00000000afa00000, 0x00000000afb00000|  0%| F|  |TAMS 0x00000000afa00000, 0x00000000afa00000| Untracked 
| 763|0x00000000afb00000, 0x00000000afb00000, 0x00000000afc00000|  0%| F|  |TAMS 0x00000000afb00000, 0x00000000afb00000| Untracked 
| 764|0x00000000afc00000, 0x00000000afc00000, 0x00000000afd00000|  0%| F|  |TAMS 0x00000000afc00000, 0x00000000afc00000| Untracked 
| 765|0x00000000afd00000, 0x00000000afd00000, 0x00000000afe00000|  0%| F|  |TAMS 0x00000000afd00000, 0x00000000afd00000| Untracked 
| 766|0x00000000afe00000, 0x00000000afe00000, 0x00000000aff00000|  0%| F|  |TAMS 0x00000000afe00000, 0x00000000afe00000| Untracked 
| 767|0x00000000aff00000, 0x00000000aff00000, 0x00000000b0000000|  0%| F|  |TAMS 0x00000000aff00000, 0x00000000aff00000| Untracked 
| 768|0x00000000b0000000, 0x00000000b0000000, 0x00000000b0100000|  0%| F|  |TAMS 0x00000000b0000000, 0x00000000b0000000| Untracked 
| 769|0x00000000b0100000, 0x00000000b0100000, 0x00000000b0200000|  0%| F|  |TAMS 0x00000000b0100000, 0x00000000b0100000| Untracked 
| 770|0x00000000b0200000, 0x00000000b0200000, 0x00000000b0300000|  0%| F|  |TAMS 0x00000000b0200000, 0x00000000b0200000| Untracked 
| 771|0x00000000b0300000, 0x00000000b0300000, 0x00000000b0400000|  0%| F|  |TAMS 0x00000000b0300000, 0x00000000b0300000| Untracked 
| 772|0x00000000b0400000, 0x00000000b0400000, 0x00000000b0500000|  0%| F|  |TAMS 0x00000000b0400000, 0x00000000b0400000| Untracked 
| 773|0x00000000b0500000, 0x00000000b0500000, 0x00000000b0600000|  0%| F|  |TAMS 0x00000000b0500000, 0x00000000b0500000| Untracked 
| 774|0x00000000b0600000, 0x00000000b0600000, 0x00000000b0700000|  0%| F|  |TAMS 0x00000000b0600000, 0x00000000b0600000| Untracked 
| 775|0x00000000b0700000, 0x00000000b0700000, 0x00000000b0800000|  0%| F|  |TAMS 0x00000000b0700000, 0x00000000b0700000| Untracked 
| 776|0x00000000b0800000, 0x00000000b0800000, 0x00000000b0900000|  0%| F|  |TAMS 0x00000000b0800000, 0x00000000b0800000| Untracked 
| 777|0x00000000b0900000, 0x00000000b0900000, 0x00000000b0a00000|  0%| F|  |TAMS 0x00000000b0900000, 0x00000000b0900000| Untracked 
| 778|0x00000000b0a00000, 0x00000000b0a00000, 0x00000000b0b00000|  0%| F|  |TAMS 0x00000000b0a00000, 0x00000000b0a00000| Untracked 
| 779|0x00000000b0b00000, 0x00000000b0b00000, 0x00000000b0c00000|  0%| F|  |TAMS 0x00000000b0b00000, 0x00000000b0b00000| Untracked 
| 780|0x00000000b0c00000, 0x00000000b0c00000, 0x00000000b0d00000|  0%| F|  |TAMS 0x00000000b0c00000, 0x00000000b0c00000| Untracked 
| 781|0x00000000b0d00000, 0x00000000b0d00000, 0x00000000b0e00000|  0%| F|  |TAMS 0x00000000b0d00000, 0x00000000b0d00000| Untracked 
| 782|0x00000000b0e00000, 0x00000000b0e00000, 0x00000000b0f00000|  0%| F|  |TAMS 0x00000000b0e00000, 0x00000000b0e00000| Untracked 
| 783|0x00000000b0f00000, 0x00000000b0f00000, 0x00000000b1000000|  0%| F|  |TAMS 0x00000000b0f00000, 0x00000000b0f00000| Untracked 
| 784|0x00000000b1000000, 0x00000000b1000000, 0x00000000b1100000|  0%| F|  |TAMS 0x00000000b1000000, 0x00000000b1000000| Untracked 
| 785|0x00000000b1100000, 0x00000000b1100000, 0x00000000b1200000|  0%| F|  |TAMS 0x00000000b1100000, 0x00000000b1100000| Untracked 
| 786|0x00000000b1200000, 0x00000000b1200000, 0x00000000b1300000|  0%| F|  |TAMS 0x00000000b1200000, 0x00000000b1200000| Untracked 
| 787|0x00000000b1300000, 0x00000000b1300000, 0x00000000b1400000|  0%| F|  |TAMS 0x00000000b1300000, 0x00000000b1300000| Untracked 
| 788|0x00000000b1400000, 0x00000000b1400000, 0x00000000b1500000|  0%| F|  |TAMS 0x00000000b1400000, 0x00000000b1400000| Untracked 
| 789|0x00000000b1500000, 0x00000000b1500000, 0x00000000b1600000|  0%| F|  |TAMS 0x00000000b1500000, 0x00000000b1500000| Untracked 
| 790|0x00000000b1600000, 0x00000000b1600000, 0x00000000b1700000|  0%| F|  |TAMS 0x00000000b1600000, 0x00000000b1600000| Untracked 
| 791|0x00000000b1700000, 0x00000000b1700000, 0x00000000b1800000|  0%| F|  |TAMS 0x00000000b1700000, 0x00000000b1700000| Untracked 
| 792|0x00000000b1800000, 0x00000000b1800000, 0x00000000b1900000|  0%| F|  |TAMS 0x00000000b1800000, 0x00000000b1800000| Untracked 
| 793|0x00000000b1900000, 0x00000000b1900000, 0x00000000b1a00000|  0%| F|  |TAMS 0x00000000b1900000, 0x00000000b1900000| Untracked 
| 794|0x00000000b1a00000, 0x00000000b1a00000, 0x00000000b1b00000|  0%| F|  |TAMS 0x00000000b1a00000, 0x00000000b1a00000| Untracked 
| 795|0x00000000b1b00000, 0x00000000b1b00000, 0x00000000b1c00000|  0%| F|  |TAMS 0x00000000b1b00000, 0x00000000b1b00000| Untracked 
| 796|0x00000000b1c00000, 0x00000000b1c00000, 0x00000000b1d00000|  0%| F|  |TAMS 0x00000000b1c00000, 0x00000000b1c00000| Untracked 
| 797|0x00000000b1d00000, 0x00000000b1d00000, 0x00000000b1e00000|  0%| F|  |TAMS 0x00000000b1d00000, 0x00000000b1d00000| Untracked 
| 798|0x00000000b1e00000, 0x00000000b1e00000, 0x00000000b1f00000|  0%| F|  |TAMS 0x00000000b1e00000, 0x00000000b1e00000| Untracked 
| 799|0x00000000b1f00000, 0x00000000b1f00000, 0x00000000b2000000|  0%| F|  |TAMS 0x00000000b1f00000, 0x00000000b1f00000| Untracked 
| 800|0x00000000b2000000, 0x00000000b2000000, 0x00000000b2100000|  0%| F|  |TAMS 0x00000000b2000000, 0x00000000b2000000| Untracked 
| 801|0x00000000b2100000, 0x00000000b2100000, 0x00000000b2200000|  0%| F|  |TAMS 0x00000000b2100000, 0x00000000b2100000| Untracked 
| 802|0x00000000b2200000, 0x00000000b2200000, 0x00000000b2300000|  0%| F|  |TAMS 0x00000000b2200000, 0x00000000b2200000| Untracked 
| 803|0x00000000b2300000, 0x00000000b2300000, 0x00000000b2400000|  0%| F|  |TAMS 0x00000000b2300000, 0x00000000b2300000| Untracked 
| 804|0x00000000b2400000, 0x00000000b2400000, 0x00000000b2500000|  0%| F|  |TAMS 0x00000000b2400000, 0x00000000b2400000| Untracked 
| 805|0x00000000b2500000, 0x00000000b2500000, 0x00000000b2600000|  0%| F|  |TAMS 0x00000000b2500000, 0x00000000b2500000| Untracked 
| 806|0x00000000b2600000, 0x00000000b2600000, 0x00000000b2700000|  0%| F|  |TAMS 0x00000000b2600000, 0x00000000b2600000| Untracked 
| 807|0x00000000b2700000, 0x00000000b2700000, 0x00000000b2800000|  0%| F|  |TAMS 0x00000000b2700000, 0x00000000b2700000| Untracked 
| 808|0x00000000b2800000, 0x00000000b2800000, 0x00000000b2900000|  0%| F|  |TAMS 0x00000000b2800000, 0x00000000b2800000| Untracked 
|1288|0x00000000d0800000, 0x00000000d0800000, 0x00000000d0900000|  0%| F|  |TAMS 0x00000000d0800000, 0x00000000d0800000| Untracked 
|1289|0x00000000d0900000, 0x00000000d0900000, 0x00000000d0a00000|  0%| F|  |TAMS 0x00000000d0900000, 0x00000000d0900000| Untracked 
|1290|0x00000000d0a00000, 0x00000000d0a00000, 0x00000000d0b00000|  0%| F|  |TAMS 0x00000000d0a00000, 0x00000000d0a00000| Untracked 
|2043|0x00000000ffb00000, 0x00000000ffc00000, 0x00000000ffc00000|100%| O|  |TAMS 0x00000000ffc00000, 0x00000000ffb00000| Untracked 
|2044|0x00000000ffc00000, 0x00000000ffc00000, 0x00000000ffd00000|  0%| F|  |TAMS 0x00000000ffc00000, 0x00000000ffc00000| Untracked 
|2045|0x00000000ffd00000, 0x00000000ffd00000, 0x00000000ffe00000|  0%| F|  |TAMS 0x00000000ffd00000, 0x00000000ffd00000| Untracked 
|2046|0x00000000ffe00000, 0x00000000ffe00000, 0x00000000fff00000|  0%| F|  |TAMS 0x00000000ffe00000, 0x00000000ffe00000| Untracked 
|2047|0x00000000fff00000, 0x00000000fff00000, 0x0000000100000000|  0%| F|  |TAMS 0x00000000fff00000, 0x00000000fff00000| Untracked 

Card table byte_map: [0x0000022e7a370000,0x0000022e7a770000] _byte_map_base: 0x0000022e79f70000

Marking Bits (Prev, Next): (CMBitMap*) 0x0000022e7223ba80, (CMBitMap*) 0x0000022e7223bac0
 Prev Bits: [0x0000022e7ab70000, 0x0000022e7cb70000)
 Next Bits: [0x0000022e7cb70000, 0x0000022e7eb70000)

Polling page: 0x0000022e6ff70000

Metaspace:

Usage:
  Non-class:    176.34 MB used.
      Class:     26.51 MB used.
       Both:    202.85 MB used.

Virtual space:
  Non-class space:      192.00 MB reserved,     177.25 MB ( 92%) committed,  3 nodes.
      Class space:        1.00 GB reserved,      27.44 MB (  3%) committed,  1 nodes.
             Both:        1.19 GB reserved,     204.69 MB ( 17%) committed. 

Chunk freelists:
   Non-Class:  14.21 MB
       Class:  4.56 MB
        Both:  18.78 MB

MaxMetaspaceSize: unlimited
CompressedClassSpaceSize: 1.00 GB
Initial GC threshold: 21.00 MB
Current GC threshold: 342.50 MB
CDS: on
MetaspaceReclaimPolicy: balanced
 - commit_granule_bytes: 65536.
 - commit_granule_words: 8192.
 - virtual_space_node_default_size: 8388608.
 - enlarge_chunks_in_place: 1.
 - new_chunks_are_fully_committed: 0.
 - uncommit_free_chunks: 1.
 - use_allocation_guard: 0.
 - handle_deallocations: 1.


Internal statistics:

num_allocs_failed_limit: 12.
num_arena_births: 3598.
num_arena_deaths: 448.
num_vsnodes_births: 4.
num_vsnodes_deaths: 0.
num_space_committed: 4208.
num_space_uncommitted: 934.
num_chunks_returned_to_freelist: 2843.
num_chunks_taken_from_freelist: 14908.
num_chunk_merges: 1157.
num_chunk_splits: 10244.
num_chunks_enlarged: 7313.
num_inconsistent_stats: 0.

CodeHeap 'non-profiled nmethods': size=120000Kb used=40818Kb max_used=40818Kb free=79181Kb
 bounds [0x0000022e07ad0000, 0x0000022e0a2b0000, 0x0000022e0f000000]
CodeHeap 'profiled nmethods': size=120000Kb used=71587Kb max_used=77727Kb free=48413Kb
 bounds [0x0000022e00000000, 0x0000022e04bf0000, 0x0000022e07530000]
CodeHeap 'non-nmethods': size=5760Kb used=1846Kb max_used=1962Kb free=3914Kb
 bounds [0x0000022e07530000, 0x0000022e077a0000, 0x0000022e07ad0000]
 total_blobs=36392 nmethods=35444 adapters=857
 compilation: enabled
              stopped_count=0, restarted_count=0
 full_count=0

Compilation events (20 events):
Event: 4041.097 Thread 0x0000022e7f599cb0 nmethod 56451 0x0000022e0a298a10 code [0x0000022e0a298ba0, 0x0000022e0a298c78]
Event: 4041.117 Thread 0x0000022e7f5996e0 nmethod 56436 0x0000022e0a298d10 code [0x0000022e0a298f20, 0x0000022e0a29a4a8]
Event: 4041.117 Thread 0x0000022e7f5996e0 56419       4       com.android.tools.r8.graph.m3$$Lambda$5839/0x0000022e13a98d60::apply (14 bytes)
Event: 4041.118 Thread 0x0000022e7f5996e0 nmethod 56419 0x0000022e0a29b410 code [0x0000022e0a29b5a0, 0x0000022e0a29b678]
Event: 4041.118 Thread 0x0000022e7f5996e0 56415       4       com.android.tools.r8.internal.iq0::a (34 bytes)
Event: 4041.129 Thread 0x0000022e7f5996e0 nmethod 56415 0x0000022e0a29b790 code [0x0000022e0a29b9a0, 0x0000022e0a29c000]
Event: 4041.129 Thread 0x0000022e7f5996e0 56426       4       com.android.tools.r8.dex.n0$$Lambda$5900/0x0000022e13aa3d38::apply (15 bytes)
Event: 4041.131 Thread 0x0000022e7f5996e0 nmethod 56426 0x0000022e0a29c810 code [0x0000022e0a29c9a0, 0x0000022e0a29cac8]
Event: 4041.131 Thread 0x0000022e7f5996e0 56427       4       com.android.tools.r8.dex.s0::b (28 bytes)
Event: 4041.132 Thread 0x0000022e7f5996e0 nmethod 56427 0x0000022e0a29cc10 code [0x0000022e0a29cda0, 0x0000022e0a29ce68]
Event: 4041.133 Thread 0x0000022e7f5996e0 56424       4       java.util.Collections$SetFromMap::size (10 bytes)
Event: 4041.133 Thread 0x0000022e7f5996e0 nmethod 56424 0x0000022e0a29cf10 code [0x0000022e0a29d0a0, 0x0000022e0a29d158]
Event: 4041.133 Thread 0x0000022e7f5996e0 56407   !   4       com.android.tools.r8.internal.Jx::a (72 bytes)
Event: 4041.138 Thread 0x0000022e5b4c3390 nmethod 56383 0x0000022e0a29d210 code [0x0000022e0a29d6e0, 0x0000022e0a2a4e58]
Event: 4041.138 Thread 0x0000022e5b4c3390 56404       4       com.android.tools.r8.internal.Yw$$Lambda$4288/0x0000022e138ad000::accept (13 bytes)
Event: 4041.140 Thread 0x0000022e5b4c3390 nmethod 56404 0x0000022e0a2abe10 code [0x0000022e0a2abfa0, 0x0000022e0a2ac0a8]
Event: 4041.140 Thread 0x0000022e5b4c3390 56421       4       com.android.tools.r8.dex.k::a (131 bytes)
Event: 4041.143 Thread 0x0000022e7f5996e0 nmethod 56407 0x0000022e0a2ac210 code [0x0000022e0a2ac3e0, 0x0000022e0a2ac618]
Event: 4041.143 Thread 0x0000022e7f5996e0 56413       4       com.android.tools.r8.internal.iq0$$Lambda$6291/0x0000022e13af1bf0::apply (12 bytes)
Event: 4041.172 Thread 0x0000022e7f599cb0 56452       2       java.io.BufferedWriter::newLine (8 bytes)

GC Heap History (20 events):
Event: 3372.904 GC heap after
{Heap after GC invocations=165 (full 0):
 garbage-first heap   total 836608K, used 223350K [0x0000000080000000, 0x0000000100000000)
  region size 1024K, 5 young (5120K), 5 survivors (5120K)
 Metaspace       used 185319K, committed 187008K, reserved 1245184K
  class space    used 24444K, committed 25280K, reserved 1048576K
}
Event: 3396.920 GC heap before
{Heap before GC invocations=165 (full 0):
 garbage-first heap   total 836608K, used 408694K [0x0000000080000000, 0x0000000100000000)
  region size 1024K, 187 young (191488K), 5 survivors (5120K)
 Metaspace       used 185677K, committed 187520K, reserved 1245184K
  class space    used 24524K, committed 25408K, reserved 1048576K
}
Event: 3396.961 GC heap after
{Heap after GC invocations=166 (full 0):
 garbage-first heap   total 836608K, used 232432K [0x0000000080000000, 0x0000000100000000)
  region size 1024K, 14 young (14336K), 14 survivors (14336K)
 Metaspace       used 185677K, committed 187520K, reserved 1245184K
  class space    used 24524K, committed 25408K, reserved 1048576K
}
Event: 3933.187 GC heap before
{Heap before GC invocations=167 (full 0):
 garbage-first heap   total 836608K, used 660464K [0x0000000080000000, 0x0000000100000000)
  region size 1024K, 391 young (400384K), 14 survivors (14336K)
 Metaspace       used 185562K, committed 187392K, reserved 1245184K
  class space    used 24510K, committed 25408K, reserved 1048576K
}
Event: 3933.378 GC heap after
{Heap after GC invocations=168 (full 0):
 garbage-first heap   total 836608K, used 238710K [0x0000000080000000, 0x0000000100000000)
  region size 1024K, 26 young (26624K), 26 survivors (26624K)
 Metaspace       used 185562K, committed 187392K, reserved 1245184K
  class space    used 24510K, committed 25408K, reserved 1048576K
}
Event: 3936.459 GC heap before
{Heap before GC invocations=168 (full 0):
 garbage-first heap   total 836608K, used 252022K [0x0000000080000000, 0x0000000100000000)
  region size 1024K, 40 young (40960K), 26 survivors (26624K)
 Metaspace       used 185608K, committed 187456K, reserved 1245184K
  class space    used 24515K, committed 25408K, reserved 1048576K
}
Event: 3936.692 GC heap after
{Heap after GC invocations=169 (full 0):
 garbage-first heap   total 836608K, used 205872K [0x0000000080000000, 0x0000000100000000)
  region size 1024K, 4 young (4096K), 4 survivors (4096K)
 Metaspace       used 185608K, committed 187456K, reserved 1245184K
  class space    used 24515K, committed 25408K, reserved 1048576K
}
Event: 3965.139 GC heap before
{Heap before GC invocations=169 (full 0):
 garbage-first heap   total 836608K, used 255024K [0x0000000080000000, 0x0000000100000000)
  region size 1024K, 54 young (55296K), 4 survivors (4096K)
 Metaspace       used 185620K, committed 187456K, reserved 1245184K
  class space    used 24515K, committed 25408K, reserved 1048576K
}
Event: 3965.193 GC heap after
{Heap after GC invocations=170 (full 0):
 garbage-first heap   total 836608K, used 205872K [0x0000000080000000, 0x0000000100000000)
  region size 1024K, 4 young (4096K), 4 survivors (4096K)
 Metaspace       used 185620K, committed 187456K, reserved 1245184K
  class space    used 24515K, committed 25408K, reserved 1048576K
}
Event: 4016.586 GC heap before
{Heap before GC invocations=171 (full 0):
 garbage-first heap   total 785408K, used 703536K [0x0000000080000000, 0x0000000100000000)
  region size 1024K, 446 young (456704K), 4 survivors (4096K)
 Metaspace       used 198306K, committed 200192K, reserved 1245184K
  class space    used 25843K, committed 26752K, reserved 1048576K
}
Event: 4016.768 GC heap after
{Heap after GC invocations=172 (full 0):
 garbage-first heap   total 785408K, used 255565K [0x0000000080000000, 0x0000000100000000)
  region size 1024K, 38 young (38912K), 38 survivors (38912K)
 Metaspace       used 198306K, committed 200192K, reserved 1245184K
  class space    used 25843K, committed 26752K, reserved 1048576K
}
Event: 4016.821 GC heap before
{Heap before GC invocations=172 (full 0):
 garbage-first heap   total 785408K, used 256589K [0x0000000080000000, 0x0000000100000000)
  region size 1024K, 39 young (39936K), 38 survivors (38912K)
 Metaspace       used 198477K, committed 200384K, reserved 1245184K
  class space    used 25872K, committed 26816K, reserved 1048576K
}
Event: 4017.069 GC heap after
{Heap after GC invocations=173 (full 0):
 garbage-first heap   total 785408K, used 227996K [0x0000000080000000, 0x0000000100000000)
  region size 1024K, 4 young (4096K), 4 survivors (4096K)
 Metaspace       used 198477K, committed 200384K, reserved 1245184K
  class space    used 25872K, committed 26816K, reserved 1048576K
}
Event: 4025.438 GC heap before
{Heap before GC invocations=173 (full 0):
 garbage-first heap   total 785408K, used 468636K [0x0000000080000000, 0x0000000100000000)
  region size 1024K, 240 young (245760K), 4 survivors (4096K)
 Metaspace       used 208213K, committed 210048K, reserved 1245184K
  class space    used 27207K, committed 28096K, reserved 1048576K
}
Event: 4025.495 GC heap after
{Heap after GC invocations=174 (full 0):
 garbage-first heap   total 785408K, used 235617K [0x0000000080000000, 0x0000000100000000)
  region size 1024K, 12 young (12288K), 12 survivors (12288K)
 Metaspace       used 208213K, committed 210048K, reserved 1245184K
  class space    used 27207K, committed 28096K, reserved 1048576K
}
Event: 4035.903 GC heap before
{Heap before GC invocations=175 (full 0):
 garbage-first heap   total 785408K, used 630881K [0x0000000080000000, 0x0000000100000000)
  region size 1024K, 391 young (400384K), 12 survivors (12288K)
 Metaspace       used 207703K, committed 209600K, reserved 1245184K
  class space    used 27143K, committed 28096K, reserved 1048576K
}
Event: 4036.224 GC heap after
{Heap after GC invocations=176 (full 0):
 garbage-first heap   total 785408K, used 242793K [0x0000000080000000, 0x0000000100000000)
  region size 1024K, 15 young (15360K), 15 survivors (15360K)
 Metaspace       used 207703K, committed 209600K, reserved 1245184K
  class space    used 27143K, committed 28096K, reserved 1048576K
}
Event: 4039.787 GC heap before
{Heap before GC invocations=176 (full 0):
 garbage-first heap   total 785408K, used 265321K [0x0000000080000000, 0x0000000100000000)
  region size 1024K, 38 young (38912K), 15 survivors (15360K)
 Metaspace       used 207707K, committed 209600K, reserved 1245184K
  class space    used 27143K, committed 28096K, reserved 1048576K
}
Event: 4040.259 GC heap after
{Heap after GC invocations=177 (full 0):
 garbage-first heap   total 785408K, used 227868K [0x0000000080000000, 0x0000000100000000)
  region size 1024K, 5 young (5120K), 5 survivors (5120K)
 Metaspace       used 207707K, committed 209600K, reserved 1245184K
  class space    used 27143K, committed 28096K, reserved 1048576K
}
Event: 4041.177 GC heap before
{Heap before GC invocations=177 (full 0):
 garbage-first heap   total 785408K, used 264732K [0x0000000080000000, 0x0000000100000000)
  region size 1024K, 38 young (38912K), 5 survivors (5120K)
 Metaspace       used 207720K, committed 209600K, reserved 1245184K
  class space    used 27145K, committed 28096K, reserved 1048576K
}

Dll operation events (20 events):
Event: 0.036 Loaded shared library C:\Users\perez\.jdks\ms-17.0.18\bin\jsvml.dll
Event: 0.112 Loaded shared library C:\Users\perez\.jdks\ms-17.0.18\bin\zip.dll
Event: 0.117 Loaded shared library C:\Users\perez\.jdks\ms-17.0.18\bin\instrument.dll
Event: 0.141 Loaded shared library C:\Users\perez\.jdks\ms-17.0.18\bin\net.dll
Event: 0.157 Loaded shared library C:\Users\perez\.jdks\ms-17.0.18\bin\nio.dll
Event: 0.160 Loaded shared library C:\Users\perez\.jdks\ms-17.0.18\bin\zip.dll
Event: 0.567 Loaded shared library C:\Users\perez\.jdks\ms-17.0.18\bin\jimage.dll
Event: 0.943 Loaded shared library C:\Users\perez\.jdks\ms-17.0.18\bin\verify.dll
Event: 1.246 Loaded shared library C:\Users\perez\AndroidStudioProjects\MyApplication\native\1def1411415f61bf3af743bc5b6707747c0891f09f0c88961ee8f79bc544acac\windows-amd64\native-platform.dll
Event: 1.291 Loaded shared library C:\Users\perez\AndroidStudioProjects\MyApplication\native\0.2.7\x86_64-windows-gnu\gradle-fileevents.dll
Event: 3.692 Loaded shared library C:\Users\perez\.jdks\ms-17.0.18\bin\management.dll
Event: 3.705 Loaded shared library C:\Users\perez\.jdks\ms-17.0.18\bin\management_ext.dll
Event: 4.113 Loaded shared library C:\Users\perez\.jdks\ms-17.0.18\bin\extnet.dll
Event: 4.580 Loaded shared library C:\Users\perez\.jdks\ms-17.0.18\bin\sunmscapi.dll
Event: 80.672 Loaded shared library C:\Users\perez\AppData\Local\Temp\native-platform7875369225480970785dir\native-platform.dll
Event: 83.719 Loaded shared library C:\Users\perez\.jdks\ms-17.0.18\bin\rmi.dll
Event: 172.268 Loaded shared library C:\Users\perez\AppData\Local\Temp\sqlite-3.41.2.2-909b8177-55eb-432d-a08c-7398f43560e7-sqlitejdbc.dll
Event: 503.476 Loaded shared library C:\Users\perez\AppData\Local\Temp\sqlite-3.41.2.2-d5a44557-17c4-45d8-88f7-96b37a828116-sqlitejdbc.dll
Event: 2230.256 Unloaded dll "C:\Users\perez\AppData\Local\Temp\sqlite-3.41.2.2-909b8177-55eb-432d-a08c-7398f43560e7-sqlitejdbc.dll" [0x00007ffc2c4d0000]
Event: 2847.794 Unloaded dll "C:\Users\perez\AppData\Local\Temp\sqlite-3.41.2.2-d5a44557-17c4-45d8-88f7-96b37a828116-sqlitejdbc.dll" [0x00007ffc466d0000]

Deoptimization events (20 events):
Event: 4040.290 Thread 0x0000022e5c5f2a90 Uncommon trap: trap_request=0xffffff6e fr.pc=0x0000022e09f16368 relative=0x00000000000060e8
Event: 4040.290 Thread 0x0000022e5c5f2a90 Uncommon trap: reason=loop_limit_check action=maybe_recompile pc=0x0000022e09f16368 method=com.android.tools.r8.internal.BD.e(I)I @ 15 c2
Event: 4040.290 Thread 0x0000022e5c5f2a90 DEOPT PACKING pc=0x0000022e09f16368 sp=0x000000bbda6fd5e0
Event: 4040.290 Thread 0x0000022e5c5f2a90 DEOPT UNPACKING pc=0x0000022e075869a3 sp=0x000000bbda6fd4c0 mode 2
Event: 4040.292 Thread 0x0000022e5c5f2a90 Uncommon trap: trap_request=0xffffff6e fr.pc=0x0000022e09d9a0f0 relative=0x0000000000005f10
Event: 4040.292 Thread 0x0000022e5c5f2a90 Uncommon trap: reason=loop_limit_check action=maybe_recompile pc=0x0000022e09d9a0f0 method=com.android.tools.r8.internal.BD.e(I)I @ 15 c2
Event: 4040.292 Thread 0x0000022e5c5f2a90 DEOPT PACKING pc=0x0000022e09d9a0f0 sp=0x000000bbda6fd5d0
Event: 4040.292 Thread 0x0000022e5c5f2a90 DEOPT UNPACKING pc=0x0000022e075869a3 sp=0x000000bbda6fd4c0 mode 2
Event: 4040.305 Thread 0x0000022e5c5f2a90 DEOPT PACKING pc=0x0000022e032763c8 sp=0x000000bbda6fd1f0
Event: 4040.305 Thread 0x0000022e5c5f2a90 DEOPT UNPACKING pc=0x0000022e07587143 sp=0x000000bbda6fc820 mode 0
Event: 4040.318 Thread 0x0000022e5c5f2a90 DEOPT PACKING pc=0x0000022e032763c8 sp=0x000000bbda6fd1f0
Event: 4040.318 Thread 0x0000022e5c5f2a90 DEOPT UNPACKING pc=0x0000022e07587143 sp=0x000000bbda6fc820 mode 0
Event: 4041.055 Thread 0x0000022e5c5f4e00 Uncommon trap: trap_request=0xffffffbe fr.pc=0x0000022e09f98a1c relative=0x0000000000000e3c
Event: 4041.055 Thread 0x0000022e5c5f4e00 Uncommon trap: reason=profile_predicate action=maybe_recompile pc=0x0000022e09f98a1c method=java.lang.StringLatin1.replace([BI[BI[BI)Ljava/lang/String; @ 180 c2
Event: 4041.055 Thread 0x0000022e5c5f4e00 DEOPT PACKING pc=0x0000022e09f98a1c sp=0x000000bbdbdfda60
Event: 4041.055 Thread 0x0000022e5c5f4e00 DEOPT UNPACKING pc=0x0000022e075869a3 sp=0x000000bbdbdfd9c0 mode 2
Event: 4041.096 Thread 0x0000022e5c5f4e00 Uncommon trap: trap_request=0xffffffbe fr.pc=0x0000022e09f98a1c relative=0x0000000000000e3c
Event: 4041.096 Thread 0x0000022e5c5f4e00 Uncommon trap: reason=profile_predicate action=maybe_recompile pc=0x0000022e09f98a1c method=java.lang.StringLatin1.replace([BI[BI[BI)Ljava/lang/String; @ 180 c2
Event: 4041.096 Thread 0x0000022e5c5f4e00 DEOPT PACKING pc=0x0000022e09f98a1c sp=0x000000bbdbdfd940
Event: 4041.096 Thread 0x0000022e5c5f4e00 DEOPT UNPACKING pc=0x0000022e075869a3 sp=0x000000bbdbdfd8a0 mode 2

Classes loaded (20 events):
Event: 788.423 Loading class sun/security/rsa/RSACore$BlindingRandomPair
Event: 788.423 Loading class sun/security/rsa/RSACore$BlindingRandomPair done
Event: 1838.459 Loading class java/nio/file/CopyMoveHelper
Event: 1838.637 Loading class java/nio/file/CopyMoveHelper done
Event: 1838.639 Loading class java/nio/file/CopyMoveHelper$CopyOptions
Event: 1838.729 Loading class java/nio/file/CopyMoveHelper$CopyOptions done
Event: 2778.034 Loading class sun/net/ConnectionResetException
Event: 2778.044 Loading class sun/net/ConnectionResetException done
Event: 2778.134 Loading class java/nio/channels/ClosedByInterruptException
Event: 2778.140 Loading class java/nio/channels/AsynchronousCloseException
Event: 2778.142 Loading class java/nio/channels/AsynchronousCloseException done
Event: 2778.142 Loading class java/nio/channels/ClosedByInterruptException done
Event: 2778.634 Loading class java/text/MessageFormat
Event: 2778.665 Loading class java/text/MessageFormat done
Event: 2778.669 Loading class java/text/MessageFormat$Field
Event: 2778.671 Loading class java/text/MessageFormat$Field done
Event: 2779.278 Loading class java/text/FieldPosition$Delegate
Event: 2779.280 Loading class java/text/FieldPosition$Delegate done
Event: 2866.948 Loading class sun/nio/fs/WindowsSecurity$Privilege
Event: 2866.956 Loading class sun/nio/fs/WindowsSecurity$Privilege done

Classes unloaded (20 events):
Event: 4026.550 Thread 0x0000022e7f575670 Unloading class 0x0000022e1336b708 'kotlin/jvm/functions/Function0'
Event: 4026.550 Thread 0x0000022e7f575670 Unloading class 0x0000022e1336b4c8 'dagger/spi/internal/shaded/androidx/room/compiler/processing/javac/JavacBasicAnnotationProcessor$2'
Event: 4026.550 Thread 0x0000022e7f575670 Unloading class 0x0000022e1336b2a8 'kotlin/jvm/internal/Lambda'
Event: 4026.550 Thread 0x0000022e7f575670 Unloading class 0x0000022e1336b0b0 'kotlin/jvm/internal/FunctionBase'
Event: 4026.550 Thread 0x0000022e7f575670 Unloading class 0x0000022e1336aeb8 'kotlin/jvm/functions/Function1'
Event: 4026.550 Thread 0x0000022e7f575670 Unloading class 0x0000022e1336acc0 'kotlin/Function'
Event: 4026.550 Thread 0x0000022e7f575670 Unloading class 0x0000022e1336aa68 'kotlin/UninitializedPropertyAccessException'
Event: 4026.550 Thread 0x0000022e7f575670 Unloading class 0x0000022e1336a808 'kotlin/KotlinNullPointerException'
Event: 4026.550 Thread 0x0000022e7f575670 Unloading class 0x0000022e1336a608 'kotlin/jvm/internal/Intrinsics'
Event: 4026.550 Thread 0x0000022e7f575670 Unloading class 0x0000022e1336a408 'dagger/spi/internal/shaded/androidx/room/compiler/processing/XProcessingEnvConfig$Companion'
Event: 4026.550 Thread 0x0000022e7f575670 Unloading class 0x0000022e1336a208 'dagger/spi/internal/shaded/androidx/room/compiler/processing/XProcessingEnvConfig'
Event: 4026.550 Thread 0x0000022e7f575670 Unloading class 0x0000022e1336a000 'dagger/spi/internal/shaded/androidx/room/compiler/processing/XProcessingEnvConfig$Builder'
Event: 4026.550 Thread 0x0000022e7f575670 Unloading class 0x0000022e13369da8 'dagger/hilt/processor/internal/HiltProcessingEnvConfigs'
Event: 4026.550 Thread 0x0000022e7f575670 Unloading class 0x0000022e13369b28 'dagger/hilt/processor/internal/uninstallmodules/UninstallModulesProcessingStep'
Event: 4026.550 Thread 0x0000022e7f575670 Unloading class 0x0000022e133698a8 'dagger/hilt/processor/internal/BaseProcessingStep'
Event: 4026.550 Thread 0x0000022e7f575670 Unloading class 0x0000022e13368df8 'dagger/spi/internal/shaded/androidx/room/compiler/processing/XProcessingStep'
Event: 4026.550 Thread 0x0000022e7f575670 Unloading class 0x0000022e133695c0 'dagger/hilt/processor/internal/uninstallmodules/UninstallModulesProcessor'
Event: 4026.550 Thread 0x0000022e7f575670 Unloading class 0x0000022e133692d8 'dagger/hilt/processor/internal/JavacBaseProcessingStepProcessor'
Event: 4026.550 Thread 0x0000022e7f575670 Unloading class 0x0000022e13369000 'dagger/spi/internal/shaded/androidx/room/compiler/processing/javac/JavacBasicAnnotationProcessor'
Event: 4026.550 Thread 0x0000022e7f575670 Unloading class 0x0000022e13368c00 'dagger/spi/internal/shaded/androidx/room/compiler/processing/XBasicAnnotationProcessor'

Classes redefined (0 events):
No events

Internal exceptions (20 events):
Event: 4033.085 Thread 0x0000022e5d0e8920 Exception <a 'sun/nio/fs/WindowsException'{0x00000000986cb0c8}> (0x00000000986cb0c8) 
thrown [s\src\hotspot\share\prims\jni.cpp, line 516]
Event: 4033.090 Thread 0x0000022e5d0e8920 Exception <a 'sun/nio/fs/WindowsException'{0x00000000986d13d0}> (0x00000000986d13d0) 
thrown [s\src\hotspot\share\prims\jni.cpp, line 516]
Event: 4033.093 Thread 0x0000022e5d0e8920 Exception <a 'sun/nio/fs/WindowsException'{0x00000000986dc238}> (0x00000000986dc238) 
thrown [s\src\hotspot\share\prims\jni.cpp, line 516]
Event: 4033.096 Thread 0x0000022e5d0e8920 Exception <a 'sun/nio/fs/WindowsException'{0x00000000986e70d0}> (0x00000000986e70d0) 
thrown [s\src\hotspot\share\prims\jni.cpp, line 516]
Event: 4033.099 Thread 0x0000022e5d0e8920 Exception <a 'sun/nio/fs/WindowsException'{0x00000000986ee030}> (0x00000000986ee030) 
thrown [s\src\hotspot\share\prims\jni.cpp, line 516]
Event: 4033.103 Thread 0x0000022e5d0e8920 Exception <a 'sun/nio/fs/WindowsException'{0x00000000984c1ad8}> (0x00000000984c1ad8) 
thrown [s\src\hotspot\share\prims\jni.cpp, line 516]
Event: 4033.105 Thread 0x0000022e5d0e8920 Exception <a 'sun/nio/fs/WindowsException'{0x00000000984c96a8}> (0x00000000984c96a8) 
thrown [s\src\hotspot\share\prims\jni.cpp, line 516]
Event: 4033.111 Thread 0x0000022e5d0e8920 Exception <a 'sun/nio/fs/WindowsException'{0x00000000984d1310}> (0x00000000984d1310) 
thrown [s\src\hotspot\share\prims\jni.cpp, line 516]
Event: 4033.113 Thread 0x0000022e5d0e8920 Exception <a 'sun/nio/fs/WindowsException'{0x00000000984d9750}> (0x00000000984d9750) 
thrown [s\src\hotspot\share\prims\jni.cpp, line 516]
Event: 4033.116 Thread 0x0000022e5d0e8920 Exception <a 'sun/nio/fs/WindowsException'{0x00000000984e2b48}> (0x00000000984e2b48) 
thrown [s\src\hotspot\share\prims\jni.cpp, line 516]
Event: 4033.122 Thread 0x0000022e5d0e8920 Exception <a 'sun/nio/fs/WindowsException'{0x00000000984ea780}> (0x00000000984ea780) 
thrown [s\src\hotspot\share\prims\jni.cpp, line 516]
Event: 4033.125 Thread 0x0000022e5d0e8920 Exception <a 'sun/nio/fs/WindowsException'{0x00000000984f5330}> (0x00000000984f5330) 
thrown [s\src\hotspot\share\prims\jni.cpp, line 516]
Event: 4033.128 Thread 0x0000022e5d0e8920 Exception <a 'sun/nio/fs/WindowsException'{0x00000000984ff9d0}> (0x00000000984ff9d0) 
thrown [s\src\hotspot\share\prims\jni.cpp, line 516]
Event: 4033.133 Thread 0x0000022e5d0e8920 Exception <a 'sun/nio/fs/WindowsException'{0x00000000982cdaf0}> (0x00000000982cdaf0) 
thrown [s\src\hotspot\share\prims\jni.cpp, line 516]
Event: 4033.137 Thread 0x0000022e5d0e8920 Exception <a 'sun/nio/fs/WindowsException'{0x00000000982d7fe0}> (0x00000000982d7fe0) 
thrown [s\src\hotspot\share\prims\jni.cpp, line 516]
Event: 4033.141 Thread 0x0000022e5d0e8920 Exception <a 'sun/nio/fs/WindowsException'{0x00000000982e0ef0}> (0x00000000982e0ef0) 
thrown [s\src\hotspot\share\prims\jni.cpp, line 516]
Event: 4033.143 Thread 0x0000022e5d0e8920 Exception <a 'sun/nio/fs/WindowsException'{0x00000000982e8858}> (0x00000000982e8858) 
thrown [s\src\hotspot\share\prims\jni.cpp, line 516]
Event: 4033.147 Thread 0x0000022e5d0e8920 Exception <a 'sun/nio/fs/WindowsException'{0x00000000982f4b50}> (0x00000000982f4b50) 
thrown [s\src\hotspot\share\prims\jni.cpp, line 516]
Event: 4036.404 Thread 0x0000022e5c5f43e0 Exception <a 'sun/nio/fs/WindowsException'{0x00000000b2796028}> (0x00000000b2796028) 
thrown [s\src\hotspot\share\prims\jni.cpp, line 516]
Event: 4040.508 Thread 0x0000022e5c5f2a90 Exception <a 'sun/nio/fs/WindowsException'{0x00000000adc8f608}> (0x00000000adc8f608) 
thrown [s\src\hotspot\share\prims\jni.cpp, line 516]

VM Operations (20 events):
Event: 4027.733 Executing VM operation: G1PauseCleanup done
Event: 4029.563 Executing VM operation: ICBufferFull
Event: 4029.563 Executing VM operation: ICBufferFull done
Event: 4030.563 Executing VM operation: Cleanup
Event: 4030.564 Executing VM operation: Cleanup done
Event: 4030.961 Executing VM operation: HandshakeAllThreads
Event: 4031.203 Executing VM operation: HandshakeAllThreads done
Event: 4032.203 Executing VM operation: Cleanup
Event: 4032.204 Executing VM operation: Cleanup done
Event: 4034.204 Executing VM operation: Cleanup
Event: 4034.204 Executing VM operation: Cleanup done
Event: 4035.828 Executing VM operation: G1CollectForAllocation
Event: 4036.224 Executing VM operation: G1CollectForAllocation done
Event: 4037.225 Executing VM operation: Cleanup
Event: 4037.225 Executing VM operation: Cleanup done
Event: 4039.786 Executing VM operation: G1CollectForAllocation
Event: 4040.259 Executing VM operation: G1CollectForAllocation done
Event: 4040.296 Executing VM operation: HandshakeAllThreads
Event: 4040.297 Executing VM operation: HandshakeAllThreads done
Event: 4041.172 Executing VM operation: G1CollectForAllocation

Memory protections (0 events):
No events

Nmethod flushes (20 events):
Event: 3403.190 Thread 0x0000022e7f59a1d0 flushing  nmethod 0x0000022e0480cc10
Event: 3403.191 Thread 0x0000022e7f59a1d0 flushing  nmethod 0x0000022e0481de10
Event: 3403.191 Thread 0x0000022e7f59a1d0 flushing  nmethod 0x0000022e0481f290
Event: 3403.191 Thread 0x0000022e7f59a1d0 flushing  nmethod 0x0000022e04824610
Event: 3403.191 Thread 0x0000022e7f59a1d0 flushing  nmethod 0x0000022e04838510
Event: 3403.191 Thread 0x0000022e7f59a1d0 flushing  nmethod 0x0000022e04838890
Event: 3403.191 Thread 0x0000022e7f59a1d0 flushing  nmethod 0x0000022e04839090
Event: 3403.191 Thread 0x0000022e7f59a1d0 flushing  nmethod 0x0000022e04840c90
Event: 3403.191 Thread 0x0000022e7f59a1d0 flushing  nmethod 0x0000022e04852010
Event: 3403.191 Thread 0x0000022e7f59a1d0 flushing  nmethod 0x0000022e04880990
Event: 3403.191 Thread 0x0000022e7f59a1d0 flushing  nmethod 0x0000022e04882390
Event: 3403.191 Thread 0x0000022e7f59a1d0 flushing  nmethod 0x0000022e04882b10
Event: 3403.191 Thread 0x0000022e7f59a1d0 flushing  nmethod 0x0000022e04883890
Event: 3403.191 Thread 0x0000022e7f59a1d0 flushing  nmethod 0x0000022e04884210
Event: 3403.191 Thread 0x0000022e7f59a1d0 flushing  nmethod 0x0000022e0488a210
Event: 3403.191 Thread 0x0000022e7f59a1d0 flushing  nmethod 0x0000022e04892510
Event: 3403.192 Thread 0x0000022e7f59a1d0 flushing  nmethod 0x0000022e0494af10
Event: 3403.194 Thread 0x0000022e7f59a1d0 flushing  nmethod 0x0000022e04b4d090
Event: 4024.441 Thread 0x0000022e7f59a1d0 flushing  nmethod 0x0000022e09bfb810
Event: 4025.580 Thread 0x0000022e7f59a1d0 flushing  nmethod 0x0000022e040abf90

Events (20 events):
Event: 4010.052 Thread 0x0000022e6c032830 Thread added: 0x0000022e589553b0
Event: 4016.798 Thread 0x0000022e5c9dd930 Thread exited: 0x0000022e5c9dd930
Event: 4020.176 Thread 0x0000022e7f599cb0 Thread added: 0x0000022e5b843370
Event: 4020.714 Thread 0x0000022e5b843370 Thread exited: 0x0000022e5b843370
Event: 4021.778 Thread 0x0000022e7f599cb0 Thread added: 0x0000022e5b842e20
Event: 4022.823 Thread 0x0000022e5b842e20 Thread exited: 0x0000022e5b842e20
Event: 4023.229 Thread 0x0000022e7f599cb0 Thread added: 0x0000022e5b842e20
Event: 4024.332 Thread 0x0000022e5b842e20 Thread exited: 0x0000022e5b842e20
Event: 4025.380 Thread 0x0000022e6c0304c0 Thread added: 0x0000022e5c9e01b0
Event: 4027.383 Thread 0x0000022e5c5f43e0 Thread exited: 0x0000022e5c5f43e0
Event: 4028.202 Thread 0x0000022e6c0304c0 Thread added: 0x0000022e5c5f2a90
Event: 4028.203 Thread 0x0000022e6c0304c0 Thread added: 0x0000022e5c5f2fa0
Event: 4028.205 Thread 0x0000022e6c0304c0 Thread added: 0x0000022e5c5f3ed0
Event: 4028.208 Thread 0x0000022e6c0304c0 Thread added: 0x0000022e5c5f43e0
Event: 4028.213 Thread 0x0000022e6c0304c0 Thread added: 0x0000022e5c5f4e00
Event: 4028.360 Thread 0x0000022e7f599cb0 Thread added: 0x0000022e64325810
Event: 4035.616 Thread 0x0000022e64325810 Thread exited: 0x0000022e64325810
Event: 4040.276 Thread 0x0000022e7f599cb0 Thread added: 0x0000022e5b4c3390
Event: 4040.276 Thread 0x0000022e7f599cb0 Thread added: 0x0000022e5b4c28f0
Event: 4041.158 Thread 0x0000022e5c5f4e00 Thread added: 0x0000022e624f9d30


Dynamic libraries:
0x00007ff6a3520000 - 0x00007ff6a352e000 	C:\Users\perez\.jdks\ms-17.0.18\bin\java.exe
0x00007ffcc1c40000 - 0x00007ffcc1ea7000 	C:\WINDOWS\SYSTEM32\ntdll.dll
0x00007ffcc1440000 - 0x00007ffcc1509000 	C:\WINDOWS\System32\KERNEL32.DLL
0x00007ffcbf5e0000 - 0x00007ffcbf9d1000 	C:\WINDOWS\System32\KERNELBASE.dll
0x00007ffcbf1c0000 - 0x00007ffcbf30b000 	C:\WINDOWS\System32\ucrtbase.dll
0x00007ffc78410000 - 0x00007ffc7842e000 	C:\Users\perez\.jdks\ms-17.0.18\bin\VCRUNTIME140.dll
0x00007ffc78bd0000 - 0x00007ffc78be8000 	C:\Users\perez\.jdks\ms-17.0.18\bin\jli.dll
0x00007ffcc04a0000 - 0x00007ffcc0665000 	C:\WINDOWS\System32\USER32.dll
0x00007ffca1900000 - 0x00007ffca1b93000 	C:\WINDOWS\WinSxS\amd64_microsoft.windows.common-controls_6595b64144ccf1df_6.0.26100.8037_none_3e092faae333b53b\COMCTL32.dll
0x00007ffcbf440000 - 0x00007ffcbf467000 	C:\WINDOWS\System32\win32u.dll
0x00007ffcbffb0000 - 0x00007ffcc0059000 	C:\WINDOWS\System32\msvcrt.dll
0x00007ffcbff00000 - 0x00007ffcbff2b000 	C:\WINDOWS\System32\GDI32.dll
0x00007ffcbf310000 - 0x00007ffcbf43b000 	C:\WINDOWS\System32\gdi32full.dll
0x00007ffcbf530000 - 0x00007ffcbf5d3000 	C:\WINDOWS\System32\msvcp_win.dll
0x00007ffcc01d0000 - 0x00007ffcc0201000 	C:\WINDOWS\System32\IMM32.DLL
0x00007ffc78710000 - 0x00007ffc7871c000 	C:\Users\perez\.jdks\ms-17.0.18\bin\vcruntime140_1.dll
0x00007ffc65c00000 - 0x00007ffc65c89000 	C:\Users\perez\.jdks\ms-17.0.18\bin\msvcp140.dll
0x00007ffb979a0000 - 0x00007ffb9861a000 	C:\Users\perez\.jdks\ms-17.0.18\bin\server\jvm.dll
0x00007ffcc1590000 - 0x00007ffcc164b000 	C:\WINDOWS\System32\ADVAPI32.dll
0x00007ffcbfa90000 - 0x00007ffcbfb37000 	C:\WINDOWS\System32\sechost.dll
0x00007ffcbfc00000 - 0x00007ffcbfd18000 	C:\WINDOWS\System32\RPCRT4.dll
0x00007ffcbff30000 - 0x00007ffcbffa4000 	C:\WINDOWS\System32\WS2_32.dll
0x00007ffcbe380000 - 0x00007ffcbe3de000 	C:\WINDOWS\SYSTEM32\POWRPROF.dll
0x00007ffcb8970000 - 0x00007ffcb897b000 	C:\WINDOWS\SYSTEM32\VERSION.dll
0x00007ffcb8930000 - 0x00007ffcb8965000 	C:\WINDOWS\SYSTEM32\WINMM.dll
0x00007ffcbe360000 - 0x00007ffcbe374000 	C:\WINDOWS\SYSTEM32\UMPDC.dll
0x00007ffcbd2b0000 - 0x00007ffcbd2cb000 	C:\WINDOWS\SYSTEM32\kernel.appcore.dll
0x00007ffc784e0000 - 0x00007ffc784ea000 	C:\Users\perez\.jdks\ms-17.0.18\bin\jimage.dll
0x00007ffcb32c0000 - 0x00007ffcb3502000 	C:\WINDOWS\SYSTEM32\DBGHELP.DLL
0x00007ffcc1650000 - 0x00007ffcc19d2000 	C:\WINDOWS\System32\combase.dll
0x00007ffcc0210000 - 0x00007ffcc02e7000 	C:\WINDOWS\System32\OLEAUT32.dll
0x00007ffca0680000 - 0x00007ffca06bb000 	C:\WINDOWS\SYSTEM32\dbgcore.DLL
0x00007ffcbe5b0000 - 0x00007ffcbe655000 	C:\WINDOWS\System32\bcryptPrimitives.dll
0x00007ffc78400000 - 0x00007ffc7840f000 	C:\Users\perez\.jdks\ms-17.0.18\bin\instrument.dll
0x00007ffc783d0000 - 0x00007ffc783f6000 	C:\Users\perez\.jdks\ms-17.0.18\bin\java.dll
0x00007ffc46e80000 - 0x00007ffc46f56000 	C:\Users\perez\.jdks\ms-17.0.18\bin\jsvml.dll
0x00007ffcc0cc0000 - 0x00007ffcc141f000 	C:\WINDOWS\System32\SHELL32.dll
0x00007ffcbeed0000 - 0x00007ffcbf03a000 	C:\WINDOWS\System32\wintypes.dll
0x00007ffcbe660000 - 0x00007ffcbeec4000 	C:\WINDOWS\System32\windows.storage.dll
0x00007ffcc00d0000 - 0x00007ffcc01c7000 	C:\WINDOWS\System32\SHCORE.dll
0x00007ffcc0060000 - 0x00007ffcc00c7000 	C:\WINDOWS\System32\shlwapi.dll
0x00007ffcbe440000 - 0x00007ffcbe469000 	C:\WINDOWS\SYSTEM32\profapi.dll
0x00007ffc783b0000 - 0x00007ffc783c8000 	C:\Users\perez\.jdks\ms-17.0.18\bin\zip.dll
0x00007ffc78390000 - 0x00007ffc783ab000 	C:\Users\perez\.jdks\ms-17.0.18\bin\net.dll
0x00007ffcb5ad0000 - 0x00007ffcb5bf7000 	C:\WINDOWS\SYSTEM32\WINHTTP.dll
0x00007ffcbd820000 - 0x00007ffcbd88b000 	C:\WINDOWS\system32\mswsock.dll
0x00007ffc76ac0000 - 0x00007ffc76ad6000 	C:\Users\perez\.jdks\ms-17.0.18\bin\nio.dll
0x00007ffc65e60000 - 0x00007ffc65e70000 	C:\Users\perez\.jdks\ms-17.0.18\bin\verify.dll
0x00007ffc78430000 - 0x00007ffc78457000 	C:\Users\perez\AndroidStudioProjects\MyApplication\native\1def1411415f61bf3af743bc5b6707747c0891f09f0c88961ee8f79bc544acac\windows-amd64\native-platform.dll
0x00007ffc46e00000 - 0x00007ffc46e78000 	C:\Users\perez\AndroidStudioProjects\MyApplication\native\0.2.7\x86_64-windows-gnu\gradle-fileevents.dll
0x00007ffc65e50000 - 0x00007ffc65e5a000 	C:\Users\perez\.jdks\ms-17.0.18\bin\management.dll
0x00007ffc65e40000 - 0x00007ffc65e4c000 	C:\Users\perez\.jdks\ms-17.0.18\bin\management_ext.dll
0x00007ffcc02f0000 - 0x00007ffcc02f8000 	C:\WINDOWS\System32\PSAPI.DLL
0x00007ffcbcc80000 - 0x00007ffcbccb3000 	C:\WINDOWS\SYSTEM32\IPHLPAPI.DLL
0x00007ffcc0cb0000 - 0x00007ffcc0cba000 	C:\WINDOWS\System32\NSI.dll
0x00007ffcb8910000 - 0x00007ffcb892d000 	C:\WINDOWS\SYSTEM32\dhcpcsvc6.DLL
0x00007ffcb8840000 - 0x00007ffcb8863000 	C:\WINDOWS\SYSTEM32\dhcpcsvc.DLL
0x00007ffcbcce0000 - 0x00007ffcbce0a000 	C:\WINDOWS\SYSTEM32\DNSAPI.dll
0x00007ffc65bf0000 - 0x00007ffc65bf9000 	C:\Users\perez\.jdks\ms-17.0.18\bin\extnet.dll
0x00007ffcbdb00000 - 0x00007ffcbdb1b000 	C:\WINDOWS\SYSTEM32\CRYPTSP.dll
0x00007ffcbd210000 - 0x00007ffcbd249000 	C:\WINDOWS\system32\rsaenh.dll
0x00007ffcbd8d0000 - 0x00007ffcbd902000 	C:\WINDOWS\SYSTEM32\USERENV.dll
0x00007ffcbe410000 - 0x00007ffcbe43a000 	C:\WINDOWS\SYSTEM32\bcrypt.dll
0x00007ffcbdb20000 - 0x00007ffcbdb2c000 	C:\WINDOWS\SYSTEM32\CRYPTBASE.dll
0x00007ffc65be0000 - 0x00007ffc65bee000 	C:\Users\perez\.jdks\ms-17.0.18\bin\sunmscapi.dll
0x00007ffcbf040000 - 0x00007ffcbf1b7000 	C:\WINDOWS\System32\CRYPT32.dll
0x00007ffcbdd20000 - 0x00007ffcbdd50000 	C:\WINDOWS\SYSTEM32\ncrypt.dll
0x00007ffcbdcd0000 - 0x00007ffcbdd0f000 	C:\WINDOWS\SYSTEM32\NTASN1.dll
0x00007ffc94b60000 - 0x00007ffc94b68000 	C:\WINDOWS\system32\wshunix.dll
0x00007ffc96cd0000 - 0x00007ffc96ce8000 	C:\WINDOWS\system32\napinsp.dll
0x00007ffc96cb0000 - 0x00007ffc96cc2000 	C:\WINDOWS\System32\winrnr.dll
0x00007ffc96c80000 - 0x00007ffc96ca2000 	C:\WINDOWS\system32\nlansp_c.dll
0x00007ffc96c00000 - 0x00007ffc96c16000 	C:\WINDOWS\system32\wshbth.dll
0x00007ffcb4c20000 - 0x00007ffcb4c2b000 	C:\Windows\System32\rasadhlp.dll
0x00007ffcb91b0000 - 0x00007ffcb9236000 	C:\WINDOWS\System32\fwpuclnt.dll
0x00007ffc5b620000 - 0x00007ffc5b63e000 	C:\Users\perez\AppData\Local\Temp\native-platform7875369225480970785dir\native-platform.dll
0x00007ffc5b610000 - 0x00007ffc5b617000 	C:\Users\perez\.jdks\ms-17.0.18\bin\rmi.dll
0x00007ffcbd3d0000 - 0x00007ffcbd406000 	C:\WINDOWS\SYSTEM32\ntmarta.dll

dbghelp: loaded successfully - version: 4.0.5 - missing functions: none
symbol engine: initialized successfully - sym options: 0x614 - pdb path: .;C:\Users\perez\.jdks\ms-17.0.18\bin;C:\WINDOWS\SYSTEM32;C:\WINDOWS\WinSxS\amd64_microsoft.windows.common-controls_6595b64144ccf1df_6.0.26100.8037_none_3e092faae333b53b;C:\Users\perez\.jdks\ms-17.0.18\bin\server;C:\Users\perez\AndroidStudioProjects\MyApplication\native\1def1411415f61bf3af743bc5b6707747c0891f09f0c88961ee8f79bc544acac\windows-amd64;C:\Users\perez\AndroidStudioProjects\MyApplication\native\0.2.7\x86_64-windows-gnu;C:\Users\perez\AppData\Local\Temp\native-platform7875369225480970785dir;C:\Users\perez\AppData\Local\Temp

VM Arguments:
jvm_args: --add-opens=java.base/java.lang=ALL-UNNAMED --add-opens=java.base/java.lang.invoke=ALL-UNNAMED --add-opens=java.base/java.util=ALL-UNNAMED --add-opens=java.prefs/java.util.prefs=ALL-UNNAMED --add-exports=jdk.compiler/com.sun.tools.javac.api=ALL-UNNAMED --add-exports=jdk.compiler/com.sun.tools.javac.util=ALL-UNNAMED --add-opens=java.base/java.util=ALL-UNNAMED --add-opens=java.prefs/java.util.prefs=ALL-UNNAMED --add-opens=java.base/java.nio.charset=ALL-UNNAMED --add-opens=java.base/java.net=ALL-UNNAMED --add-opens=java.base/java.util.concurrent.atomic=ALL-UNNAMED --add-opens=java.xml/javax.xml.namespace=ALL-UNNAMED -Xmx2048m -Dfile.encoding=UTF-8 -Duser.country=CO -Duser.language=es -Duser.variant -javaagent:C:\Users\perez\AndroidStudioProjects\MyApplication\wrapper\dists\gradle-8.13-bin\5xuhj0ry160q40clulazy9h7d\gradle-8.13\lib\agents\gradle-instrumentation-agent-8.13.jar 
java_command: org.gradle.launcher.daemon.bootstrap.GradleDaemon 8.13
java_class_path (initial): C:\Users\perez\AndroidStudioProjects\MyApplication\wrapper\dists\gradle-8.13-bin\5xuhj0ry160q40clulazy9h7d\gradle-8.13\lib\gradle-daemon-main-8.13.jar
Launcher Type: SUN_STANDARD

[Global flags]
     intx CICompilerCount                          = 4                                         {product} {ergonomic}
     uint ConcGCThreads                            = 2                                         {product} {ergonomic}
     uint G1ConcRefinementThreads                  = 8                                         {product} {ergonomic}
   size_t G1HeapRegionSize                         = 1048576                                   {product} {ergonomic}
    uintx GCDrainStackTargetSize                   = 64                                        {product} {ergonomic}
   size_t InitialHeapSize                          = 123731968                                 {product} {ergonomic}
   size_t MarkStackSize                            = 4194304                                   {product} {ergonomic}
   size_t MaxHeapSize                              = 2147483648                                {product} {command line}
   size_t MaxNewSize                               = 1287651328                                {product} {ergonomic}
   size_t MinHeapDeltaBytes                        = 1048576                                   {product} {ergonomic}
   size_t MinHeapSize                              = 8388608                                   {product} {ergonomic}
    uintx NonNMethodCodeHeapSize                   = 5839372                                {pd product} {ergonomic}
    uintx NonProfiledCodeHeapSize                  = 122909434                              {pd product} {ergonomic}
    uintx ProfiledCodeHeapSize                     = 122909434                              {pd product} {ergonomic}
    uintx ReservedCodeCacheSize                    = 251658240                              {pd product} {ergonomic}
     bool SegmentedCodeCache                       = true                                      {product} {ergonomic}
   size_t SoftMaxHeapSize                          = 2147483648                             {manageable} {ergonomic}
     bool UseCompressedClassPointers               = true                           {product lp64_product} {ergonomic}
     bool UseCompressedOops                        = true                           {product lp64_product} {ergonomic}
     bool UseG1GC                                  = true                                      {product} {ergonomic}
     bool UseLargePagesIndividualAllocation        = false                                  {pd product} {ergonomic}

Logging:
Log output configuration:
 #0: stdout all=warning uptime,level,tags
 #1: stderr all=off uptime,level,tags

Environment Variables:
PATH=C:\Program Files\dotnet\;C:\ORECLE\dbhomeXE\bin;C:\app\perez\product\21c\dbhomeXE\bin;C:\Program Files\Common Files\Oracle\Java\javapath;C:\Program Files (x86)\Common Files\Oracle\Java\javapath;C:\WINDOWS\system32;C:\WINDOWS;C:\WINDOWS\System32\Wbem;C:\WINDOWS\System32\WindowsPowerShell\v1.0\;C:\WINDOWS\System32\OpenSSH\;C:\Program Files\HP\HP One Agent;C:\Program Files (x86)\Microsoft SQL Server\160\Tools\Binn\;C:\Program Files\Microsoft SQL Server\160\Tools\Binn\;C:\Program Files\Microsoft SQL Server\Client SDK\ODBC\170\Tools\Binn\;C:\Program Files\Microsoft SQL Server\160\DTS\Binn\;C:\Program Files (x86)\Microsoft SQL Server\160\DTS\Binn\;C:\Program Files\Microsoft SQL Server\150\Tools\Binn\;C:\xampp\php;C:\ProgramData\ComposerSetup\bin;C:\flutter\bin;C:\Users\perez\AppData\Local\Android\Sdk\platform-tools;C:\Program Files\Git\cmd;C:\Program Files\nodejs\;C:\WINDOWS\system32;C:\WINDOWS;C:\WINDOWS\System32\Wbem;C:\WINDOWS\System32\WindowsPowerShell\v1.0\;C:\WINDOWS\System32\OpenSSH\;C:\Program Files\ngrok;C:\Program Files\cursor\resources\app\bin;C:\Users\perez\.config\herd\bin\nvm;C:\Program Files\nodejs;C:\Users\perez\.config\herd\bin;C:\Users\perez\AppData\Local\Programs\Python\Python313\Scripts\;C:\Users\perez\AppData\Local\Programs\Python\Python313\;C:\Users\perez\AppData\Local\Programs\oh-my-posh\bin\;C:\Program Files\MySQL\MySQL Shell 8.0\bin\;C:\xampp\php\php.exe;C:\Users\perez\AppData\Local\Programs\Microsoft VS Code\bin;C:\Users\perez\AppData\Roaming\Composer\vendor\bin;C:\Users\perez\AppData\Local\GitHubDesktop\bin;C:\Users\perez\.dotnet\tools;C:\Users\perez\.deno\bin;C:\Users\perez\AppData\Roaming\npm;C:\Users\perez\AppData\Local\Microsoft\WindowsApps;C:\ngrok;C:\Users\perez\AppData\Local\Programs\Antigravity\bin;C:\Users\perez\AppData\Local\Programs\Ollama
USERNAME=perez
OS=Windows_NT
PROCESSOR_IDENTIFIER=AMD64 Family 23 Model 104 Stepping 1, AuthenticAMD
TMP=C:\Users\perez\AppData\Local\Temp
TEMP=C:\Users\perez\AppData\Local\Temp



Periodic native trim disabled


---------------  S Y S T E M  ---------------

OS:
 Windows 11 , 64 bit Build 26100 (10.0.26100.7920)
OS uptime: 0 days 3:38 hours
Hyper-V role detected

CPU: total 8 (initial active 8) (8 cores per cpu, 2 threads per core) family 23 model 104 stepping 1 microcode 0x8608107, cx8, cmov, fxsr, ht, mmx, 3dnowpref, sse, sse2, sse3, ssse3, sse4a, sse4.1, sse4.2, popcnt, lzcnt, tsc, tscinvbit, avx, avx2, aes, clmul, bmi1, bmi2, adx, sha, fma, vzeroupper, clflush, clflushopt, hv
Processor Information for the first 8 processors :
  Max Mhz: 2600, Current Mhz: 2600, Mhz Limit: 2600

Memory: 4k page, system-wide physical 7502M (1300M free)
TotalPageFile size 30030M (AvailPageFile size 29M)
current process WorkingSet (physical memory assigned to process): 939M, peak: 1176M
current process commit charge ("private bytes"): 1447M, peak: 1905M

vm_info: OpenJDK 64-Bit Server VM (17.0.18+8-LTS) for windows-amd64 JRE (17.0.18+8-LTS), built on Jan 15 2026 18:50:45 by "MicrosoftCorporation" with MS VC++ 17.14 (VS2022)

END.
