#
# There is insufficient memory for the Java Runtime Environment to continue.
# Native memory allocation (mmap) failed to map 65536 bytes. Error detail: Failed to commit metaspace.
# Possible reasons:
#   The system is out of physical RAM or swap space
#   This process is running with CompressedOops enabled, and the Java Heap may be blocking the growth of the native heap
# Possible solutions:
#   Reduce memory load on the system
#   Increase physical memory or swap space
#   Check if swap backing store is full
#   Decrease Java heap size (-Xmx/-Xms)
#   Decrease number of Java threads
#   Decrease Java thread stack sizes (-Xss)
#   Set larger code cache with -XX:ReservedCodeCacheSize=
#   JVM is running with Unscaled Compressed Oops mode in which the Java heap is
#     placed in the first 4GB address space. The Java Heap base address is the
#     maximum limit for the native heap growth. Please use -XX:HeapBaseMinAddress
#     to set the Java Heap base and to place the Java Heap above 4GB virtual address.
# This output file may be truncated or incomplete.
#
#  Out of Memory Error (virtualSpaceNode.cpp:110), pid=4052, tid=13972
#
# JRE version: OpenJDK Runtime Environment Microsoft-13106358 (17.0.18+8) (build 17.0.18+8-LTS)
# Java VM: OpenJDK 64-Bit Server VM Microsoft-13106358 (17.0.18+8-LTS, mixed mode, sharing, tiered, compressed oops, compressed class ptrs, g1 gc, windows-amd64)
# No core dump will be written. Minidumps are not enabled by default on client versions of Windows
#

---------------  S U M M A R Y ------------

Command Line: --add-opens=java.base/java.lang=ALL-UNNAMED --add-opens=java.base/java.lang.invoke=ALL-UNNAMED --add-opens=java.base/java.util=ALL-UNNAMED --add-opens=java.prefs/java.util.prefs=ALL-UNNAMED --add-exports=jdk.compiler/com.sun.tools.javac.api=ALL-UNNAMED --add-exports=jdk.compiler/com.sun.tools.javac.util=ALL-UNNAMED --add-opens=java.base/java.util=ALL-UNNAMED --add-opens=java.prefs/java.util.prefs=ALL-UNNAMED --add-opens=java.base/java.nio.charset=ALL-UNNAMED --add-opens=java.base/java.net=ALL-UNNAMED --add-opens=java.base/java.util.concurrent.atomic=ALL-UNNAMED --add-opens=java.xml/javax.xml.namespace=ALL-UNNAMED -Xmx2048m -Dfile.encoding=UTF-8 -Duser.country=CO -Duser.language=es -Duser.variant -javaagent:C:\Users\perez\AndroidStudioProjects\MyApplication\wrapper\dists\gradle-8.13-bin\5xuhj0ry160q40clulazy9h7d\gradle-8.13\lib\agents\gradle-instrumentation-agent-8.13.jar org.gradle.launcher.daemon.bootstrap.GradleDaemon 8.13

Host: AMD Ryzen 3 5300U with Radeon Graphics         , 8 cores, 7G,  Windows 11 , 64 bit Build 26100 (10.0.26100.7920)
Time: Fri Mar 20 17:00:49 2026 Hora est. Pacífico, Sudamérica elapsed time: 29.068552 seconds (0d 0h 0m 29s)

---------------  T H R E A D  ---------------

Current thread (0x000001df5bc5edc0):  JavaThread "Daemon worker" [_thread_in_vm, id=13972, stack(0x00000081d6100000,0x00000081d6200000)]

Stack: [0x00000081d6100000,0x00000081d6200000]
Native frames: (J=compiled Java code, j=interpreted, Vv=VM code, C=native code)
V  [jvm.dll+0x68c879]  (no source info available)
V  [jvm.dll+0x845979]  (no source info available)
V  [jvm.dll+0x8476e8]  (no source info available)
V  [jvm.dll+0x847d73]  (no source info available)
V  [jvm.dll+0x24cf6f]  (no source info available)
V  [jvm.dll+0x841757]  (no source info available)
V  [jvm.dll+0x6330db]  (no source info available)
V  [jvm.dll+0x1c4c0d]  (no source info available)
V  [jvm.dll+0x635a62]  (no source info available)
V  [jvm.dll+0x633a96]  (no source info available)
V  [jvm.dll+0x3798af]  (no source info available)
V  [jvm.dll+0x1e6f2b]  (no source info available)
V  [jvm.dll+0x551f63]  (no source info available)
V  [jvm.dll+0x7bfecb]  (no source info available)
V  [jvm.dll+0x7bffc4]  (no source info available)
V  [jvm.dll+0x41db14]  (no source info available)
V  [jvm.dll+0x424649]  (no source info available)
C  [java.dll+0x1818]  (no source info available)

Java frames: (J=compiled Java code, j=interpreted, Vv=VM code)
J 797  java.lang.ClassLoader.defineClass1(Ljava/lang/ClassLoader;Ljava/lang/String;[BIILjava/security/ProtectionDomain;Ljava/lang/String;)Ljava/lang/Class; java.base@17.0.18 (0 bytes) @ 0x000001df07b28b03 [0x000001df07b28a40+0x00000000000000c3]
J 4055 c2 java.lang.ClassLoader.defineClass(Ljava/lang/String;[BIILjava/security/ProtectionDomain;)Ljava/lang/Class; java.base@17.0.18 (43 bytes) @ 0x000001df07d2fe58 [0x000001df07d2f960+0x00000000000004f8]
J 5024 c2 java.net.URLClassLoader.defineClass(Ljava/lang/String;Ljdk/internal/loader/Resource;)Ljava/lang/Class; java.base@17.0.18 (224 bytes) @ 0x000001df07bfb1d4 [0x000001df07bfa660+0x0000000000000b74]
J 4345 c2 java.net.URLClassLoader$1.run()Ljava/lang/Object; java.base@17.0.18 (5 bytes) @ 0x000001df07d8f900 [0x000001df07d8d7a0+0x0000000000002160]
J 4114 c2 java.net.URLClassLoader.findClass(Ljava/lang/String;)Ljava/lang/Class; java.base@17.0.18 (47 bytes) @ 0x000001df07d4189c [0x000001df07d417e0+0x00000000000000bc]
j  org.gradle.internal.classloader.VisitableURLClassLoader$InstrumentingVisitableURLClassLoader.findClass(Ljava/lang/String;)Ljava/lang/Class;+10
J 4432 c2 java.lang.ClassLoader.loadClass(Ljava/lang/String;Z)Ljava/lang/Class; java.base@17.0.18 (121 bytes) @ 0x000001df07da0afc [0x000001df07da0260+0x000000000000089c]
J 3038 c2 java.lang.ClassLoader.loadClass(Ljava/lang/String;)Ljava/lang/Class; java.base@17.0.18 (7 bytes) @ 0x000001df07c815e0 [0x000001df07c815a0+0x0000000000000040]
v  ~StubRoutines::call_stub
J 2313  java.lang.Class.getDeclaredMethods0(Z)[Ljava/lang/reflect/Method; java.base@17.0.18 (0 bytes) @ 0x000001df07bf5603 [0x000001df07bf55c0+0x0000000000000043]
J 2197 c1 java.lang.Class.privateGetDeclaredMethods(Z)[Ljava/lang/reflect/Method; java.base@17.0.18 (64 bytes) @ 0x000001df0044463c [0x000001df004444c0+0x000000000000017c]
J 3240 c1 java.lang.Class.getDeclaredMethods()[Ljava/lang/reflect/Method; java.base@17.0.18 (27 bytes) @ 0x000001df0068403c [0x000001df00683e80+0x00000000000001bc]
J 4089 c1 org.gradle.internal.reflect.ClassInspector.inspectClass(Ljava/lang/Class;Lorg/gradle/internal/reflect/MutableClassDetails;)V (179 bytes) @ 0x000001df0082f54c [0x000001df0082f4e0+0x000000000000006c]
j  org.gradle.internal.reflect.ClassInspector.visitGraph(Ljava/lang/Class;Lorg/gradle/internal/reflect/MutableClassDetails;)V+81
J 5366 c1 org.gradle.internal.instantiation.generator.AbstractClassGenerator.inspectType(Ljava/lang/Class;Ljava/util/List;Ljava/util/List;Lorg/gradle/internal/instantiation/generator/AbstractClassGenerator$UnclaimedPropertyHandler;)V (602 bytes) @ 0x000001df0085c1e4 [0x000001df0085c080+0x0000000000000164]
j  org.gradle.internal.instantiation.generator.AbstractClassGenerator.generateUnderLock(Ljava/lang/Class;)Lorg/gradle/internal/instantiation/generator/AbstractClassGenerator$GeneratedClassImpl;+363
j  org.gradle.internal.instantiation.generator.AbstractClassGenerator$$Lambda$126+0x000001df17196080.apply(Ljava/lang/Object;)Ljava/lang/Object;+8
J 5125 c1 org.gradle.cache.internal.DefaultCrossBuildInMemoryCacheFactory$AbstractCrossBuildInMemoryCache.get(Ljava/lang/Object;Ljava/util/function/Function;)Ljava/lang/Object; (65 bytes) @ 0x000001df00122d74 [0x000001df00122b80+0x00000000000001f4]
J 5364 c1 org.gradle.internal.instantiation.generator.AsmBackedClassGenerator.generate(Ljava/lang/Class;)Lorg/gradle/internal/instantiation/generator/ClassGenerator$GeneratedClass; (6 bytes) @ 0x000001df00617ef4 [0x000001df00617c80+0x0000000000000274]
j  org.gradle.internal.instantiation.generator.Jsr330ConstructorSelector.lambda$forType$0(Ljava/lang/Class;)Lorg/gradle/internal/instantiation/generator/Jsr330ConstructorSelector$CachedConstructor;+9
j  org.gradle.internal.instantiation.generator.Jsr330ConstructorSelector$$Lambda$131+0x000001df171ae4a8.get()Ljava/lang/Object;+8
J 7452 c1 org.gradle.cache.Cache$$Lambda$88+0x000001df17140698.apply(Ljava/lang/Object;)Ljava/lang/Object; (9 bytes) @ 0x000001df00c3377c [0x000001df00c33640+0x000000000000013c]
J 5125 c1 org.gradle.cache.internal.DefaultCrossBuildInMemoryCacheFactory$AbstractCrossBuildInMemoryCache.get(Ljava/lang/Object;Ljava/util/function/Function;)Ljava/lang/Object; (65 bytes) @ 0x000001df00122d74 [0x000001df00122b80+0x00000000000001f4]
J 6914 c1 org.gradle.cache.Cache.get(Ljava/lang/Object;Ljava/util/function/Supplier;)Ljava/lang/Object; (14 bytes) @ 0x000001df00b37c24 [0x000001df00b376a0+0x0000000000000584]
j  org.gradle.internal.instantiation.generator.Jsr330ConstructorSelector.forType(Ljava/lang/Class;)Lorg/gradle/internal/instantiation/generator/ClassGenerator$GeneratedConstructor;+12
j  org.gradle.internal.instantiation.generator.Jsr330ConstructorSelector.forParams(Ljava/lang/Class;[Ljava/lang/Object;)Lorg/gradle/internal/instantiation/generator/ClassGenerator$GeneratedConstructor;+2
J 5116 c1 org.gradle.internal.instantiation.generator.DependencyInjectingInstantiator.doCreate(Ljava/lang/Class;Lorg/gradle/api/Describable;[Ljava/lang/Object;)Ljava/lang/Object; (64 bytes) @ 0x000001df00000344 [0x000001df00000220+0x0000000000000124]
J 5117 c1 org.gradle.internal.instantiation.generator.DependencyInjectingInstantiator.newInstance(Ljava/lang/Class;[Ljava/lang/Object;)Ljava/lang/Object; (8 bytes) @ 0x000001df006069c4 [0x000001df00606940+0x0000000000000084]
j  org.gradle.api.internal.plugins.PluginInstantiator.newInstance(Ljava/lang/Class;[Ljava/lang/Object;)Ljava/lang/Object;+28
j  org.gradle.api.internal.plugins.DefaultPluginManager.instantiatePlugin(Ljava/lang/Class;)Ljava/lang/Object;+9
j  org.gradle.api.internal.plugins.DefaultPluginManager.producePluginInstance(Ljava/lang/Class;)Lorg/gradle/api/Plugin;+16
j  org.gradle.api.internal.plugins.DefaultPluginManager.addPlugin(Ljava/lang/Runnable;Lorg/gradle/api/internal/plugins/PluginImplementation;Ljava/lang/String;Ljava/lang/Class;)V+16
j  org.gradle.api.internal.plugins.DefaultPluginManager.access$100(Lorg/gradle/api/internal/plugins/DefaultPluginManager;Ljava/lang/Runnable;Lorg/gradle/api/internal/plugins/PluginImplementation;Ljava/lang/String;Ljava/lang/Class;)V+6
j  org.gradle.api.internal.plugins.DefaultPluginManager$AddPluginBuildOperation.run(Lorg/gradle/internal/operations/BuildOperationContext;)V+20
j  org.gradle.internal.operations.DefaultBuildOperationRunner$1.execute(Lorg/gradle/internal/operations/RunnableBuildOperation;Lorg/gradle/internal/operations/BuildOperationContext;)V+2
j  org.gradle.internal.operations.DefaultBuildOperationRunner$1.execute(Lorg/gradle/internal/operations/BuildOperation;Lorg/gradle/internal/operations/BuildOperationContext;)V+6
J 6929 c1 org.gradle.internal.operations.DefaultBuildOperationRunner$2.execute(Lorg/gradle/internal/operations/BuildOperationDescriptor;Lorg/gradle/internal/operations/BuildOperationState;Lorg/gradle/internal/operations/BuildOperationState;Lorg/gradle/internal/operations/DefaultBuildOperationRunner$ReadableBuildOperationContext;Lorg/gradle/internal/operations/DefaultBuildOperationRunner$BuildOperationExecutionListener;)Lorg/gradle/internal/operations/BuildOperation; (110 bytes) @ 0x000001df00b3fcb4 [0x000001df00b3fac0+0x00000000000001f4]
J 7097 c1 org.gradle.internal.operations.DefaultBuildOperationRunner$2.execute(Lorg/gradle/internal/operations/BuildOperationDescriptor;Lorg/gradle/internal/operations/BuildOperationState;Lorg/gradle/internal/operations/BuildOperationState;Lorg/gradle/internal/operations/DefaultBuildOperationRunner$ReadableBuildOperationContext;Lorg/gradle/internal/operations/DefaultBuildOperationRunner$BuildOperationExecutionListener;)Ljava/lang/Object; (12 bytes) @ 0x000001df00b92634 [0x000001df00b925c0+0x0000000000000074]
J 6937 c1 org.gradle.internal.operations.DefaultBuildOperationRunner.execute(Lorg/gradle/internal/operations/BuildOperationDescriptor$Builder;Lorg/gradle/internal/operations/BuildOperationState;Lorg/gradle/internal/operations/DefaultBuildOperationRunner$BuildOperationExecution;)Ljava/lang/Object; (147 bytes) @ 0x000001df00b452d4 [0x000001df00b447e0+0x0000000000000af4]
J 6725 c1 org.gradle.internal.operations.DefaultBuildOperationRunner.execute(Lorg/gradle/internal/operations/BuildOperation;Lorg/gradle/internal/operations/BuildOperationWorker;Lorg/gradle/internal/operations/BuildOperationState;)V (23 bytes) @ 0x000001df00ad0004 [0x000001df00acfd60+0x00000000000002a4]
j  org.gradle.internal.operations.DefaultBuildOperationRunner.run(Lorg/gradle/internal/operations/RunnableBuildOperation;)V+9
j  org.gradle.api.internal.plugins.DefaultPluginManager.lambda$doApply$0(Ljava/lang/Runnable;Lorg/gradle/api/internal/plugins/PluginImplementation;Ljava/lang/String;Ljava/lang/Class;Lorg/gradle/internal/code/UserCodeApplicationId;)V+20
j  org.gradle.api.internal.plugins.DefaultPluginManager$$Lambda$879+0x000001df176e88f0.execute(Ljava/lang/Object;)V+24
j  org.gradle.internal.code.DefaultUserCodeApplicationContext.apply(Lorg/gradle/internal/code/UserCodeSource;Lorg/gradle/api/Action;)V+37
j  org.gradle.api.internal.plugins.DefaultPluginManager.doApply(Lorg/gradle/api/internal/plugins/PluginImplementation;)V+144
j  org.gradle.api.internal.plugins.DefaultPluginManager.apply(Ljava/lang/String;)V+52
j  org.gradle.api.internal.plugins.DefaultObjectConfigurationAction.applyType(Ljava/lang/String;)V+43
j  org.gradle.api.internal.plugins.DefaultObjectConfigurationAction.access$200(Lorg/gradle/api/internal/plugins/DefaultObjectConfigurationAction;Ljava/lang/String;)V+2
j  org.gradle.api.internal.plugins.DefaultObjectConfigurationAction$3.run()V+8
j  org.gradle.api.internal.plugins.DefaultObjectConfigurationAction.execute()V+58
j  org.gradle.api.internal.project.AbstractPluginAware.apply(Ljava/util/Map;)V+12
j  org.gradle.api.internal.project.DefaultProject.apply(Ljava/util/Map;)V+6
j  com.android.build.gradle.AppPlugin.apply(Lorg/gradle/api/Project;)V+15
j  com.android.build.gradle.AppPlugin.apply(Ljava/lang/Object;)V+5
j  org.gradle.api.internal.plugins.ImperativeOnlyPluginTarget.applyImperative(Ljava/lang/String;Lorg/gradle/api/Plugin;)V+13
j  org.gradle.api.internal.plugins.RuleBasedPluginTarget.applyImperative(Ljava/lang/String;Lorg/gradle/api/Plugin;)V+6
j  org.gradle.api.internal.plugins.DefaultPluginManager.addPlugin(Ljava/lang/Runnable;Lorg/gradle/api/internal/plugins/PluginImplementation;Ljava/lang/String;Ljava/lang/Class;)V+54
j  org.gradle.api.internal.plugins.DefaultPluginManager.access$100(Lorg/gradle/api/internal/plugins/DefaultPluginManager;Ljava/lang/Runnable;Lorg/gradle/api/internal/plugins/PluginImplementation;Ljava/lang/String;Ljava/lang/Class;)V+6
j  org.gradle.api.internal.plugins.DefaultPluginManager$AddPluginBuildOperation.run(Lorg/gradle/internal/operations/BuildOperationContext;)V+20
j  org.gradle.internal.operations.DefaultBuildOperationRunner$1.execute(Lorg/gradle/internal/operations/RunnableBuildOperation;Lorg/gradle/internal/operations/BuildOperationContext;)V+2
j  org.gradle.internal.operations.DefaultBuildOperationRunner$1.execute(Lorg/gradle/internal/operations/BuildOperation;Lorg/gradle/internal/operations/BuildOperationContext;)V+6
J 6929 c1 org.gradle.internal.operations.DefaultBuildOperationRunner$2.execute(Lorg/gradle/internal/operations/BuildOperationDescriptor;Lorg/gradle/internal/operations/BuildOperationState;Lorg/gradle/internal/operations/BuildOperationState;Lorg/gradle/internal/operations/DefaultBuildOperationRunner$ReadableBuildOperationContext;Lorg/gradle/internal/operations/DefaultBuildOperationRunner$BuildOperationExecutionListener;)Lorg/gradle/internal/operations/BuildOperation; (110 bytes) @ 0x000001df00b3fcb4 [0x000001df00b3fac0+0x00000000000001f4]
J 7097 c1 org.gradle.internal.operations.DefaultBuildOperationRunner$2.execute(Lorg/gradle/internal/operations/BuildOperationDescriptor;Lorg/gradle/internal/operations/BuildOperationState;Lorg/gradle/internal/operations/BuildOperationState;Lorg/gradle/internal/operations/DefaultBuildOperationRunner$ReadableBuildOperationContext;Lorg/gradle/internal/operations/DefaultBuildOperationRunner$BuildOperationExecutionListener;)Ljava/lang/Object; (12 bytes) @ 0x000001df00b92634 [0x000001df00b925c0+0x0000000000000074]
J 6937 c1 org.gradle.internal.operations.DefaultBuildOperationRunner.execute(Lorg/gradle/internal/operations/BuildOperationDescriptor$Builder;Lorg/gradle/internal/operations/BuildOperationState;Lorg/gradle/internal/operations/DefaultBuildOperationRunner$BuildOperationExecution;)Ljava/lang/Object; (147 bytes) @ 0x000001df00b452d4 [0x000001df00b447e0+0x0000000000000af4]
J 6725 c1 org.gradle.internal.operations.DefaultBuildOperationRunner.execute(Lorg/gradle/internal/operations/BuildOperation;Lorg/gradle/internal/operations/BuildOperationWorker;Lorg/gradle/internal/operations/BuildOperationState;)V (23 bytes) @ 0x000001df00ad0004 [0x000001df00acfd60+0x00000000000002a4]
j  org.gradle.internal.operations.DefaultBuildOperationRunner.run(Lorg/gradle/internal/operations/RunnableBuildOperation;)V+9
j  org.gradle.api.internal.plugins.DefaultPluginManager.lambda$doApply$0(Ljava/lang/Runnable;Lorg/gradle/api/internal/plugins/PluginImplementation;Ljava/lang/String;Ljava/lang/Class;Lorg/gradle/internal/code/UserCodeApplicationId;)V+20
j  org.gradle.api.internal.plugins.DefaultPluginManager$$Lambda$879+0x000001df176e88f0.execute(Ljava/lang/Object;)V+24
j  org.gradle.internal.code.DefaultUserCodeApplicationContext.apply(Lorg/gradle/internal/code/UserCodeSource;Lorg/gradle/api/Action;)V+37
j  org.gradle.api.internal.plugins.DefaultPluginManager.doApply(Lorg/gradle/api/internal/plugins/PluginImplementation;)V+144
j  org.gradle.api.internal.plugins.DefaultPluginManager.apply(Lorg/gradle/api/internal/plugins/PluginImplementation;)V+2
j  org.gradle.plugin.use.resolve.internal.ClassPathPluginResolution.applyTo(Lorg/gradle/api/internal/plugins/PluginManagerInternal;)V+5
j  org.gradle.plugin.use.internal.DefaultPluginRequestApplicator$ApplyAction.apply(Lorg/gradle/api/internal/plugins/PluginManagerInternal;)V+21
j  org.gradle.plugin.use.internal.DefaultPluginRequestApplicator.lambda$applyPlugins$1(Lorg/gradle/api/internal/plugins/PluginManagerInternal;Lorg/gradle/plugin/use/internal/DefaultPluginRequestApplicator$ApplyAction;)V+2
j  org.gradle.plugin.use.internal.DefaultPluginRequestApplicator$$Lambda$1106+0x000001df17782000.accept(Ljava/lang/Object;)V+8
j  java.util.ArrayList.forEach(Ljava/util/function/Consumer;)V+46 java.base@17.0.18
j  org.gradle.plugin.use.internal.DefaultPluginRequestApplicator.applyPlugins(Lorg/gradle/plugin/management/internal/PluginRequests;Lorg/gradle/api/internal/initialization/ScriptHandlerInternal;Lorg/gradle/api/internal/plugins/PluginManagerInternal;Lorg/gradle/api/internal/initialization/ClassLoaderScope;)V+375
j  org.gradle.kotlin.dsl.provider.PluginRequestsHandler.handle(Lorg/gradle/plugin/management/internal/PluginRequests;Lorg/gradle/api/internal/initialization/ScriptHandlerInternal;Lorg/gradle/api/internal/plugins/PluginAwareInternal;Lorg/gradle/api/internal/initialization/ClassLoaderScope;)V+65
j  org.gradle.kotlin.dsl.provider.StandardKotlinScriptEvaluator$InterpreterHost.applyPluginsTo(Lorg/gradle/kotlin/dsl/support/KotlinScriptHost;Lorg/gradle/plugin/management/internal/PluginRequests;)V+53
j  org.gradle.kotlin.dsl.execution.Interpreter$ProgramHost.applyPluginsTo(Lorg/gradle/kotlin/dsl/support/KotlinScriptHost;Lorg/gradle/plugin/management/internal/PluginRequests;)V+21
j  Program.execute(Lorg/gradle/kotlin/dsl/execution/ExecutableProgram$Host;Lorg/gradle/kotlin/dsl/support/KotlinScriptHost;)V+77
j  org.gradle.kotlin.dsl.execution.Interpreter$ProgramHost.eval(Lorg/gradle/kotlin/dsl/execution/CompiledScript;Lorg/gradle/kotlin/dsl/support/KotlinScriptHost;)V+88
j  org.gradle.kotlin.dsl.execution.Interpreter.eval(Ljava/lang/Object;Lorg/gradle/groovy/scripts/ScriptSource;Lorg/gradle/internal/hash/HashCode;Lorg/gradle/api/initialization/dsl/ScriptHandler;Lorg/gradle/api/internal/initialization/ClassLoaderScope;Lorg/gradle/api/internal/initialization/ClassLoaderScope;ZLjava/util/EnumSet;)V+213
j  org.gradle.kotlin.dsl.provider.StandardKotlinScriptEvaluator.evaluate(Ljava/lang/Object;Lorg/gradle/groovy/scripts/ScriptSource;Lorg/gradle/api/initialization/dsl/ScriptHandler;Lorg/gradle/api/internal/initialization/ClassLoaderScope;Lorg/gradle/api/internal/initialization/ClassLoaderScope;ZLjava/util/EnumSet;)V+163
j  org.gradle.kotlin.dsl.provider.KotlinScriptPluginFactory$create$1.invoke(Ljava/lang/Object;)V+72
j  org.gradle.kotlin.dsl.provider.KotlinScriptPluginFactory$create$1.invoke(Ljava/lang/Object;)Ljava/lang/Object;+2
j  org.gradle.kotlin.dsl.provider.KotlinScriptPlugin.apply(Ljava/lang/Object;)V+22
j  org.gradle.configuration.BuildOperationScriptPlugin$1.run(Lorg/gradle/internal/operations/BuildOperationContext;)V+11
j  org.gradle.internal.operations.DefaultBuildOperationRunner$1.execute(Lorg/gradle/internal/operations/RunnableBuildOperation;Lorg/gradle/internal/operations/BuildOperationContext;)V+2
j  org.gradle.internal.operations.DefaultBuildOperationRunner$1.execute(Lorg/gradle/internal/operations/BuildOperation;Lorg/gradle/internal/operations/BuildOperationContext;)V+6
J 6929 c1 org.gradle.internal.operations.DefaultBuildOperationRunner$2.execute(Lorg/gradle/internal/operations/BuildOperationDescriptor;Lorg/gradle/internal/operations/BuildOperationState;Lorg/gradle/internal/operations/BuildOperationState;Lorg/gradle/internal/operations/DefaultBuildOperationRunner$ReadableBuildOperationContext;Lorg/gradle/internal/operations/DefaultBuildOperationRunner$BuildOperationExecutionListener;)Lorg/gradle/internal/operations/BuildOperation; (110 bytes) @ 0x000001df00b3fcb4 [0x000001df00b3fac0+0x00000000000001f4]
J 7097 c1 org.gradle.internal.operations.DefaultBuildOperationRunner$2.execute(Lorg/gradle/internal/operations/BuildOperationDescriptor;Lorg/gradle/internal/operations/BuildOperationState;Lorg/gradle/internal/operations/BuildOperationState;Lorg/gradle/internal/operations/DefaultBuildOperationRunner$ReadableBuildOperationContext;Lorg/gradle/internal/operations/DefaultBuildOperationRunner$BuildOperationExecutionListener;)Ljava/lang/Object; (12 bytes) @ 0x000001df00b92634 [0x000001df00b925c0+0x0000000000000074]
J 6937 c1 org.gradle.internal.operations.DefaultBuildOperationRunner.execute(Lorg/gradle/internal/operations/BuildOperationDescriptor$Builder;Lorg/gradle/internal/operations/BuildOperationState;Lorg/gradle/internal/operations/DefaultBuildOperationRunner$BuildOperationExecution;)Ljava/lang/Object; (147 bytes) @ 0x000001df00b452d4 [0x000001df00b447e0+0x0000000000000af4]
J 6725 c1 org.gradle.internal.operations.DefaultBuildOperationRunner.execute(Lorg/gradle/internal/operations/BuildOperation;Lorg/gradle/internal/operations/BuildOperationWorker;Lorg/gradle/internal/operations/BuildOperationState;)V (23 bytes) @ 0x000001df00ad0004 [0x000001df00acfd60+0x00000000000002a4]
j  org.gradle.internal.operations.DefaultBuildOperationRunner.run(Lorg/gradle/internal/operations/RunnableBuildOperation;)V+9
j  org.gradle.configuration.BuildOperationScriptPlugin.lambda$apply$0(Ljava/lang/Object;Lorg/gradle/internal/code/UserCodeApplicationId;)V+14
j  org.gradle.configuration.BuildOperationScriptPlugin$$Lambda$461+0x000001df17493860.execute(Ljava/lang/Object;)V+12
j  org.gradle.internal.code.DefaultUserCodeApplicationContext.apply(Lorg/gradle/internal/code/UserCodeSource;Lorg/gradle/api/Action;)V+37
j  org.gradle.configuration.BuildOperationScriptPlugin.apply(Ljava/lang/Object;)V+71
j  org.gradle.configuration.project.BuildScriptProcessor$$Lambda$913+0x000001df17713dd0.accept(Ljava/lang/Object;)V+8
j  org.gradle.api.internal.project.DefaultProjectStateRegistry$ProjectStateImpl.lambda$applyToMutableState$1(Ljava/util/function/Consumer;Lorg/gradle/api/internal/project/ProjectInternal;)Ljava/lang/Object;+2
j  org.gradle.api.internal.project.DefaultProjectStateRegistry$ProjectStateImpl$$Lambda$872+0x000001df176cadd8.apply(Ljava/lang/Object;)Ljava/lang/Object;+8
j  org.gradle.api.internal.project.DefaultProjectStateRegistry$ProjectStateImpl.fromMutableState(Ljava/util/function/Function;)Ljava/lang/Object;+97
j  org.gradle.api.internal.project.DefaultProjectStateRegistry$ProjectStateImpl.applyToMutableState(Ljava/util/function/Consumer;)V+7
j  org.gradle.configuration.project.BuildScriptProcessor.execute(Lorg/gradle/api/internal/project/ProjectInternal;)V+88
j  org.gradle.configuration.project.BuildScriptProcessor.execute(Ljava/lang/Object;)V+5
j  org.gradle.configuration.project.ConfigureActionsProjectEvaluator.evaluate(Lorg/gradle/api/internal/project/ProjectInternal;Lorg/gradle/api/internal/project/ProjectStateInternal;)V+33
j  org.gradle.configuration.project.LifecycleProjectEvaluator$EvaluateProject.lambda$run$0(Lorg/gradle/internal/operations/BuildOperationContext;Lorg/gradle/api/internal/project/ProjectInternal;)V+67
j  org.gradle.configuration.project.LifecycleProjectEvaluator$EvaluateProject$$Lambda$871+0x000001df176caba8.accept(Ljava/lang/Object;)V+12
j  org.gradle.api.internal.project.DefaultProjectStateRegistry$ProjectStateImpl.lambda$applyToMutableState$1(Ljava/util/function/Consumer;Lorg/gradle/api/internal/project/ProjectInternal;)Ljava/lang/Object;+2
j  org.gradle.api.internal.project.DefaultProjectStateRegistry$ProjectStateImpl$$Lambda$872+0x000001df176cadd8.apply(Ljava/lang/Object;)Ljava/lang/Object;+8
j  org.gradle.api.internal.project.DefaultProjectStateRegistry$ProjectStateImpl.lambda$fromMutableState$2(Ljava/util/function/Function;)Ljava/lang/Object;+5
j  org.gradle.api.internal.project.DefaultProjectStateRegistry$ProjectStateImpl$$Lambda$873+0x000001df176cb018.create()Ljava/lang/Object;+8
j  org.gradle.internal.work.DefaultWorkerLeaseService.withReplacedLocks(Ljava/util/Collection;Lorg/gradle/internal/resources/ResourceLock;Lorg/gradle/internal/Factory;)Ljava/lang/Object;+40
j  org.gradle.api.internal.project.DefaultProjectStateRegistry$ProjectStateImpl.fromMutableState(Ljava/util/function/Function;)Ljava/lang/Object;+133
j  org.gradle.api.internal.project.DefaultProjectStateRegistry$ProjectStateImpl.applyToMutableState(Ljava/util/function/Consumer;)V+7
j  org.gradle.configuration.project.LifecycleProjectEvaluator$EvaluateProject.run(Lorg/gradle/internal/operations/BuildOperationContext;)V+16
j  org.gradle.internal.operations.DefaultBuildOperationRunner$1.execute(Lorg/gradle/internal/operations/RunnableBuildOperation;Lorg/gradle/internal/operations/BuildOperationContext;)V+2
j  org.gradle.internal.operations.DefaultBuildOperationRunner$1.execute(Lorg/gradle/internal/operations/BuildOperation;Lorg/gradle/internal/operations/BuildOperationContext;)V+6
J 6929 c1 org.gradle.internal.operations.DefaultBuildOperationRunner$2.execute(Lorg/gradle/internal/operations/BuildOperationDescriptor;Lorg/gradle/internal/operations/BuildOperationState;Lorg/gradle/internal/operations/BuildOperationState;Lorg/gradle/internal/operations/DefaultBuildOperationRunner$ReadableBuildOperationContext;Lorg/gradle/internal/operations/DefaultBuildOperationRunner$BuildOperationExecutionListener;)Lorg/gradle/internal/operations/BuildOperation; (110 bytes) @ 0x000001df00b3fcb4 [0x000001df00b3fac0+0x00000000000001f4]
J 7097 c1 org.gradle.internal.operations.DefaultBuildOperationRunner$2.execute(Lorg/gradle/internal/operations/BuildOperationDescriptor;Lorg/gradle/internal/operations/BuildOperationState;Lorg/gradle/internal/operations/BuildOperationState;Lorg/gradle/internal/operations/DefaultBuildOperationRunner$ReadableBuildOperationContext;Lorg/gradle/internal/operations/DefaultBuildOperationRunner$BuildOperationExecutionListener;)Ljava/lang/Object; (12 bytes) @ 0x000001df00b92634 [0x000001df00b925c0+0x0000000000000074]
J 6937 c1 org.gradle.internal.operations.DefaultBuildOperationRunner.execute(Lorg/gradle/internal/operations/BuildOperationDescriptor$Builder;Lorg/gradle/internal/operations/BuildOperationState;Lorg/gradle/internal/operations/DefaultBuildOperationRunner$BuildOperationExecution;)Ljava/lang/Object; (147 bytes) @ 0x000001df00b452d4 [0x000001df00b447e0+0x0000000000000af4]
J 6725 c1 org.gradle.internal.operations.DefaultBuildOperationRunner.execute(Lorg/gradle/internal/operations/BuildOperation;Lorg/gradle/internal/operations/BuildOperationWorker;Lorg/gradle/internal/operations/BuildOperationState;)V (23 bytes) @ 0x000001df00ad0004 [0x000001df00acfd60+0x00000000000002a4]
j  org.gradle.internal.operations.DefaultBuildOperationRunner.run(Lorg/gradle/internal/operations/RunnableBuildOperation;)V+9
j  org.gradle.configuration.project.LifecycleProjectEvaluator.evaluate(Lorg/gradle/api/internal/project/ProjectInternal;Lorg/gradle/api/internal/project/ProjectStateInternal;)V+42
j  org.gradle.api.internal.project.DefaultProject.evaluateUnchecked()Lorg/gradle/api/internal/project/ProjectInternal;+20
j  org.gradle.api.internal.project.ProjectLifecycleController.lambda$ensureSelfConfigured$2()V+4
j  org.gradle.api.internal.project.ProjectLifecycleController$$Lambda$868+0x000001df176c8ed0.run()V+4
j  org.gradle.internal.model.StateTransitionController.lambda$doTransition$14(Ljava/lang/Runnable;)Lorg/gradle/internal/build/ExecutionResult;+1
j  org.gradle.internal.model.StateTransitionController$$Lambda$320+0x000001df17359fd8.get()Ljava/lang/Object;+4
j  org.gradle.internal.model.StateTransitionController.doTransition(Lorg/gradle/internal/model/StateTransitionController$State;Lorg/gradle/internal/model/StateTransitionController$State;Ljava/util/function/Supplier;)Lorg/gradle/internal/build/ExecutionResult;+24
j  org.gradle.internal.model.StateTransitionController.doTransition(Lorg/gradle/internal/model/StateTransitionController$State;Lorg/gradle/internal/model/StateTransitionController$State;Ljava/lang/Runnable;)V+9
j  org.gradle.internal.model.StateTransitionController.lambda$maybeTransitionIfNotCurrentlyTransitioning$10(Lorg/gradle/internal/model/StateTransitionController$State;Lorg/gradle/internal/model/StateTransitionController$State;Ljava/lang/Runnable;)V+16
j  org.gradle.internal.model.StateTransitionController$$Lambda$869+0x000001df176c90f0.run()V+16
j  org.gradle.internal.work.DefaultSynchronizer.withLock(Ljava/lang/Runnable;)V+6
j  org.gradle.internal.model.StateTransitionController.maybeTransitionIfNotCurrentlyTransitioning(Lorg/gradle/internal/model/StateTransitionController$State;Lorg/gradle/internal/model/StateTransitionController$State;Ljava/lang/Runnable;)V+13
j  org.gradle.api.internal.project.ProjectLifecycleController.ensureSelfConfigured()V+16
j  org.gradle.api.internal.project.DefaultProjectStateRegistry$ProjectStateImpl.ensureConfigured()V+19
j  org.gradle.execution.TaskPathProjectEvaluator.configure(Lorg/gradle/api/internal/project/ProjectInternal;)V+6
j  org.gradle.execution.TaskPathProjectEvaluator.configureHierarchy(Lorg/gradle/api/internal/project/ProjectInternal;)V+41
j  org.gradle.configuration.DefaultProjectsPreparer.prepareProjects(Lorg/gradle/api/internal/GradleInternal;)V+52
j  org.gradle.configuration.BuildTreePreparingProjectsPreparer.prepareProjects(Lorg/gradle/api/internal/GradleInternal;)V+114
j  org.gradle.configuration.BuildOperationFiringProjectsPreparer$ConfigureBuild.run(Lorg/gradle/internal/operations/BuildOperationContext;)V+11
j  org.gradle.internal.operations.DefaultBuildOperationRunner$1.execute(Lorg/gradle/internal/operations/RunnableBuildOperation;Lorg/gradle/internal/operations/BuildOperationContext;)V+2
j  org.gradle.internal.operations.DefaultBuildOperationRunner$1.execute(Lorg/gradle/internal/operations/BuildOperation;Lorg/gradle/internal/operations/BuildOperationContext;)V+6
j  org.gradle.internal.operations.DefaultBuildOperationRunner$2.execute(Lorg/gradle/internal/operations/BuildOperationDescriptor;Lorg/gradle/internal/operations/BuildOperationState;Lorg/gradle/internal/operations/BuildOperationState;Lorg/gradle/internal/operations/DefaultBuildOperationRunner$ReadableBuildOperationContext;Lorg/gradle/internal/operations/DefaultBuildOperationRunner$BuildOperationExecutionListener;)Lorg/gradle/internal/operations/BuildOperation;+22
j  org.gradle.internal.operations.DefaultBuildOperationRunner$2.execute(Lorg/gradle/internal/operations/BuildOperationDescriptor;Lorg/gradle/internal/operations/BuildOperationState;Lorg/gradle/internal/operations/BuildOperationState;Lorg/gradle/internal/operations/DefaultBuildOperationRunner$ReadableBuildOperationContext;Lorg/gradle/internal/operations/DefaultBuildOperationRunner$BuildOperationExecutionListener;)Ljava/lang/Object;+8
j  org.gradle.internal.operations.DefaultBuildOperationRunner.execute(Lorg/gradle/internal/operations/BuildOperationDescriptor$Builder;Lorg/gradle/internal/operations/BuildOperationState;Lorg/gradle/internal/operations/DefaultBuildOperationRunner$BuildOperationExecution;)Ljava/lang/Object;+141
j  org.gradle.internal.operations.DefaultBuildOperationRunner.execute(Lorg/gradle/internal/operations/BuildOperation;Lorg/gradle/internal/operations/BuildOperationWorker;Lorg/gradle/internal/operations/BuildOperationState;)V+18
j  org.gradle.internal.operations.DefaultBuildOperationRunner.run(Lorg/gradle/internal/operations/RunnableBuildOperation;)V+9
j  org.gradle.configuration.BuildOperationFiringProjectsPreparer.prepareProjects(Lorg/gradle/api/internal/GradleInternal;)V+13
j  org.gradle.initialization.VintageBuildModelController.lambda$prepareProjects$2()V+8
j  org.gradle.initialization.VintageBuildModelController$$Lambda$789+0x000001df176396d8.run()V+4
j  org.gradle.internal.model.StateTransitionController.lambda$doTransition$14(Ljava/lang/Runnable;)Lorg/gradle/internal/build/ExecutionResult;+1
j  org.gradle.internal.model.StateTransitionController$$Lambda$320+0x000001df17359fd8.get()Ljava/lang/Object;+4
j  org.gradle.internal.model.StateTransitionController.doTransition(Lorg/gradle/internal/model/StateTransitionController$State;Lorg/gradle/internal/model/StateTransitionController$State;Ljava/util/function/Supplier;)Lorg/gradle/internal/build/ExecutionResult;+24
j  org.gradle.internal.model.StateTransitionController.doTransition(Lorg/gradle/internal/model/StateTransitionController$State;Lorg/gradle/internal/model/StateTransitionController$State;Ljava/lang/Runnable;)V+9
j  org.gradle.internal.model.StateTransitionController.lambda$transitionIfNotPreviously$11(Lorg/gradle/internal/model/StateTransitionController$State;Lorg/gradle/internal/model/StateTransitionController$State;Ljava/lang/Runnable;)V+16
j  org.gradle.internal.model.StateTransitionController$$Lambda$322+0x000001df1735a418.run()V+16
j  org.gradle.internal.work.DefaultSynchronizer.withLock(Ljava/lang/Runnable;)V+6
j  org.gradle.internal.model.StateTransitionController.transitionIfNotPreviously(Lorg/gradle/internal/model/StateTransitionController$State;Lorg/gradle/internal/model/StateTransitionController$State;Ljava/lang/Runnable;)V+13
j  org.gradle.initialization.VintageBuildModelController.prepareProjects()V+16
j  org.gradle.initialization.VintageBuildModelController.prepareToScheduleTasks()V+5
j  org.gradle.internal.build.DefaultBuildLifecycleController.lambda$prepareToScheduleTasks$6()V+9
j  org.gradle.internal.build.DefaultBuildLifecycleController$$Lambda$318+0x000001df17359b98.run()V+4
j  org.gradle.internal.model.StateTransitionController.lambda$doTransition$14(Ljava/lang/Runnable;)Lorg/gradle/internal/build/ExecutionResult;+1
j  org.gradle.internal.model.StateTransitionController$$Lambda$320+0x000001df17359fd8.get()Ljava/lang/Object;+4
j  org.gradle.internal.model.StateTransitionController.doTransition(Lorg/gradle/internal/model/StateTransitionController$State;Lorg/gradle/internal/model/StateTransitionController$State;Ljava/util/function/Supplier;)Lorg/gradle/internal/build/ExecutionResult;+24
j  org.gradle.internal.model.StateTransitionController.doTransition(Lorg/gradle/internal/model/StateTransitionController$State;Lorg/gradle/internal/model/StateTransitionController$State;Ljava/lang/Runnable;)V+9
j  org.gradle.internal.model.StateTransitionController.lambda$maybeTransition$9(Lorg/gradle/internal/model/StateTransitionController$State;Lorg/gradle/internal/model/StateTransitionController$State;Ljava/lang/Runnable;)V+16
j  org.gradle.internal.model.StateTransitionController$$Lambda$319+0x000001df17359db8.run()V+16
j  org.gradle.internal.work.DefaultSynchronizer.withLock(Ljava/lang/Runnable;)V+6
j  org.gradle.internal.model.StateTransitionController.maybeTransition(Lorg/gradle/internal/model/StateTransitionController$State;Lorg/gradle/internal/model/StateTransitionController$State;Ljava/lang/Runnable;)V+13
j  org.gradle.internal.build.DefaultBuildLifecycleController.prepareToScheduleTasks()V+16
j  org.gradle.internal.buildtree.DefaultBuildTreeWorkPreparer.scheduleRequestedTasks(Lorg/gradle/internal/buildtree/BuildTreeWorkGraph;Lorg/gradle/execution/EntryTaskSelector;)Lorg/gradle/internal/buildtree/BuildTreeWorkGraph$FinalizedGraph;+4
j  org.gradle.internal.cc.impl.VintageBuildTreeWorkController$scheduleAndRunRequestedTasks$1.apply(Lorg/gradle/internal/buildtree/BuildTreeWorkGraph;)Lorg/gradle/internal/build/ExecutionResult;+18
j  org.gradle.internal.cc.impl.VintageBuildTreeWorkController$scheduleAndRunRequestedTasks$1.apply(Ljava/lang/Object;)Ljava/lang/Object;+5
j  org.gradle.composite.internal.DefaultIncludedBuildTaskGraph.withNewWorkGraph(Ljava/util/function/Function;)Ljava/lang/Object;+30
j  org.gradle.internal.cc.impl.VintageBuildTreeWorkController.scheduleAndRunRequestedTasks(Lorg/gradle/execution/EntryTaskSelector;)Lorg/gradle/internal/build/ExecutionResult;+16
j  org.gradle.internal.buildtree.DefaultBuildTreeLifecycleController.lambda$scheduleAndRunTasks$1(Lorg/gradle/execution/EntryTaskSelector;)Lorg/gradle/internal/build/ExecutionResult;+5
j  org.gradle.internal.buildtree.DefaultBuildTreeLifecycleController$$Lambda$313+0x000001df17358d30.get()Ljava/lang/Object;+8
j  org.gradle.internal.buildtree.DefaultBuildTreeLifecycleController.lambda$runBuild$4(Ljava/util/function/Supplier;)Ljava/lang/Object;+1
j  org.gradle.internal.buildtree.DefaultBuildTreeLifecycleController$$Lambda$314+0x000001df17358f50.get()Ljava/lang/Object;+8
j  org.gradle.internal.model.StateTransitionController.lambda$transition$6(Ljava/util/function/Supplier;)Lorg/gradle/internal/build/ExecutionResult;+1
j  org.gradle.internal.model.StateTransitionController$$Lambda$316+0x000001df17359390.get()Ljava/lang/Object;+4
j  org.gradle.internal.model.StateTransitionController.doTransition(Lorg/gradle/internal/model/StateTransitionController$State;Lorg/gradle/internal/model/StateTransitionController$State;Ljava/util/function/Supplier;)Lorg/gradle/internal/build/ExecutionResult;+24
j  org.gradle.internal.model.StateTransitionController.lambda$transition$7(Lorg/gradle/internal/model/StateTransitionController$State;Lorg/gradle/internal/model/StateTransitionController$State;Ljava/util/function/Supplier;)Ljava/lang/Object;+9
j  org.gradle.internal.model.StateTransitionController$$Lambda$315+0x000001df17359170.create()Ljava/lang/Object;+16
j  org.gradle.internal.work.DefaultSynchronizer.withLock(Lorg/gradle/internal/Factory;)Ljava/lang/Object;+6
j  org.gradle.internal.model.StateTransitionController.transition(Lorg/gradle/internal/model/StateTransitionController$State;Lorg/gradle/internal/model/StateTransitionController$State;Ljava/util/function/Supplier;)Ljava/lang/Object;+13
j  org.gradle.internal.buildtree.DefaultBuildTreeLifecycleController.runBuild(Ljava/util/function/Supplier;)Ljava/lang/Object;+17
j  org.gradle.internal.buildtree.DefaultBuildTreeLifecycleController.scheduleAndRunTasks(Lorg/gradle/execution/EntryTaskSelector;)V+8
j  org.gradle.internal.buildtree.DefaultBuildTreeLifecycleController.scheduleAndRunTasks()V+2
j  org.gradle.tooling.internal.provider.runner.BuildModelActionRunner.run(Lorg/gradle/internal/invocation/BuildAction;Lorg/gradle/internal/buildtree/BuildTreeLifecycleController;)Lorg/gradle/internal/buildtree/BuildActionRunner$Result;+65
j  org.gradle.launcher.exec.ChainingBuildActionRunner.run(Lorg/gradle/internal/invocation/BuildAction;Lorg/gradle/internal/buildtree/BuildTreeLifecycleController;)Lorg/gradle/internal/buildtree/BuildActionRunner$Result;+34
j  org.gradle.internal.buildtree.ProblemReportingBuildActionRunner.run(Lorg/gradle/internal/invocation/BuildAction;Lorg/gradle/internal/buildtree/BuildTreeLifecycleController;)Lorg/gradle/internal/buildtree/BuildActionRunner$Result;+12
j  org.gradle.launcher.exec.BuildOutcomeReportingBuildActionRunner.run(Lorg/gradle/internal/invocation/BuildAction;Lorg/gradle/internal/buildtree/BuildTreeLifecycleController;)Lorg/gradle/internal/buildtree/BuildActionRunner$Result;+69
j  org.gradle.tooling.internal.provider.FileSystemWatchingBuildActionRunner.run(Lorg/gradle/internal/invocation/BuildAction;Lorg/gradle/internal/buildtree/BuildTreeLifecycleController;)Lorg/gradle/internal/buildtree/BuildActionRunner$Result;+317
j  org.gradle.launcher.exec.BuildCompletionNotifyingBuildActionRunner.run(Lorg/gradle/internal/invocation/BuildAction;Lorg/gradle/internal/buildtree/BuildTreeLifecycleController;)Lorg/gradle/internal/buildtree/BuildActionRunner$Result;+6
j  org.gradle.launcher.exec.RootBuildLifecycleBuildActionExecutor.lambda$execute$0(Lorg/gradle/internal/invocation/BuildAction;Lorg/gradle/internal/buildtree/BuildTreeLifecycleController;)Lorg/gradle/internal/buildtree/BuildActionRunner$Result;+6
j  org.gradle.launcher.exec.RootBuildLifecycleBuildActionExecutor$$Lambda$284+0x000001df1733fb50.apply(Ljava/lang/Object;)Ljava/lang/Object;+12
j  org.gradle.composite.internal.DefaultRootBuildState.run(Ljava/util/function/Function;)Ljava/lang/Object;+87
j  org.gradle.launcher.exec.RootBuildLifecycleBuildActionExecutor.execute(Lorg/gradle/internal/invocation/BuildAction;Lorg/gradle/internal/buildtree/BuildTreeContext;)Lorg/gradle/internal/buildtree/BuildActionRunner$Result;+75
j  org.gradle.internal.buildtree.InitDeprecationLoggingActionExecutor.execute(Lorg/gradle/internal/invocation/BuildAction;Lorg/gradle/internal/buildtree/BuildTreeContext;)Lorg/gradle/internal/buildtree/BuildActionRunner$Result;+83
j  org.gradle.internal.buildtree.InitProblems.execute(Lorg/gradle/internal/invocation/BuildAction;Lorg/gradle/internal/buildtree/BuildTreeContext;)Lorg/gradle/internal/buildtree/BuildActionRunner$Result;+13
j  org.gradle.internal.buildtree.DefaultBuildTreeContext.execute(Lorg/gradle/internal/invocation/BuildAction;)Lorg/gradle/internal/buildtree/BuildActionRunner$Result;+64
j  org.gradle.launcher.exec.BuildTreeLifecycleBuildActionExecutor.lambda$execute$0(Lorg/gradle/internal/invocation/BuildAction;Lorg/gradle/internal/buildtree/BuildTreeContext;)Lorg/gradle/internal/buildtree/BuildActionRunner$Result;+2
j  org.gradle.launcher.exec.BuildTreeLifecycleBuildActionExecutor$$Lambda$231+0x000001df1728a938.apply(Ljava/lang/Object;)Ljava/lang/Object;+8
j  org.gradle.internal.buildtree.BuildTreeState.run(Ljava/util/function/Function;)Ljava/lang/Object;+47
j  org.gradle.launcher.exec.BuildTreeLifecycleBuildActionExecutor.execute(Lorg/gradle/internal/invocation/BuildAction;Lorg/gradle/internal/session/BuildSessionContext;)Lorg/gradle/internal/buildtree/BuildActionRunner$Result;+74
j  org.gradle.launcher.exec.RunAsBuildOperationBuildActionExecutor$2.call(Lorg/gradle/internal/operations/BuildOperationContext;)Lorg/gradle/internal/buildtree/BuildActionRunner$Result;+25
j  org.gradle.launcher.exec.RunAsBuildOperationBuildActionExecutor$2.call(Lorg/gradle/internal/operations/BuildOperationContext;)Ljava/lang/Object;+2
j  org.gradle.internal.operations.DefaultBuildOperationRunner$CallableBuildOperationWorker.execute(Lorg/gradle/internal/operations/CallableBuildOperation;Lorg/gradle/internal/operations/BuildOperationContext;)V+3
j  org.gradle.internal.operations.DefaultBuildOperationRunner$CallableBuildOperationWorker.execute(Lorg/gradle/internal/operations/BuildOperation;Lorg/gradle/internal/operations/BuildOperationContext;)V+6
j  org.gradle.internal.operations.DefaultBuildOperationRunner$2.execute(Lorg/gradle/internal/operations/BuildOperationDescriptor;Lorg/gradle/internal/operations/BuildOperationState;Lorg/gradle/internal/operations/BuildOperationState;Lorg/gradle/internal/operations/DefaultBuildOperationRunner$ReadableBuildOperationContext;Lorg/gradle/internal/operations/DefaultBuildOperationRunner$BuildOperationExecutionListener;)Lorg/gradle/internal/operations/BuildOperation;+22
j  org.gradle.internal.operations.DefaultBuildOperationRunner$2.execute(Lorg/gradle/internal/operations/BuildOperationDescriptor;Lorg/gradle/internal/operations/BuildOperationState;Lorg/gradle/internal/operations/BuildOperationState;Lorg/gradle/internal/operations/DefaultBuildOperationRunner$ReadableBuildOperationContext;Lorg/gradle/internal/operations/DefaultBuildOperationRunner$BuildOperationExecutionListener;)Ljava/lang/Object;+8
j  org.gradle.internal.operations.DefaultBuildOperationRunner.execute(Lorg/gradle/internal/operations/BuildOperationDescriptor$Builder;Lorg/gradle/internal/operations/BuildOperationState;Lorg/gradle/internal/operations/DefaultBuildOperationRunner$BuildOperationExecution;)Ljava/lang/Object;+141
j  org.gradle.internal.operations.DefaultBuildOperationRunner.execute(Lorg/gradle/internal/operations/BuildOperation;Lorg/gradle/internal/operations/BuildOperationWorker;Lorg/gradle/internal/operations/BuildOperationState;)V+18
j  org.gradle.internal.operations.DefaultBuildOperationRunner.call(Lorg/gradle/internal/operations/CallableBuildOperation;)Ljava/lang/Object;+16
j  org.gradle.launcher.exec.RunAsBuildOperationBuildActionExecutor.execute(Lorg/gradle/internal/invocation/BuildAction;Lorg/gradle/internal/session/BuildSessionContext;)Lorg/gradle/internal/buildtree/BuildActionRunner$Result;+23
j  org.gradle.launcher.exec.RunAsWorkerThreadBuildActionExecutor.lambda$execute$0(Lorg/gradle/internal/invocation/BuildAction;Lorg/gradle/internal/session/BuildSessionContext;)Lorg/gradle/internal/buildtree/BuildActionRunner$Result;+6
j  org.gradle.launcher.exec.RunAsWorkerThreadBuildActionExecutor$$Lambda$225+0x000001df1725ae88.create()Ljava/lang/Object;+12
j  org.gradle.internal.work.DefaultWorkerLeaseService.withLocks(Ljava/util/Collection;Lorg/gradle/internal/Factory;)Ljava/lang/Object;+28
j  org.gradle.internal.work.DefaultWorkerLeaseService.runAsWorkerThread(Lorg/gradle/internal/Factory;)Ljava/lang/Object;+33
j  org.gradle.launcher.exec.RunAsWorkerThreadBuildActionExecutor.execute(Lorg/gradle/internal/invocation/BuildAction;Lorg/gradle/internal/session/BuildSessionContext;)Lorg/gradle/internal/buildtree/BuildActionRunner$Result;+12
j  org.gradle.tooling.internal.provider.continuous.ContinuousBuildActionExecutor.execute(Lorg/gradle/internal/invocation/BuildAction;Lorg/gradle/internal/session/BuildSessionContext;)Lorg/gradle/internal/buildtree/BuildActionRunner$Result;+58
j  org.gradle.tooling.internal.provider.SubscribableBuildActionExecutor.execute(Lorg/gradle/internal/invocation/BuildAction;Lorg/gradle/internal/session/BuildSessionContext;)Lorg/gradle/internal/buildtree/BuildActionRunner$Result;+30
j  org.gradle.internal.session.DefaultBuildSessionContext.execute(Lorg/gradle/internal/invocation/BuildAction;)Lorg/gradle/internal/buildtree/BuildActionRunner$Result;+64
j  org.gradle.internal.buildprocess.execution.BuildSessionLifecycleBuildActionExecutor$ActionImpl.apply(Lorg/gradle/internal/session/BuildSessionContext;)Lorg/gradle/launcher/exec/BuildActionResult;+6
j  org.gradle.internal.buildprocess.execution.BuildSessionLifecycleBuildActionExecutor$ActionImpl.apply(Ljava/lang/Object;)Ljava/lang/Object;+5
j  org.gradle.internal.session.BuildSessionState.run(Ljava/util/function/Function;)Ljava/lang/Object;+5
j  org.gradle.internal.buildprocess.execution.BuildSessionLifecycleBuildActionExecutor.execute(Lorg/gradle/internal/invocation/BuildAction;Lorg/gradle/launcher/exec/BuildActionParameters;Lorg/gradle/initialization/BuildRequestContext;)Lorg/gradle/launcher/exec/BuildActionResult;+95
j  org.gradle.internal.buildprocess.execution.BuildSessionLifecycleBuildActionExecutor.execute(Lorg/gradle/internal/invocation/BuildAction;Ljava/lang/Object;Ljava/lang/Object;)Lorg/gradle/launcher/exec/BuildActionResult;+10
j  org.gradle.internal.buildprocess.execution.StartParamsValidatingActionExecutor.execute(Lorg/gradle/internal/invocation/BuildAction;Lorg/gradle/launcher/exec/BuildActionParameters;Lorg/gradle/initialization/BuildRequestContext;)Lorg/gradle/launcher/exec/BuildActionResult;+203
j  org.gradle.internal.buildprocess.execution.StartParamsValidatingActionExecutor.execute(Lorg/gradle/internal/invocation/BuildAction;Ljava/lang/Object;Ljava/lang/Object;)Lorg/gradle/launcher/exec/BuildActionResult;+10
j  org.gradle.internal.buildprocess.execution.SessionFailureReportingActionExecutor.execute(Lorg/gradle/internal/invocation/BuildAction;Lorg/gradle/launcher/exec/BuildActionParameters;Lorg/gradle/initialization/BuildRequestContext;)Lorg/gradle/launcher/exec/BuildActionResult;+7
j  org.gradle.internal.buildprocess.execution.SessionFailureReportingActionExecutor.execute(Lorg/gradle/internal/invocation/BuildAction;Ljava/lang/Object;Ljava/lang/Object;)Lorg/gradle/launcher/exec/BuildActionResult;+10
j  org.gradle.internal.buildprocess.execution.SetupLoggingActionExecutor.execute(Lorg/gradle/internal/invocation/BuildAction;Lorg/gradle/launcher/exec/BuildActionParameters;Lorg/gradle/initialization/BuildRequestContext;)Lorg/gradle/launcher/exec/BuildActionResult;+50
j  org.gradle.internal.buildprocess.execution.SetupLoggingActionExecutor.execute(Lorg/gradle/internal/invocation/BuildAction;Ljava/lang/Object;Ljava/lang/Object;)Lorg/gradle/launcher/exec/BuildActionResult;+10
j  org.gradle.launcher.daemon.server.exec.ExecuteBuild.doBuild(Lorg/gradle/launcher/daemon/server/api/DaemonCommandExecution;Lorg/gradle/launcher/daemon/protocol/Build;)V+147
j  org.gradle.launcher.daemon.server.exec.BuildCommandOnly.execute(Lorg/gradle/launcher/daemon/server/api/DaemonCommandExecution;)V+49
j  org.gradle.launcher.daemon.server.api.DaemonCommandExecution.proceed()Z+23
j  org.gradle.launcher.daemon.server.exec.WatchForDisconnection.execute(Lorg/gradle/launcher/daemon/server/api/DaemonCommandExecution;)V+19
j  org.gradle.launcher.daemon.server.api.DaemonCommandExecution.proceed()Z+23
j  org.gradle.launcher.daemon.server.exec.ResetDeprecationLogger.execute(Lorg/gradle/launcher/daemon/server/api/DaemonCommandExecution;)V+7
j  org.gradle.launcher.daemon.server.api.DaemonCommandExecution.proceed()Z+23
j  org.gradle.launcher.daemon.server.exec.RequestStopIfSingleUsedDaemon.execute(Lorg/gradle/launcher/daemon/server/api/DaemonCommandExecution;)V+33
j  org.gradle.launcher.daemon.server.api.DaemonCommandExecution.proceed()Z+23
j  org.gradle.launcher.daemon.server.exec.ForwardClientInput.lambda$execute$0(Lorg/gradle/launcher/daemon/server/api/DaemonCommandExecution;Lorg/gradle/internal/daemon/clientinput/StdinHandler;)Ljava/lang/Object;+11
j  org.gradle.launcher.daemon.server.exec.ForwardClientInput$$Lambda$116+0x000001df1717ccf0.apply(Ljava/lang/Object;)Ljava/lang/Object;+8
j  org.gradle.internal.daemon.clientinput.ClientInputForwarder.forwardInput(Ljava/util/function/Function;)Ljava/lang/Object;+46
j  org.gradle.launcher.daemon.server.exec.ForwardClientInput.execute(Lorg/gradle/launcher/daemon/server/api/DaemonCommandExecution;)V+10
j  org.gradle.launcher.daemon.server.api.DaemonCommandExecution.proceed()Z+23
j  org.gradle.launcher.daemon.server.exec.LogAndCheckHealth.execute(Lorg/gradle/launcher/daemon/server/api/DaemonCommandExecution;)V+51
j  org.gradle.launcher.daemon.server.api.DaemonCommandExecution.proceed()Z+23
j  org.gradle.launcher.daemon.server.exec.LogToClient.doBuild(Lorg/gradle/launcher/daemon/server/api/DaemonCommandExecution;Lorg/gradle/launcher/daemon/protocol/Build;)V+87
j  org.gradle.launcher.daemon.server.exec.BuildCommandOnly.execute(Lorg/gradle/launcher/daemon/server/api/DaemonCommandExecution;)V+49
j  org.gradle.launcher.daemon.server.api.DaemonCommandExecution.proceed()Z+23
j  org.gradle.launcher.daemon.server.exec.EstablishBuildEnvironment.doBuild(Lorg/gradle/launcher/daemon/server/api/DaemonCommandExecution;Lorg/gradle/launcher/daemon/protocol/Build;)V+356
j  org.gradle.launcher.daemon.server.exec.BuildCommandOnly.execute(Lorg/gradle/launcher/daemon/server/api/DaemonCommandExecution;)V+49
j  org.gradle.launcher.daemon.server.api.DaemonCommandExecution.proceed()Z+23
j  org.gradle.launcher.daemon.server.exec.StartBuildOrRespondWithBusy$1.run()V+44
j  org.gradle.launcher.daemon.server.DaemonStateCoordinator.lambda$runCommand$0(Ljava/lang/Runnable;)V+1
j  org.gradle.launcher.daemon.server.DaemonStateCoordinator$$Lambda$115+0x000001df17177688.run()V+8
j  org.gradle.internal.concurrent.ExecutorPolicy$CatchAndRecordFailures.onExecute(Ljava/lang/Runnable;)V+1
j  org.gradle.internal.concurrent.AbstractManagedExecutor$1.run()V+25
j  java.util.concurrent.ThreadPoolExecutor.runWorker(Ljava/util/concurrent/ThreadPoolExecutor$Worker;)V+92 java.base@17.0.18
j  java.util.concurrent.ThreadPoolExecutor$Worker.run()V+5 java.base@17.0.18
j  java.lang.Thread.run()V+11 java.base@17.0.18
v  ~StubRoutines::call_stub

Compiled method (n/a) 29867  797     n 0       java.lang.ClassLoader::defineClass1 (native)
 total in heap  [0x000001df07b28890,0x000001df07b28d90] = 1280
 relocation     [0x000001df07b289f0,0x000001df07b28a28] = 56
 main code      [0x000001df07b28a40,0x000001df07b28d90] = 848

[Constant Pool (empty)]

[MachCode]
[Entry Point]
  # {method} {0x000001df16010f18} 'defineClass1' '(Ljava/lang/ClassLoader;Ljava/lang/String;[BIILjava/security/ProtectionDomain;Ljava/lang/String;)Ljava/lang/Class;' in 'java/lang/ClassLoader'
  # parm0:    rdx:rdx   = 'java/lang/ClassLoader'
  # parm1:    r8:r8     = 'java/lang/String'
  # parm2:    r9:r9     = '[B'
  # parm3:    rdi       = int
  # parm4:    rsi       = int
  # parm5:    rcx:rcx   = 'java/security/ProtectionDomain'
  # parm6:    [sp+0xa0]   = 'java/lang/String'  (sp of caller)
  0x000001df07b28a40: 448b 5208 | 49bb 0000 | 0016 df01 | 0000 4d03 | d349 3bc2 | 0f84 0600 

  0x000001df07b28a58: ;   {runtime_call ic_miss_stub}
  0x000001df07b28a58: 0000 e921 | 86a5 ff90 
[Verified Entry Point]
  0x000001df07b28a60: 8984 2400 | 90ff ff55 | 488b ec48 | 81ec 9000 | 0000 4881 | 7d10 0000 | 0000 488d | 4510 480f 
  0x000001df07b28a80: 4445 1048 | 8944 2440 | 4889 4c24 | 7048 83f9 | 0048 8d44 | 2470 480f | 4444 2470 | 4889 4424 
  0x000001df07b28aa0: 3848 8974 | 2430 4889 | 7c24 284c | 894c 2458 | 4983 f900 | 488d 4424 | 5848 0f44 | 4424 5848 
  0x000001df07b28ac0: 8944 2420 | 4c89 4424 | 5049 83f8 | 004c 8d4c | 2450 4c0f | 444c 2450 | 4889 5424 | 4848 83fa 
  0x000001df07b28ae0: 004c 8d44 | 2448 4c0f | 4444 2448 

  0x000001df07b28aec: ;   {oop(a 'java/lang/Class'{0x0000000080852d20} = 'java/lang/ClassLoader')}
  0x000001df07b28aec: 49be 202d | 8580 0000 | 0000 4c89 | 7424 784c | 8d74 2478 | 498b d6c5 

  0x000001df07b28b04: ;   {internal_word}
  0x000001df07b28b04: f877 49ba | 038b b207 | df01 0000 | 4d89 97a8 | 0200 0049 | 89a7 a002 

  0x000001df07b28b1c: ;   {external_word}
  0x000001df07b28b1c: 0000 49ba | dba8 5398 | fb7f 0000 | 4180 3a00 | 0f84 5200 | 0000 5241 

  0x000001df07b28b34: ;   {metadata({method} {0x000001df16010f18} 'defineClass1' '(Ljava/lang/ClassLoader;Ljava/lang/String;[BIILjava/security/ProtectionDomain;Ljava/lang/String;)Ljava/lang/Class;' in 'java/lang/ClassLoader')}
  0x000001df07b28b34: 5041 5148 | ba10 0f01 | 16df 0100 | 0049 8bcf | 4883 ec20 | f7c4 0f00 | 0000 0f84 | 1a00 0000 
  0x000001df07b28b54: 4883 ec08 

  0x000001df07b28b58: ;   {runtime_call}
  0x000001df07b28b58: 49ba d055 | 0998 fb7f | 0000 41ff | d248 83c4 | 08e9 0d00 

  0x000001df07b28b6c: ;   {runtime_call}
  0x000001df07b28b6c: 0000 49ba | d055 0998 | fb7f 0000 | 41ff d248 | 83c4 2041 | 5941 585a | 498d 8fc0 | 0200 0041 
  0x000001df07b28b8c: c787 4803 | 0000 0400 

  0x000001df07b28b94: ;   {runtime_call}
  0x000001df07b28b94: 0000 49ba | d016 3d78 | fc7f 0000 | 41ff d2c5 | f877 41c7 | 8748 0300 | 0005 0000 | 00f0 8344 
  0x000001df07b28bb4: 24c0 0049 | 3baf 5003 | 0000 0f87 | 1100 0000 | 4181 bf38 | 0300 0000 | 0000 000f | 842c 0000 
  0x000001df07b28bd4: 00c5 f877 | 4889 45f8 | 498b cf4c | 8be4 4883 | ec20 4883 

  0x000001df07b28be8: ;   {runtime_call}
  0x000001df07b28be8: e4f0 49ba | 7063 1998 | fb7f 0000 | 41ff d249 | 8be4 4d33 | e448 8b45 | f841 c787 | 4803 0000 
  0x000001df07b28c08: 0800 0000 | 4181 bfb8 | 0300 0002 | 0000 000f | 843f 0100 

  0x000001df07b28c1c: ;   {external_word}
  0x000001df07b28c1c: 0049 badb | a853 98fb | 7f00 0041 | 803a 000f | 8450 0000 | 0048 8945 

  0x000001df07b28c34: ;   {metadata({method} {0x000001df16010f18} 'defineClass1' '(Ljava/lang/ClassLoader;Ljava/lang/String;[BIILjava/security/ProtectionDomain;Ljava/lang/String;)Ljava/lang/Class;' in 'java/lang/ClassLoader')}
  0x000001df07b28c34: f848 ba10 | 0f01 16df | 0100 0049 | 8bcf 4883 | ec20 f7c4 | 0f00 0000 | 0f84 1a00 | 0000 4883 
  0x000001df07b28c54: ;   {runtime_call}
  0x000001df07b28c54: ec08 49ba | d055 0998 | fb7f 0000 | 41ff d248 | 83c4 08e9 | 0d00 0000 

  0x000001df07b28c6c: ;   {runtime_call}
  0x000001df07b28c6c: 49ba d055 | 0998 fb7f | 0000 41ff | d248 83c4 | 2048 8b45 | f849 c787 | a002 0000 | 0000 0000 
  0x000001df07b28c8c: 49c7 87a8 | 0200 0000 | 0000 00c5 | f877 4885 | c00f 8493 | 0000 0048 | f7c0 0100 | 0000 0f84 
  0x000001df07b28cac: 8300 0000 | 488b 40ff | 4180 7f38 | 000f 846f | 0000 0048 | 83f8 000f | 8465 0000 | 0049 8b4f 
  0x000001df07b28ccc: 2048 83f9 | 000f 8414 | 0000 0048 | 83e9 0849 | 894f 2049 | 034f 3048 | 8901 e943 | 0000 0050 
  0x000001df07b28cec: 498b d748 | 8bc8 4883 | ec20 f7c4 | 0f00 0000 | 0f84 1a00 | 0000 4883 

  0x000001df07b28d04: ;   {runtime_call}
  0x000001df07b28d04: ec08 49ba | c0cf c797 | fb7f 0000 | 41ff d248 | 83c4 08e9 | 0d00 0000 

  0x000001df07b28d1c: ;   {runtime_call}
  0x000001df07b28d1c: 49ba c0cf | c797 fb7f | 0000 41ff | d248 83c4 | 2058 e903 | 0000 0048 | 8b00 498b | 8fd8 0000 
  0x000001df07b28d3c: 00c7 8100 | 0100 0000 | 0000 00c9 | 4981 7f08 | 0000 0000 | 0f85 0100 

  0x000001df07b28d54: ;   {runtime_call StubRoutines (1)}
  0x000001df07b28d54: 0000 c3e9 | a481 a0ff | c5f8 7748 | 8945 f84c | 8be4 4883 | ec20 4883 

  0x000001df07b28d6c: ;   {runtime_call}
  0x000001df07b28d6c: e4f0 49ba | 9086 0998 | fb7f 0000 | 41ff d249 | 8be4 4d33 | e448 8b45 | f8e9 93fe | ffff f4f4 
  0x000001df07b28d8c: f4f4 f4f4 
[/MachCode]


Compiled method (c2) 29878 4055       4       java.lang.ClassLoader::defineClass (43 bytes)
 total in heap  [0x000001df07d2f710,0x000001df07d31d18] = 9736
 relocation     [0x000001df07d2f870,0x000001df07d2f950] = 224
 main code      [0x000001df07d2f960,0x000001df07d30de0] = 5248
 stub code      [0x000001df07d30de0,0x000001df07d30e50] = 112
 oops           [0x000001df07d30e50,0x000001df07d30e60] = 16
 metadata       [0x000001df07d30e60,0x000001df07d30f68] = 264
 scopes data    [0x000001df07d30f68,0x000001df07d31890] = 2344
 scopes pcs     [0x000001df07d31890,0x000001df07d31bc0] = 816
 dependencies   [0x000001df07d31bc0,0x000001df07d31bd0] = 16
 handler table  [0x000001df07d31bd0,0x000001df07d31cc0] = 240
 nul chk table  [0x000001df07d31cc0,0x000001df07d31d18] = 88

[Constant Pool (empty)]

[MachCode]
[Entry Point]
  # {method} {0x000001df16010cb0} 'defineClass' '(Ljava/lang/String;[BIILjava/security/ProtectionDomain;)Ljava/lang/Class;' in 'java/lang/ClassLoader'
  # this:     rdx:rdx   = 'java/lang/ClassLoader'
  # parm0:    r8:r8     = 'java/lang/String'
  # parm1:    r9:r9     = '[B'
  # parm2:    rdi       = int
  # parm3:    rsi       = int
  # parm4:    rcx:rcx   = 'java/security/ProtectionDomain'
  #           [sp+0xc0]  (sp of caller)
  0x000001df07d2f960: 448b 5208 | 49bb 0000 | 0016 df01 | 0000 4d03 | d349 3bc2 

  0x000001df07d2f974: ;   {runtime_call ic_miss_stub}
  0x000001df07d2f974: 0f85 0617 | 85ff 6690 | 0f1f 4000 
[Verified Entry Point]
  0x000001df07d2f980: 8984 2400 | 90ff ff55 | 4881 ecb0 | 0000 0048 | 894c 2440 | 8974 243c | 897c 2438 | 4c89 4c24 
  0x000001df07d2f9a0: 3048 8954 | 2428 4c89 | 8424 8800 | 0000 458b | 5014 418b | 720c 85f6 | 0f86 aa0d | 0000 450f 
  0x000001df07d2f9c0: be40 1045 | 85c0 0f85 | 980f 0000 | 4d8b dac4 | c1f9 6ec3 | 4d8d 5a10 | b82f 0000 | 0049 8bfb 
  0x000001df07d2f9e0: 8bd6 488b | df83 fa10 | 0f8c 7900 | 0000 83fa | 200f 8c36 | 0000 00c5 | f96e c8c4 | e27d 78c9 
  0x000001df07d2fa00: c5e5 efdb | 8bca 83e1 | e083 e21f | c5fe 6f13 | c5ed 74d1 | c4e2 7d17 | da0f 8369 | 0000 0048 
  0x000001df07d2fa20: 83c3 2083 | e920 75e4 | e90d 0000 | 00c5 f96e | c8c5 e1ef | dbc4 e271 | 00cb 83fa | 100f 8c24 
  0x000001df07d2fa40: 0000 008b | ca83 e1f0 | 83e2 0fc5 | fa6f 13c5 | e974 d1c4 | e279 17da | 0f83 2a00 | 0000 4883 
  0x000001df07d2fa60: c310 83e9 | 1075 e485 | d20f 8412 | 0000 000f | b60b 3bc1 | 741c 4883 | c301 83ea | 0174 02eb 
  0x000001df07d2fa80: eebb ffff | ffff eb0d | c5fd d7ca | 0fbc c148 | 03d8 482b | df83 fbff | 0f85 f60e | 0000 410f 
  0x000001df07d2faa0: b62b 83fd | 5b0f 8449 | 0f00 0044 | 8bce 418b | c841 d3f9 | 458b c141 | 83c0 fb45 | 85c0 7c52 
  0x000001df07d2fac0: 410f be0b | 83f9 6a75 | 4983 fe04 | 0f86 820d | 0000 4180 | 7a11 6175 | 3941 807a | 1276 7532 
  0x000001df07d2fae0: 4180 7a13 | 6175 2b41 | 807a 142e 

  0x000001df07d2faec: ;   {oop(a 'jdk/internal/loader/ClassLoaders$PlatformClassLoader'{0x0000000080812778})}
  0x000001df07d2faec: 7524 49b8 | 7827 8180 | 0000 0000 | 488b 4c24 | 2849 3bc8 | 0f85 0110 

  0x000001df07d2fb04: ;   {oop(a 'jdk/internal/loader/ClassLoaders$PlatformClassLoader'{0x0000000080812778})}
  0x000001df07d2fb04: 0000 48bb | 7827 8180 | 0000 0000 | eb05 488b | 5c24 284c | 8b44 2440 

  0x000001df07d2fb1c: ; implicit exception: dispatches to 0x000001df07d30c6c
  0x000001df07d2fb1c: 458b 7010 | 8bfe ffcf | 458b c141 | ffc8 443b | c741 0f4c | f885 ff0f | 8c2e 0700 | 003b fe0f 
  0x000001df07d2fb3c: 83fb 0b00 | 0085 ff0f | 8e3b 0c00 | 0044 8bc7 | 41ff c841 | 0fbe 4c3a | 1083 f92e | 0f84 ce06 
  0x000001df07d2fb5c: 0000 ffcf | 413b f87f | ea83 ff02 | 0f8e da06 | 0000 8bcf | 83c1 fe45 | 33c0 83ff | 0241 0f4c 
  0x000001df07d2fb7c: c881 f9a0 | 0f00 0041 | b8a0 0f00 | 0041 0f47 | c88b d72b | d1c4 c1f9 | 6ecb 6666 | 0f1f 8400 
  0x000001df07d2fb9c: 0000 0000 | 4c63 c747 | 0fbe 5c02 | 1041 83fb | 2e74 6447 | 0fbe 5c02 | 0f41 83fb | 2e74 5c8b 
  0x000001df07d2fbbc: cf83 c1fe | 450f be44 | 0a10 4183 | f82e 744f | 8bcf 83c1 | fd45 0fbe | 5c0a 1041 | 83fb 2e74 
  0x000001df07d2fbdc: 3e83 c7fc | 3bfa 7fbc | 498b af58 | 0300 004c | 8b5c 2428 | 4c8b 8424 | 8800 0000 | 488b 4c24 
  0x000001df07d2fbfc: ; ImmutableOopMap {r10=NarrowOop r11=Oop r8=Oop rcx=Oop rbx=Oop r14=NarrowOop xmm0=Oop xmm1=Derived_oop_xmm0 [40]=Oop [48]=Oop [64]=Oop [136]=Oop }
                      ;*goto {reexecute=1 rethrow=0 return_oop=0}
                      ; - (reexecute) java.lang.StringLatin1::lastIndexOf@35 (line 294)
                      ; - java.lang.String::lastIndexOf@13 (line 2489)
                      ; - java.lang.String::lastIndexOf@8 (line 2451)
                      ; - java.lang.ClassLoader::checkCerts@3 (line 1153)
                      ; - java.lang.ClassLoader::preDefineClass@113 (line 907)
                      ; - java.lang.ClassLoader::defineClass@4 (line 1015)
                      ;   {poll}
  0x000001df07d2fbfc: 4085 4500 | 83ff 020f | 8e3a 0600 | 00c4 c1f9 | 7ecb e95b | ffff ff8b | cfeb 048b | cfff c9c4 
  0x000001df07d2fc1c: c1f9 7ecb | 83f9 ff0f | 84df 0800 | 0085 c90f | 8c8b 0d00 | 0041 3bc9 | 0f8f 660e | 0000 413b 
  0x000001df07d2fc3c: c90f 84dc | 0500 0085 | c90f 84cc | 0800 004d | 8baf 0801 | 0000 4d8b | c549 83c0 | 184d 3b87 
  0x000001df07d2fc5c: 1801 0000 | 0f83 c008 | 0000 4d89 | 8708 0100 | 0041 0f18 | 8000 0100 | 0049 c745 | 0001 0000 
  0x000001df07d2fc7c: ;   {metadata('java/lang/String')}
  0x000001df07d2fc7c: 0041 c745 | 08e0 e900 | 0045 8965 | 0c4d 8965 | 1081 f900 | 0010 000f | 8717 0b00 | 004c 63c9 
  0x000001df07d2fc9c: 3bf1 8be9 | 0f4c ee3b | f50f 8279 | 0b00 003b | cd0f 8271 | 0b00 0049 | 83c1 174d | 8bc1 4983 
  0x000001df07d2fcbc: e0f8 81f9 | 0000 1000 | 0f87 dc08 | 0000 498b | fb4d 8b9f | 0801 0000 | 498b d349 | 03d0 493b 
  0x000001df07d2fcdc: 9718 0100 | 000f 83bc | 0800 0049 | 8997 0801 | 0000 0f18 | 8200 0100 | 0049 c703 | 0100 0000 
  0x000001df07d2fcfc: 0f18 8240 

  0x000001df07d2fd00: ;   {metadata({type array byte})}
  0x000001df07d2fd00: 0100 0041 | c743 0828 | 6700 0041 | 894b 0c0f | 1882 8001 | 0000 498b | d348 83c2 | 1049 c1e9 
  0x000001df07d2fd20: 0349 8bf3 | 85ed 0f84 | 8c0a 0000 | 3be9 0f8c | 5c05 0000 | 498b eb49 | 83c0 f049 | c1e8 0348 
  0x000001df07d2fd40: 8bcf c5f8 | 7749 ba60 | 8656 07df | 0100 0041 | ffd2 4c8b | dd41 807f | 3800 7500 | 4189 7514 
  0x000001df07d2fd60: 4d8b d34d | 8bdd 4d33 | d349 c1ea | 144d 85d2 | 741a 49c1 | eb09 48b9 | 0000 eb7e | df01 0000 
  0x000001df07d2fd80: 4903 cb80 | 3904 0f85 | cb05 0000 | 4588 6510 

  0x000001df07d2fd90: ; implicit exception: dispatches to 0x000001df07d30cb0
  0x000001df07d2fd90: 418b 6e14 | 85ed 0f85 | 740c 0000 | 418b 6e10 | 85ed 0f85 | 9c0c 0000 | 448b 532c | 4585 d20f 
  0x000001df07d2fdb0: 8465 0900 | 0048 895c | 2420 498b | d2bf 0100 

  0x000001df07d2fdc0: ;   {oop(a 'java/security/cert/Certificate'[0] {0x00000000805d2530})}
  0x000001df07d2fdc0: 0000 49b9 | 3025 5d80 | 0000 0000 | 4d8b c548 | 8bac 2488 | 0000 0090 

  0x000001df07d2fdd8: ;   {optimized virtual_call}
  0x000001df07d2fdd8: c5f8 77e8 

  0x000001df07d2fddc: ; ImmutableOopMap {rbp=Oop [32]=Oop [40]=Oop [48]=Oop [64]=Oop [136]=Oop }
                      ;*invokevirtual putVal {reexecute=0 rethrow=0 return_oop=1}
                      ; - java.util.concurrent.ConcurrentHashMap::putIfAbsent@4 (line 1541)
                      ; - java.lang.ClassLoader::checkCerts@62 (line 1161)
                      ; - java.lang.ClassLoader::preDefineClass@113 (line 907)
                      ; - java.lang.ClassLoader::defineClass@4 (line 1015)
  0x000001df07d2fddc: 8025 1300 | 4885 c074 | 1c44 8b50 

  0x000001df07d2fde8: ;   {metadata('java/security/cert/Certificate'[])}
  0x000001df07d2fde8: 0841 81fa | a029 1200 | 0f85 ea0d | 0000 8b68 | 0c85 ed0f | 87db 0c00 | 004c 8b54 | 2440 458b 
  0x000001df07d2fe08: 4210 418b | 680c 448b | 5d38 4585 | db0f 8411 | 0900 0049 | 8bd3 4c8b | c566 6690 

  0x000001df07d2fe24: ;   {optimized virtual_call}
  0x000001df07d2fe24: c5f8 77e8 

  0x000001df07d2fe28: ; ImmutableOopMap {[40]=Oop [48]=Oop [64]=Oop [136]=Oop }
                      ;*invokevirtual toExternalForm {reexecute=0 rethrow=0 return_oop=1}
                      ; - java.net.URL::toExternalForm@5 (line 1039)
                      ; - java.net.URL::toString@1 (line 1025)
                      ; - java.lang.ClassLoader::defineClassSourceLocation@22 (line 917)
                      ; - java.lang.ClassLoader::defineClass@12 (line 1016)
  0x000001df07d2fe28: f457 f8ff | 488b 5424 | 284c 8b84 | 2488 0000 | 004c 8b4c | 2430 8b7c | 2438 8b74 | 243c 488b 
  0x000001df07d2fe48: 4c24 4048 | 8904 2490 

  0x000001df07d2fe50: ;   {static_call}
  0x000001df07d2fe50: c5f8 77e8 

  0x000001df07d2fe54: ; ImmutableOopMap {[40]=Oop [64]=Oop }
                      ;*invokestatic defineClass1 {reexecute=0 rethrow=0 return_oop=1}
                      ; - java.lang.ClassLoader::defineClass@27 (line 1017)
  0x000001df07d2fe54: 088c dfff | 4889 4424 | 3044 8b58 | 3c45 85db | 7408 4d8b | c3e9 5903 | 0000 4c8b | 5010 458b 
  0x000001df07d2fe74: 4208 4585 | c00f 8c1d | 0a00 0044 | 8b58 2c45 | 85db 7524 | 488b d048 | 8944 2420 

  0x000001df07d2fe90: ;   {optimized virtual_call}
  0x000001df07d2fe90: c5f8 77e8 

  0x000001df07d2fe94: ; ImmutableOopMap {[32]=Oop [40]=Oop [48]=Oop [64]=Oop }
                      ;*invokevirtual initClassName {reexecute=0 rethrow=0 return_oop=1}
                      ; - java.lang.Class::getName@14 (line 865)
                      ; - java.lang.Class::getPackageName@40 (line 1084)
                      ; - java.lang.ClassLoader::postDefineClass@2 (line 924)
                      ; - java.lang.ClassLoader::defineClass@37 (line 1018)
  0x000001df07d2fe94: c89e deff | 4885 c075 | 12ba f6ff | ffff 6690 

  0x000001df07d2fea4: ;   {runtime_call UncommonTrapBlob}
  0x000001df07d2fea4: c5f8 77e8 

  0x000001df07d2fea8: ; ImmutableOopMap {}
                      ;*invokevirtual lastIndexOf {reexecute=0 rethrow=0 return_oop=0}
                      ; - java.lang.Class::getPackageName@47 (line 1085)
                      ; - java.lang.ClassLoader::postDefineClass@2 (line 924)
                      ; - java.lang.ClassLoader::defineClass@37 (line 1018)
  0x000001df07d2fea8: 546a 85ff | 498b c344 | 8b40 1445 | 8b48 0c0f | be48 1045 | 8bd1 41d3 | fa41 8bda | ffcb 85c9 
  0x000001df07d2fec8: 0f85 760c | 0000 4d8b | d84c 895c | 2460 418b | c9ff c93b | d90f 4ccb | 85c9 0f8c | 8903 0000 
  0x000001df07d2fee8: 4585 c90f | 868f 0900 | 0041 3bc9 | 0f83 8609 | 0000 85c9 | 0f8e b609 | 0000 448b | d941 ffcb 
  0x000001df07d2ff08: ;   {oop(""{0x00000000805eacd8})}
  0x000001df07d2ff08: 48bb d8ac | 5e80 0000 | 0000 48bd | 0000 eb7e | df01 0000 | 410f be54 | 0810 83fa | 2e0f 8410 
  0x000001df07d2ff28: 0300 00ff | c941 3bcb | 7fea 83f9 | 020f 8e83 | 0000 008b | f183 c6fe | 33ff 83f9 | 020f 4cf7 
  0x000001df07d2ff48: 81fe a00f | 0000 41bb | a00f 0000 | 410f 47f3 | 8bd1 2bd6 | 0f1f 4000 | 4863 f945 | 0fbe 5c38 
  0x000001df07d2ff68: 1041 83fb | 2e74 7445 | 0fbe 5c38 | 0f41 83fb | 2e74 6d44 | 8bd9 4183 | c3fe 430f | be74 1810 
  0x000001df07d2ff88: 83fe 2e74 | 6144 8bd9 | 4183 c3fd | 430f be7c | 1810 83ff | 2e74 4f83 | c1fc 3bca | 7fba 4d8b 
  0x000001df07d2ffa8: b758 0300 | 004c 8b5c 

  0x000001df07d2ffb0: ; ImmutableOopMap {r11=Oop r8=NarrowOop rbx=Oop rax=Oop [40]=Oop [48]=Oop [64]=Oop [96]=Oop }
                      ;*goto {reexecute=1 rethrow=0 return_oop=0}
                      ; - (reexecute) java.lang.StringLatin1::lastIndexOf@35 (line 294)
                      ; - java.lang.String::lastIndexOf@13 (line 2489)
                      ; - java.lang.String::lastIndexOf@8 (line 2451)
                      ; - java.lang.Class::getPackageName@47 (line 1085)
                      ; - java.lang.ClassLoader::postDefineClass@2 (line 924)
                      ; - java.lang.ClassLoader::defineClass@37 (line 1018)
                      ;   {poll}
  0x000001df07d2ffb0: 2430 4185 | 0683 f902 | 0f8f 7dff | ffff 83f9 | ff0f 8ebe | 0200 0090 | 410f be7c | 0810 83ff 
  0x000001df07d2ffd0: 2e0f 8401 | 0c00 00ff | c983 f9ff | 7fea e9a2 | 0200 0044 | 8bd9 eb06 | 448b d941 | ffcb 4183 
  0x000001df07d2fff0: fbff 0f84 | 8b01 0000 | 4585 db0f | 8c8b 0b00 | 0045 3bda | 0f8f a60b | 0000 453b | da0f 8420 
  0x000001df07d30010: 0200 0045 | 85db 0f84 | 3106 0000 | 498b 9f08 | 0100 004c | 8bd3 4983 | c218 4d3b | 9718 0100 
  0x000001df07d30030: 000f 8325 | 0600 004d | 8997 0801 | 0000 410f | 1882 0001 | 0000 48c7 | 0301 0000 

  0x000001df07d3004c: ;   {metadata('java/lang/String')}
  0x000001df07d3004c: 00c7 4308 | e0e9 0000 | 4489 630c | 4c89 6310 | 4181 fb00 | 0010 000f | 876b 0800 | 004d 63d3 
  0x000001df07d3006c: 453b cb41 | 8bcb 410f | 4cc9 443b | c90f 82c9 | 0800 0044 | 3bd9 0f82 | c008 0000 | 4983 c217 
  0x000001df07d3008c: 498b fa48 | 83e7 f841 | 81fb 0000 | 1000 0f87 | ff05 0000 | 4d8b af08 | 0100 004d | 8bcd 4c03 
  0x000001df07d300ac: cf4d 3b8f | 1801 0000 | 0f83 e505 | 0000 4d89 | 8f08 0100 | 0041 0f18 | 8100 0100 | 0049 c745 
  0x000001df07d300cc: 0001 0000 | 0041 0f18 | 8140 0100 

  0x000001df07d300d8: ;   {metadata({type array byte})}
  0x000001df07d300d8: 0041 c745 | 0828 6700 | 0045 895d | 0c41 0f18 | 8180 0100 | 004d 8bcd | 4983 c110 | 49c1 ea03 
  0x000001df07d300f8: 498b f585 | c90f 84d9 | 0700 0049 | 8d50 1041 | 3bcb 0f8c | 1603 0000 | 4883 c7f0 | 48c1 ef03 
  0x000001df07d30118: 488b ca49 | 8bd1 4c8b | c7c5 f877 | 49ba 6086 | 5607 df01 | 0000 41ff | d241 807f | 3800 7500 
  0x000001df07d30138: 8973 144d | 8bd5 4c8b | db4d 33d3 | 49c1 ea14 | 4d85 d274 | 1a49 c1eb | 0948 b900 | 00eb 7edf 
  0x000001df07d30158: 0100 0049 | 03cb 8039 | 040f 8558 | 0300 0044 | 8863 1048 | 8bd3 4c8b | 5424 304c | 8954 2420 
  0x000001df07d30178: ;   {optimized virtual_call}
  0x000001df07d30178: c5f8 77e8 

  0x000001df07d3017c: ; ImmutableOopMap {[32]=Oop [40]=Oop [48]=Oop [64]=Oop }
                      ;*invokevirtual intern {reexecute=0 rethrow=0 return_oop=1}
                      ; - java.lang.Class::getPackageName@65 (line 1086)
                      ; - java.lang.ClassLoader::postDefineClass@2 (line 924)
                      ; - java.lang.ClassLoader::defineClass@37 (line 1018)
  0x000001df07d3017c: e038 dbff | 488b d841 | 807f 3800 | 0f85 1202 | 0000 4c8b | 5424 304c | 8bc3 4c8b | 5c24 3045 
  0x000001df07d3019c: 8943 3c4c | 8bdb 4d33 | da49 c1eb | 144d 85db | 7416 4885 | db74 1149 | c1ea 0949 | 03ea 807d 
  0x000001df07d301bc: 0004 0f85 | 1402 0000 | 4c8b c34c | 8b54 2430 | 458b 5a30 | 4d8b cb48 | 8b54 2428 

  0x000001df07d301d8: ;   {optimized virtual_call}
  0x000001df07d301d8: c5f8 77e8 

  0x000001df07d301dc: ; ImmutableOopMap {[40]=Oop [48]=Oop [64]=Oop }
                      ;*invokevirtual getNamedPackage {reexecute=0 rethrow=0 return_oop=1}
                      ; - java.lang.ClassLoader::postDefineClass@9 (line 924)
                      ; - java.lang.ClassLoader::defineClass@37 (line 1018)
  0x000001df07d301dc: 40b1 fdff | 4c8b 5424 | 4045 8b4a | 1041 8b69 | 1485 ed0f | 8583 0800 | 0041 8b69 | 1085 ed0f 
  0x000001df07d301fc: 858b 0800 | 0048 8b44 | 2430 c5f8 | 7748 81c4 | b000 0000 

  0x000001df07d30210: ;   {poll_return}
  0x000001df07d30210: 5d49 3ba7 | 5003 0000 | 0f87 9e0b | 0000 c34c | 8bac 2488 | 0000 00e9 | 64fb ffff | 8bcf e9ed 
  0x000001df07d30230: f9ff ff48 | 8bd8 e930 | ffff ff44 | 8bd9 e9ab | fdff ffc4 | c1f9 7ecb | 83ff ff7e | 1a66 6690 
  0x000001df07d30250: 450f be44 | 3a10 4183 | f82e 0f84 | a008 0000 | ffcf 83ff | ff7f e9b9 | ffff ffff | e9af f9ff 
  0x000001df07d30270: ;   {oop(""{0x00000000805eacd8})}
  0x000001df07d30270: ff48 bbd8 | ac5e 8000 | 0000 0048 | bd00 00eb | 7edf 0100 | 0041 bbff | ffff ffe9 | 5efd ffff 
  0x000001df07d30290: c4e1 f96e | c24c 896c | 2450 4489 | 7424 4848 | 895c 2420 | 4c8b d74c | 63c5 498b | c848 83c1 
  0x000001df07d302b0: 1048 8bd1 | 4883 e2f8 | 498b fb48 | 03fa 498b | eb48 c1e9 | 034c 2bc9 | 498b c948 | 33c0 4883 
  0x000001df07d302d0: f908 7f10 | 48ff c978 | 4f48 8904 | cf48 ffc9 | 7df7 eb44 | c5f5 efc9 | e90d 0000 | 00c5 fe7f 
  0x000001df07d302f0: 0fc5 fe7f | 4f20 4883 | c740 4883 | e908 7ded | 4883 c104 | 7c0c c5fe | 7f0f 4883 | c720 4883 
  0x000001df07d30310: e904 4883 | c104 7e10 | 48ff c9c5 | f9d6 0f48 | 83c7 0848 | ffc9 7df3 | 498b cac4 | e1f9 7ec2 
  0x000001df07d30330: c5f8 7749 | ba60 7f56 | 07df 0100 | 0041 ffd2 | 488b 5c24 | 2044 8b74 | 2448 4c8b | 6c24 504c 
  0x000001df07d30350: 8bdd e9fe | f9ff ff4d | 8b57 404d | 8b5f 50f0 | 8344 24c0 | 0080 3900 | 0f84 1efa | ffff 4488 
  0x000001df07d30370: 214d 85d2 | 7518 498b | d7c5 f877 | 49ba a0cf | c797 fb7f | 0000 41ff | d2e9 fef9 | ffff 4b89 
  0x000001df07d30390: 4c13 f849 | 83c2 f84d | 8957 40e9 | ecf9 ffff | 4c8b 5424 | 3045 8b52 | 3c45 85d2 | 0f84 dcfd 
  0x000001df07d303b0: ffff 4d8b | 5f20 498b | ca4d 85db | 0f84 b207 | 0000 4d8b | 5730 4b89 | 4c1a f849 | 83c3 f84d 
  0x000001df07d303d0: 895f 20e9 | b6fd ffff | 4d8b 5740 | 4d8b 5f50 | f083 4424 | c000 807d | 0000 0f84 | d4fd ffff 
  0x000001df07d303f0: 4488 6500 | 4d85 d275 | 1b48 8bcd | 498b d7c5 | f877 49ba | a0cf c797 | fb7f 0000 | 41ff d2e9 
  0x000001df07d30410: b0fd ffff | 4b89 6c13 | f849 83c2 | f84d 8957 | 40e9 9efd | ffff 4c63 | c14d 8bd8 | 4983 c310 
  0x000001df07d30430: 498b cb48 | 83e1 f849 | 8bfd 4803 | f949 c1eb | 034d 2bd3 | 498b ca48 | 33c0 4883 | f908 7f10 
  0x000001df07d30450: 48ff c978 | 4f48 8904 | cf48 ffc9 | 7df7 eb44 | c5fd efc0 | e90d 0000 | 00c5 fe7f | 07c5 fe7f 
  0x000001df07d30470: 4720 4883 | c740 4883 | e908 7ded | 4883 c104 | 7c0c c5fe | 7f07 4883 | c720 4883 | e904 4883 
  0x000001df07d30490: c104 7e10 | 48ff c9c5 | f9d6 0748 | 83c7 0848 | ffc9 7df3 | 488b ca49 | 8bd1 c5f8 | 7749 ba60 
  0x000001df07d304b0: 7f56 07df | 0100 0041 | ffd2 e972 | fcff ff4d | 8b57 404d | 8b5f 50f0 | 8344 24c0 | 0080 3900 
  0x000001df07d304d0: 0f84 91fc | ffff 4488 | 214d 85d2 | 7518 498b | d7c5 f877 | 49ba a0cf | c797 fb7f | 0000 41ff 
  0x000001df07d304f0: d2e9 71fc | ffff 4b89 | 4c13 f849 | 83c2 f84d | 8957 40e9 | 5ffc ffff 

  0x000001df07d30508: ;   {oop(""{0x00000000805eacd8})}
  0x000001df07d30508: 49bd d8ac | 5e80 0000 | 0000 e979 

  0x000001df07d30514: ;   {oop(""{0x00000000805eacd8})}
  0x000001df07d30514: f8ff ff49 | bdd8 ac5e | 8000 0000 | 00e9 6af8 | ffff 894c | 246c 4489 | 7424 6848 | 895c 2460 
  0x000001df07d30534: 4c89 5c24 | 58c5 fb11 | 4424 5089 | 7424 4c44 | 8954 2448 | 4c8b 5424 | 284c 8954 | 2420 488b 
  0x000001df07d30554: ac24 8800 

  0x000001df07d30558: ;   {metadata('java/lang/String')}
  0x000001df07d30558: 0000 48ba | e0e9 0016 | df01 0000 

  0x000001df07d30564: ;   {runtime_call _new_instance_Java}
  0x000001df07d30564: c5f8 77e8 

  0x000001df07d30568: ; ImmutableOopMap {rbp=Oop [32]=Oop [48]=Oop [64]=Oop [72]=NarrowOop [80]=Oop [88]=Derived_oop_[80] [96]=Oop [104]=NarrowOop [136]=Oop }
                      ;*new {reexecute=0 rethrow=0 return_oop=1}
                      ; - java.lang.StringLatin1::newString@7 (line 769)
                      ; - java.lang.String::substring@41 (line 2714)
                      ; - java.lang.ClassLoader::checkCerts@21 (line 1154)
                      ; - java.lang.ClassLoader::preDefineClass@113 (line 907)
                      ; - java.lang.ClassLoader::defineClass@4 (line 1015)
  0x000001df07d30568: 94da 8fff | 4c8b 5424 | 204c 8954 | 2428 448b | 5424 488b | 7424 4cc5 | fb10 4424 | 504c 8b44 
  0x000001df07d30588: 2458 488b | 5c24 6044 | 8b74 2468 | 8b4c 246c | 4c8b e84d | 8bd8 e9ea | f6ff ff4c | 8bdf 4c89 
  0x000001df07d305a8: 8424 8000 | 0000 4c89 | 4c24 784c | 896c 2470 | 894c 2468 | 4489 7424 | 2448 895c | 2460 4c89 
  0x000001df07d305c8: 5c24 58c5 | fb11 4424 | 504c 8b5c | 2440 4c89 | 5c24 484c | 8b5c 2428 | 4c89 5c24 | 404c 8b9c 
  0x000001df07d305e8: 2488 0000 | 004c 895c 

  0x000001df07d305f0: ;   {metadata({type array byte})}
  0x000001df07d305f0: 2428 48ba | 2867 0016 | df01 0000 | 4489 5424 | 2044 8bc1 

  0x000001df07d30604: ;   {runtime_call _new_array_nozero_Java}
  0x000001df07d30604: c5f8 77e8 

  0x000001df07d30608: ; ImmutableOopMap {[32]=NarrowOop [36]=NarrowOop [40]=Oop [48]=Oop [64]=Oop [72]=Oop [80]=Oop [88]=Derived_oop_[80] [96]=Oop [112]=Oop [136]=Oop }
                      ;*newarray {reexecute=0 rethrow=0 return_oop=1}
                      ; - java.util.Arrays::copyOfRange@41 (line 3822)
                      ; - java.lang.StringLatin1::newString@16 (line 769)
                      ; - java.lang.String::substring@41 (line 2714)
                      ; - java.lang.ClassLoader::checkCerts@21 (line 1154)
                      ; - java.lang.ClassLoader::preDefineClass@113 (line 907)
                      ; - java.lang.ClassLoader::defineClass@4 (line 1015)
  0x000001df07d30608: 74b6 8fff | 4c8b 5c24 | 404c 895c | 2428 4c8b | 5c24 484c | 895c 2440 | 488b 7c24 | 5848 8b5c 
  0x000001df07d30628: 2460 448b | 7424 248b | 4c24 684c | 8b6c 2470 | 4c8b 4c24 | 784c 8b84 | 2480 0000 | 004c 8bd8 
  0x000001df07d30648: e9c9 f6ff 

  0x000001df07d3064c: ;   {oop(""{0x00000000805eacd8})}
  0x000001df07d3064c: ff48 bbd8 | ac5e 8000 | 0000 00e9 | 0ffb ffff | 4489 5c24 | 4844 894c | 243c 4489 | 4424 384c 
  0x000001df07d3066c: 8b54 2430 | 4c89 5424 

  0x000001df07d30674: ;   {metadata('java/lang/String')}
  0x000001df07d30674: 2048 bae0 | e900 16df | 0100 0090 

  0x000001df07d30680: ;   {runtime_call _new_instance_Java}
  0x000001df07d30680: c5f8 77e8 

  0x000001df07d30684: ; ImmutableOopMap {[32]=Oop [40]=Oop [48]=Oop [56]=NarrowOop [64]=Oop [96]=Oop }
                      ;*new {reexecute=0 rethrow=0 return_oop=1}
                      ; - java.lang.StringLatin1::newString@7 (line 769)
                      ; - java.lang.String::substring@41 (line 2714)
                      ; - java.lang.Class::getPackageName@62 (line 1086)
                      ; - java.lang.ClassLoader::postDefineClass@2 (line 924)
                      ; - java.lang.ClassLoader::defineClass@37 (line 1018)
  0x000001df07d30684: 78d9 8fff | 448b 4424 | 3844 8b4c | 243c 448b | 5c24 4848 | 8bd8 e9bd | f9ff ff89 | 8c24 8000 
  0x000001df07d306a4: 0000 48ff | 7424 6048 | 8f44 2478 | 4889 7c24 | 584c 8954 | 2450 4889 | 5c24 4844 | 895c 243c 
  0x000001df07d306c4: 4489 4424 | 384c 8b54 | 2430 4c89 

  0x000001df07d306d0: ;   {metadata({type array byte})}
  0x000001df07d306d0: 5424 2048 | ba28 6700 | 16df 0100 | 0045 8bc3 

  0x000001df07d306e0: ;   {runtime_call _new_array_nozero_Java}
  0x000001df07d306e0: c5f8 77e8 

  0x000001df07d306e4: ; ImmutableOopMap {[32]=Oop [40]=Oop [48]=Oop [56]=NarrowOop [64]=Oop [72]=Oop [120]=Oop }
                      ;*newarray {reexecute=0 rethrow=0 return_oop=1}
                      ; - java.util.Arrays::copyOfRange@41 (line 3822)
                      ; - java.lang.StringLatin1::newString@16 (line 769)
                      ; - java.lang.String::substring@41 (line 2714)
                      ; - java.lang.Class::getPackageName@62 (line 1086)
                      ; - java.lang.ClassLoader::postDefineClass@2 (line 924)
                      ; - java.lang.ClassLoader::defineClass@37 (line 1018)
  0x000001df07d306e4: 98b5 8fff | 448b 4424 | 3844 8b5c | 243c 488b | 5c24 484c | 8b54 2450 | 488b 7c24 | 584c 8be8 
  0x000001df07d30704: 48ff 7424 | 7848 8f44 | 2460 8b8c | 2480 0000 | 00e9 d3f9 | ffff baf6 | ffff ff49 | 8bed 6690 
  0x000001df07d30724: ;   {runtime_call UncommonTrapBlob}
  0x000001df07d30724: c5f8 77e8 

  0x000001df07d30728: ; ImmutableOopMap {rbp=Oop }
                      ;*invokevirtual putIfAbsent {reexecute=0 rethrow=0 return_oop=0}
                      ; - java.lang.ClassLoader::checkCerts@62 (line 1161)
                      ; - java.lang.ClassLoader::preDefineClass@113 (line 907)
                      ; - java.lang.ClassLoader::defineClass@4 (line 1015)
  0x000001df07d30728: d461 85ff | baf6 ffff | ff66 6690 

  0x000001df07d30734: ;   {runtime_call UncommonTrapBlob}
  0x000001df07d30734: c5f8 77e8 

  0x000001df07d30738: ; ImmutableOopMap {rbp=NarrowOop }
                      ;*invokevirtual toExternalForm {reexecute=0 rethrow=0 return_oop=0}
                      ; - java.net.URL::toExternalForm@5 (line 1039)
                      ; - java.net.URL::toString@1 (line 1025)
                      ; - java.lang.ClassLoader::defineClassSourceLocation@22 (line 917)
                      ; - java.lang.ClassLoader::defineClass@12 (line 1016)
  0x000001df07d30738: c461 85ff | ba76 ffff | ff41 8bea | 897c 2424 | 4c8b 9424 | 8800 0000 | 4889 5c24 | 504c 8954 
  0x000001df07d30758: 2458 4489 | 7424 6090 

  0x000001df07d30760: ;   {runtime_call UncommonTrapBlob}
  0x000001df07d30760: c5f8 77e8 

  0x000001df07d30764: ; ImmutableOopMap {rbp=NarrowOop [40]=Oop [48]=Oop [64]=Oop [80]=Oop [88]=Oop [96]=NarrowOop [136]=Oop }
                      ;*iflt {reexecute=1 rethrow=0 return_oop=0}
                      ; - (reexecute) java.lang.StringLatin1::lastIndexOf@19 (line 294)
                      ; - java.lang.String::lastIndexOf@13 (line 2489)
                      ; - java.lang.String::lastIndexOf@8 (line 2451)
                      ; - java.lang.ClassLoader::checkCerts@3 (line 1153)
                      ; - java.lang.ClassLoader::preDefineClass@113 (line 907)
                      ; - java.lang.ClassLoader::defineClass@4 (line 1015)
  0x000001df07d30764: 9861 85ff | ba45 ffff | ff48 8b6c | 2428 4c89 | 4424 484c | 8944 2450 

  0x000001df07d3077c: ;   {runtime_call UncommonTrapBlob}
  0x000001df07d3077c: c5f8 77e8 

  0x000001df07d30780: ; ImmutableOopMap {rbp=Oop [48]=Oop [64]=Oop [72]=Oop [80]=Oop }
                      ;*ifeq {reexecute=1 rethrow=0 return_oop=0}
                      ; - (reexecute) java.lang.ClassLoader::checkName@8 (line 1145)
                      ; - java.lang.ClassLoader::preDefineClass@1 (line 890)
                      ; - java.lang.ClassLoader::defineClass@4 (line 1015)
  0x000001df07d30780: 7c61 85ff | ba6e ffff | ff41 8bea | 897c 2424 | 4c8b 9424 | 8800 0000 | 4889 5c24 | 504c 8954 
  0x000001df07d307a0: 2458 4489 | 7424 6090 

  0x000001df07d307a8: ;   {runtime_call UncommonTrapBlob}
  0x000001df07d307a8: c5f8 77e8 

  0x000001df07d307ac: ; ImmutableOopMap {rbp=NarrowOop [40]=Oop [48]=Oop [64]=Oop [80]=Oop [88]=Oop [96]=NarrowOop [136]=Oop }
                      ;*iflt {reexecute=1 rethrow=0 return_oop=0}
                      ; - (reexecute) java.lang.StringLatin1::lastIndexOf@19 (line 294)
                      ; - java.lang.String::lastIndexOf@13 (line 2489)
                      ; - java.lang.String::lastIndexOf@8 (line 2451)
                      ; - java.lang.ClassLoader::checkCerts@3 (line 1153)
                      ; - java.lang.ClassLoader::preDefineClass@113 (line 907)
                      ; - java.lang.ClassLoader::defineClass@4 (line 1015)
  0x000001df07d307ac: 5061 85ff | 4c63 c9e9 | e4f4 ffff | 4983 c1fe | 498b c948 | 8bfa 4833 | c048 83f9 | 087f 1048 
  0x000001df07d307cc: ffc9 784f | 4889 04cf | 48ff c97d | f7eb 44c5 | fdef c0e9 | 0d00 0000 | c5fe 7f07 | c5fe 7f47 
  0x000001df07d307ec: 2048 83c7 | 4048 83e9 | 087d ed48 | 83c1 047c | 0cc5 fe7f | 0748 83c7 | 2048 83e9 | 0448 83c1 
  0x000001df07d3080c: 047e 1048 | ffc9 c5f9 | d607 4883 | c708 48ff | c97d f3e9 | 31f5 ffff | bacc ffff | ff41 8bea 
  0x000001df07d3082c: 894c 2424 | 4c8b 9424 | 8800 0000 | 4889 5c24 | 504c 8954 | 2458 4489 | 7424 604c | 896c 2470 
  0x000001df07d3084c: ;   {runtime_call UncommonTrapBlob}
  0x000001df07d3084c: c5f8 77e8 

  0x000001df07d30850: ; ImmutableOopMap {rbp=NarrowOop [40]=Oop [48]=Oop [64]=Oop [80]=Oop [88]=Oop [96]=NarrowOop [112]=Oop [136]=Oop }
                      ;*newarray {reexecute=1 rethrow=0 return_oop=0}
                      ; - (reexecute) java.util.Arrays::copyOfRange@41 (line 3822)
                      ; - java.lang.StringLatin1::newString@16 (line 769)
                      ; - java.lang.String::substring@41 (line 2714)
                      ; - java.lang.ClassLoader::checkCerts@21 (line 1154)
                      ; - java.lang.ClassLoader::preDefineClass@113 (line 907)
                      ; - java.lang.ClassLoader::defineClass@4 (line 1015)
  0x000001df07d30850: ac60 85ff | bae4 ffff | ff44 8954 | 2420 4c8b | 9424 8800 | 0000 4c89 | 5424 4844 | 8b54 2438 
  0x000001df07d30870: 4489 5424 | 2466 6690 

  0x000001df07d30878: ;   {runtime_call UncommonTrapBlob}
  0x000001df07d30878: c5f8 77e8 

  0x000001df07d3087c: ; ImmutableOopMap {[32]=NarrowOop [40]=Oop [48]=Oop [64]=Oop [72]=Oop }
                      ;*baload {reexecute=0 rethrow=0 return_oop=0}
                      ; - java.lang.String::startsWith@80 (line 2270)
                      ; - java.lang.String::startsWith@3 (line 2302)
                      ; - java.lang.ClassLoader::preDefineClass@43 (line 896)
                      ; - java.lang.ClassLoader::defineClass@4 (line 1015)
  0x000001df07d3087c: 8060 85ff | ba76 ffff | ff41 8be8 | 894c 2424 | 4889 4424 | 5866 6690 

  0x000001df07d30894: ;   {runtime_call UncommonTrapBlob}
  0x000001df07d30894: c5f8 77e8 

  0x000001df07d30898: ; ImmutableOopMap {rbp=NarrowOop [40]=Oop [48]=Oop [64]=Oop [88]=Oop }
                      ;*iflt {reexecute=1 rethrow=0 return_oop=0}
                      ; - (reexecute) java.lang.StringLatin1::lastIndexOf@19 (line 294)
                      ; - java.lang.String::lastIndexOf@13 (line 2489)
                      ; - java.lang.String::lastIndexOf@8 (line 2451)
                      ; - java.lang.Class::getPackageName@47 (line 1085)
                      ; - java.lang.ClassLoader::postDefineClass@2 (line 924)
                      ; - java.lang.ClassLoader::defineClass@37 (line 1018)
  0x000001df07d30898: 6460 85ff | ba45 ffff | ff4c 8b54 | 2440 4c89 | 5424 3848 | 8944 2440 

  0x000001df07d308b0: ;   {runtime_call UncommonTrapBlob}
  0x000001df07d308b0: c5f8 77e8 

  0x000001df07d308b4: ; ImmutableOopMap {[40]=Oop [48]=Oop [56]=Oop [64]=Oop }
                      ;*ifeq {reexecute=1 rethrow=0 return_oop=0}
                      ; - (reexecute) java.lang.Class::getPackageName@13 (line 1080)
                      ; - java.lang.ClassLoader::postDefineClass@2 (line 924)
                      ; - java.lang.ClassLoader::defineClass@37 (line 1018)
  0x000001df07d308b4: 4860 85ff | ba6e ffff | ff41 8be8 | 894c 2424 | 4889 4424 | 5866 6690 

  0x000001df07d308cc: ;   {runtime_call UncommonTrapBlob}
  0x000001df07d308cc: c5f8 77e8 

  0x000001df07d308d0: ; ImmutableOopMap {rbp=NarrowOop [40]=Oop [48]=Oop [64]=Oop [88]=Oop }
                      ;*iflt {reexecute=1 rethrow=0 return_oop=0}
                      ; - (reexecute) java.lang.StringLatin1::lastIndexOf@19 (line 294)
                      ; - java.lang.String::lastIndexOf@13 (line 2489)
                      ; - java.lang.String::lastIndexOf@8 (line 2451)
                      ; - java.lang.Class::getPackageName@47 (line 1085)
                      ; - java.lang.ClassLoader::postDefineClass@2 (line 924)
                      ; - java.lang.ClassLoader::defineClass@37 (line 1018)
  0x000001df07d308d0: 2c60 85ff | 4d63 d3e9 | 90f7 ffff | 4983 c2fe | 498b ca49 | 8bf9 4833 | c048 83f9 | 087f 1048 
  0x000001df07d308f0: ffc9 784f | 4889 04cf | 48ff c97d | f7eb 44c5 | fdef c0e9 | 0d00 0000 | c5fe 7f07 | c5fe 7f47 
  0x000001df07d30910: 2048 83c7 | 4048 83e9 | 087d ed48 | 83c1 047c | 0cc5 fe7f | 0748 83c7 | 2048 83e9 | 0448 83c1 
  0x000001df07d30930: 047e 1048 | ffc9 c5f9 | d607 4883 | c708 48ff | c97d f3e9 | e9f7 ffff | bacc ffff | ff41 8be8 
  0x000001df07d30950: 4489 5c24 | 2448 895c | 2460 6690 

  0x000001df07d3095c: ;   {runtime_call UncommonTrapBlob}
  0x000001df07d3095c: c5f8 77e8 

  0x000001df07d30960: ; ImmutableOopMap {rbp=NarrowOop [40]=Oop [48]=Oop [64]=Oop [96]=Oop }
                      ;*newarray {reexecute=1 rethrow=0 return_oop=0}
                      ; - (reexecute) java.util.Arrays::copyOfRange@41 (line 3822)
                      ; - java.lang.StringLatin1::newString@16 (line 769)
                      ; - java.lang.String::substring@41 (line 2714)
                      ; - java.lang.Class::getPackageName@62 (line 1086)
                      ; - java.lang.ClassLoader::postDefineClass@2 (line 924)
                      ; - java.lang.ClassLoader::defineClass@37 (line 1018)
  0x000001df07d30960: 9c5f 85ff | 4585 c040 | 0f95 c540 | 0fb6 ed83 | f501 ba45 | ffff ff4c | 8b94 2488 | 0000 004c 
  0x000001df07d30980: 8954 2450 | 4c89 5424 | 5866 6690 

  0x000001df07d3098c: ;   {runtime_call UncommonTrapBlob}
  0x000001df07d3098c: c5f8 77e8 

  0x000001df07d30990: ; ImmutableOopMap {[40]=Oop [48]=Oop [64]=Oop [80]=Oop [88]=Oop }
                      ;*ifeq {reexecute=1 rethrow=0 return_oop=0}
                      ; - (reexecute) java.lang.String::indexOf@4 (line 2423)
                      ; - java.lang.String::indexOf@3 (line 2380)
                      ; - java.lang.ClassLoader::checkName@16 (line 1147)
                      ; - java.lang.ClassLoader::preDefineClass@1 (line 890)
                      ; - java.lang.ClassLoader::defineClass@4 (line 1015)
  0x000001df07d30990: 6c5f 85ff | ba45 ffff | ff48 8b6c | 2428 4c8b | 9424 8800 | 0000 4c89 | 5424 484c | 8954 2450 
  0x000001df07d309b0: 895c 2458 

  0x000001df07d309b4: ;   {runtime_call UncommonTrapBlob}
  0x000001df07d309b4: c5f8 77e8 

  0x000001df07d309b8: ; ImmutableOopMap {rbp=Oop [48]=Oop [64]=Oop [72]=Oop [80]=Oop }
                      ;*if_icmpne {reexecute=1 rethrow=0 return_oop=0}
                      ; - (reexecute) java.lang.ClassLoader::checkName@20 (line 1147)
                      ; - java.lang.ClassLoader::preDefineClass@1 (line 890)
                      ; - java.lang.ClassLoader::defineClass@4 (line 1015)
  0x000001df07d309b8: 445f 85ff | ba45 ffff | ff89 4c24 | 2089 4c24 | 244c 8b94 | 2488 0000 | 0048 895c | 2450 4c89 
  0x000001df07d309d8: 5424 5844 | 8974 2460 | 4c89 5424 | 6844 894c | 2470 6690 

  0x000001df07d309ec: ;   {runtime_call UncommonTrapBlob}
  0x000001df07d309ec: c5f8 77e8 

  0x000001df07d309f0: ; ImmutableOopMap {[40]=Oop [48]=Oop [64]=Oop [80]=Oop [88]=Oop [96]=NarrowOop [104]=Oop }
                      ;*if_icmpgt {reexecute=1 rethrow=0 return_oop=0}
                      ; - (reexecute) java.lang.String::checkBoundsBeginEnd@6 (line 4605)
                      ; - java.lang.String::substring@8 (line 2709)
                      ; - java.lang.ClassLoader::checkCerts@21 (line 1154)
                      ; - java.lang.ClassLoader::preDefineClass@113 (line 907)
                      ; - java.lang.ClassLoader::defineClass@4 (line 1015)
  0x000001df07d309f0: 0c5f 85ff | ba45 ffff | ff4c 8b94 | 2488 0000 | 004c 8954 | 2450 6690 

  0x000001df07d30a08: ;   {runtime_call UncommonTrapBlob}
  0x000001df07d30a08: c5f8 77e8 

  0x000001df07d30a0c: ; ImmutableOopMap {[40]=Oop [48]=Oop [64]=Oop [80]=Oop [136]=Oop }
                      ;*if_icmpne {reexecute=1 rethrow=0 return_oop=0}
                      ; - (reexecute) java.lang.ClassLoader::checkName@30 (line 1147)
                      ; - java.lang.ClassLoader::preDefineClass@1 (line 890)
                      ; - java.lang.ClassLoader::defineClass@4 (line 1015)
  0x000001df07d30a0c: f05e 85ff | ba45 ffff | ff4c 8b54 | 2428 4c89 | 5424 204c | 8b94 2488 | 0000 0048 | 895c 2448 
  0x000001df07d30a2c: 4c89 5424 | 504c 896c | 2458 4489 | 7424 6090 

  0x000001df07d30a3c: ;   {runtime_call UncommonTrapBlob}
  0x000001df07d30a3c: c5f8 77e8 

  0x000001df07d30a40: ; ImmutableOopMap {rbp=NarrowOop [32]=Oop [48]=Oop [64]=Oop [72]=Oop [80]=Oop [88]=Oop [96]=NarrowOop [136]=Oop }
                      ;*ifnull {reexecute=1 rethrow=0 return_oop=0}
                      ; - (reexecute) java.security.CodeSource::getCertificates@4 (line 202)
                      ; - java.lang.ClassLoader::checkCerts@34 (line 1158)
                      ; - java.lang.ClassLoader::preDefineClass@113 (line 907)
                      ; - java.lang.ClassLoader::defineClass@4 (line 1015)
  0x000001df07d30a40: bc5e 85ff | ba45 ffff | ff4c 8b54 | 2428 4c89 | 5424 204c | 8b94 2488 | 0000 0048 | 895c 2448 
  0x000001df07d30a60: 4c89 5424 | 504c 896c | 2458 4489 | 7424 6090 

  0x000001df07d30a70: ;   {runtime_call UncommonTrapBlob}
  0x000001df07d30a70: c5f8 77e8 

  0x000001df07d30a74: ; ImmutableOopMap {rbp=NarrowOop [32]=Oop [48]=Oop [64]=Oop [72]=Oop [80]=Oop [88]=Oop [96]=NarrowOop [136]=Oop }
                      ;*ifnull {reexecute=1 rethrow=0 return_oop=0}
                      ; - (reexecute) java.security.CodeSource::getCertificates@22 (line 205)
                      ; - java.lang.ClassLoader::checkCerts@34 (line 1158)
                      ; - java.lang.ClassLoader::preDefineClass@113 (line 907)
                      ; - java.lang.ClassLoader::defineClass@4 (line 1015)
  0x000001df07d30a74: 885e 85ff | ba45 ffff | ff44 894c | 2438 6690 

  0x000001df07d30a84: ;   {runtime_call UncommonTrapBlob}
  0x000001df07d30a84: c5f8 77e8 

  0x000001df07d30a88: ; ImmutableOopMap {rbp=NarrowOop [40]=Oop [48]=Oop [56]=NarrowOop }
                      ;*ifnull {reexecute=1 rethrow=0 return_oop=0}
                      ; - (reexecute) java.security.CodeSource::getCertificates@4 (line 202)
                      ; - java.lang.ClassLoader::postDefineClass@24 (line 927)
                      ; - java.lang.ClassLoader::defineClass@37 (line 1018)
  0x000001df07d30a88: 745e 85ff | ba45 ffff | ff44 894c | 2438 6690 

  0x000001df07d30a98: ;   {runtime_call UncommonTrapBlob}
  0x000001df07d30a98: c5f8 77e8 

  0x000001df07d30a9c: ; ImmutableOopMap {rbp=NarrowOop [40]=Oop [48]=Oop [56]=NarrowOop }
                      ;*ifnull {reexecute=1 rethrow=0 return_oop=0}
                      ; - (reexecute) java.security.CodeSource::getCertificates@22 (line 205)
                      ; - java.lang.ClassLoader::postDefineClass@24 (line 927)
                      ; - java.lang.ClassLoader::defineClass@37 (line 1018)
  0x000001df07d30a9c: 605e 85ff | ba45 ffff | ff89 4c24 | 2089 4c24 | 244c 8b94 | 2488 0000 | 0048 895c | 2450 4c89 
  0x000001df07d30abc: 5424 5844 | 8974 2460 | 4c89 5424 | 6844 894c | 2470 4489 | 4c24 7490 

  0x000001df07d30ad4: ;   {runtime_call UncommonTrapBlob}
  0x000001df07d30ad4: c5f8 77e8 

  0x000001df07d30ad8: ; ImmutableOopMap {[40]=Oop [48]=Oop [64]=Oop [80]=Oop [88]=Oop [96]=NarrowOop [104]=Oop }
                      ;*if_icmple {reexecute=1 rethrow=0 return_oop=0}
                      ; - (reexecute) java.lang.String::checkBoundsBeginEnd@11 (line 4605)
                      ; - java.lang.String::substring@8 (line 2709)
                      ; - java.lang.ClassLoader::checkCerts@21 (line 1154)
                      ; - java.lang.ClassLoader::preDefineClass@113 (line 907)
                      ; - java.lang.ClassLoader::defineClass@4 (line 1015)
  0x000001df07d30ad8: 245e 85ff | ba45 ffff | ff4c 8b54 | 2428 4c89 | 5424 204c | 8b94 2488 | 0000 004c | 8954 2448 
  0x000001df07d30af8: ;   {runtime_call UncommonTrapBlob}
  0x000001df07d30af8: c5f8 77e8 

  0x000001df07d30afc: ; ImmutableOopMap {[32]=Oop [48]=Oop [64]=Oop [72]=Oop [136]=Oop }
                      ;*ifne {reexecute=1 rethrow=0 return_oop=0}
                      ; - (reexecute) java.lang.ClassLoader::compareCerts@7 (line 1176)
                      ; - java.lang.ClassLoader::checkCerts@80 (line 1162)
                      ; - java.lang.ClassLoader::preDefineClass@113 (line 907)
                      ; - java.lang.ClassLoader::defineClass@4 (line 1015)
  0x000001df07d30afc: 005e 85ff | 8bcf e919 | f1ff ffba | 3701 0000 | 488b e94c | 8b94 2488 | 0000 004c | 8954 2420 
  0x000001df07d30b1c: 4c8b 5424 | 304c 8954 | 2428 448b | 5c24 3844 | 895c 2430 | 448b 5424 | 3c44 8954 | 2434 6690 
  0x000001df07d30b3c: ;   {runtime_call UncommonTrapBlob}
  0x000001df07d30b3c: c5f8 77e8 

  0x000001df07d30b40: ; ImmutableOopMap {rbp=Oop [32]=Oop [40]=Oop }
                      ;*new {reexecute=0 rethrow=0 return_oop=0}
                      ; - java.lang.ClassLoader::preDefineClass@56 (line 898)
                      ; - java.lang.ClassLoader::defineClass@4 (line 1015)
  0x000001df07d30b40: bc5d 85ff | 85c9 400f | 95c5 400f | b6ed 83f5 | 01ba 45ff | ffff 4c8b | 5424 304c | 8954 2420 
  0x000001df07d30b60: 4889 4424 | 5889 5c24 | 6066 6690 

  0x000001df07d30b6c: ;   {runtime_call UncommonTrapBlob}
  0x000001df07d30b6c: c5f8 77e8 

  0x000001df07d30b70: ; ImmutableOopMap {[32]=Oop [40]=Oop [64]=Oop [88]=Oop }
                      ;*ifeq {reexecute=1 rethrow=0 return_oop=0}
                      ; - (reexecute) java.lang.String::lastIndexOf@4 (line 2489)
                      ; - java.lang.String::lastIndexOf@8 (line 2451)
                      ; - java.lang.Class::getPackageName@47 (line 1085)
                      ; - java.lang.ClassLoader::postDefineClass@2 (line 924)
                      ; - java.lang.ClassLoader::defineClass@37 (line 1018)
  0x000001df07d30b70: 8c5d 85ff | 498b d7c5 | f877 49ba | c0cf c797 | fb7f 0000 | 41ff d2e9 | 02f6 ffff | ba45 ffff 
  0x000001df07d30b90: ff44 895c | 2420 4489 | 5c24 2448 | 8944 2458 | 4489 5424 | 6466 6690 

  0x000001df07d30ba8: ;   {runtime_call UncommonTrapBlob}
  0x000001df07d30ba8: c5f8 77e8 

  0x000001df07d30bac: ; ImmutableOopMap {[40]=Oop [48]=Oop [64]=Oop [88]=Oop }
                      ;*if_icmpgt {reexecute=1 rethrow=0 return_oop=0}
                      ; - (reexecute) java.lang.String::checkBoundsBeginEnd@6 (line 4605)
                      ; - java.lang.String::substring@8 (line 2709)
                      ; - java.lang.Class::getPackageName@62 (line 1086)
                      ; - java.lang.ClassLoader::postDefineClass@2 (line 924)
                      ; - java.lang.ClassLoader::defineClass@37 (line 1018)
  0x000001df07d30bac: 505d 85ff | ba45 ffff | ff44 895c | 2420 4489 | 5c24 2448 | 8944 2458 | 4489 5424 | 6444 8954 
  0x000001df07d30bcc: 2468 6690 

  0x000001df07d30bd0: ;   {runtime_call UncommonTrapBlob}
  0x000001df07d30bd0: c5f8 77e8 

  0x000001df07d30bd4: ; ImmutableOopMap {[40]=Oop [48]=Oop [64]=Oop [88]=Oop }
                      ;*if_icmple {reexecute=1 rethrow=0 return_oop=0}
                      ; - (reexecute) java.lang.String::checkBoundsBeginEnd@11 (line 4605)
                      ; - java.lang.String::substring@8 (line 2709)
                      ; - java.lang.Class::getPackageName@62 (line 1086)
                      ; - java.lang.ClassLoader::postDefineClass@2 (line 924)
                      ; - java.lang.ClassLoader::defineClass@37 (line 1018)
  0x000001df07d30bd4: 285d 85ff | 448b d9e9 | 0ef4 ffff | bade ffff | ff48 8b6c | 2428 4c8b | 9424 8800 | 0000 4c89 
  0x000001df07d30bf4: 5424 4848 | 8944 2450 

  0x000001df07d30bfc: ;   {runtime_call UncommonTrapBlob}
  0x000001df07d30bfc: c5f8 77e8 

  0x000001df07d30c00: ; ImmutableOopMap {rbp=Oop [32]=Oop [48]=Oop [64]=Oop [72]=Oop [80]=Oop [136]=Oop }
                      ;*checkcast {reexecute=0 rethrow=0 return_oop=0}
                      ; - java.lang.ClassLoader::checkCerts@65 (line 1161)
                      ; - java.lang.ClassLoader::preDefineClass@113 (line 907)
                      ; - java.lang.ClassLoader::defineClass@4 (line 1015)
  0x000001df07d30c00: fc5c 85ff | baf6 ffff | ff66 6690 

  0x000001df07d30c0c: ;   {runtime_call UncommonTrapBlob}
  0x000001df07d30c0c: c5f8 77e8 

  0x000001df07d30c10: ; ImmutableOopMap {}
                      ;*arraylength {reexecute=0 rethrow=0 return_oop=0}
                      ; - java.lang.String::isEmpty@4 (line 1494)
                      ; - java.lang.ClassLoader::checkName@5 (line 1145)
                      ; - java.lang.ClassLoader::preDefineClass@1 (line 890)
                      ; - java.lang.ClassLoader::defineClass@4 (line 1015)
  0x000001df07d30c10: ec5c 85ff | baf6 ffff | ff66 6690 

  0x000001df07d30c1c: ;   {runtime_call UncommonTrapBlob}
  0x000001df07d30c1c: c5f8 77e8 

  0x000001df07d30c20: ; ImmutableOopMap {}
                      ;*invokevirtual getPackageName {reexecute=0 rethrow=0 return_oop=0}
                      ; - java.lang.ClassLoader::postDefineClass@2 (line 924)
                      ; - java.lang.ClassLoader::defineClass@37 (line 1018)
  0x000001df07d30c20: dc5c 85ff | 4d85 d240 | 0f95 c540 | 0fb6 ed83 | f501 ba45 | ffff ff90 

  0x000001df07d30c38: ;   {runtime_call UncommonTrapBlob}
  0x000001df07d30c38: c5f8 77e8 

  0x000001df07d30c3c: ; ImmutableOopMap {[40]=Oop [48]=Oop [64]=Oop }
                      ;*ifeq {reexecute=1 rethrow=0 return_oop=0}
                      ; - (reexecute) java.lang.Class::getPackageName@29 (line 1081)
                      ; - java.lang.ClassLoader::postDefineClass@2 (line 924)
                      ; - java.lang.ClassLoader::defineClass@37 (line 1018)
  0x000001df07d30c3c: c05c 85ff | baf6 ffff | ff66 6690 

  0x000001df07d30c48: ;   {runtime_call UncommonTrapBlob}
  0x000001df07d30c48: c5f8 77e8 

  0x000001df07d30c4c: ; ImmutableOopMap {}
                      ;*arraylength {reexecute=0 rethrow=0 return_oop=0}
                      ; - java.lang.String::length@4 (line 1481)
                      ; - java.lang.String::lastIndexOf@3 (line 2451)
                      ; - java.lang.Class::getPackageName@47 (line 1085)
                      ; - java.lang.ClassLoader::postDefineClass@2 (line 924)
                      ; - java.lang.ClassLoader::defineClass@37 (line 1018)
  0x000001df07d30c4c: b05c 85ff | ba45 ffff | ff48 8b6c | 2428 4c89 | 4424 484c | 8944 2450 

  0x000001df07d30c64: ;   {runtime_call UncommonTrapBlob}
  0x000001df07d30c64: c5f8 77e8 

  0x000001df07d30c68: ; ImmutableOopMap {rbp=Oop [48]=Oop [64]=Oop [72]=Oop [80]=Oop }
                      ;*ifnull {reexecute=1 rethrow=0 return_oop=0}
                      ; - (reexecute) java.lang.ClassLoader::checkName@1 (line 1145)
                      ; - java.lang.ClassLoader::preDefineClass@1 (line 890)
                      ; - java.lang.ClassLoader::defineClass@4 (line 1015)
  0x000001df07d30c68: 945c 85ff | ba45 ffff | ff48 8b6c | 2428 4c8b | 9424 8800 | 0000 4c89 | 5424 204c | 8b54 2430 
  0x000001df07d30c88: 4c89 5424 | 2844 8b5c | 2438 4489 | 5c24 3044 | 8b54 243c | 4489 5424 | 3448 895c | 2438 6690 
  0x000001df07d30ca8: ;   {runtime_call UncommonTrapBlob}
  0x000001df07d30ca8: c5f8 77e8 

  0x000001df07d30cac: ; ImmutableOopMap {rbp=Oop [32]=Oop [40]=Oop [56]=Oop [64]=Oop }
                      ;*ifnonnull {reexecute=1 rethrow=0 return_oop=0}
                      ; - (reexecute) java.lang.ClassLoader::preDefineClass@95 (line 902)
                      ; - java.lang.ClassLoader::defineClass@4 (line 1015)
  0x000001df07d30cac: 505c 85ff | ba45 ffff | ff48 8b6c | 2428 4c8b | 9424 8800 | 0000 4c89 | 5424 204c | 8b54 2430 
  0x000001df07d30ccc: 4c89 5424 | 2844 8b5c | 2438 4489 | 5c24 3044 | 8b54 243c | 4489 5424 | 344c 8b54 | 2440 4c89 
  0x000001df07d30cec: 5424 3848 | 895c 2440 | 4c89 6c24 | 5844 8974 | 2454 6690 

  0x000001df07d30d00: ;   {runtime_call UncommonTrapBlob}
  0x000001df07d30d00: c5f8 77e8 

  0x000001df07d30d04: ; ImmutableOopMap {rbp=Oop [32]=Oop [40]=Oop [56]=Oop [64]=Oop [84]=NarrowOop [88]=Oop }
                      ;*ifnull {reexecute=1 rethrow=0 return_oop=0}
                      ; - (reexecute) java.lang.ClassLoader::checkCerts@30 (line 1157)
                      ; - java.lang.ClassLoader::preDefineClass@113 (line 907)
                      ; - java.lang.ClassLoader::defineClass@4 (line 1015)
  0x000001df07d30d04: f85b 85ff | ba45 ffff | ff48 8b6c | 2428 4c8b | 5c24 304c | 895c 2428 | 448b 4c24 | 3844 894c 
  0x000001df07d30d24: 2430 448b | 5c24 3c44 | 895c 2434 | 48ff 7424 | 4048 8f44 | 2438 4489 | 4424 4490 

  0x000001df07d30d40: ;   {runtime_call UncommonTrapBlob}
  0x000001df07d30d40: c5f8 77e8 

  0x000001df07d30d44: ; ImmutableOopMap {rbp=Oop [40]=Oop [56]=Oop [68]=NarrowOop [136]=Oop }
                      ;*ifnull {reexecute=1 rethrow=0 return_oop=0}
                      ; - (reexecute) java.lang.ClassLoader::defineClassSourceLocation@8 (line 916)
                      ; - java.lang.ClassLoader::defineClass@12 (line 1016)
  0x000001df07d30d44: b85b 85ff | ba45 ffff | ff4c 8b5c | 2428 4c89 | 5c24 2044 | 8944 2448 

  0x000001df07d30d5c: ;   {runtime_call UncommonTrapBlob}
  0x000001df07d30d5c: c5f8 77e8 

  0x000001df07d30d60: ; ImmutableOopMap {rbp=NarrowOop [32]=Oop [48]=Oop [64]=Oop [72]=NarrowOop [136]=Oop }
                      ;*ifnull {reexecute=1 rethrow=0 return_oop=0}
                      ; - (reexecute) java.lang.ClassLoader::defineClassSourceLocation@15 (line 916)
                      ; - java.lang.ClassLoader::defineClass@12 (line 1016)
  0x000001df07d30d60: 9c5b 85ff | ba45 ffff | ff48 8b6c | 2430 4c8b | 5c24 284c | 895c 2420 | 4489 4c24 | 3866 6690 
  0x000001df07d30d80: ;   {runtime_call UncommonTrapBlob}
  0x000001df07d30d80: c5f8 77e8 

  0x000001df07d30d84: ; ImmutableOopMap {rbp=Oop [32]=Oop [56]=NarrowOop [64]=Oop }
                      ;*ifnull {reexecute=1 rethrow=0 return_oop=0}
                      ; - (reexecute) java.lang.ClassLoader::postDefineClass@17 (line 926)
                      ; - java.lang.ClassLoader::defineClass@37 (line 1018)
  0x000001df07d30d84: 785b 85ff | eb10 eb0e | 488b d0eb | 1b48 8bd0 | eb16 eb02 | eb00 488b | d0eb 0d48 | 8bd0 eb08 
  0x000001df07d30da4: 488b d0eb | 0348 8bd0 | c5f8 7748 | 81c4 b000 

  0x000001df07d30db4: ;   {runtime_call _rethrow_Java}
  0x000001df07d30db4: 0000 5de9 | 44c1 8fff 

  0x000001df07d30dbc: ;   {internal_word}
  0x000001df07d30dbc: 49ba 1102 | d307 df01 | 0000 4d89 | 9768 0300 

  0x000001df07d30dcc: ;   {runtime_call SafepointBlob}
  0x000001df07d30dcc: 00e9 2e6c | 85ff f4f4 | f4f4 f4f4 | f4f4 f4f4 | f4f4 f4f4 
[Stub Code]
  0x000001df07d30de0: ;   {no_reloc}
  0x000001df07d30de0: 48bb 38da | 4216 df01 

  0x000001df07d30de8: ;   {runtime_call I2C/C2I adapters}
  0x000001df07d30de8: 0000 e9f5 

  0x000001df07d30dec: ;   {static_stub}
  0x000001df07d30dec: 9482 ff48 | bb00 0000 | 0000 0000 

  0x000001df07d30df8: ;   {runtime_call}
  0x000001df07d30df8: 00e9 fbff 

  0x000001df07d30dfc: ;   {static_stub}
  0x000001df07d30dfc: ffff 48bb | 0000 0000 | 0000 0000 

  0x000001df07d30e08: ;   {runtime_call}
  0x000001df07d30e08: e9fb ffff 

  0x000001df07d30e0c: ;   {static_stub}
  0x000001df07d30e0c: ff48 bb00 | 0000 0000 

  0x000001df07d30e14: ;   {runtime_call}
  0x000001df07d30e14: 0000 00e9 | fbff ffff 

  0x000001df07d30e1c: ;   {static_stub}
  0x000001df07d30e1c: 48bb 0000 | 0000 0000 

  0x000001df07d30e24: ;   {runtime_call}
  0x000001df07d30e24: 0000 e9fb 

  0x000001df07d30e28: ;   {static_stub}
  0x000001df07d30e28: ffff ff48 | bb00 0000 | 0000 0000 

  0x000001df07d30e34: ;   {runtime_call}
  0x000001df07d30e34: 00e9 fbff 

  0x000001df07d30e38: ;   {runtime_call ExceptionBlob}
  0x000001df07d30e38: ffff e941 | 2c8f ffe8 | 0000 0000 | 4883 2c24 

  0x000001df07d30e48: ;   {runtime_call DeoptimizationBlob}
  0x000001df07d30e48: 05e9 525e | 85ff f4f4 
[/MachCode]


Compiled method (c2) 29943 5024   !   4       java.net.URLClassLoader::defineClass (224 bytes)
 total in heap  [0x000001df07bf9e10,0x000001df07c053b0] = 46496
 relocation     [0x000001df07bf9f70,0x000001df07bfa650] = 1760
 main code      [0x000001df07bfa660,0x000001df07c003a0] = 23872
 stub code      [0x000001df07c003a0,0x000001df07c007c0] = 1056
 oops           [0x000001df07c007c0,0x000001df07c00820] = 96
 metadata       [0x000001df07c00820,0x000001df07c00bc8] = 936
 scopes data    [0x000001df07c00bc8,0x000001df07c03aa8] = 12000
 scopes pcs     [0x000001df07c03aa8,0x000001df07c049b8] = 3856
 dependencies   [0x000001df07c049b8,0x000001df07c04a80] = 200
 handler table  [0x000001df07c04a80,0x000001df07c05278] = 2040
 nul chk table  [0x000001df07c05278,0x000001df07c053b0] = 312

[Constant Pool (empty)]

[MachCode]
[Entry Point]
  # {method} {0x000001df570543d0} 'defineClass' '(Ljava/lang/String;Ljdk/internal/loader/Resource;)Ljava/lang/Class;' in 'java/net/URLClassLoader'
  # this:     rdx:rdx   = 'java/net/URLClassLoader'
  # parm0:    r8:r8     = 'java/lang/String'
  # parm1:    r9:r9     = 'jdk/internal/loader/Resource'
  #           [sp+0x110]  (sp of caller)
  0x000001df07bfa660: 448b 5208 | 49bb 0000 | 0016 df01 | 0000 4d03 | d349 3bc2 

  0x000001df07bfa674: ;   {runtime_call ic_miss_stub}
  0x000001df07bfa674: 0f85 066a | 98ff 6690 | 0f1f 4000 
[Verified Entry Point]
  0x000001df07bfa680: 8984 2400 | 90ff ff55 | 4881 ec00 | 0100 004c | 894c 2440 | 4889 5424 | 384c 8944 | 2430 c5f8 
  0x000001df07bfa6a0: 7749 ba90 | a202 98fb | 7f00 0041 | ffd2 4889 | 4424 484c | 8b54 2430 

  0x000001df07bfa6b8: ; implicit exception: dispatches to 0x000001df07bff7d8
  0x000001df07bfa6b8: 458b 5214 

  0x000001df07bfa6bc: ; implicit exception: dispatches to 0x000001df07bff7ec
  0x000001df07bfa6bc: 418b 5a0c | 4c8b 5c24 | 3041 0fbe | 4b10 448b | c341 d3f8 | 41ff c885 | c90f 858a | 3f00 0044 
  0x000001df07bfa6dc: 8bcb 41ff | c945 3bc1 | 450f 4cc8 | 4585 c90f | 8cf8 0000 | 0085 db0f | 86bc 3b00 | 0044 3bcb 
  0x000001df07bfa6fc: 0f83 b33b | 0000 4585 | c90f 8e3d | 3d00 0045 | 8bc1 41ff | c843 0fbe | 4c0a 1083 | f92e 0f84 
  0x000001df07bfa71c: 571e 0000 | 41ff c945 | 3bc8 7fe9 | 4183 f902 | 0f8e 9700 | 0000 458b | c141 83c0 | fe45 33db 
  0x000001df07bfa73c: 4183 f902 | 450f 4cc3 | 4181 f8a0 | 0f00 00b9 | a00f 0000 | 440f 47c1 | 418b d941 | 2bd8 660f 
  0x000001df07bfa75c: 1f44 0000 | 4d63 d947 | 0fbe 441a | 1041 83f8 | 2e0f 847e | 0000 0047 | 0fbe 5c1a | 0f41 83fb 
  0x000001df07bfa77c: 2e74 7745 | 8bd9 4183 | c3fe 430f | be4c 1a10 | 83f9 2e74 | 6b45 8bd9 | 4183 c3fd | 470f be44 
  0x000001df07bfa79c: 1a10 4183 | f82e 7458 | 4183 c1fc | 443b cb7f | b34d 8b87 | 5803 0000 | 498b ca4c 

  0x000001df07bfa7b8: ; ImmutableOopMap {r10=NarrowOop r11=Oop rcx=Oop [48]=Oop [56]=Oop [64]=Oop }
                      ;*goto {reexecute=1 rethrow=0 return_oop=0}
                      ; - (reexecute) java.lang.StringLatin1::lastIndexOf@35 (line 294)
                      ; - java.lang.String::lastIndexOf@13 (line 2489)
                      ; - java.lang.String::lastIndexOf@8 (line 2451)
                      ; - java.net.URLClassLoader::defineClass@7 (line 486)
  0x000001df07bfa7b8: 8b5c 2430 

  0x000001df07bfa7bc: ;   {poll}
  0x000001df07bfa7bc: 4185 0041 | 83f9 020f | 8f69 ffff | ff41 83f9 | ff7e 1a90 | 470f be44 | 0a10 4183 | f82e 0f84 
  0x000001df07bfa7dc: 7040 0000 | 41ff c941 | 83f9 ff7f | e741 bbff | ffff ffeb | 0b45 8bd9 | eb06 458b | d941 ffcb 
  0x000001df07bfa7fc: 4c8b 5424 | 4045 8b52 | 0844 8954 

  0x000001df07bfa808: ;   {metadata('jdk/internal/loader/URLClassPath$JarLoader$2')}
  0x000001df07bfa808: 2420 4181 | fa60 5219 | 000f 8513 | 2a00 0048 | 8b6c 2440 | 448b 5520 

  0x000001df07bfa820: ; implicit exception: dispatches to 0x000001df07bff8b8
  0x000001df07bfa820: 458b 421c | 4d8b d04c | 8994 2488 | 0000 0041 | 83fb ff0f | 8451 2b00 | 004c 8b54 | 2430 458b 
  0x000001df07bfa840: 4a14 458b | 410c 4489 | 4424 5441 | 0fbe 4a10 | 418b e8d3 | fd45 85db | 0f8c 423e | 0000 443b 
  0x000001df07bfa860: dd0f 8fd1 | 3f00 0044 | 3bdd 0f84 | fa1c 0000 | 85c9 0f85 | bc40 0000 | 4585 db0f | 8479 3300 
  0x000001df07bfa880: 0049 8b9f | 0801 0000 | 4c8b d349 | 83c2 184d | 3b97 1801 | 0000 0f83 | 0834 0000 | 4d89 9708 
  0x000001df07bfa8a0: 0100 0041 | 0f18 8200 | 0100 0048 | c703 0100 

  0x000001df07bfa8b0: ;   {metadata('java/lang/String')}
  0x000001df07bfa8b0: 0000 c743 | 08e0 e900 | 0044 8963 | 0c4c 8963 | 1041 81fb | 0000 1000 | 0f87 ce3c | 0000 4963 
  0x000001df07bfa8d0: cb44 8b44 | 2454 453b | c341 8beb | 410f 4ce8 | 443b c50f | 8224 3d00 | 0044 3bdd | 0f82 1b3d 
  0x000001df07bfa8f0: 0000 4883 | c117 4c8b | c149 83e0 | f841 81fb | 0000 1000 | 0f87 fd33 | 0000 4d8b | af08 0100 
  0x000001df07bfa910: 004d 8bd5 | 4d03 d04d | 3b97 1801 | 0000 0f83 | e333 0000 | 4d89 9708 | 0100 0041 | 0f18 8200 
  0x000001df07bfa930: 0100 0049 | c745 0001 | 0000 0041 | 0f18 8240 

  0x000001df07bfa940: ;   {metadata({type array byte})}
  0x000001df07bfa940: 0100 0041 | c745 0828 | 6700 0045 | 895d 0c41 | 0f18 8280 | 0100 0049 | 8bd5 4883 | c210 48c1 
  0x000001df07bfa960: e903 498b | f585 ed0f | 8437 3c00 | 004d 8bd1 | 4d8d 4910 | 413b eb0f | 8cdc 2b00 | 0049 83c0 
  0x000001df07bfa980: f049 c1e8 | 0349 8bc9 | c5f8 7749 | ba60 8656 | 07df 0100 | 0041 ffd2 | 8973 144c | 8bd3 4d8b 
  0x000001df07bfa9a0: dd4d 33da | 49c1 eb14 | 4d85 db74 | 1a49 c1ea | 0948 b900 | 00eb 7edf | 0100 0049 | 03ca 8039 
  0x000001df07bfa9c0: 040f 8535 | 2c00 0044 | 8863 1048 | 899c 2490 | 0000 0044 | 8b54 2420 

  0x000001df07bfa9d8: ;   {metadata('jdk/internal/loader/URLClassPath$JarLoader$2')}
  0x000001df07bfa9d8: 4181 fa60 | 5219 000f | 8546 2900 | 004c 8b54 

  0x000001df07bfa9e8: ;   {oop(a 'java/lang/Class'{0x00000000804af4f8} = 'jdk/internal/access/SharedSecrets')}
  0x000001df07bfa9e8: 2440 49bb | f8f4 4a80 | 0000 0000 | 458b 9bc8 | 0000 0045 | 85db 0f84 | 543e 0000 | 458b 4220 
  0x000001df07bfaa08: ; implicit exception: dispatches to 0x000001df07bff8d4
  0x000001df07bfaa08: 458b 4018 | 418b 4b08 

  0x000001df07bfaa10: ;   {metadata('java/util/jar/JavaUtilJarAccessImpl')}
  0x000001df07bfaa10: 81f9 d80d | 1900 0f85 | 583a 0000 | 4585 c00f | 84bb 3800 | 0049 8bc8 | 488d 9c24 | e000 0000 
  0x000001df07bfaa30: 488b 0148 | f7c0 0200 | 0000 7524 | 4883 c801 | 4889 03f0 | 480f b119 | 0f84 3e00 | 0000 482b 
  0x000001df07bfaa50: c448 81e0 | 07f0 ffff | 4889 03e9 | 2c00 0000 | 4c8b c848 | 33c0 f04d | 0fb1 793e | 48c7 0303 
  0x000001df07bfaa70: 0000 000f | 8413 0000 | 004c 3bf8 | 0f85 0a00 | 0000 49ff | 8186 0000 | 0048 33c0 | 0f85 1a3a 
  0x000001df07bfaa90: 0000 418b | 6830 85ed | 0f85 ea3d | 0000 450f | b648 1245 | 85c9 0f85 | d31a 0000 | 488d 8424 
  0x000001df07bfaab0: e000 0000 | 4881 3800 | 0000 000f | 8483 0000 | 004c 8b19 | 49f7 c302 | 0000 0074 | 6f49 81bb 
  0x000001df07bfaad0: 8600 0000 | 0000 0000 | 7409 49ff | 8b86 0000 | 00eb 5149 | 8b83 9600 | 0000 490b | 838e 0000 
  0x000001df07bfaaf0: 0075 0a49 | c743 3e00 | 0000 00eb | 4749 81bb | 9e00 0000 | 0000 0000 | 7425 4833 | c049 c743 
  0x000001df07bfab10: 3e00 0000 | 00f0 8304 | 2400 4981 | bb9e 0000 | 0000 0000 | 0075 0df0 | 4d0f b17b | 3e75 0583 
  0x000001df07bfab30: c801 eb10 | f7c0 0000 | 0000 eb08 | 4c8b 18f0 | 4c0f b119 | 0f85 d739 | 0000 458b | 5a20 418b 
  0x000001df07bfab50: 6b18 448b 

  0x000001df07bfab54: ;   {metadata('java/util/jar/JarFile')}
  0x000001df07bfab54: 4508 4181 | f888 8018 | 000f 85e4 | 3900 004c | 8954 2428 | 488b d590 

  0x000001df07bfab6c: ;   {optimized virtual_call}
  0x000001df07bfab6c: c5f8 77e8 

  0x000001df07bfab70: ; ImmutableOopMap {[40]=Oop [48]=Oop [56]=Oop [64]=Oop [136]=Oop [144]=Oop }
                      ;*invokevirtual getManifest {reexecute=0 rethrow=0 return_oop=1}
                      ; - jdk.internal.loader.URLClassPath$JarLoader$2::getManifest@22 (line 886)
                      ; - java.net.URLClassLoader::defineClass@34 (line 491)
  0x000001df07bfab70: ec44 1bf9 | 4889 4424 | 2848 8b54 | 2438 4c8b | 8424 9000 | 0000 6690 

  0x000001df07bfab88: ;   {optimized virtual_call}
  0x000001df07bfab88: c5f8 77e8 

  0x000001df07bfab8c: ; ImmutableOopMap {[40]=Oop [48]=Oop [56]=Oop [64]=Oop [136]=Oop [144]=Oop }
                      ;*invokevirtual getDefinedPackage {reexecute=0 rethrow=0 return_oop=1}
                      ; - java.net.URLClassLoader::getAndVerifyPackage@2 (line 457)
                      ; - java.net.URLClassLoader::defineClass@46 (line 492)
  0x000001df07bfab8c: 3070 1100 | 4885 c00f | 8464 0a00 | 0044 8b50 | 1045 8b5a | 1c45 85db | 0f85 ca3d | 0000 448b 
  0x000001df07bfabac: 5814 418b | 6b24 85ed | 0f85 9f3e | 0000 4c8b | 5424 284d | 85d2 7428 | 4889 4424 | 5048 8b54 
  0x000001df07bfabcc: 2438 4c8b | 8424 9000 | 0000 4d8b | ca66 6690 

  0x000001df07bfabdc: ;   {optimized virtual_call}
  0x000001df07bfabdc: c5f8 77e8 

  0x000001df07bfabe0: ; ImmutableOopMap {[40]=Oop [48]=Oop [56]=Oop [64]=Oop [80]=Oop [136]=Oop [144]=Oop }
                      ;*invokevirtual isSealed {reexecute=0 rethrow=0 return_oop=0}
                      ; - java.net.URLClassLoader::getAndVerifyPackage@68 (line 469)
                      ; - java.net.URLClassLoader::defineClass@46 (line 492)
  0x000001df07bfabe0: 1cb8 1a00 | 85c0 0f85 | 803e 0000 | 49bd 0000 | eb7e df01 | 0000 4533 | f648 8d9c | 24e0 0000 
  0x000001df07bfac00: 004c 8b44 | 2440 498b | 0048 f7c0 | 0200 0000 | 7524 4883 | c801 4889 | 03f0 490f | b118 0f84 
  0x000001df07bfac20: 3e00 0000 | 482b c448 | 81e0 07f0 | ffff 4889 | 03e9 2c00 | 0000 4c8b | d848 33c0 | f04d 0fb1 
  0x000001df07bfac40: 7b3e 48c7 | 0303 0000 | 000f 8413 | 0000 004c | 3bf8 0f85 | 0a00 0000 | 49ff 8386 | 0000 0048 
  0x000001df07bfac60: 33c0 0f85 | b836 0000 | 4c8b 5424 | 4045 3b62 | 0c0f 85a6 | 0000 0044 | 8b5c 2420 

  0x000001df07bfac7c: ;   {metadata('jdk/internal/loader/URLClassPath$JarLoader$2')}
  0x000001df07bfac7c: 4181 fb60 | 5219 000f | 85b6 2600 | 004c 8b4c | 2440 458b | 5920 458b | 5318 418b | 691c 4585 
  0x000001df07bfac9c: d20f 8435 | 3b00 004c | 8974 2450 | 4c89 6c24 | 2849 8bd2 | 4c8b c54c | 894c 2458 | 4c89 4c24 
  0x000001df07bfacbc: 6066 6690 

  0x000001df07bfacc0: ;   {optimized virtual_call}
  0x000001df07bfacc0: c5f8 77e8 

  0x000001df07bfacc4: ; ImmutableOopMap {[48]=Oop [56]=Oop [64]=Oop [88]=Oop [96]=Oop [136]=Oop }
                      ;*invokevirtual getInputStream {reexecute=0 rethrow=0 return_oop=1}
                      ; - jdk.internal.loader.URLClassPath$JarLoader$2::getInputStream@11 (line 881)
                      ; - jdk.internal.loader.Resource::cachedInputStream@9 (line 77)
                      ; - jdk.internal.loader.Resource::getByteBuffer@1 (line 163)
                      ; - java.net.URLClassLoader::defineClass@132 (line 511)
  0x000001df07bfacc4: 5861 0f00 | 488b d841 | 807f 3800 | 0f85 8b29 | 0000 4c8b | d34c 8b5c | 2440 4589 | 530c 4d8b 
  0x000001df07bface4: d34c 8bdb | 4d33 da49 | c1eb 144d | 85db 741f | 4885 db74 | 1a49 c1ea | 0948 b900 | 00eb 7edf 
  0x000001df07bfad04: 0100 0049 | 03ca 8039 | 040f 8586 | 2900 004c | 8b6c 2428 | 4c8b 7424 | 504c 8b54 | 2440 418b 
  0x000001df07bfad24: 5a0c 488d | 8424 e000 | 0000 4c8b | 5c24 4048 | 8138 0000 | 0000 0f84 | 8300 0000 | 4d8b 1349 
  0x000001df07bfad44: f7c2 0200 | 0000 746f | 4981 ba86 | 0000 0000 | 0000 0074 | 0949 ff8a | 8600 0000 | eb51 498b 
  0x000001df07bfad64: 8296 0000 | 0049 0b82 | 8e00 0000 | 750a 49c7 | 423e 0000 | 0000 eb47 | 4981 ba9e | 0000 0000 
  0x000001df07bfad84: 0000 0074 | 2548 33c0 | 49c7 423e | 0000 0000 | f083 0424 | 0049 81ba | 9e00 0000 | 0000 0000 
  0x000001df07bfada4: 750d f04d | 0fb1 7a3e | 7505 83c8 | 01eb 10f7 | c000 0000 | 00eb 084c | 8b10 f04d | 0fb1 130f 
  0x000001df07bfadc4: 85b3 3500 | 0044 8b53 

  0x000001df07bfadcc: ;   {metadata('sun/nio/ByteBuffered')}
  0x000001df07bfadcc: 0848 b818 | bd0d 16df | 0100 0048 | be00 0000 | 16df 0100 | 0049 03f2 | 4c8b 5620 | 4c3b d00f 
  0x000001df07bfadec: 85fc 0300 | 004c 8974 | 2450 4c89 | 6c24 2848 | 8bd3 c5f8 | 7748 b8ff | ffff ffff 

  0x000001df07bfae08: ;   {virtual_call}
  0x000001df07bfae08: ffff ffe8 

  0x000001df07bfae0c: ; ImmutableOopMap {[48]=Oop [56]=Oop [64]=Oop [136]=Oop }
                      ;*invokeinterface getByteBuffer {reexecute=0 rethrow=0 return_oop=1}
                      ; - jdk.internal.loader.Resource::getByteBuffer@16 (line 165)
                      ; - java.net.URLClassLoader::defineClass@132 (line 511)
  0x000001df07bfae0c: 7068 98ff | 488b e848 | 85c0 0f85 | 7c3b 0000 | 4c8b 6c24 | 284c 8b74 | 2450 448b 

  0x000001df07bfae28: ;   {metadata('jdk/internal/loader/URLClassPath$JarLoader$2')}
  0x000001df07bfae28: 5424 2041 | 81fa 6052 | 1900 0f85 | c023 0000 | 4c89 7424 | 284c 896c | 2420 4c8b | 5424 404c 
  0x000001df07bfae48: 8954 2450 | 498b d290 

  0x000001df07bfae50: ;   {optimized virtual_call}
  0x000001df07bfae50: c5f8 77e8 

  0x000001df07bfae54: ; ImmutableOopMap {[48]=Oop [56]=Oop [64]=Oop [80]=Oop [136]=Oop }
                      ;*invokespecial getBytes {reexecute=0 rethrow=0 return_oop=1}
                      ; - jdk.internal.loader.URLClassPath$JarLoader$2::getBytes@1 (line 895)
                      ; - java.net.URLClassLoader::defineClass@179 (line 519)
  0x000001df07bfae54: 08aa 1c00 | 488b d844 | 8b40 0c45 | 85c0 760e | 418b e8ff | cd41 3be8 | 0f83 523a | 0000 488b 
  0x000001df07bfae74: d048 83c2 | 1033 c9c5 | f877 49ba | c012 5307 | df01 0000 | 41ff d24c | 8b5c 2450 | 458b 531c 
  0x000001df07bfae94: 4585 d20f | 8467 3400 | 0044 8bc0 | 4d3b 4218 | 0f85 5a3a | 0000 4889 | 5c24 704c | 8b54 2440 
  0x000001df07bfaeb4: 458b 5a08 

  0x000001df07bfaeb8: ;   {metadata('jdk/internal/loader/URLClassPath$JarLoader$2')}
  0x000001df07bfaeb8: 4181 fb60 | 5219 000f | 8509 2300 | 0041 8b6a | 1c44 8b55 

  0x000001df07bfaecc: ;   {metadata('java/util/jar/JarFile$JarFileEntry')}
  0x000001df07bfaecc: 0841 81fa | 60b2 1800 | 0f85 9e36 | 0000 4c8b | c541 8b68 | 6444 0fb6 | 5d12 443b | 6530 7509 
  0x000001df07bfaeec: 4585 db0f | 8516 1700 | 0045 8b50 | 5c45 85d2 | 0f85 3838 | 0000 458b | 5864 418b | 6b30 85ed 
  0x000001df07bfaf0c: 0f85 a637 | 0000 498b | 8708 0100 | 004c 8bd0 | 4983 c228 | 4d3b 9718 | 0100 000f | 83dc 2c00 
  0x000001df07bfaf2c: 004d 8997 | 0801 0000 | 410f 1882 | 0001 0000 | 48c7 0001 

  0x000001df07bfaf40: ;   {metadata('java/security/CodeSource')}
  0x000001df07bfaf40: 0000 00c7 | 4008 a0ee | 0000 4489 | 600c 4c89 | 6010 4c89 | 6018 4c89 | 6020 4889 | 4424 2048 
  0x000001df07bfaf60: 8bd0 4c8b | 8424 8800 | 0000 4c8b | 4c24 2890 

  0x000001df07bfaf70: ;   {optimized virtual_call}
  0x000001df07bfaf70: c5f8 77e8 

  0x000001df07bfaf74: ; ImmutableOopMap {[32]=Oop [48]=Oop [56]=Oop [112]=Oop }
                      ;*invokespecial <init> {reexecute=0 rethrow=0 return_oop=0}
                      ; - java.net.URLClassLoader::defineClass@198 (line 522)
  0x000001df07bfaf74: c8a1 1100 | c5f8 7749 | ba90 a202 | 98fb 7f00 | 0041 ffd2 | 482b 4424 | 4848 8944 

  0x000001df07bfaf90: ;   {oop(a 'jdk/internal/perf/PerfCounter'{0x00000000804af780})}
  0x000001df07bfaf90: 2448 49b8 | 80f7 4a80 | 0000 0000 | 488d 9c24 | e000 0000 | 498b 0048 | f7c0 0200 | 0000 7524 
  0x000001df07bfafb0: 4883 c801 | 4889 03f0 | 490f b118 | 0f84 3e00 | 0000 482b | c448 81e0 | 07f0 ffff | 4889 03e9 
  0x000001df07bfafd0: 2c00 0000 | 4c8b d848 | 33c0 f04d | 0fb1 7b3e | 48c7 0303 | 0000 000f | 8413 0000 | 004c 3bf8 
  0x000001df07bfaff0: 0f85 0a00 | 0000 49ff | 8386 0000 | 0048 33c0 | 0f85 9b33 

  0x000001df07bfb004: ;   {oop(a 'jdk/internal/perf/PerfCounter'{0x00000000804af780})}
  0x000001df07bfb004: 0000 49ba | 80f7 4a80 | 0000 0000 | 458b 4210 

  0x000001df07bfb014: ; implicit exception: dispatches to 0x000001df07bff840
  0x000001df07bfb014: 418b 6824 | 85ed 0f85 | a533 0000 | 458b 581c | 4585 db0f | 8ee7 3700 | 004d 8b50 | 104c 8b5c 
  0x000001df07bfb034: 2448 4d01 

  0x000001df07bfb038: ;   {oop(a 'jdk/internal/perf/PerfCounter'{0x00000000804af780})}
  0x000001df07bfb038: 1a49 bb80 | f74a 8000 | 0000 0048 | 8d84 24e0 | 0000 0048 | 8138 0000 | 0000 0f84 | 8300 0000 
  0x000001df07bfb058: 4d8b 1349 | f7c2 0200 | 0000 746f | 4981 ba86 | 0000 0000 | 0000 0074 | 0949 ff8a | 8600 0000 
  0x000001df07bfb078: eb51 498b | 8296 0000 | 0049 0b82 | 8e00 0000 | 750a 49c7 | 423e 0000 | 0000 eb47 | 4981 ba9e 
  0x000001df07bfb098: 0000 0000 | 0000 0074 | 2548 33c0 | 49c7 423e | 0000 0000 | f083 0424 | 0049 81ba | 9e00 0000 
  0x000001df07bfb0b8: 0000 0000 | 750d f04d | 0fb1 7a3e | 7505 83c8 | 01eb 10f7 | c000 0000 | 00eb 084c | 8b10 f04d 
  0x000001df07bfb0d8: 0fb1 130f | 850b 3300 | 004c 8b54 | 2470 418b | 4a0c 4d8b | 8708 0100 | 004d 8bd0 | 4983 c210 
  0x000001df07bfb0f8: 4d3b 9718 | 0100 000f | 8320 2b00 | 004d 8997 | 0801 0000 | 410f 1882 | 0001 0000 | 49c7 0001 
  0x000001df07bfb118: ;   {metadata('java/security/SecureClassLoader$CodeSourceKey')}
  0x000001df07bfb118: 0000 0041 | c740 08e0 | 8314 004c | 8b54 2420 | 4589 500c | 498b 9f08 | 0100 004c | 8b5c 2438 
  0x000001df07bfb138: 418b 6b50 | 4c8b db49 | 83c3 184d | 3b9f 1801 | 0000 0f83 | fc2a 0000 | 4d89 9f08 | 0100 0041 
  0x000001df07bfb158: 0f18 8300 | 0100 0048 | c703 0100 

  0x000001df07bfb164: ;   {metadata('java/security/SecureClassLoader$1')}
  0x000001df07bfb164: 0000 c743 | 08f0 8514 | 0044 8963 | 1444 8953 | 0c4c 8b54 | 2438 4489 | 5310 448b 

  0x000001df07bfb180: ;   {metadata('java/util/concurrent/ConcurrentHashMap')}
  0x000001df07bfb180: 5508 4181 | fa38 e400 | 000f 8587 | 3200 0048 | 8bd5 4c8b | cb8b e989 | 4c24 4090 

  0x000001df07bfb19c: ;   {optimized virtual_call}
  0x000001df07bfb19c: c5f8 77e8 

  0x000001df07bfb1a0: ; ImmutableOopMap {[48]=Oop [56]=Oop [112]=Oop }
                      ;*invokeinterface computeIfAbsent {reexecute=0 rethrow=0 return_oop=1}
                      ; - java.security.SecureClassLoader::getProtectionDomain@29 (line 222)
                      ; - java.security.SecureClassLoader::defineClass@9 (line 150)
                      ; - java.net.URLClassLoader::defineClass@220 (line 524)
  0x000001df07bfb1a0: bcb3 00f9 

  0x000001df07bfb1a4: ; implicit exception: dispatches to 0x000001df07bff888
  0x000001df07bfb1a4: 448b 5808 

  0x000001df07bfb1a8: ;   {metadata('java/security/ProtectionDomain')}
  0x000001df07bfb1a8: 4181 fb80 | ec00 000f | 85df 4400 | 0048 8bc8 | 488b 5424 | 384c 8b44 | 2430 4c8b | 4c24 7033 
  0x000001df07bfb1c8: ff8b f590 

  0x000001df07bfb1cc: ;   {optimized virtual_call}
  0x000001df07bfb1cc: c5f8 77e8 

  0x000001df07bfb1d0: ; ImmutableOopMap {}
                      ;*invokevirtual defineClass {reexecute=0 rethrow=0 return_oop=1}
                      ; - java.security.SecureClassLoader::defineClass@12 (line 150)
                      ; - java.net.URLClassLoader::defineClass@220 (line 524)
  0x000001df07bfb1d0: ac47 1300 | c5f8 7748 | 81c4 0001 

  0x000001df07bfb1dc: ;   {poll_return}
  0x000001df07bfb1dc: 0000 5d49 | 3ba7 5003 | 0000 0f87 | 9051 0000 | c348 8b7e | 288b 0f48 | 83c7 0848 | 85c0 f248 
  0x000001df07bfb1fc: af0f 8504 | 0000 0048 | 8946 200f | 84e4 fbff | ffe9 14fc | ffff 4c3b | db0f 849c | 0600 0085 
  0x000001df07bfb21c: c90f 8404 | 0100 008b 

  0x000001df07bfb224: ;   {metadata('java/lang/String')}
  0x000001df07bfb224: 7908 81ff | e0e9 0000 | 0f85 f500 | 0000 488b | d90f be6b | 1044 3bf5 | 0f85 a241 | 0000 8b4a 
  0x000001df07bfb244: 0c8b 7b14 | 8b5f 0c3b | cb0f 85d4 | 0000 0048 | 8bdf 488d | 7710 488b | da48 8d7a | 1085 c90f 
  0x000001df07bfb264: 84a5 0000 | 008b c183 | e01f 83e1 | e00f 844b | 0000 0048 | 8d3c 0f48 | 8d34 0e48 | f7d9 c5fe 
  0x000001df07bfb284: 6f04 0fc5 | fe6f 0c0e | c5fd efc1 | c4e2 7d17 | c00f 857a | 0000 0048 | 83c1 2075 | e185 c00f 
  0x000001df07bfb2a4: 8465 0000 | 00c5 fe6f | 4407 e0c5 | fe6f 4c06 | e0c5 fdef | c1c4 e27d | 17c0 7555 | eb4c 8bc8 
  0x000001df07bfb2c4: 83e1 fc74 | 1948 8d3c | 0f48 8d34 | 0e48 f7d9 | 8b1c 0f3b | 1c0e 7539 | 4883 c104 | 75f2 f7c0 
  0x000001df07bfb2e4: 0200 0000 | 7412 0fb7 | 1f0f b70e | 3bd9 7521 | 488d 7f02 | 488d 7602 | f7c0 0100 | 0000 740a 
  0x000001df07bfb304: 0fb6 1f0f | b60e 3bd9 | 7507 b801 | 0000 00eb | 0233 c0c5 | fdef c0c5 | f5ef c985 | c00f 8590 
  0x000001df07bfb324: 0500 0041 | 8b4d 1885 | c974 4741 

  0x000001df07bfb330: ;   {metadata('java/util/HashMap$TreeNode')}
  0x000001df07bfb330: 8b7d 0881 | ffe0 f512 | 000f 85c8 | 2000 004c | 895c 2458 | 498b e949 | 8bd0 458b | c24c 8b4c 
  0x000001df07bfb350: 2458 6690 

  0x000001df07bfb354: ;   {optimized virtual_call}
  0x000001df07bfb354: c5f8 77e8 

  0x000001df07bfb358: ; ImmutableOopMap {[40]=Oop [48]=Oop [56]=Oop [64]=Oop [88]=Oop [136]=Oop [144]=Oop }
                      ;*invokevirtual getTreeNode {reexecute=0 rethrow=0 return_oop=1}
                      ; - java.util.HashMap::getNode@95 (line 574)
                      ; - java.util.HashMap::get@2 (line 556)
                      ; - java.util.jar.Manifest::getAttributes@5 (line 159)
                      ; - java.util.jar.Manifest::getTrustedAttributes@2 (line 176)
                      ; - java.util.jar.JavaUtilJarAccessImpl::getTrustedAttributes@2 (line 68)
                      ; - java.net.URLClassLoader::definePackage@42 (line 552)
                      ; - java.net.URLClassLoader::defineClass@64 (line 495)
  0x000001df07bfb358: 2460 98ff | 4885 c075 | 054c 8bcd | eb10 4c8b | cd4c 8b5c | 2458 4c8b | c0e9 4105 | 0000 33c9 
  0x000001df07bfb378: 33db 4533 | db33 f633 | c033 ff45 | 33c0 e94d | 1000 004c | 8b5c 2470 | 4533 c0e9 | 4010 0000 
  0x000001df07bfb398: 4c8b 4424 | 604c 8b5c | 2478 33ff | e903 0e00 | 004c 8b44 | 2460 4c8b | 5c24 7833 | c0e9 cd0b 
  0x000001df07bfb3b8: 0000 4c8b | 4424 604c | 8b5c 2478 | 33f6 e9c0 | 0900 004c | 8bcd 4c8b | 5424 504c | 8994 24a8 
  0x000001df07bfb3d8: 0000 004c | 8b44 2458 | 488b 4c24 | 6048 8b5c | 2468 488b | 7424 708b | 7c24 2444 | 8b54 2478 
  0x000001df07bfb3f8: 488b 8424 | 8000 0000 | 458b 5a18 | 4585 db0f | 849c 0000 | 0045 8b52 

  0x000001df07bfb410: ;   {metadata('java/util/HashMap$TreeNode')}
  0x000001df07bfb410: 0841 81fa | e0f5 1200 | 0f85 7b24 | 0000 4889 | 7424 7048 | 895c 2468 | 4889 4c24 | 604c 8944 
  0x000001df07bfb430: 2458 4c8b | 9c24 a800 | 0000 4c89 | 5c24 5049 | 8be9 488b | d044 8bc7 

  0x000001df07bfb448: ;   {oop(a 'java/util/jar/Attributes$Name'{0x00000000804b9578})}
  0x000001df07bfb448: 49b9 7895 | 4b80 0000 | 0000 6690 

  0x000001df07bfb454: ;   {optimized virtual_call}
  0x000001df07bfb454: c5f8 77e8 

  0x000001df07bfb458: ; ImmutableOopMap {[40]=Oop [48]=Oop [56]=Oop [64]=Oop [88]=Oop [96]=Oop [104]=Oop [112]=Oop [136]=Oop [144]=Oop }
                      ;*invokevirtual getTreeNode {reexecute=0 rethrow=0 return_oop=1}
                      ; - java.util.HashMap::getNode@95 (line 574)
                      ; - java.util.LinkedHashMap::get@2 (line 441)
                      ; - java.util.jar.Attributes::get@5 (line 105)
                      ; - java.util.jar.Attributes::getValue@2 (line 141)
                      ; - java.net.URLClassLoader::definePackage@79 (line 556)
                      ; - java.net.URLClassLoader::defineClass@64 (line 495)
  0x000001df07bfb458: 245f 98ff | 4885 c074 | 294c 8bcd | 4c8b 5c24 | 504c 899c | 24a8 0000 | 004c 8b44 | 2458 488b 
  0x000001df07bfb478: 4c24 6048 | 8b5c 2468 | 488b 7424 | 70e9 9a07 | 0000 4c8b | cd4c 8b54 | 2450 4c89 | 9424 a800 
  0x000001df07bfb498: 0000 4c8b | 4424 5848 | 8b4c 2460 | 488b 5c24 | 6845 33db | e99e 0700 | 004c 8bcd | 4c8b 5424 
  0x000001df07bfb4b8: 504c 8994 | 24a8 0000 | 004c 8b44 | 2458 488b | 4c24 6048 | 8b5c 2468 | 8b54 2424 | 8b7c 2470 
  0x000001df07bfb4d8: 488b 7424 | 7844 8b57 | 1845 85d2 | 7476 8b7f 

  0x000001df07bfb4e8: ;   {metadata('java/util/HashMap$TreeNode')}
  0x000001df07bfb4e8: 0881 ffe0 | f512 000f | 85d6 2200 | 0044 8bd2 | 4889 5c24 | 6848 894c | 2460 4c89 | 4424 584c 
  0x000001df07bfb508: 8b9c 24a8 | 0000 004c | 895c 2450 | 498b e948 | 8bd6 458b 

  0x000001df07bfb51c: ;   {oop(a 'java/util/jar/Attributes$Name'{0x00000000804bc2b0})}
  0x000001df07bfb51c: c249 b9b0 | c24b 8000 | 0000 0090 

  0x000001df07bfb528: ;   {optimized virtual_call}
  0x000001df07bfb528: c5f8 77e8 

  0x000001df07bfb52c: ; ImmutableOopMap {[40]=Oop [48]=Oop [56]=Oop [64]=Oop [88]=Oop [96]=Oop [104]=Oop [136]=Oop [144]=Oop }
                      ;*invokevirtual getTreeNode {reexecute=0 rethrow=0 return_oop=1}
                      ; - java.util.HashMap::getNode@95 (line 574)
                      ; - java.util.LinkedHashMap::get@2 (line 441)
                      ; - java.util.jar.Attributes::get@5 (line 105)
                      ; - java.util.jar.Attributes::getValue@2 (line 141)
                      ; - java.net.URLClassLoader::definePackage@69 (line 555)
                      ; - java.net.URLClassLoader::defineClass@64 (line 495)
  0x000001df07bfb52c: 505e 98ff | 4885 c074 | 1a4c 8bcd | 4c8b 4424 | 5848 8b4c | 2460 488b | 5c24 6848 | 8bf0 e9ad 
  0x000001df07bfb54c: 0500 004c | 8bcd 4c8b | 4424 5848 | 8b4c 2460 | 33db e9c4 | 0500 004c | 8bcd 4c8b | 5424 504c 
  0x000001df07bfb56c: 8994 24a8 | 0000 004c | 8b44 2458 | 488b 5c24 | 608b 4c24 | 248b 7424 | 6848 8b7c | 2470 448b 
  0x000001df07bfb58c: 5618 4585 | d274 638b 

  0x000001df07bfb594: ;   {metadata('java/util/HashMap$TreeNode')}
  0x000001df07bfb594: 5608 81fa | e0f5 1200 | 0f85 8421 | 0000 4889 | 5c24 604c | 8944 2458 | 4c8b 9424 | a800 0000 
  0x000001df07bfb5b4: 4c89 5424 | 5049 8be9 | 488b d744 

  0x000001df07bfb5c0: ;   {oop(a 'java/util/jar/Attributes$Name'{0x00000000804b97b8})}
  0x000001df07bfb5c0: 8bc1 49b9 | b897 4b80 | 0000 0000 

  0x000001df07bfb5cc: ;   {optimized virtual_call}
  0x000001df07bfb5cc: c5f8 77e8 

  0x000001df07bfb5d0: ; ImmutableOopMap {[40]=Oop [48]=Oop [56]=Oop [64]=Oop [88]=Oop [96]=Oop [136]=Oop [144]=Oop }
                      ;*invokevirtual getTreeNode {reexecute=0 rethrow=0 return_oop=1}
                      ; - java.util.HashMap::getNode@95 (line 574)
                      ; - java.util.LinkedHashMap::get@2 (line 441)
                      ; - java.util.jar.Attributes::get@5 (line 105)
                      ; - java.util.jar.Attributes::getValue@2 (line 141)
                      ; - java.net.URLClassLoader::definePackage@59 (line 554)
                      ; - java.net.URLClassLoader::defineClass@64 (line 495)
  0x000001df07bfb5d0: ac5d 98ff | 4885 c074 | 154c 8bcd | 4c8b 4424 | 5848 8b5c | 2460 488b | f8e9 fd03 | 0000 4c8b 
  0x000001df07bfb5f0: cd4c 8b44 | 2458 33c9 | e919 0400 | 004c 8b44 | 2428 4d85 | c00f 84d7 

  0x000001df07bfb608: ;   {oop(a 'java/lang/Class'{0x00000000804af4f8} = 'jdk/internal/access/SharedSecrets')}
  0x000001df07bfb608: 2000 0049 | baf8 f44a | 8000 0000 | 0045 8b92 | c800 0000 | 4585 d20f | 84df 3500 | 004d 8bda 
  0x000001df07bfb628: 4c89 5c24 | 5044 8954 | 2424 41b9 | 2f00 0000 | 41b8 2e00 | 0000 488b | 9424 9000 | 0000 488b 
  0x000001df07bfb648: 6c24 2890 

  0x000001df07bfb64c: ;   {optimized virtual_call}
  0x000001df07bfb64c: c5f8 77e8 

  0x000001df07bfb650: ; ImmutableOopMap {rbp=Oop [36]=NarrowOop [40]=Oop [48]=Oop [56]=Oop [64]=Oop [80]=Oop [136]=Oop [144]=Oop }
                      ;*invokevirtual replace {reexecute=0 rethrow=0 return_oop=1}
                      ; - java.net.URLClassLoader::definePackage@33 (line 552)
                      ; - java.net.URLClassLoader::defineClass@64 (line 495)
  0x000001df07bfb650: 8ce6 f9ff 

  0x000001df07bfb654: ; implicit exception: dispatches to 0x000001df07bffa4c
  0x000001df07bfb654: 448b 4814 

  0x000001df07bfb658: ; implicit exception: dispatches to 0x000001df07bffa7c
  0x000001df07bfb658: 458b 590c | 4585 db0f | 8608 1b00 | 000f be48 | 1045 8bd3 | 41d3 fa49 | 63fa 83f9 | 010f 8415 
  0x000001df07bfb678: 3800 0045 | 85d2 0f8c | bc35 0000 | 488b ef48 | 83c5 0144 | 8bc5 4585 | c00f 8ce9 | 3500 0048 
  0x000001df07bfb698: 897c 2470 | 4489 5424 | 6c89 4c24 | 6844 895c | 2464 4489 | 4c24 6048 | 8944 2458 | 4c8b d549 
  0x000001df07bfb6b8: c1fa 2041 | 8bca 458b | d841 d3e3 | 4585 db0f | 8c03 3800 | 0041 81fb | 0000 1000 | 0f87 4234 
  0x000001df07bfb6d8: 0000 4489 | 5c24 784d | 63db 448b | 5424 7841 | 81fa 0000 | 1000 0f87 | 1c2b 0000 | 4d8b 9708 
  0x000001df07bfb6f8: 0100 0049 | 83c3 1749 | 83e3 f84d | 8bc2 4d03 | c34d 3b87 | 1801 0000 | 0f83 fa2a | 0000 4d89 
  0x000001df07bfb718: 8708 0100 | 0041 0f18 | 8000 0100 | 0049 c702 | 0100 0000 | 410f 1880 | 4001 0000 

  0x000001df07bfb734: ;   {metadata({type array byte})}
  0x000001df07bfb734: 41c7 4208 | 2867 0000 | 448b 5c24 | 7845 895a | 0c41 0f18 | 8080 0100 | 0044 8b4c | 246c 41ff 
  0x000001df07bfb754: c145 3bd9 | 0f82 cb33 | 0000 448b | 4c24 6c43 | c644 0a10 | 2f44 8b4c | 2468 4585 | c90f 853d 
  0x000001df07bfb774: 3500 0044 | 3b5c 2464 | 0f82 da33 | 0000 448b | 5c24 6445 | 85db 762c | 498b d248 | 83c2 1049 
  0x000001df07bfb794: 8bda 448b | 4c24 604d | 8bd1 498d | 4910 4d63 | c3c5 f877 | 49ba 607f | 5607 df01 | 0000 41ff 
  0x000001df07bfb7b4: d24c 8bd3 | 498b 8708 | 0100 004c | 8bd8 4983 | c318 4d3b | 9f18 0100 | 000f 8362 | 2a00 004d 
  0x000001df07bfb7d4: 899f 0801 | 0000 410f | 1883 0001 | 0000 48c7 | 0001 0000 

  0x000001df07bfb7e8: ;   {metadata('java/lang/String')}
  0x000001df07bfb7e8: 00c7 4008 | e0e9 0000 | 4489 600c | 4489 6010 | 4d8b da44 | 8958 144c | 8bc0 448b | 5424 2445 
  0x000001df07bfb808: ;   {metadata('java/util/jar/JavaUtilJarAccessImpl')}
  0x000001df07bfb808: 8b5a 0841 | 81fb d80d | 1900 0f85 | a032 0000 | 4c8b 5424 | 2841 8b6a | 1044 8b55 

  0x000001df07bfb824: ;   {metadata('java/util/HashMap')}
  0x000001df07bfb824: 0841 81fa | 2036 0b00 | 0f85 c632 | 0000 4c8b | d541 8b5a | 2485 db0f | 842f 1b00 | 008b 730c 
  0x000001df07bfb844: 85f6 0f86 | 5833 0000 | 4d8b d845 | 8b48 0cff | ce45 85c9 | 0f84 030e | 0000 458b | d141 c1ea 
  0x000001df07bfb864: 1045 33d1 | 4123 f249 | b900 00eb | 7edf 0100 | 0045 33c0 | 4c89 8424 | a800 0000 | 448b 6cb3 
  0x000001df07bfb884: 1045 85ed | 0f84 e8fa | ffff 418b | 5d0c 418b | 5314 450f | be73 104d | 8bc5 413b | da0f 8580 
  0x000001df07bfb8a4: faff ff41 | 8b4d 1048 | 8bd9 493b | db0f 855b | f9ff ff41 | 8b68 1485 | ed0f 84b3 | faff ff44 
  0x000001df07bfb8c4: ;   {metadata('java/util/jar/Attributes')}
  0x000001df07bfb8c4: 8b55 0841 | 81fa f84c | 1800 0f85 | a93d 0000 | 4c8b 5424 | 2841 8b4a | 144c 8bc5 | 85c9 742c 
  0x000001df07bfb8e4: 4c89 4424 | 604c 895c | 2458 498b | e948 8bd1 | 4d8b c390 

  0x000001df07bfb8f8: ;   {optimized virtual_call}
  0x000001df07bfb8f8: c5f8 77e8 

  0x000001df07bfb8fc: ; ImmutableOopMap {[40]=Oop [48]=Oop [56]=Oop [64]=Oop [88]=Oop [96]=Oop [136]=Oop [144]=Oop }
                      ;*invokevirtual isTrustedManifestEntry {reexecute=0 rethrow=0 return_oop=0}
                      ; - java.util.jar.Manifest::getTrustedAttributes@22 (line 177)
                      ; - java.util.jar.JavaUtilJarAccessImpl::getTrustedAttributes@2 (line 68)
                      ; - java.net.URLClassLoader::definePackage@42 (line 552)
                      ; - java.net.URLClassLoader::defineClass@64 (line 495)
  0x000001df07bfb8fc: 805a 98ff | 85c0 0f84 | 0436 0000 | 4c8b cd4c | 8b44 2460 | 418b 680c 

  0x000001df07bfb914: ; implicit exception: dispatches to 0x000001df07bffae4
  0x000001df07bfb914: 448b 5d08 

  0x000001df07bfb918: ;   {metadata('java/util/LinkedHashMap')}
  0x000001df07bfb918: 4181 fb20 | 3a0b 000f | 85d3 3300 | 0048 8bdd | 8b73 2485 | f60f 84c3 | fcff ff8b | 6e0c 85ed 
  0x000001df07bfb938: 0f86 fe35 

  0x000001df07bfb93c: ;   {oop(a 'java/util/jar/Attributes$Name'{0x00000000804b97b8})}
  0x000001df07bfb93c: 0000 49ba | b897 4b80 | 0000 0000 | 418b 7a0c | ffcd 448b | d741 c1ea | 1041 8bca | 33cf 23e9 
  0x000001df07bfb95c: 8b74 ae10 | 85f6 0f84 | 8efc ffff | 448b 560c | 488b fe44 | 3bd1 0f85 | 12fc ffff | 448b 5610 
  0x000001df07bfb97c: ;   {oop(a 'java/util/jar/Attributes$Name'{0x00000000804b97b8})}
  0x000001df07bfb97c: 4181 fab8 | 974b 8074 | 6648 897c | 2470 8974 | 2468 894c | 2424 4889 | 5c24 604c | 8944 2458 
  0x000001df07bfb99c: 4c8b 9c24 | a800 0000 | 4c89 5c24 | 5049 8be9 

  0x000001df07bfb9ac: ;   {oop(a 'java/util/jar/Attributes$Name'{0x00000000804b97b8})}
  0x000001df07bfb9ac: 4d8b c248 | bab8 974b | 8000 0000 | 0066 6690 

  0x000001df07bfb9bc: ;   {optimized virtual_call}
  0x000001df07bfb9bc: c5f8 77e8 

  0x000001df07bfb9c0: ; ImmutableOopMap {[40]=Oop [48]=Oop [56]=Oop [64]=Oop [88]=Oop [96]=Oop [104]=NarrowOop [112]=Oop [136]=Oop [144]=Oop }
                      ;*invokevirtual equals {reexecute=0 rethrow=0 return_oop=0}
                      ; - java.util.HashMap::getNode@63 (line 570)
                      ; - java.util.LinkedHashMap::get@2 (line 441)
                      ; - java.util.jar.Attributes::get@5 (line 105)
                      ; - java.util.jar.Attributes::getValue@2 (line 141)
                      ; - java.net.URLClassLoader::definePackage@59 (line 554)
                      ; - java.net.URLClassLoader::defineClass@64 (line 495)
  0x000001df07bfb9c0: bc59 98ff | 85c0 0f84 | 97fb ffff | 4c8b cd4c | 8b54 2450 | 4c89 9424 | a800 0000 | 4c8b 4424 
  0x000001df07bfb9e0: 5848 8b5c | 2460 488b | 7c24 700f | b66b 2c85 | ed0f 85cb | 3700 008b | 6f14 85ed | 0f84 f4fb 
  0x000001df07bfba00: ffff 448b 

  0x000001df07bfba04: ;   {metadata('java/lang/String')}
  0x000001df07bfba04: 5d08 4181 | fbe0 e900 | 000f 85d5 | 3c00 0048 | 8bcd 418b | 680c 448b 

  0x000001df07bfba1c: ;   {metadata('java/util/LinkedHashMap')}
  0x000001df07bfba1c: 5d08 4181 | fb20 3a0b | 000f 85e1 | 3200 0048 | 8bdd 448b | 5b24 4585 | db0f 8421 | fbff ff41 
  0x000001df07bfba3c: 8b6b 0c85 | ed0f 8625 

  0x000001df07bfba44: ;   {oop(a 'java/util/jar/Attributes$Name'{0x00000000804bc2b0})}
  0x000001df07bfba44: 3500 0049 | bab0 c24b | 8000 0000 | 0041 8b72 | 0cff cd44 | 8bd6 41c1 | ea10 418b | d233 d623 
  0x000001df07bfba64: ea41 8b7c | ab10 85ff | 0f84 eafa | ffff 448b | 5f0c 488b | f744 3bda | 0f85 5bfa | ffff 448b 
  0x000001df07bfba84: ;   {oop(a 'java/util/jar/Attributes$Name'{0x00000000804bc2b0})}
  0x000001df07bfba84: 5f10 4181 | fbb0 c24b | 8074 6d48 | 8974 2478 | 897c 2470 | 8954 2424 | 4889 5c24 | 6848 894c 
  0x000001df07bfbaa4: 2460 4c89 | 4424 584c | 8b94 24a8 | 0000 004c | 8954 2450 | 498b e94d 

  0x000001df07bfbabc: ;   {oop(a 'java/util/jar/Attributes$Name'{0x00000000804bc2b0})}
  0x000001df07bfbabc: 8bc3 48ba | b0c2 4b80 | 0000 0000 

  0x000001df07bfbac8: ;   {optimized virtual_call}
  0x000001df07bfbac8: c5f8 77e8 

  0x000001df07bfbacc: ; ImmutableOopMap {[40]=Oop [48]=Oop [56]=Oop [64]=Oop [88]=Oop [96]=Oop [104]=Oop [112]=NarrowOop [120]=Oop [136]=Oop [144]=Oop }
                      ;*invokevirtual equals {reexecute=0 rethrow=0 return_oop=0}
                      ; - java.util.HashMap::getNode@63 (line 570)
                      ; - java.util.LinkedHashMap::get@2 (line 441)
                      ; - java.util.jar.Attributes::get@5 (line 105)
                      ; - java.util.jar.Attributes::getValue@2 (line 141)
                      ; - java.net.URLClassLoader::definePackage@69 (line 555)
                      ; - java.net.URLClassLoader::defineClass@64 (line 495)
  0x000001df07bfbacc: b058 98ff | 85c0 0f84 | d9f9 ffff | 4c8b cd4c | 8b54 2450 | 4c89 9424 | a800 0000 | 4c8b 4424 
  0x000001df07bfbaec: 5848 8b4c | 2460 488b | 5c24 6848 | 8b74 2478 | 0fb6 6b2c | 85ed 0f85 | ec36 0000 | 8b6e 1485 
  0x000001df07bfbb0c: ed0f 8449 | faff ff44 

  0x000001df07bfbb14: ;   {metadata('java/lang/String')}
  0x000001df07bfbb14: 8b55 0841 | 81fa e0e9 | 0000 0f85 | f83b 0000 | 488b dd41 | 8b68 0c44 

  0x000001df07bfbb2c: ;   {metadata('java/util/LinkedHashMap')}
  0x000001df07bfbb2c: 8b55 0841 | 81fa 203a | 0b00 0f85 | ec31 0000 | 488b f544 | 8b56 2445 | 85d2 0f84 | 5df9 ffff 
  0x000001df07bfbb4c: 418b 6a0c | 85ed 0f86 | 5834 0000 

  0x000001df07bfbb58: ;   {oop(a 'java/util/jar/Attributes$Name'{0x00000000804b9578})}
  0x000001df07bfbb58: 49bb 7895 | 4b80 0000 | 0000 418b | 530c ffcd | 448b da41 | c1eb 1041 | 8bfb 33fa | 23ef 458b 
  0x000001df07bfbb78: 54aa 1045 | 85d2 0f84 | 25f9 ffff | 458b 5a0c | 498b c244 | 3bdf 0f85 | 6cf8 ffff | 418b 5210 
  0x000001df07bfbb98: ;   {oop(a 'java/util/jar/Attributes$Name'{0x00000000804b9578})}
  0x000001df07bfbb98: 81fa 7895 | 4b80 0f84 | 8000 0000 | 4889 8424 | 8000 0000 | 4489 5424 | 7889 7c24 | 2448 8974 
  0x000001df07bfbbb8: 2470 4889 | 5c24 6848 | 894c 2460 | 4c89 4424 | 584c 8b94 | 24a8 0000 | 004c 8954 | 2450 498b 
  0x000001df07bfbbd8: e94c 8bc2 

  0x000001df07bfbbdc: ;   {oop(a 'java/util/jar/Attributes$Name'{0x00000000804b9578})}
  0x000001df07bfbbdc: 48ba 7895 | 4b80 0000 | 0000 6690 

  0x000001df07bfbbe8: ;   {optimized virtual_call}
  0x000001df07bfbbe8: c5f8 77e8 

  0x000001df07bfbbec: ; ImmutableOopMap {[40]=Oop [48]=Oop [56]=Oop [64]=Oop [88]=Oop [96]=Oop [104]=Oop [112]=Oop [120]=NarrowOop [128]=Oop [136]=Oop [144]=Oop }
                      ;*invokevirtual equals {reexecute=0 rethrow=0 return_oop=0}
                      ; - java.util.HashMap::getNode@63 (line 570)
                      ; - java.util.LinkedHashMap::get@2 (line 441)
                      ; - java.util.jar.Attributes::get@5 (line 105)
                      ; - java.util.jar.Attributes::getValue@2 (line 141)
                      ; - java.net.URLClassLoader::definePackage@79 (line 556)
                      ; - java.net.URLClassLoader::defineClass@64 (line 495)
  0x000001df07bfbbec: 9057 98ff | 85c0 0f84 | d3f7 ffff | 4c8b cd4c | 8b54 2450 | 4c89 9424 | a800 0000 | 4c8b 4424 
  0x000001df07bfbc0c: 5848 8b4c | 2460 488b | 5c24 6848 | 8b74 2470 | 488b 8424 | 8000 0000 | 0fb6 6e2c | 85ed 0f85 
  0x000001df07bfbc2c: 0836 0000 | 8b68 1485 | ed0f 846e | f8ff ff44 

  0x000001df07bfbc3c: ;   {metadata('java/lang/String')}
  0x000001df07bfbc3c: 8b5d 0841 | 81fb e0e9 | 0000 0f85 | fc3a 0000 | 4c8b dd41 | 8b68 0c44 

  0x000001df07bfbc54: ;   {metadata('java/util/LinkedHashMap')}
  0x000001df07bfbc54: 8b55 0841 | 81fa 203a | 0b00 0f85 | f430 0000 | 488b f58b | 7e24 85ff | 0f84 52f7 | ffff 8b6f 
  0x000001df07bfbc74: 0c85 ed0f | 867f 3300 | 0048 89b4 | 2480 0000 | 004c 895c | 2478 4889 | 5c24 7048 | 894c 2468 
  0x000001df07bfbc94: 4c89 4424 | 604c 8b94 | 24a8 0000 | 004c 8954 | 2458 4c89 

  0x000001df07bfbca8: ;   {oop(a 'java/util/jar/Attributes$Name'{0x00000000804962d0})}
  0x000001df07bfbca8: 4c24 5049 | bad0 6249 | 8000 0000 | 0045 8b52 | 0cff cd45 | 8bda 41c1 | eb10 458b | c345 33c2 
  0x000001df07bfbcc8: 4489 4424 | 2441 23e8 | 448b 54af | 1045 85d2 | 0f84 dcf6 | ffff 458b | c245 8b5a | 0c4d 8bca 
  0x000001df07bfbce8: 443b 5c24 | 240f 859b | 1500 0045 

  0x000001df07bfbcf4: ;   {oop(a 'java/util/jar/Attributes$Name'{0x00000000804962d0})}
  0x000001df07bfbcf4: 8b52 1041 | 81fa d062 | 4980 7430 | 4c89 8c24 | 9800 0000 | 418b e84d 

  0x000001df07bfbd0c: ;   {oop(a 'java/util/jar/Attributes$Name'{0x00000000804962d0})}
  0x000001df07bfbd0c: 8bc2 48ba | d062 4980 | 0000 0000 

  0x000001df07bfbd18: ;   {optimized virtual_call}
  0x000001df07bfbd18: c5f8 77e8 

  0x000001df07bfbd1c: ; ImmutableOopMap {rbp=NarrowOop [40]=Oop [48]=Oop [56]=Oop [64]=Oop [96]=Oop [104]=Oop [112]=Oop [120]=Oop [128]=Oop [136]=Oop [144]=Oop [152]=Oop }
                      ;*invokevirtual equals {reexecute=0 rethrow=0 return_oop=0}
                      ; - java.util.HashMap::getNode@63 (line 570)
                      ; - java.util.LinkedHashMap::get@2 (line 441)
                      ; - java.util.jar.Attributes::get@5 (line 105)
                      ; - java.util.jar.Attributes::getValue@2 (line 141)
                      ; - java.net.URLClassLoader::definePackage@89 (line 557)
                      ; - java.net.URLClassLoader::defineClass@64 (line 495)
  0x000001df07bfbd1c: 6056 98ff | 85c0 0f84 | 5b15 0000 | 4c8b 8c24 | 9800 0000 | 4c8b 9c24 | 8000 0000 | 410f b66b 
  0x000001df07bfbd3c: 2c85 ed0f | 853f 3500 | 0041 8b69 | 1485 ed0f | 84cc 2300 | 0044 8b5d 

  0x000001df07bfbd54: ;   {metadata('java/lang/String')}
  0x000001df07bfbd54: 0841 81fb | e0e9 0000 | 0f85 463a | 0000 488b | f54c 8b4c | 2450 4c8b | 5424 584c | 8994 24a8 
  0x000001df07bfbd74: 0000 004c | 8b44 2460 | 488b 4c24 | 6848 8b5c | 2470 4c8b | 5c24 7841 | 8b68 0c44 

  0x000001df07bfbd90: ;   {metadata('java/util/LinkedHashMap')}
  0x000001df07bfbd90: 8b55 0841 | 81fa 203a | 0b00 0f85 | fc2f 0000 | 488b c58b | 7824 85ff | 0f84 05f6 | ffff 8b6f 
  0x000001df07bfbdb0: 0c85 ed0f | 8697 3200 | 0048 8984 | 2498 0000 | 0048 89b4 | 2480 0000 | 004c 895c | 2478 4889 
  0x000001df07bfbdd0: 5c24 7048 | 894c 2468 | 4c89 4424 | 604c 8b94 | 24a8 0000 | 004c 8954 | 2458 4c89 

  0x000001df07bfbdec: ;   {oop(a 'java/util/jar/Attributes$Name'{0x0000000080496440})}
  0x000001df07bfbdec: 4c24 5049 | ba40 6449 | 8000 0000 | 0045 8b52 | 0cff cd45 | 8bda 41c1 | eb10 458b | c345 33c2 
  0x000001df07bfbe0c: 4489 4424 | 2441 23e8 | 448b 54af | 1041 8bea | 4585 d20f | 8484 f5ff | ff45 8b52 | 0c4c 8bdd 
  0x000001df07bfbe2c: 4c89 9c24 | a000 0000 | 453b d075 | 2f44 8b55 

  0x000001df07bfbe3c: ;   {oop(a 'java/util/jar/Attributes$Name'{0x0000000080496440})}
  0x000001df07bfbe3c: 1041 81fa | 4064 4980 | 0f84 d200 | 0000 4d8b 

  0x000001df07bfbe4c: ;   {oop(a 'java/util/jar/Attributes$Name'{0x0000000080496440})}
  0x000001df07bfbe4c: c248 ba40 | 6449 8000 | 0000 0090 

  0x000001df07bfbe58: ;   {optimized virtual_call}
  0x000001df07bfbe58: c5f8 77e8 

  0x000001df07bfbe5c: ; ImmutableOopMap {rbp=NarrowOop [40]=Oop [48]=Oop [56]=Oop [64]=Oop [96]=Oop [104]=Oop [112]=Oop [120]=Oop [128]=Oop [136]=Oop [144]=Oop [152]=Oop [160]=Oop }
                      ;*invokevirtual equals {reexecute=0 rethrow=0 return_oop=0}
                      ; - java.util.HashMap::getNode@63 (line 570)
                      ; - java.util.LinkedHashMap::get@2 (line 441)
                      ; - java.util.jar.Attributes::get@5 (line 105)
                      ; - java.util.jar.Attributes::getValue@2 (line 141)
                      ; - java.net.URLClassLoader::definePackage@99 (line 558)
                      ; - java.net.URLClassLoader::defineClass@64 (line 495)
  0x000001df07bfbe5c: 2055 98ff | 85c0 0f85 | b400 0000 | 448b 5d18 | 4585 db74 | 7844 8bd5 | 458b 4208 

  0x000001df07bfbe78: ;   {metadata('java/util/HashMap$TreeNode')}
  0x000001df07bfbe78: 4181 f8e0 | f512 000f | 8543 1b00 | 0048 8b94 | 24a0 0000 | 0044 8b44 

  0x000001df07bfbe90: ;   {oop(a 'java/util/jar/Attributes$Name'{0x0000000080496440})}
  0x000001df07bfbe90: 2424 49b9 | 4064 4980 | 0000 0000 | 488b 6c24 | 3866 6690 

  0x000001df07bfbea4: ;   {optimized virtual_call}
  0x000001df07bfbea4: c5f8 77e8 

  0x000001df07bfbea8: ; ImmutableOopMap {rbp=Oop [40]=Oop [48]=Oop [56]=Oop [64]=Oop [96]=Oop [104]=Oop [112]=Oop [120]=Oop [128]=Oop [136]=Oop [144]=Oop [152]=Oop }
                      ;*invokevirtual getTreeNode {reexecute=0 rethrow=0 return_oop=1}
                      ; - java.util.HashMap::getNode@95 (line 574)
                      ; - java.util.LinkedHashMap::get@2 (line 441)
                      ; - java.util.jar.Attributes::get@5 (line 105)
                      ; - java.util.jar.Attributes::getValue@2 (line 141)
                      ; - java.net.URLClassLoader::definePackage@99 (line 558)
                      ; - java.net.URLClassLoader::defineClass@64 (line 495)
  0x000001df07bfbea8: d454 98ff | 4885 c074 | 054c 8bc0 | eb6e 4c8b | 4c24 504c | 8b54 2458 | 4c89 9424 | a800 0000 
  0x000001df07bfbec8: 4c8b 4424 | 6048 8b4c | 2468 488b | 5c24 704c | 8b5c 2478 | 488b b424 | 8000 0000 | e9ca f4ff 
  0x000001df07bfbee8: ff4c 8b4c | 2450 4c8b | 5424 584c | 8994 24a8 | 0000 004c | 8b44 2460 | 488b 4c24 | 6848 8b5c 
  0x000001df07bfbf08: 2470 4c8b | 5c24 7848 | 8bb4 2480 | 0000 00e9 | 97f4 ffff | 4c8b 8424 | a000 0000 | 4c8b 9424 
  0x000001df07bfbf28: 9800 0000 | 410f b66a | 2c85 ed0f | 857b 3300 | 0041 8b68 | 1485 ed0f | 8403 2200 | 0044 8b55 
  0x000001df07bfbf48: ;   {metadata('java/lang/String')}
  0x000001df07bfbf48: 0841 81fa | e0e9 0000 | 0f85 7238 | 0000 488b | c54c 8b4c | 2450 4c8b | 5424 584c | 8994 24a8 
  0x000001df07bfbf68: 0000 004c | 8b44 2460 | 488b 4c24 | 6848 8b5c | 2470 4c8b | 5c24 7848 | 8bb4 2480 | 0000 0041 
  0x000001df07bfbf88: 8b68 0c44 

  0x000001df07bfbf8c: ;   {metadata('java/util/LinkedHashMap')}
  0x000001df07bfbf8c: 8b55 0841 | 81fa 203a | 0b00 0f85 | 4c2e 0000 | 4c8b d541 | 8b7a 2485 | ff0f 84f7 | f3ff ff4c 
  0x000001df07bfbfac: 8994 24a0 | 0000 0048 | 8984 2498 | 0000 0048 | 89b4 2480 | 0000 004c | 895c 2478 | 4889 5c24 
  0x000001df07bfbfcc: 7048 894c | 2468 4c89 | 4424 604c | 8b94 24a8 | 0000 004c | 8954 2458 | 4c89 4c24 | 508b 6f0c 
  0x000001df07bfbfec: 85ed 0f86 | b830 0000 

  0x000001df07bfbff4: ;   {oop(a 'java/util/jar/Attributes$Name'{0x00000000804bc0d0})}
  0x000001df07bfbff4: 49ba d0c0 | 4b80 0000 | 0000 458b | 420c ffcd | 458b d041 | c1ea 1045 | 33d0 4489 | 5424 2441 
  0x000001df07bfc014: 23ea 448b | 54af 1041 | 8bea 4585 | d20f 8471 | f3ff ff45 | 8b52 0c4c | 8bdd 4c89 | 9c24 a800 
  0x000001df07bfc034: 0000 443b | 5424 2475 | 2f44 8b5d 

  0x000001df07bfc040: ;   {oop(a 'java/util/jar/Attributes$Name'{0x00000000804bc0d0})}
  0x000001df07bfc040: 1041 81fb | d0c0 4b80 | 0f84 eb00 | 0000 4d8b 

  0x000001df07bfc050: ;   {oop(a 'java/util/jar/Attributes$Name'{0x00000000804bc0d0})}
  0x000001df07bfc050: c348 bad0 | c04b 8000 | 0000 0090 

  0x000001df07bfc05c: ;   {optimized virtual_call}
  0x000001df07bfc05c: c5f8 77e8 

  0x000001df07bfc060: ; ImmutableOopMap {rbp=NarrowOop [40]=Oop [48]=Oop [56]=Oop [64]=Oop [96]=Oop [104]=Oop [112]=Oop [120]=Oop [128]=Oop [136]=Oop [144]=Oop [152]=Oop [160]=Oop [168]=Oop }
                      ;*invokevirtual equals {reexecute=0 rethrow=0 return_oop=0}
                      ; - java.util.HashMap::getNode@63 (line 570)
                      ; - java.util.LinkedHashMap::get@2 (line 441)
                      ; - java.util.jar.Attributes::get@5 (line 105)
                      ; - java.util.jar.Attributes::getValue@2 (line 141)
                      ; - java.net.URLClassLoader::definePackage@109 (line 559)
                      ; - java.net.URLClassLoader::defineClass@64 (line 495)
  0x000001df07bfc060: 1c53 98ff | 85c0 0f85 | cd00 0000 | 448b d545 | 8b52 1845 | 85d2 0f84 | 8200 0000 | 448b 5d08 
  0x000001df07bfc080: ;   {metadata('java/util/HashMap$TreeNode')}
  0x000001df07bfc080: 4181 fbe0 | f512 000f | 8587 1900 | 0048 8b94 | 24a8 0000 | 0044 8b44 

  0x000001df07bfc098: ;   {oop(a 'java/util/jar/Attributes$Name'{0x00000000804bc0d0})}
  0x000001df07bfc098: 2424 49b9 | d0c0 4b80 | 0000 0000 | 488b 6c24 | 3866 6690 

  0x000001df07bfc0ac: ;   {optimized virtual_call}
  0x000001df07bfc0ac: c5f8 77e8 

  0x000001df07bfc0b0: ; ImmutableOopMap {rbp=Oop [40]=Oop [48]=Oop [56]=Oop [64]=Oop [96]=Oop [104]=Oop [112]=Oop [120]=Oop [128]=Oop [136]=Oop [144]=Oop [152]=Oop [160]=Oop }
                      ;*invokevirtual getTreeNode {reexecute=0 rethrow=0 return_oop=1}
                      ; - java.util.HashMap::getNode@95 (line 574)
                      ; - java.util.LinkedHashMap::get@2 (line 441)
                      ; - java.util.jar.Attributes::get@5 (line 105)
                      ; - java.util.jar.Attributes::getValue@2 (line 141)
                      ; - java.net.URLClassLoader::definePackage@109 (line 559)
                      ; - java.net.URLClassLoader::defineClass@64 (line 495)
  0x000001df07bfc0b0: cc52 98ff | 4885 c074 | 0a48 8984 | 24a8 0000 | 00eb 764c | 8b4c 2450 | 4c8b 5424 | 584c 8994 
  0x000001df07bfc0d0: 24a8 0000 | 004c 8b44 | 2460 488b | 4c24 6848 | 8b5c 2470 | 4c8b 5c24 | 7848 8bb4 | 2480 0000 
  0x000001df07bfc0f0: 0048 8b84 | 2498 0000 | 00e9 a4f2 | ffff 4c8b | 4c24 504c | 8b54 2458 | 4c89 9424 | a800 0000 
  0x000001df07bfc110: 4c8b 4424 | 6048 8b4c | 2468 488b | 5c24 704c | 8b5c 2478 | 488b b424 | 8000 0000 | 488b 8424 
  0x000001df07bfc130: 9800 0000 | e969 f2ff | ff4c 8b94 | 24a0 0000 | 0041 0fb6 | 6a2c 85ed | 0f85 8631 | 0000 4c8b 
  0x000001df07bfc150: 9424 a800 | 0000 418b | 6a14 85ed | 0f84 1920 | 0000 448b 

  0x000001df07bfc164: ;   {metadata('java/lang/String')}
  0x000001df07bfc164: 5d08 4181 | fbe0 e900 | 000f 8515 | 3600 0048 | 8bfd 4c8b | 4c24 504c | 8b54 2458 | 4c89 9424 
  0x000001df07bfc184: a800 0000 | 4c8b 4424 | 6048 8b4c | 2468 488b | 5c24 704c | 8b5c 2478 | 488b b424 | 8000 0000 
  0x000001df07bfc1a4: 488b 8424 | 9800 0000 | 418b 680c 

  0x000001df07bfc1b0: ; implicit exception: dispatches to 0x000001df07bffc04
  0x000001df07bfc1b0: 448b 5508 

  0x000001df07bfc1b4: ;   {metadata('java/util/LinkedHashMap')}
  0x000001df07bfc1b4: 4181 fa20 | 3a0b 000f | 857b 2c00 | 004c 8bd5 | 458b 4224 | 4585 c00f | 84bf f1ff | ff45 8be8 
  0x000001df07bfc1d4: 4c89 9424 | a000 0000 | 4889 bc24 | 9800 0000 | 4889 8424 | 8000 0000 | 4889 7424 | 784c 895c 
  0x000001df07bfc1f4: 2470 4889 | 5c24 6848 | 894c 2460 | 4c8b 9424 | a800 0000 | 4c89 5424 | 584c 894c | 2450 418b 
  0x000001df07bfc214: 680c 85ed | 0f86 a22e 

  0x000001df07bfc21c: ;   {oop(a 'java/util/jar/Attributes$Name'{0x00000000804b1a70})}
  0x000001df07bfc21c: 0000 49ba | 701a 4b80 | 0000 0000 | 458b 420c | ffcd 458b | d041 c1ea | 1045 33d0 | 4489 5424 
  0x000001df07bfc23c: 2441 23ea | 458b 54ad | 1041 8bea | 4585 d20f | 843a f1ff | ff45 8b52 | 0c4c 8bdd | 4c89 9c24 
  0x000001df07bfc25c: a800 0000 | 443b 5424 | 2475 3144 

  0x000001df07bfc268: ;   {oop(a 'java/util/jar/Attributes$Name'{0x00000000804b1a70})}
  0x000001df07bfc268: 8b5d 1041 | 81fb 701a | 4b80 0f84 | ed00 0000 

  0x000001df07bfc278: ;   {oop(a 'java/util/jar/Attributes$Name'{0x00000000804b1a70})}
  0x000001df07bfc278: 4d8b c348 | ba70 1a4b | 8000 0000 | 0066 6690 

  0x000001df07bfc288: ;   {optimized virtual_call}
  0x000001df07bfc288: c5f8 77e8 

  0x000001df07bfc28c: ; ImmutableOopMap {rbp=NarrowOop [40]=Oop [48]=Oop [56]=Oop [64]=Oop [96]=Oop [104]=Oop [112]=Oop [120]=Oop [128]=Oop [136]=Oop [144]=Oop [152]=Oop [160]=Oop [168]=Oop }
                      ;*invokevirtual equals {reexecute=0 rethrow=0 return_oop=0}
                      ; - java.util.HashMap::getNode@63 (line 570)
                      ; - java.util.LinkedHashMap::get@2 (line 441)
                      ; - java.util.jar.Attributes::get@5 (line 105)
                      ; - java.util.jar.Attributes::getValue@2 (line 141)
                      ; - java.net.URLClassLoader::definePackage@119 (line 560)
                      ; - java.net.URLClassLoader::defineClass@64 (line 495)
  0x000001df07bfc28c: f050 98ff | 85c0 0f85 | cd00 0000 | 448b d545 | 8b5a 1845 | 85db 0f84 | 8200 0000 | 458b 4208 
  0x000001df07bfc2ac: ;   {metadata('java/util/HashMap$TreeNode')}
  0x000001df07bfc2ac: 4181 f8e0 | f512 000f | 8506 1800 | 0048 8b94 | 24a8 0000 | 0044 8b44 

  0x000001df07bfc2c4: ;   {oop(a 'java/util/jar/Attributes$Name'{0x00000000804b1a70})}
  0x000001df07bfc2c4: 2424 49b9 | 701a 4b80 | 0000 0000 | 488b 6c24 | 3866 6690 

  0x000001df07bfc2d8: ;   {optimized virtual_call}
  0x000001df07bfc2d8: c5f8 77e8 

  0x000001df07bfc2dc: ; ImmutableOopMap {rbp=Oop [40]=Oop [48]=Oop [56]=Oop [64]=Oop [96]=Oop [104]=Oop [112]=Oop [120]=Oop [128]=Oop [136]=Oop [144]=Oop [152]=Oop [160]=Oop }
                      ;*invokevirtual getTreeNode {reexecute=0 rethrow=0 return_oop=1}
                      ; - java.util.HashMap::getNode@95 (line 574)
                      ; - java.util.LinkedHashMap::get@2 (line 441)
                      ; - java.util.jar.Attributes::get@5 (line 105)
                      ; - java.util.jar.Attributes::getValue@2 (line 141)
                      ; - java.net.URLClassLoader::definePackage@119 (line 560)
                      ; - java.net.URLClassLoader::defineClass@64 (line 495)
  0x000001df07bfc2dc: a050 98ff | 4885 c074 | 0a48 8984 | 24a8 0000 | 00eb 764c | 8b4c 2450 | 4c8b 5424 | 584c 8994 
  0x000001df07bfc2fc: 24a8 0000 | 0048 8b4c | 2460 488b | 5c24 684c | 8b5c 2470 | 488b 7424 | 7848 8b84 | 2480 0000 
  0x000001df07bfc31c: 0048 8bbc | 2498 0000 | 00e9 66f0 | ffff 4c8b | 4c24 504c | 8b54 2458 | 4c89 9424 | a800 0000 
  0x000001df07bfc33c: 488b 4c24 | 6048 8b5c | 2468 4c8b | 5c24 7048 | 8b74 2478 | 488b 8424 | 8000 0000 | 488b bc24 
  0x000001df07bfc35c: 9800 0000 | e92b f0ff | ff4c 8b94 | 24a0 0000 | 0041 0fb6 | 6a2c 85ed | 0f85 6a2f | 0000 4c8b 
  0x000001df07bfc37c: 9424 a800 | 0000 418b | 6a14 85ed | 0f84 281e | 0000 448b 

  0x000001df07bfc390: ;   {metadata('java/lang/String')}
  0x000001df07bfc390: 5508 4181 | fae0 e900 | 000f 8599 | 3300 004c | 8bc5 4c8b | 4c24 504c | 8b54 2458 | 4c89 9424 
  0x000001df07bfc3b0: a800 0000 | 488b 4c24 | 6048 8b5c | 2468 4c8b | 5c24 7048 | 8b74 2478 | 488b 8424 | 8000 0000 
  0x000001df07bfc3d0: 488b bc24 | 9800 0000 | 4c8b 5424 | 2845 8b52 | 0c45 85d2 | 0f84 d303 | 0000 4489 | 5424 244c 
  0x000001df07bfc3f0: 8984 2498 | 0000 0048 | 89bc 2480 | 0000 0048 | 8944 2478 | 4889 7424 | 704c 895c | 2468 4889 
  0x000001df07bfc410: 5c24 6048 | 894c 2458 | 4c89 4c24 | 5045 8b4a | 0c4c 8994 | 24a0 0000 | 0048 85c9 | 0f84 4d04 
  0x000001df07bfc430: 0000 4c8b | 5424 604d | 85d2 0f84 | 1e05 0000 | 4c8b 5424 | 684d 85d2 | 0f84 5a06 | 0000 4c8b 
  0x000001df07bfc450: 5424 704d | 85d2 0f84 | b807 0000 | 448b 5424 | 2445 8b5a | 0c45 8bd3 | 4c8b 5c24 | 784d 85db 
  0x000001df07bfc470: 0f84 9109 | 0000 4c8b | 9c24 8000 | 0000 4d85 | db0f 8456 | 0a00 004c | 8b94 2498 | 0000 004d 
  0x000001df07bfc490: 85d2 0f84 | 960b 0000 | 4c89 9c24 | b800 0000 | 4c8b 5c24 | 784c 899c | 24b0 0000 | 004c 8b5c 
  0x000001df07bfc4b0: 2470 4c89 | 9c24 a000 | 0000 4c8b | 5c24 684c | 899c 2498 | 0000 004c | 8b5c 2460 | 4c89 9c24 
  0x000001df07bfc4d0: 8000 0000 | 4c8b 5c24 | 584c 895c | 2478 4d8b 

  0x000001df07bfc4e0: ;   {oop("true"{0x00000000804b1a88})}
  0x000001df07bfc4e0: c248 ba88 | 1a4b 8000 | 0000 0048 | 8b6c 2438 

  0x000001df07bfc4f0: ;   {optimized virtual_call}
  0x000001df07bfc4f0: c5f8 77e8 

  0x000001df07bfc4f4: ; ImmutableOopMap {rbp=Oop [40]=Oop [48]=Oop [56]=Oop [64]=Oop [120]=Oop [128]=Oop [136]=Oop [144]=Oop [152]=Oop [160]=Oop [176]=Oop [184]=Oop }
                      ;*invokevirtual equalsIgnoreCase {reexecute=0 rethrow=0 return_oop=0}
                      ; - java.net.URLClassLoader::definePackage@245 (line 586)
                      ; - java.net.URLClassLoader::defineClass@64 (line 495)
  0x000001df07bfc4f4: 68fa 0500 | 85c0 0f84 | f402 0000 | 4c8b 9424 | 8800 0000 | 488b d54c | 8b84 2490 | 0000 004c 
  0x000001df07bfc514: 8b4c 2478 | 488b bc24 | 8000 0000 | 488b b424 | 9800 0000 | 488b 8c24 | a000 0000 | 4c8b 9c24 
  0x000001df07bfc534: b000 0000 | 4c89 1c24 | 4c8b 9c24 | b800 0000 | 4c89 5c24 | 084c 8954 | 2410 6690 

  0x000001df07bfc550: ;   {optimized virtual_call}
  0x000001df07bfc550: c5f8 77e8 

  0x000001df07bfc554: ; ImmutableOopMap {rbp=Oop [40]=Oop [48]=Oop [56]=Oop [64]=Oop [136]=Oop [144]=Oop }
                      ;*invokevirtual definePackage {reexecute=0 rethrow=0 return_oop=1}
                      ; - java.net.URLClassLoader::definePackage@270 (line 589)
                      ; - java.net.URLClassLoader::defineClass@64 (line 495)
  0x000001df07bfc554: 4887 6df8 | 4c8b 6c24 | 504c 8bb4 | 24a8 0000 | 00e9 8fe6 | ffff 4c89 | 9424 9000 | 0000 e95c 
  0x000001df07bfc574: e4ff ff45 | 8bd9 e97d | e2ff ff48 | 894c 2460 | 4489 4424 | 544c 8954 | 2458 448b | 5c24 2044 
  0x000001df07bfc594: 895c 2450 | 4c8b 5424 | 404c 8954 | 2428 4c8b | 5424 304c | 8954 2420 | 488b d141 | b801 0000 
  0x000001df07bfc5b4: 0048 8be9 

  0x000001df07bfc5b8: ;   {optimized virtual_call}
  0x000001df07bfc5b8: c5f8 77e8 

  0x000001df07bfc5bc: ; ImmutableOopMap {rbp=Oop [32]=Oop [40]=Oop [56]=Oop [84]=NarrowOop [88]=Oop [96]=Oop [136]=Oop [144]=Oop }
                      ;*invokevirtual getManifestName {reexecute=0 rethrow=0 return_oop=1}
                      ; - java.util.zip.ZipFile$1::getManifestName@2 (line 1123)
                      ; - java.util.jar.JarFile::maybeInstantiateVerifier@20 (line 723)
                      ; - java.util.jar.JarFile::ensureInitialization@1 (line 1031)
                      ; - java.util.jar.JavaUtilJarAccessImpl::ensureInitialization@1 (line 72)
                      ; - jdk.internal.loader.URLClassPath$JarLoader$2::getManifest@10 (line 885)
                      ; - java.net.URLClassLoader::defineClass@34 (line 491)
  0x000001df07bfc5bc: c069 61f8 | 4885 c00f | 8576 2b00 | 0044 8b44 | 2454 4588 | 6012 418b | 6830 85ed | 0f85 8e2b 
  0x000001df07bfc5dc: 0000 4c8b | 5424 204c | 8954 2430 | 4c8b 5424 | 284c 8954 | 2440 448b | 5424 5044 | 8954 2420 
  0x000001df07bfc5fc: 4c8b 5424 | 5848 8b4c | 2460 e9a1 | e4ff ff4c | 8944 2440 | 4c8b d54c | 8954 2450 | 498b d241 
  0x000001df07bfc61c: b801 0000 | 0066 6690 

  0x000001df07bfc624: ;   {optimized virtual_call}
  0x000001df07bfc624: c5f8 77e8 

  0x000001df07bfc628: ; ImmutableOopMap {rbp=NarrowOop [48]=Oop [56]=Oop [64]=Oop [80]=Oop [112]=Oop [136]=Oop }
                      ;*invokevirtual getManifestName {reexecute=0 rethrow=0 return_oop=1}
                      ; - java.util.zip.ZipFile$1::getManifestName@2 (line 1123)
                      ; - java.util.jar.JarFile::maybeInstantiateVerifier@20 (line 723)
                      ; - java.util.jar.JarFile$JarFileEntry::getCodeSigners@4 (line 671)
                      ; - jdk.internal.loader.URLClassPath$JarLoader$2::getCodeSigners@4 (line 891)
                      ; - java.net.URLClassLoader::defineClass@185 (line 521)
  0x000001df07bfc628: 544d 98ff | 4885 c00f | 8567 2b00 | 0044 8865 | 124c 8b44 | 2440 e9b2 | e8ff ff45 | 0fb6 5408 
  0x000001df07bfc648: 108b c7c1 | e005 2bc7 | 4103 c2ff | c13b cd0f | 8d42 0100 | 008b f8eb | e245 0fb6 | 4011 4585 
  0x000001df07bfc668: c00f 8582 | 1b00 0045 | 8b43 144c | 8bcb 4180 | 7b10 000f | 85d3 1b00 | 0041 8b68 | 0c85 ed0f 
  0x000001df07bfc688: 86b8 0f00 | 0044 8bd5 | 41ff ca44 | 3bd5 0f83 | 3c2a 0000 | 410f b678 | 108b d583 | c2fd 83fa 
  0x000001df07bfc6a8: 010f 8e71 | 2a00 00c4 | c1f9 6ed9 | c5f9 6ee6 | c5f9 6ed3 | c4c1 f96e | cbc5 fb10 | 4424 288b 
  0x000001df07bfc6c8: dfc1 e305 | 2bdf 498b | f0b9 0100 | 0000 49bb | 0000 eb7e | df01 0000 | 4533 d2c4 | c1f9 6eeb 
  0x000001df07bfc6e8: c4c1 f96e | f28b c52b | c183 c0fd | 4533 db3b | d141 0f4c | c381 f8a0 | 0f00 0041 | baa0 0f00 
  0x000001df07bfc708: 0041 0f47 | c203 c190 | 4c63 d947 | 0fb6 5418 | 1047 0fb6 | 7418 1347 | 0fb6 4c18 | 1143 0fb6 
  0x000001df07bfc728: 7c18 1241 | 03da 448b | eb41 c1e5 | 0544 2beb | 4503 e945 | 8bdd 41c1 | e305 452b | dd44 03df 
  0x000001df07bfc748: 418b fbc1 | e705 412b | fb41 03fe | 8bdf c1e3 | 052b df83 | c104 3bc8 | 7cae 4d8b | 9758 0300 
  0x000001df07bfc768: ; ImmutableOopMap {r8=NarrowOop rsi=Oop xmm0=Oop xmm1=Oop xmm2=NarrowOop xmm3=Oop [48]=Oop [56]=Oop [64]=Oop [136]=Oop [144]=Oop }
                      ;*goto {reexecute=1 rethrow=0 return_oop=0}
                      ; - (reexecute) java.lang.StringLatin1::hashCode@37 (line 196)
                      ; - java.lang.String::hashCode@27 (line 2344)
                      ; - java.util.HashMap::hash@9 (line 338)
                      ; - java.util.HashMap::getNode@23 (line 568)
                      ; - java.util.HashMap::get@2 (line 556)
                      ; - java.util.jar.Manifest::getAttributes@5 (line 159)
                      ; - java.util.jar.Manifest::getTrustedAttributes@2 (line 176)
                      ; - java.util.jar.JavaUtilJarAccessImpl::getTrustedAttributes@2 (line 68)
                      ; - java.net.URLClassLoader::definePackage@42 (line 552)
                      ; - java.net.URLClassLoader::defineClass@64 (line 495)
                      ;   {poll}
  0x000001df07bfc768: 0041 8502 | 3bca 0f8c | 79ff ffff | c4c1 f97e | e9c5 fb11 | b424 a800 | 0000 c5fb | 1144 2428 
  0x000001df07bfc788: c4c1 f97e | cbc5 f97e | d3c5 f97e | e63b cd0f | 8ca6 feff | ff8b c785 | c00f 84f2 | 1a00 0041 
  0x000001df07bfc7a8: 8943 0c44 | 8bd0 41c1 | ea10 4433 | d041 23f2 | e9c3 f0ff | ff48 89bc | 24b8 0000 | 0048 8984 
  0x000001df07bfc7c8: 24b0 0000 | 0048 89b4 | 24a0 0000 | 004c 899c | 2498 0000 | 0048 899c | 2480 0000 | 0048 894c 
  0x000001df07bfc7e8: 2478 4c89 | 4c24 50e9 | edfc ffff | 4533 d2e9 | 0cfd ffff 

  0x000001df07bfc7fc: ;   {oop(a 'java/util/jar/Attributes$Name'{0x00000000804b97b8})}
  0x000001df07bfc7fc: 4d8b c248 | bab8 974b | 8000 0000 | 0066 6690 

  0x000001df07bfc80c: ;   {optimized virtual_call}
  0x000001df07bfc80c: c5f8 77e8 

  0x000001df07bfc810: ; ImmutableOopMap {rbp=NarrowOop [36]=NarrowOop [40]=Oop [48]=Oop [56]=Oop [64]=Oop [88]=Oop [96]=Oop [104]=Oop [112]=Oop [120]=Oop [128]=Oop [136]=Oop [144]=Oop [152]=Oop [160]=Oop [184]=Oop }
                      ;*invokevirtual equals {reexecute=0 rethrow=0 return_oop=0}
                      ; - java.util.HashMap::getNode@63 (line 570)
                      ; - java.util.LinkedHashMap::get@2 (line 441)
                      ; - java.util.jar.Attributes::get@5 (line 105)
                      ; - java.util.jar.Attributes::getValue@2 (line 141)
                      ; - java.net.URLClassLoader::definePackage@145 (line 565)
                      ; - java.net.URLClassLoader::defineClass@64 (line 495)
  0x000001df07bfc810: 6c4b 98ff | 85c0 0f85 | f200 0000 | 448b 5518 | 4585 d274 | 4d44 8b5d 

  0x000001df07bfc828: ;   {metadata('java/util/HashMap$TreeNode')}
  0x000001df07bfc828: 0841 81fb | e0f5 1200 | 0f85 5d15 | 0000 488b | 9424 b800 | 0000 448b | 8424 b000 

  0x000001df07bfc844: ;   {oop(a 'java/util/jar/Attributes$Name'{0x00000000804b97b8})}
  0x000001df07bfc844: 0000 49b9 | b897 4b80 | 0000 0000 | 488b 6c24 | 3866 6690 

  0x000001df07bfc858: ;   {optimized virtual_call}
  0x000001df07bfc858: c5f8 77e8 

  0x000001df07bfc85c: ; ImmutableOopMap {rbp=Oop [36]=NarrowOop [40]=Oop [48]=Oop [56]=Oop [64]=Oop [88]=Oop [96]=Oop [104]=Oop [112]=Oop [120]=Oop [128]=Oop [136]=Oop [144]=Oop [152]=Oop [160]=Oop }
                      ;*invokevirtual getTreeNode {reexecute=0 rethrow=0 return_oop=1}
                      ; - java.util.HashMap::getNode@95 (line 574)
                      ; - java.util.LinkedHashMap::get@2 (line 441)
                      ; - java.util.jar.Attributes::get@5 (line 105)
                      ; - java.util.jar.Attributes::getValue@2 (line 141)
                      ; - java.net.URLClassLoader::definePackage@145 (line 565)
                      ; - java.net.URLClassLoader::defineClass@64 (line 495)
  0x000001df07bfc85c: 204b 98ff | 4885 c074 | 0d48 8984 | 24b8 0000 | 00e9 9c00 | 0000 4533 | d24c 8954 | 2458 e9ce 
  0x000001df07bfc87c: 0000 0045 

  0x000001df07bfc880: ;   {metadata('java/util/LinkedHashMap')}
  0x000001df07bfc880: 8b51 0841 | 81fa 203a | 0b00 0f85 | 642a 0000 | 4d8b d14c | 8954 2458 | 458b 5224 | 418b ca45 
  0x000001df07bfc8a0: 85d2 74ce | 418b 6a0c | 85ed 0f86 | 8c2b 0000 

  0x000001df07bfc8b0: ;   {oop(a 'java/util/jar/Attributes$Name'{0x00000000804b97b8})}
  0x000001df07bfc8b0: 49ba b897 | 4b80 0000 | 0000 458b | 5a0c ffcd | 458b d341 | c1ea 1045 | 8bc2 4533 | c344 8984 
  0x000001df07bfc8d0: 24b0 0000 | 0041 23e8 | 448b 5ca9 | 1041 8beb | 4585 db74 | 8d45 8b53 | 0c4c 899c | 24b8 0000 
  0x000001df07bfc8f0: 0045 3bd0 | 0f85 22ff | ffff 448b | dd45 8b53 

  0x000001df07bfc900: ;   {oop(a 'java/util/jar/Attributes$Name'{0x00000000804b97b8})}
  0x000001df07bfc900: 1041 81fa | b897 4b80 | 0f85 eefe | ffff 4c8b | 5424 5841 | 0fb6 6a2c | 85ed 0f85 | 702b 0000 
  0x000001df07bfc920: 4c8b 9424 | b800 0000 | 418b 6a14 | 85ed 0f84 | 3eff ffff | 448b 5d08 

  0x000001df07bfc938: ;   {metadata('java/lang/String')}
  0x000001df07bfc938: 4181 fbe0 | e900 000f | 85c7 2d00 | 004c 8bd5 | 4c89 5424 | 5844 8b54 | 2424 458b | 520c 458b 
  0x000001df07bfc958: cae9 d4fa | ffff 458b 

  0x000001df07bfc960: ;   {metadata('java/util/LinkedHashMap')}
  0x000001df07bfc960: 5908 4181 | fb20 3a0b | 000f 85a9 | 2900 004d | 8bd1 4c89 | 5424 6045 | 8b5a 2445 | 8bd3 4585 
  0x000001df07bfc980: db0f 84d4 | 0000 0041 | 8b6b 0c85 | ed0f 86c5 

  0x000001df07bfc990: ;   {oop(a 'java/util/jar/Attributes$Name'{0x00000000804bc2b0})}
  0x000001df07bfc990: 2a00 0049 | bbb0 c24b | 8000 0000 | 0045 8b5b | 0cff cd45 | 8bc3 41c1 | e810 458b | c845 33cb 
  0x000001df07bfc9b0: 4489 8c24 | b000 0000 | 4123 e945 | 8b54 aa10 | 418b ea45 | 85d2 0f84 | 8f00 0000 | 458b 5a0c 
  0x000001df07bfc9d0: 4c89 9424 | b800 0000 | 453b d975 | 2b44 8bd5 | 458b 5210 

  0x000001df07bfc9e4: ;   {oop(a 'java/util/jar/Attributes$Name'{0x00000000804bc2b0})}
  0x000001df07bfc9e4: 4181 fab0 | c24b 8074 | 7b4d 8bc2 

  0x000001df07bfc9f0: ;   {oop(a 'java/util/jar/Attributes$Name'{0x00000000804bc2b0})}
  0x000001df07bfc9f0: 48ba b0c2 | 4b80 0000 | 0000 6690 

  0x000001df07bfc9fc: ;   {optimized virtual_call}
  0x000001df07bfc9fc: c5f8 77e8 

  0x000001df07bfca00: ; ImmutableOopMap {rbp=NarrowOop [36]=NarrowOop [40]=Oop [48]=Oop [56]=Oop [64]=Oop [88]=Oop [96]=Oop [104]=Oop [112]=Oop [120]=Oop [128]=Oop [136]=Oop [144]=Oop [152]=Oop [160]=Oop [184]=Oop }
                      ;*invokevirtual equals {reexecute=0 rethrow=0 return_oop=0}
                      ; - java.util.HashMap::getNode@63 (line 570)
                      ; - java.util.LinkedHashMap::get@2 (line 441)
                      ; - java.util.jar.Attributes::get@5 (line 105)
                      ; - java.util.jar.Attributes::getValue@2 (line 141)
                      ; - java.net.URLClassLoader::definePackage@160 (line 568)
                      ; - java.net.URLClassLoader::defineClass@64 (line 495)
  0x000001df07bfca00: 7c49 98ff | 85c0 7560 | 448b 5d18 | 4585 db74 | 4a44 8bd5 | 458b 4208 

  0x000001df07bfca18: ;   {metadata('java/util/HashMap$TreeNode')}
  0x000001df07bfca18: 4181 f8e0 | f512 000f | 85f3 1300 | 0048 8b94 | 24b8 0000 | 0044 8b84 | 24b0 0000 

  0x000001df07bfca34: ;   {oop(a 'java/util/jar/Attributes$Name'{0x00000000804bc2b0})}
  0x000001df07bfca34: 0049 b9b0 | c24b 8000 | 0000 0048 | 8b6c 2438 

  0x000001df07bfca44: ;   {optimized virtual_call}
  0x000001df07bfca44: c5f8 77e8 

  0x000001df07bfca48: ; ImmutableOopMap {rbp=Oop [36]=NarrowOop [40]=Oop [48]=Oop [56]=Oop [64]=Oop [88]=Oop [96]=Oop [104]=Oop [112]=Oop [120]=Oop [128]=Oop [136]=Oop [144]=Oop [152]=Oop [160]=Oop }
                      ;*invokevirtual getTreeNode {reexecute=0 rethrow=0 return_oop=1}
                      ; - java.util.HashMap::getNode@95 (line 574)
                      ; - java.util.LinkedHashMap::get@2 (line 441)
                      ; - java.util.jar.Attributes::get@5 (line 105)
                      ; - java.util.jar.Attributes::getValue@2 (line 141)
                      ; - java.net.URLClassLoader::definePackage@160 (line 568)
                      ; - java.net.URLClassLoader::defineClass@64 (line 495)
  0x000001df07bfca48: 3449 98ff | 4885 c074 | 0a48 8984 | 24b8 0000 | 00eb 0d45 | 33d2 4c89 | 5424 60e9 | d8f9 ffff 
  0x000001df07bfca68: 4c8b 5424 | 6041 0fb6 | 6a2c 85ed | 0f85 262a | 0000 4c8b | 9424 b800 | 0000 418b | 6a14 85ed 
  0x000001df07bfca88: 74d1 448b 

  0x000001df07bfca8c: ;   {metadata('java/lang/String')}
  0x000001df07bfca8c: 5508 4181 | fae0 e900 | 000f 8561 | 2c00 004c | 8bd5 4c89 | 5424 60e9 | 98f9 ffff | 448b 5c24 
  0x000001df07bfcaac: 2441 8b6b | 0c44 8b55 

  0x000001df07bfcab4: ;   {metadata('java/util/LinkedHashMap')}
  0x000001df07bfcab4: 0841 81fa | 203a 0b00 | 0f85 7a28 | 0000 4c8b | d54c 8954 | 2468 458b | 5a24 458b | c345 85db 
  0x000001df07bfcad4: 0f84 ed00 | 0000 418b | 6b0c 85ed | 0f86 8e29 

  0x000001df07bfcae4: ;   {oop(a 'java/util/jar/Attributes$Name'{0x00000000804b9578})}
  0x000001df07bfcae4: 0000 49ba | 7895 4b80 | 0000 0000 | 458b 4a0c | ffcd 458b | d941 c1eb | 1045 8bd3 | 4533 d144 
  0x000001df07bfcb04: 8994 24b0 | 0000 0041 | 23ea 458b | d845 8b54 | ab10 418b | ea45 85d2 | 0f84 a500 | 0000 458b 
  0x000001df07bfcb24: 4a0c 4c89 | 9424 b800 | 0000 448b | 5c24 244d | 8bd3 4c89 | 9424 c000 | 0000 443b | 8c24 b000 
  0x000001df07bfcb44: 0000 752c | 448b d545 

  0x000001df07bfcb4c: ;   {oop(a 'java/util/jar/Attributes$Name'{0x00000000804b9578})}
  0x000001df07bfcb4c: 8b5a 1041 | 81fb 7895 | 4b80 747c 

  0x000001df07bfcb58: ;   {oop(a 'java/util/jar/Attributes$Name'{0x00000000804b9578})}
  0x000001df07bfcb58: 4d8b c348 | ba78 954b | 8000 0000 | 0066 6690 

  0x000001df07bfcb68: ;   {optimized virtual_call}
  0x000001df07bfcb68: c5f8 77e8 

  0x000001df07bfcb6c: ; ImmutableOopMap {rbp=NarrowOop [36]=NarrowOop [40]=Oop [48]=Oop [56]=Oop [64]=Oop [88]=Oop [96]=Oop [104]=Oop [112]=Oop [120]=Oop [128]=Oop [136]=Oop [144]=Oop [152]=Oop [160]=Oop [184]=Oop [192]=Oop }
                      ;*invokevirtual equals {reexecute=0 rethrow=0 return_oop=0}
                      ; - java.util.HashMap::getNode@63 (line 570)
                      ; - java.util.LinkedHashMap::get@2 (line 441)
                      ; - java.util.jar.Attributes::get@5 (line 105)
                      ; - java.util.jar.Attributes::getValue@2 (line 141)
                      ; - java.net.URLClassLoader::definePackage@175 (line 571)
                      ; - java.net.URLClassLoader::defineClass@64 (line 495)
  0x000001df07bfcb6c: 1048 98ff | 85c0 7560 | 448b 5518 | 4585 d274 | 4a44 8b5d 

  0x000001df07bfcb80: ;   {metadata('java/util/HashMap$TreeNode')}
  0x000001df07bfcb80: 0841 81fb | e0f5 1200 | 0f85 0a13 | 0000 488b | 9424 b800 | 0000 448b | 8424 b000 

  0x000001df07bfcb9c: ;   {oop(a 'java/util/jar/Attributes$Name'{0x00000000804b9578})}
  0x000001df07bfcb9c: 0000 49b9 | 7895 4b80 | 0000 0000 | 488b 6c24 | 3866 6690 

  0x000001df07bfcbb0: ;   {optimized virtual_call}
  0x000001df07bfcbb0: c5f8 77e8 

  0x000001df07bfcbb4: ; ImmutableOopMap {rbp=Oop [36]=NarrowOop [40]=Oop [48]=Oop [56]=Oop [64]=Oop [88]=Oop [96]=Oop [104]=Oop [112]=Oop [120]=Oop [128]=Oop [136]=Oop [144]=Oop [152]=Oop [160]=Oop [192]=Oop }
                      ;*invokevirtual getTreeNode {reexecute=0 rethrow=0 return_oop=1}
                      ; - java.util.HashMap::getNode@95 (line 574)
                      ; - java.util.LinkedHashMap::get@2 (line 441)
                      ; - java.util.jar.Attributes::get@5 (line 105)
                      ; - java.util.jar.Attributes::getValue@2 (line 141)
                      ; - java.net.URLClassLoader::definePackage@175 (line 571)
                      ; - java.net.URLClassLoader::defineClass@64 (line 495)
  0x000001df07bfcbb4: c847 98ff | 4885 c074 | 0a48 8984 | 24b8 0000 | 00eb 0d45 | 33d2 4c89 | 5424 68e9 | 7af8 ffff 
  0x000001df07bfcbd4: 4c8b 5424 | 6841 0fb6 | 6a2c 85ed | 0f85 ca28 | 0000 4c8b | 9424 b800 | 0000 418b | 6a14 85ed 
  0x000001df07bfcbf4: 74d1 448b 

  0x000001df07bfcbf8: ;   {metadata('java/lang/String')}
  0x000001df07bfcbf8: 5d08 4181 | fbe0 e900 | 000f 85d1 | 2a00 004c | 8bd5 4c89 | 5424 68e9 | 3af8 ffff | 448b 5c24 
  0x000001df07bfcc18: 2441 8b6b | 0c44 8b5d 

  0x000001df07bfcc20: ;   {metadata('java/util/LinkedHashMap')}
  0x000001df07bfcc20: 0841 81fb | 203a 0b00 | 0f85 1e27 | 0000 4c8b | d54c 8954 | 2470 458b | 5224 4585 | d20f 84f4 
  0x000001df07bfcc40: 0000 0045 | 8b42 0c45 | 85c0 0f86 | e700 0000 

  0x000001df07bfcc50: ;   {oop(a 'java/util/jar/Attributes$Name'{0x00000000804962d0})}
  0x000001df07bfcc50: 49bb d062 | 4980 0000 | 0000 458b | 4b0c 41ff | c845 8bd9 | 41c1 eb10 | 4533 d944 | 899c 24b0 
  0x000001df07bfcc70: 0000 0045 | 23c3 478b | 5482 1044 | 8994 24b4 | 0000 0045 | 85d2 0f84 | ab00 0000 | 458b 5a0c 
  0x000001df07bfcc90: 4c89 9424 | b800 0000 | 448b 5424 | 2449 8bea | 443b 9c24 | b000 0000 | 7532 448b | 9c24 b400 
  0x000001df07bfccb0: 0000 458b 

  0x000001df07bfccb4: ;   {oop(a 'java/util/jar/Attributes$Name'{0x00000000804962d0})}
  0x000001df07bfccb4: 5b10 4181 | fbd0 6249 | 800f 8481 | 0000 004d 

  0x000001df07bfccc4: ;   {oop(a 'java/util/jar/Attributes$Name'{0x00000000804962d0})}
  0x000001df07bfccc4: 8bc3 48ba | d062 4980 | 0000 0000 

  0x000001df07bfccd0: ;   {optimized virtual_call}
  0x000001df07bfccd0: c5f8 77e8 

  0x000001df07bfccd4: ; ImmutableOopMap {rbp=Oop [36]=NarrowOop [40]=Oop [48]=Oop [56]=Oop [64]=Oop [88]=Oop [96]=Oop [104]=Oop [112]=Oop [120]=Oop [128]=Oop [136]=Oop [144]=Oop [152]=Oop [160]=Oop [180]=NarrowOop [184]=Oop }
                      ;*invokevirtual equals {reexecute=0 rethrow=0 return_oop=0}
                      ; - java.util.HashMap::getNode@63 (line 570)
                      ; - java.util.LinkedHashMap::get@2 (line 441)
                      ; - java.util.jar.Attributes::get@5 (line 105)
                      ; - java.util.jar.Attributes::getValue@2 (line 141)
                      ; - java.net.URLClassLoader::definePackage@190 (line 574)
                      ; - java.net.URLClassLoader::defineClass@64 (line 495)
  0x000001df07bfccd4: a846 98ff | 85c0 7568 | 448b 9424 | b400 0000 | 458b 5218 | 4585 d274 | 4a44 8b84 | 24b4 0000 
  0x000001df07bfccf4: 0045 8b58 

  0x000001df07bfccf8: ;   {metadata('java/util/HashMap$TreeNode')}
  0x000001df07bfccf8: 0841 81fb | e0f5 1200 | 0f85 1d12 | 0000 488b | 9424 b800 | 0000 448b | 8424 b000 

  0x000001df07bfcd14: ;   {oop(a 'java/util/jar/Attributes$Name'{0x00000000804962d0})}
  0x000001df07bfcd14: 0000 49b9 | d062 4980 | 0000 0000 

  0x000001df07bfcd20: ;   {optimized virtual_call}
  0x000001df07bfcd20: c5f8 77e8 

  0x000001df07bfcd24: ; ImmutableOopMap {rbp=Oop [36]=NarrowOop [40]=Oop [48]=Oop [56]=Oop [64]=Oop [88]=Oop [96]=Oop [104]=Oop [112]=Oop [120]=Oop [128]=Oop [136]=Oop [144]=Oop [152]=Oop [160]=Oop }
                      ;*invokevirtual getTreeNode {reexecute=0 rethrow=0 return_oop=1}
                      ; - java.util.HashMap::getNode@95 (line 574)
                      ; - java.util.LinkedHashMap::get@2 (line 441)
                      ; - java.util.jar.Attributes::get@5 (line 105)
                      ; - java.util.jar.Attributes::getValue@2 (line 141)
                      ; - java.net.URLClassLoader::definePackage@190 (line 574)
                      ; - java.net.URLClassLoader::defineClass@64 (line 495)
  0x000001df07bfcd24: 5846 98ff | 4885 c074 | 0a48 8984 | 24b8 0000 | 00eb 0d45 | 33d2 4c89 | 5424 70e9 | 18f7 ffff 
  0x000001df07bfcd44: 4c8b 5424 | 7045 0fb6 | 5a2c 4585 | db0f 8569 | 2700 004c | 8b94 24b8 | 0000 0041 | 8b6a 1485 
  0x000001df07bfcd64: ed74 d044 

  0x000001df07bfcd68: ;   {metadata('java/lang/String')}
  0x000001df07bfcd68: 8b55 0841 | 81fa e0e9 | 0000 0f85 | 5029 0000 | 4c8b d54c | 8954 2470 | e9d7 f6ff | ff4d 8bc3 
  0x000001df07bfcd88: ;   {oop(a 'java/util/jar/Attributes$Name'{0x0000000080496440})}
  0x000001df07bfcd88: 48ba 4064 | 4980 0000 | 0000 6690 

  0x000001df07bfcd94: ;   {optimized virtual_call}
  0x000001df07bfcd94: c5f8 77e8 

  0x000001df07bfcd98: ; ImmutableOopMap {rbp=NarrowOop [36]=NarrowOop [40]=Oop [48]=Oop [56]=Oop [64]=Oop [88]=Oop [96]=Oop [104]=Oop [112]=Oop [120]=Oop [128]=Oop [136]=Oop [144]=Oop [152]=Oop [160]=Oop [184]=Oop }
                      ;*invokevirtual equals {reexecute=0 rethrow=0 return_oop=0}
                      ; - java.util.HashMap::getNode@63 (line 570)
                      ; - java.util.LinkedHashMap::get@2 (line 441)
                      ; - java.util.jar.Attributes::get@5 (line 105)
                      ; - java.util.jar.Attributes::getValue@2 (line 141)
                      ; - java.net.URLClassLoader::definePackage@205 (line 577)
                      ; - java.net.URLClassLoader::defineClass@64 (line 495)
  0x000001df07bfcd98: e445 98ff | 85c0 0f85 | eb00 0000 | 448b 5518 | 4585 d274 | 4d44 8b5d 

  0x000001df07bfcdb0: ;   {metadata('java/util/HashMap$TreeNode')}
  0x000001df07bfcdb0: 0841 81fb | e0f5 1200 | 0f85 e611 | 0000 488b | 9424 b800 | 0000 448b | 8424 b000 

  0x000001df07bfcdcc: ;   {oop(a 'java/util/jar/Attributes$Name'{0x0000000080496440})}
  0x000001df07bfcdcc: 0000 49b9 | 4064 4980 | 0000 0000 | 488b 6c24 | 3866 6690 

  0x000001df07bfcde0: ;   {optimized virtual_call}
  0x000001df07bfcde0: c5f8 77e8 

  0x000001df07bfcde4: ; ImmutableOopMap {rbp=Oop [36]=NarrowOop [40]=Oop [48]=Oop [56]=Oop [64]=Oop [88]=Oop [96]=Oop [104]=Oop [112]=Oop [120]=Oop [128]=Oop [136]=Oop [144]=Oop [152]=Oop [160]=Oop }
                      ;*invokevirtual getTreeNode {reexecute=0 rethrow=0 return_oop=1}
                      ; - java.util.HashMap::getNode@95 (line 574)
                      ; - java.util.LinkedHashMap::get@2 (line 441)
                      ; - java.util.jar.Attributes::get@5 (line 105)
                      ; - java.util.jar.Attributes::getValue@2 (line 141)
                      ; - java.net.URLClassLoader::definePackage@205 (line 577)
                      ; - java.net.URLClassLoader::defineClass@64 (line 495)
  0x000001df07bfcde4: 9845 98ff | 4885 c074 | 0d48 8984 | 24b8 0000 | 00e9 9500 | 0000 4533 | d24c 8954 | 2478 e9c8 
  0x000001df07bfce04: 0000 0045 | 8bda 458b 

  0x000001df07bfce0c: ;   {metadata('java/util/LinkedHashMap')}
  0x000001df07bfce0c: 5b08 4181 | fb20 3a0b | 000f 8541 | 2500 004c | 8954 2478 | 458b 4224 | 4585 c074 | d145 8b48 
  0x000001df07bfce2c: 0c45 85c9 

  0x000001df07bfce30: ;   {oop(a 'java/util/jar/Attributes$Name'{0x0000000080496440})}
  0x000001df07bfce30: 76c8 49ba | 4064 4980 | 0000 0000 | 418b 4a0c | 41ff c944 | 8bd9 41c1 | eb10 4433 | d944 899c 
  0x000001df07bfce50: 24b0 0000 | 0045 23cb | 438b 6c88 | 1085 ed74 | 9944 8b55 | 0c4c 8bdd | 4c89 9c24 | b800 0000 
  0x000001df07bfce70: 443b 9424 | b000 0000 | 0f85 26ff | ffff 448b 

  0x000001df07bfce80: ;   {oop(a 'java/util/jar/Attributes$Name'{0x0000000080496440})}
  0x000001df07bfce80: 5d10 4181 | fb40 6449 | 800f 85f6 | feff ff4c | 8b54 2478 | 450f b65a | 2c45 85db | 0f85 3726 
  0x000001df07bfcea0: 0000 4c8b | 9424 b800 | 0000 418b | 6a14 85ed | 0f84 44ff | ffff 448b 

  0x000001df07bfceb8: ;   {metadata('java/lang/String')}
  0x000001df07bfceb8: 5508 4181 | fae0 e900 | 000f 85d1 | 2800 004c | 8bd5 4c89 | 5424 7844 | 8b54 2424 | 458b 520c 
  0x000001df07bfced8: e999 f5ff | ff45 8b5a 

  0x000001df07bfcee0: ;   {metadata('java/util/LinkedHashMap')}
  0x000001df07bfcee0: 0841 81fb | 203a 0b00 | 0f85 9224 | 0000 4c89 | 9424 8000 | 0000 458b | 4224 4585 | c00f 84d4 
  0x000001df07bfcf00: 0000 0045 | 8b48 0c45 | 85c9 0f86 | c700 0000 

  0x000001df07bfcf10: ;   {oop(a 'java/util/jar/Attributes$Name'{0x00000000804bc0d0})}
  0x000001df07bfcf10: 49ba d0c0 | 4b80 0000 | 0000 418b | 4a0c 41ff | c944 8bd9 | 41c1 eb10 | 4433 d944 | 899c 24b0 
  0x000001df07bfcf30: 0000 0045 | 23cb 438b | 6c88 1085 | ed0f 8494 | 0000 0044 | 8b55 0c4c | 8bdd 4c89 | 9c24 b800 
  0x000001df07bfcf50: 0000 443b | 9424 b000 | 0000 7528 | 448b 5d10 

  0x000001df07bfcf60: ;   {oop(a 'java/util/jar/Attributes$Name'{0x00000000804bc0d0})}
  0x000001df07bfcf60: 4181 fbd0 | c04b 8074 | 764d 8bc3 

  0x000001df07bfcf6c: ;   {oop(a 'java/util/jar/Attributes$Name'{0x00000000804bc0d0})}
  0x000001df07bfcf6c: 48ba d0c0 | 4b80 0000 | 0000 6690 

  0x000001df07bfcf78: ;   {optimized virtual_call}
  0x000001df07bfcf78: c5f8 77e8 

  0x000001df07bfcf7c: ; ImmutableOopMap {rbp=NarrowOop [36]=NarrowOop [40]=Oop [48]=Oop [56]=Oop [64]=Oop [88]=Oop [96]=Oop [104]=Oop [112]=Oop [120]=Oop [128]=Oop [136]=Oop [144]=Oop [152]=Oop [160]=Oop [184]=Oop }
                      ;*invokevirtual equals {reexecute=0 rethrow=0 return_oop=0}
                      ; - java.util.HashMap::getNode@63 (line 570)
                      ; - java.util.LinkedHashMap::get@2 (line 441)
                      ; - java.util.jar.Attributes::get@5 (line 105)
                      ; - java.util.jar.Attributes::getValue@2 (line 141)
                      ; - java.net.URLClassLoader::definePackage@220 (line 580)
                      ; - java.net.URLClassLoader::defineClass@64 (line 495)
  0x000001df07bfcf7c: 0044 98ff | 85c0 755b | 448b 5518 | 4585 d274 | 4a44 8b5d 

  0x000001df07bfcf90: ;   {metadata('java/util/HashMap$TreeNode')}
  0x000001df07bfcf90: 0841 81fb | e0f5 1200 | 0f85 9110 | 0000 488b | 9424 b800 | 0000 448b | 8424 b000 

  0x000001df07bfcfac: ;   {oop(a 'java/util/jar/Attributes$Name'{0x00000000804bc0d0})}
  0x000001df07bfcfac: 0000 49b9 | d0c0 4b80 | 0000 0000 | 488b 6c24 | 3866 6690 

  0x000001df07bfcfc0: ;   {optimized virtual_call}
  0x000001df07bfcfc0: c5f8 77e8 

  0x000001df07bfcfc4: ; ImmutableOopMap {rbp=Oop [36]=NarrowOop [40]=Oop [48]=Oop [56]=Oop [64]=Oop [88]=Oop [96]=Oop [104]=Oop [112]=Oop [120]=Oop [128]=Oop [136]=Oop [144]=Oop [152]=Oop [160]=Oop }
                      ;*invokevirtual getTreeNode {reexecute=0 rethrow=0 return_oop=1}
                      ; - java.util.HashMap::getNode@95 (line 574)
                      ; - java.util.LinkedHashMap::get@2 (line 441)
                      ; - java.util.jar.Attributes::get@5 (line 105)
                      ; - java.util.jar.Attributes::getValue@2 (line 141)
                      ; - java.net.URLClassLoader::definePackage@220 (line 580)
                      ; - java.net.URLClassLoader::defineClass@64 (line 495)
  0x000001df07bfcfc4: b843 98ff | 4885 c074 | 0a48 8984 | 24b8 0000 | 00eb 0845 | 33db e9a8 | f4ff ff4c | 8b94 2480 
  0x000001df07bfcfe4: 0000 0045 | 0fb6 5a2c | 4585 db0f | 8504 2500 | 004c 8b94 | 24b8 0000 | 0041 8b6a | 1485 ed74 
  0x000001df07bfd004: d244 8b55 

  0x000001df07bfd008: ;   {metadata('java/lang/String')}
  0x000001df07bfd008: 0841 81fa | e0e9 0000 | 0f85 a226 | 0000 4c8b | dde9 69f4 | ffff 4c8b | 9c24 8000 | 0000 4533 
  0x000001df07bfd028: c0e9 f400 | 0000 448b | 5424 2441 | 8b6a 0c44 

  0x000001df07bfd038: ;   {metadata('java/util/LinkedHashMap')}
  0x000001df07bfd038: 8b55 0841 | 81fa 203a | 0b00 0f85 | 5c23 0000 | 4c8b d541 | 8b4a 2485 | c974 d344 | 8b49 0c45 
  0x000001df07bfd058: 85c9 76ca | 4c89 9424 | 9800 0000 | 4c89 9c24 | 8000 0000 

  0x000001df07bfd06c: ;   {oop(a 'java/util/jar/Attributes$Name'{0x00000000804b1a70})}
  0x000001df07bfd06c: 49ba 701a | 4b80 0000 | 0000 458b | 420c 41ff | c945 8bd8 | 41c1 eb10 | 4533 d844 | 895c 2424 
  0x000001df07bfd08c: 4523 cb42 | 8b6c 8910 | 85ed 7486 | 448b 550c | 4c8b c545 | 3bd3 0f85 | fc02 0000 | 448b 5d10 
  0x000001df07bfd0ac: ;   {oop(a 'java/util/jar/Attributes$Name'{0x00000000804b1a70})}
  0x000001df07bfd0ac: 4181 fb70 | 1a4b 8074 | 2f4c 8984 | 24a0 0000 | 004d 8bc3 

  0x000001df07bfd0c0: ;   {oop(a 'java/util/jar/Attributes$Name'{0x00000000804b1a70})}
  0x000001df07bfd0c0: 48ba 701a | 4b80 0000 | 0000 6690 

  0x000001df07bfd0cc: ;   {optimized virtual_call}
  0x000001df07bfd0cc: c5f8 77e8 

  0x000001df07bfd0d0: ; ImmutableOopMap {rbp=NarrowOop [40]=Oop [48]=Oop [56]=Oop [64]=Oop [88]=Oop [96]=Oop [104]=Oop [112]=Oop [120]=Oop [128]=Oop [136]=Oop [144]=Oop [152]=Oop [160]=Oop }
                      ;*invokevirtual equals {reexecute=0 rethrow=0 return_oop=0}
                      ; - java.util.HashMap::getNode@63 (line 570)
                      ; - java.util.LinkedHashMap::get@2 (line 441)
                      ; - java.util.jar.Attributes::get@5 (line 105)
                      ; - java.util.jar.Attributes::getValue@2 (line 141)
                      ; - java.net.URLClassLoader::definePackage@235 (line 583)
                      ; - java.net.URLClassLoader::defineClass@64 (line 495)
  0x000001df07bfd0d0: ac42 98ff | 85c0 0f84 | c002 0000 | 4c8b 8424 | a000 0000 | 4c8b 9424 | 9800 0000 | 450f b65a 
  0x000001df07bfd0f0: 2c45 85db | 0f85 1f24 | 0000 418b | 6814 85ed | 0f84 a211 | 0000 448b 

  0x000001df07bfd108: ;   {metadata('java/lang/String')}
  0x000001df07bfd108: 5508 4181 | fae0 e900 | 000f 8561 | 2600 004c | 8bc5 4c8b | 9c24 8000 | 0000 4c89 | 9c24 b800 
  0x000001df07bfd128: 0000 4c8b | 5424 784c | 8994 24b0 | 0000 004c | 8b54 2470 | 4c89 9424 | a000 0000 | 4c8b 5424 
  0x000001df07bfd148: 684c 8994 | 2498 0000 | 004c 8b54 | 2460 4c89 | 9424 8000 | 0000 4c8b | 5424 584c | 8954 2478 
  0x000001df07bfd168: e974 f3ff | ff49 8b87 | 0801 0000 | 4c8b d049 | 83c2 184d | 3b97 1801 | 0000 0f83 | c014 0000 
  0x000001df07bfd188: 4d89 9708 | 0100 0041 | 0f18 8200 | 0100 0048 | c700 0100 

  0x000001df07bfd19c: ;   {metadata('java/lang/String')}
  0x000001df07bfd19c: 0000 c740 | 08e0 e900 | 0044 8960 | 0c44 8960 

  0x000001df07bfd1ac: ;   {oop([B{0x0000000080488308})}
  0x000001df07bfd1ac: 10c7 4014 | 0883 4880 

  0x000001df07bfd1b4: ;   {oop("/"{0x0000000080447008})}
  0x000001df07bfd1b4: 49ba 0870 | 4480 0000 | 0000 458b | 5a0c 4489 | 580c 4c8b | c0e9 34e6 

  0x000001df07bfd1cc: ;   {metadata('jdk/internal/loader/URLClassPath$FileLoader$1')}
  0x000001df07bfd1cc: ffff 4181 | fbc0 f444 | 010f 8437 | ddff ffba | c6ff ffff | 488b 6c24 | 384c 8b5c | 2430 4c89 
  0x000001df07bfd1ec: 5c24 2090 

  0x000001df07bfd1f0: ;   {runtime_call UncommonTrapBlob}
  0x000001df07bfd1f0: c5f8 77e8 

  0x000001df07bfd1f4: ; ImmutableOopMap {rbp=Oop [32]=Oop [64]=Oop [112]=Oop [136]=Oop }
                      ;*invokevirtual getCodeSigners {reexecute=0 rethrow=0 return_oop=0}
                      ; - java.net.URLClassLoader::defineClass@185 (line 521)
  0x000001df07bfd1f4: 0897 98ff | 4c89 7424 | 284c 896c | 2420 488b | 5424 4048 | 8b6c 2438 | 6690 c5f8 | 7748 b8c0 
  0x000001df07bfd214: f444 17df 

  0x000001df07bfd218: ;   {virtual_call}
  0x000001df07bfd218: 0100 00e8 

  0x000001df07bfd21c: ; ImmutableOopMap {rbp=Oop [48]=Oop [56]=Oop [64]=Oop [136]=Oop }
                      ;*invokevirtual getBytes {reexecute=0 rethrow=0 return_oop=1}
                      ; - java.net.URLClassLoader::defineClass@179 (line 519)
  0x000001df07bfd21c: 2086 1c00 | 4889 4424 | 70e9 85dc | ffff 4489 | 5424 2c44 | 895c 2428 | 4c8b 5424 | 404c 8954 
  0x000001df07bfd23c: 2420 488b | 6c24 3049 | 8bd2 c5f8 | 7748 b8e0 | 7099 5edf 

  0x000001df07bfd250: ;   {virtual_call}
  0x000001df07bfd250: 0100 00e8 

  0x000001df07bfd254: ; ImmutableOopMap {rbp=Oop [32]=Oop [56]=Oop }
                      ;*invokevirtual getCodeSourceURL {reexecute=0 rethrow=0 return_oop=1}
                      ; - java.net.URLClassLoader::defineClass@13 (line 487)
  0x000001df07bfd254: cc8a 98ff | 4889 8424 | 8800 0000 | 4889 6c24 | 304c 8b54 | 2420 4c89 | 5424 4044 | 8b5c 2428 
  0x000001df07bfd274: 448b 5424 | 2c44 8954 | 2420 e9ac | d5ff ff44 | 8bc5 4c8b | 8c24 9800 | 0000 458b | 5018 4585 
  0x000001df07bfd294: d274 6945 

  0x000001df07bfd298: ;   {metadata('java/util/HashMap$TreeNode')}
  0x000001df07bfd298: 8b58 0841 | 81fb e0f5 | 1200 0f85 | d206 0000 | 498b d144 | 8b44 2424 

  0x000001df07bfd2b0: ;   {oop(a 'java/util/jar/Attributes$Name'{0x00000000804962d0})}
  0x000001df07bfd2b0: 49b9 d062 | 4980 0000 | 0000 488b | 6c24 3890 

  0x000001df07bfd2c0: ;   {optimized virtual_call}
  0x000001df07bfd2c0: c5f8 77e8 

  0x000001df07bfd2c4: ; ImmutableOopMap {rbp=Oop [40]=Oop [48]=Oop [56]=Oop [64]=Oop [96]=Oop [104]=Oop [112]=Oop [120]=Oop [128]=Oop [136]=Oop [144]=Oop }
                      ;*invokevirtual getTreeNode {reexecute=0 rethrow=0 return_oop=1}
                      ; - java.util.HashMap::getNode@95 (line 574)
                      ; - java.util.LinkedHashMap::get@2 (line 441)
                      ; - java.util.jar.Attributes::get@5 (line 105)
                      ; - java.util.jar.Attributes::getValue@2 (line 141)
                      ; - java.net.URLClassLoader::definePackage@89 (line 557)
                      ; - java.net.URLClassLoader::defineClass@64 (line 495)
  0x000001df07bfd2c4: b840 98ff | 4885 c074 | 084c 8bc8 | e95b eaff | ff4c 8b4c | 2450 4c8b | 5424 584c | 8994 24a8 
  0x000001df07bfd2e4: 0000 004c | 8b44 2460 | 488b 4c24 | 6848 8b5c | 2470 4c8b | 5c24 78e9 | c4e0 ffff | 4c8b 4c24 
  0x000001df07bfd304: 504c 8b54 | 2458 4c89 | 9424 a800 | 0000 4c8b | 4424 6048 | 8b4c 2468 | 488b 5c24 | 704c 8b5c 
  0x000001df07bfd324: 2478 e999 

  0x000001df07bfd328: ;   {metadata('jdk/internal/loader/URLClassPath$FileLoader$1')}
  0x000001df07bfd328: e0ff ff41 | 81fa c0f4 | 4401 0f85 | 8420 0000 | 33c0 e935 | d8ff ff4c | 8974 2450 | 4c89 6c24 
  0x000001df07bfd348: 2848 8b54 | 2440 488b | 6c24 3866 | 6690 c5f8 | 7748 b8f0 | 7299 5edf 

  0x000001df07bfd360: ;   {virtual_call}
  0x000001df07bfd360: 0100 00e8 

  0x000001df07bfd364: ; ImmutableOopMap {rbp=Oop [48]=Oop [56]=Oop [64]=Oop [136]=Oop }
                      ;*invokevirtual getInputStream {reexecute=0 rethrow=0 return_oop=1}
                      ; - jdk.internal.loader.Resource::cachedInputStream@9 (line 77)
                      ; - jdk.internal.loader.Resource::getByteBuffer@1 (line 163)
                      ; - java.net.URLClassLoader::defineClass@132 (line 511)
  0x000001df07bfd364: bc89 98ff | 488b d8e9 | 5bd9 ffff | 49b9 0000 | eb7e df01 | 0000 4533 | d24c 8994 | 24a8 0000 
  0x000001df07bfd384: 00e9 ecdf | ffff 49bd | 0000 eb7e | df01 0000 | 4533 f6e9 | 5dd8 ffff | 4c8b 8424 | a000 0000 
  0x000001df07bfd3a4: 448b 5518 | 4585 d274 | 4d44 8b5d 

  0x000001df07bfd3b0: ;   {metadata('java/util/HashMap$TreeNode')}
  0x000001df07bfd3b0: 0841 81fb | e0f5 1200 | 0f85 f60c | 0000 498b | d044 8b44 

  0x000001df07bfd3c4: ;   {oop(a 'java/util/jar/Attributes$Name'{0x00000000804b1a70})}
  0x000001df07bfd3c4: 2424 49b9 | 701a 4b80 | 0000 0000 | 488b 6c24 | 3866 6690 

  0x000001df07bfd3d8: ;   {optimized virtual_call}
  0x000001df07bfd3d8: c5f8 77e8 

  0x000001df07bfd3dc: ; ImmutableOopMap {rbp=Oop [40]=Oop [48]=Oop [56]=Oop [64]=Oop [88]=Oop [96]=Oop [104]=Oop [112]=Oop [120]=Oop [128]=Oop [136]=Oop [144]=Oop [152]=Oop }
                      ;*invokevirtual getTreeNode {reexecute=0 rethrow=0 return_oop=1}
                      ; - java.util.HashMap::getNode@95 (line 574)
                      ; - java.util.LinkedHashMap::get@2 (line 441)
                      ; - java.util.jar.Attributes::get@5 (line 105)
                      ; - java.util.jar.Attributes::getValue@2 (line 141)
                      ; - java.net.URLClassLoader::definePackage@235 (line 583)
                      ; - java.net.URLClassLoader::defineClass@64 (line 495)
  0x000001df07bfd3dc: a03f 98ff | 4885 c074 | 084c 8bc0 | e9f7 fcff | ff4c 8b9c | 2480 0000 | 00e9 2cfc | ffff 4c8b 
  0x000001df07bfd3fc: 9c24 8000 | 0000 e91f | fcff ff4c | 8bc1 418b | 580c 413b | da0f 8525 | 0100 0041 | 8b48 1048 
  0x000001df07bfd41c: 8bd9 493b | db0f 8490 | e4ff ff4c | 3bdb 0f84 | 87e4 ffff | 85c9 0f84 | 0401 0000 

  0x000001df07bfd438: ;   {metadata('java/lang/String')}
  0x000001df07bfd438: 8b79 0881 | ffe0 e900 | 000f 85f5 | 0000 0048 | 8bd9 0fbe | 6b10 443b | f50f 8572 | 2100 008b 
  0x000001df07bfd458: 4a0c 8b5b | 148b 730c | 3bce 0f85 | d400 0000 | 488b fb48 | 8d73 1048 | 8bda 488d | 7a10 85c9 
  0x000001df07bfd478: 0f84 a500 | 0000 8bc1 | 83e0 1f83 | e1e0 0f84 | 4b00 0000 | 488d 3c0f | 488d 340e | 48f7 d9c5 
  0x000001df07bfd498: fe6f 040f | c5fe 6f0c | 0ec5 fdef | c1c4 e27d | 17c0 0f85 | 7a00 0000 | 4883 c120 | 75e1 85c0 
  0x000001df07bfd4b8: 0f84 6500 | 0000 c5fe | 6f44 07e0 | c5fe 6f4c | 06e0 c5fd | efc1 c4e2 | 7d17 c075 | 55eb 4c8b 
  0x000001df07bfd4d8: c883 e1fc | 7419 488d | 3c0f 488d | 340e 48f7 | d98b 1c0f | 3b1c 0e75 | 3948 83c1 | 0475 f2f7 
  0x000001df07bfd4f8: c002 0000 | 0074 120f | b71f 0fb7 | 0e3b d975 | 2148 8d7f | 0248 8d76 | 02f7 c001 | 0000 0074 
  0x000001df07bfd518: 0a0f b61f | 0fb6 0e3b | d975 07b8 | 0100 0000 | eb02 33c0 | c5fd efc0 | c5f5 efc9 | 85c0 0f85 
  0x000001df07bfd538: 7be3 ffff | 498b 8758 | 0300 0041 

  0x000001df07bfd544: ; ImmutableOopMap {r11=Oop rcx=NarrowOop rdx=NarrowOop [40]=Oop [48]=Oop [56]=Oop [64]=Oop [136]=Oop [144]=Oop }
                      ;*ifnonnull {reexecute=1 rethrow=0 return_oop=0}
                      ; - (reexecute) java.util.HashMap::getNode@145 (line 579)
                      ; - java.util.HashMap::get@2 (line 556)
                      ; - java.util.jar.Manifest::getAttributes@5 (line 159)
                      ; - java.util.jar.Manifest::getTrustedAttributes@2 (line 176)
                      ; - java.util.jar.JavaUtilJarAccessImpl::getTrustedAttributes@2 (line 68)
                      ; - java.net.URLClassLoader::definePackage@42 (line 552)
                      ; - java.net.URLClassLoader::defineClass@64 (line 495)
                      ;   {poll}
  0x000001df07bfd544: 8b48 1885 | 0085 c90f | 8425 deff | ff4c 8bc1 | e9b1 feff | ff4c 8bd2 | 4889 5c24 | 284c 63c5 
  0x000001df07bfd564: 4d8b d849 | 83c3 1049 | 8bd3 4883 | e2f8 498b | fd48 03fa | 49c1 eb03 | 492b cb48 | 33c0 4883 
  0x000001df07bfd584: f908 7f10 | 48ff c978 | 4f48 8904 | cf48 ffc9 | 7df7 eb44 | c5fd efc0 | e90d 0000 | 00c5 fe7f 
  0x000001df07bfd5a4: 07c5 fe7f | 4720 4883 | c740 4883 | e908 7ded | 4883 c104 | 7c0c c5fe | 7f07 4883 | c720 4883 
  0x000001df07bfd5c4: e904 4883 | c104 7e10 | 48ff c9c5 | f9d6 0748 | 83c7 0848 | ffc9 7df3 | 498b c949 | 8bd2 c5f8 
  0x000001df07bfd5e4: 7749 ba60 | 7f56 07df | 0100 0041 | ffd2 488b | 5c24 28e9 | 9cd3 ffff | 4d8b 5740 | 4d8b 5f50 
  0x000001df07bfd604: f083 4424 | c000 8039 | 000f 84b4 | d3ff ff44 | 8821 4d85 | d275 1849 | 8bd7 c5f8 | 7749 baa0 
  0x000001df07bfd624: cfc7 97fb | 7f00 0041 | ffd2 e994 | d3ff ff4b | 894c 13f8 | 4983 c2f8 | 4d89 5740 | e982 d3ff 
  0x000001df07bfd644: ff33 c049 | b900 00eb | 7edf 0100 | 0045 33d2 | 4c89 9424 | a800 0000 | e93e f1ff | ff4c 8b54 
  0x000001df07bfd664: 2440 458b | 5a0c 4585 | db0f 8463 | d6ff ff4d | 8b57 2049 | 8bcb 4d85 | d20f 841d | 1400 004d 
  0x000001df07bfd684: 8b5f 304b | 894c 13f8 | 4983 c2f8 | 4d89 5720 | e93d d6ff | ff4d 8b57 | 504d 8b5f | 40f0 8344 
  0x000001df07bfd6a4: 24c0 0080 | 3900 0f84 | 63d6 ffff | 4488 214d | 85db 7518 | 498b d7c5 | f877 49ba | a0cf c797 
  0x000001df07bfd6c4: fb7f 0000 | 41ff d2e9 | 43d6 ffff | 4b89 4c1a | f849 83c3 | f84d 895f | 40e9 31d6 | ffff 488b 
  0x000001df07bfd6e4: 5424 384c | 8b84 2490 | 0000 0045 | 33c9 33ff | 33f6 33c9 | 4533 d24c | 8914 244c | 8954 2408 
  0x000001df07bfd704: 4c89 5424 | 1048 8bea 

  0x000001df07bfd70c: ;   {optimized virtual_call}
  0x000001df07bfd70c: c5f8 77e8 

  0x000001df07bfd710: ; ImmutableOopMap {rbp=Oop [48]=Oop [56]=Oop [64]=Oop [136]=Oop [144]=Oop }
                      ;*invokevirtual definePackage {reexecute=0 rethrow=0 return_oop=1}
                      ; - java.net.URLClassLoader::defineClass@81 (line 497)
  0x000001df07bfd710: 8c75 6df8 | 49bd 0000 | eb7e df01 | 0000 4533 | f6e9 d3d4 | ffff 498b | faeb 2f4c | 8bcd 4c8b 
  0x000001df07bfd730: 4424 5848 | 8b5c 2460 | 8b4c 2424 | 488b 7c24 | 6849 8b97 | 5803 0000 

  0x000001df07bfd748: ; ImmutableOopMap {r10=NarrowOop r8=Oop rbx=Oop [40]=Oop [48]=Oop [56]=Oop [64]=Oop [136]=Oop [144]=Oop }
                      ;*ifnonnull {reexecute=1 rethrow=0 return_oop=0}
                      ; - (reexecute) java.util.HashMap::getNode@145 (line 579)
                      ; - java.util.LinkedHashMap::get@2 (line 441)
                      ; - java.util.jar.Attributes::get@5 (line 105)
                      ; - java.util.jar.Attributes::getValue@2 (line 141)
                      ; - java.net.URLClassLoader::definePackage@59 (line 554)
                      ; - java.net.URLClassLoader::defineClass@64 (line 495)
  0x000001df07bfd748: 448b 5718 

  0x000001df07bfd74c: ;   {poll}
  0x000001df07bfd74c: 8502 4585 | d20f 849f | deff ff49 | 8bfa 8b57 | 0c3b d175 | e044 8b57 

  0x000001df07bfd764: ;   {oop(a 'java/util/jar/Attributes$Name'{0x00000000804b97b8})}
  0x000001df07bfd764: 1041 81fa | b897 4b80 | 0f84 79e2 | ffff 4889 | 7c24 6889 | 4c24 2448 | 895c 2460 | 4c89 4424 
  0x000001df07bfd784: 584c 8b9c | 24a8 0000 | 004c 895c | 2450 498b | e94d 8bc2 

  0x000001df07bfd798: ;   {oop(a 'java/util/jar/Attributes$Name'{0x00000000804b97b8})}
  0x000001df07bfd798: 48ba b897 | 4b80 0000 | 0000 6690 

  0x000001df07bfd7a4: ;   {optimized virtual_call}
  0x000001df07bfd7a4: c5f8 77e8 

  0x000001df07bfd7a8: ; ImmutableOopMap {[40]=Oop [48]=Oop [56]=Oop [64]=Oop [88]=Oop [96]=Oop [104]=Oop [136]=Oop [144]=Oop }
                      ;*invokevirtual equals {reexecute=0 rethrow=0 return_oop=0}
                      ; - java.util.HashMap::getNode@128 (line 577)
                      ; - java.util.LinkedHashMap::get@2 (line 441)
                      ; - java.util.jar.Attributes::get@5 (line 105)
                      ; - java.util.jar.Attributes::getValue@2 (line 141)
                      ; - java.net.URLClassLoader::definePackage@59 (line 554)
                      ; - java.net.URLClassLoader::defineClass@64 (line 495)
  0x000001df07bfd7a8: d43b 98ff | 85c0 0f84 | 77ff ffff | 4c8b cd4c | 8b44 2458 | 488b 5c24 | 6048 8b7c | 2468 e920 
  0x000001df07bfd7c8: e2ff ff49 | 8bf2 eb41 | 4c8b cd4c | 8b54 2450 | 4c89 9424 | a800 0000 | 4c8b 4424 | 5848 8b4c 
  0x000001df07bfd7e8: 2460 488b | 5c24 688b | 5424 2448 | 8b74 2470 | 498b 8758 | 0300 0044 

  0x000001df07bfd800: ; ImmutableOopMap {r11=NarrowOop r8=Oop rcx=Oop rbx=Oop [40]=Oop [48]=Oop [56]=Oop [64]=Oop [136]=Oop [144]=Oop }
                      ;*ifnonnull {reexecute=1 rethrow=0 return_oop=0}
                      ; - (reexecute) java.util.HashMap::getNode@145 (line 579)
                      ; - java.util.LinkedHashMap::get@2 (line 441)
                      ; - java.util.jar.Attributes::get@5 (line 105)
                      ; - java.util.jar.Attributes::getValue@2 (line 141)
                      ; - java.net.URLClassLoader::definePackage@69 (line 555)
                      ; - java.net.URLClassLoader::defineClass@64 (line 495)
                      ;   {poll}
  0x000001df07bfd800: 8b5e 1885 | 0045 85db | 0f84 4edd | ffff 498b | f344 8b5e | 0c44 3bda | 75de 448b 

  0x000001df07bfd81c: ;   {oop(a 'java/util/jar/Attributes$Name'{0x00000000804bc2b0})}
  0x000001df07bfd81c: 5610 4181 | fab0 c24b | 800f 84d1 | e2ff ff48 | 8974 2470 | 8954 2424 | 4889 5c24 | 6848 894c 
  0x000001df07bfd83c: 2460 4c89 | 4424 584c | 8b9c 24a8 | 0000 004c | 895c 2450 | 498b e94d 

  0x000001df07bfd854: ;   {oop(a 'java/util/jar/Attributes$Name'{0x00000000804bc2b0})}
  0x000001df07bfd854: 8bc2 48ba | b0c2 4b80 | 0000 0000 

  0x000001df07bfd860: ;   {optimized virtual_call}
  0x000001df07bfd860: c5f8 77e8 

  0x000001df07bfd864: ; ImmutableOopMap {[40]=Oop [48]=Oop [56]=Oop [64]=Oop [88]=Oop [96]=Oop [104]=Oop [112]=Oop [136]=Oop [144]=Oop }
                      ;*invokevirtual equals {reexecute=0 rethrow=0 return_oop=0}
                      ; - java.util.HashMap::getNode@128 (line 577)
                      ; - java.util.LinkedHashMap::get@2 (line 441)
                      ; - java.util.jar.Attributes::get@5 (line 105)
                      ; - java.util.jar.Attributes::getValue@2 (line 141)
                      ; - java.net.URLClassLoader::definePackage@69 (line 555)
                      ; - java.net.URLClassLoader::defineClass@64 (line 495)
  0x000001df07bfd864: 183b 98ff | 85c0 0f84 | 60ff ffff | 4c8b cd4c | 8b54 2450 | 4c89 9424 | a800 0000 | 4c8b 4424 
  0x000001df07bfd884: 5848 8b4c | 2460 488b | 5c24 6848 | 8b74 2470 | e963 e2ff | ff49 8bc3 | eb47 4c8b | cd4c 8b54 
  0x000001df07bfd8a4: 2450 4c89 | 9424 a800 | 0000 4c8b | 4424 5848 | 8b4c 2460 | 488b 5c24 | 6848 8b74 | 2470 8b7c 
  0x000001df07bfd8c4: 2424 488b | 4424 7849 | 8baf 5803 | 0000 448b 

  0x000001df07bfd8d4: ; ImmutableOopMap {r10=NarrowOop r8=Oop rcx=Oop rbx=Oop rsi=Oop [40]=Oop [48]=Oop [56]=Oop [64]=Oop [136]=Oop [144]=Oop }
                      ;*ifnonnull {reexecute=1 rethrow=0 return_oop=0}
                      ; - (reexecute) java.util.HashMap::getNode@145 (line 579)
                      ; - java.util.LinkedHashMap::get@2 (line 441)
                      ; - java.util.jar.Attributes::get@5 (line 105)
                      ; - java.util.jar.Attributes::getValue@2 (line 141)
                      ; - java.net.URLClassLoader::definePackage@79 (line 556)
                      ; - java.net.URLClassLoader::defineClass@64 (line 495)
                      ;   {poll}
  0x000001df07bfd8d4: 5018 8545 | 0045 85d2 | 0f84 c7db | ffff 498b | c244 8b50 | 0c44 3bd7 | 75dd 448b 

  0x000001df07bfd8f0: ;   {oop(a 'java/util/jar/Attributes$Name'{0x00000000804b9578})}
  0x000001df07bfd8f0: 5810 4181 | fb78 954b | 800f 8425 | e3ff ff48 | 8944 2478 | 897c 2424 | 4889 7424 | 7048 895c 
  0x000001df07bfd910: 2468 4889 | 4c24 604c | 8944 2458 | 4c8b 9424 | a800 0000 | 4c89 5424 | 5049 8be9 

  0x000001df07bfd92c: ;   {oop(a 'java/util/jar/Attributes$Name'{0x00000000804b9578})}
  0x000001df07bfd92c: 4d8b c348 | ba78 954b | 8000 0000 | 0066 6690 

  0x000001df07bfd93c: ;   {optimized virtual_call}
  0x000001df07bfd93c: c5f8 77e8 

  0x000001df07bfd940: ; ImmutableOopMap {[40]=Oop [48]=Oop [56]=Oop [64]=Oop [88]=Oop [96]=Oop [104]=Oop [112]=Oop [120]=Oop [136]=Oop [144]=Oop }
                      ;*invokevirtual equals {reexecute=0 rethrow=0 return_oop=0}
                      ; - java.util.HashMap::getNode@128 (line 577)
                      ; - java.util.LinkedHashMap::get@2 (line 441)
                      ; - java.util.jar.Attributes::get@5 (line 105)
                      ; - java.util.jar.Attributes::getValue@2 (line 141)
                      ; - java.net.URLClassLoader::definePackage@79 (line 556)
                      ; - java.net.URLClassLoader::defineClass@64 (line 495)
  0x000001df07bfd940: 3c3a 98ff | 85c0 0f84 | 52ff ffff | 4c8b cd4c | 8b54 2450 | 4c89 9424 | a800 0000 | 4c8b 4424 
  0x000001df07bfd960: 5848 8b4c | 2460 488b | 5c24 6848 | 8b74 2470 | 488b 4424 | 78e9 aae2 | ffff 4d8b | ca45 8b51 
  0x000001df07bfd980: 0c44 3b54 | 2424 0f85 | da01 0000 | 458b 5110 

  0x000001df07bfd990: ;   {oop(a 'java/util/jar/Attributes$Name'{0x00000000804962d0})}
  0x000001df07bfd990: 4181 fad0 | 6249 800f | 8493 e3ff | ff49 8be9 

  0x000001df07bfd9a0: ;   {oop(a 'java/util/jar/Attributes$Name'{0x00000000804962d0})}
  0x000001df07bfd9a0: 4d8b c248 | bad0 6249 | 8000 0000 | 0066 6690 

  0x000001df07bfd9b0: ;   {optimized virtual_call}
  0x000001df07bfd9b0: c5f8 77e8 

  0x000001df07bfd9b4: ; ImmutableOopMap {rbp=Oop [40]=Oop [48]=Oop [56]=Oop [64]=Oop [96]=Oop [104]=Oop [112]=Oop [120]=Oop [128]=Oop [136]=Oop [144]=Oop }
                      ;*invokevirtual equals {reexecute=0 rethrow=0 return_oop=0}
                      ; - java.util.HashMap::getNode@128 (line 577)
                      ; - java.util.LinkedHashMap::get@2 (line 441)
                      ; - java.util.jar.Attributes::get@5 (line 105)
                      ; - java.util.jar.Attributes::getValue@2 (line 141)
                      ; - java.net.URLClassLoader::definePackage@89 (line 557)
                      ; - java.net.URLClassLoader::defineClass@64 (line 495)
  0x000001df07bfd9b4: c839 98ff | 85c0 0f84 | a301 0000 | 4c8b cde9 | 68e3 ffff | 4d8b c345 | 8b58 0c44 | 3b5c 2424 
  0x000001df07bfd9d4: 0f85 d501 | 0000 458b 

  0x000001df07bfd9dc: ;   {oop(a 'java/util/jar/Attributes$Name'{0x0000000080496440})}
  0x000001df07bfd9dc: 5810 4181 | fb40 6449 | 800f 8439 | e5ff ff49 | 8be8 4d8b 

  0x000001df07bfd9f0: ;   {oop(a 'java/util/jar/Attributes$Name'{0x0000000080496440})}
  0x000001df07bfd9f0: c348 ba40 | 6449 8000 | 0000 0090 

  0x000001df07bfd9fc: ;   {optimized virtual_call}
  0x000001df07bfd9fc: c5f8 77e8 

  0x000001df07bfda00: ; ImmutableOopMap {rbp=Oop [40]=Oop [48]=Oop [56]=Oop [64]=Oop [96]=Oop [104]=Oop [112]=Oop [120]=Oop [128]=Oop [136]=Oop [144]=Oop [152]=Oop }
                      ;*invokevirtual equals {reexecute=0 rethrow=0 return_oop=0}
                      ; - java.util.HashMap::getNode@128 (line 577)
                      ; - java.util.LinkedHashMap::get@2 (line 441)
                      ; - java.util.jar.Attributes::get@5 (line 105)
                      ; - java.util.jar.Attributes::getValue@2 (line 141)
                      ; - java.net.URLClassLoader::definePackage@99 (line 558)
                      ; - java.net.URLClassLoader::defineClass@64 (line 495)
  0x000001df07bfda00: 7c39 98ff | 85c0 0f84 | a001 0000 | 4c8b c5e9 | 10e5 ffff | 4c89 9424 | a800 0000 | 458b 520c 
  0x000001df07bfda20: 443b 5424 | 2475 3d4c | 8b94 24a8 | 0000 0045 

  0x000001df07bfda30: ;   {oop(a 'java/util/jar/Attributes$Name'{0x00000000804bc0d0})}
  0x000001df07bfda30: 8b52 1041 | 81fa d0c0 | 4b80 0f84 | f9e6 ffff 

  0x000001df07bfda40: ;   {oop(a 'java/util/jar/Attributes$Name'{0x00000000804bc0d0})}
  0x000001df07bfda40: 4d8b c248 | bad0 c04b | 8000 0000 | 0048 8b6c | 2438 6690 

  0x000001df07bfda54: ;   {optimized virtual_call}
  0x000001df07bfda54: c5f8 77e8 

  0x000001df07bfda58: ; ImmutableOopMap {rbp=Oop [40]=Oop [48]=Oop [56]=Oop [64]=Oop [96]=Oop [104]=Oop [112]=Oop [120]=Oop [128]=Oop [136]=Oop [144]=Oop [152]=Oop [160]=Oop [168]=Oop }
                      ;*invokevirtual equals {reexecute=0 rethrow=0 return_oop=0}
                      ; - java.util.HashMap::getNode@128 (line 577)
                      ; - java.util.LinkedHashMap::get@2 (line 441)
                      ; - java.util.jar.Attributes::get@5 (line 105)
                      ; - java.util.jar.Attributes::getValue@2 (line 141)
                      ; - java.net.URLClassLoader::definePackage@109 (line 559)
                      ; - java.net.URLClassLoader::defineClass@64 (line 495)
  0x000001df07bfda58: 2439 98ff | 85c0 0f85 | d5e6 ffff | 4d8b 9758 | 0300 004c | 8b9c 24a8 | 0000 0045 

  0x000001df07bfda74: ; ImmutableOopMap {r11=NarrowOop [40]=Oop [48]=Oop [56]=Oop [64]=Oop [96]=Oop [104]=Oop [112]=Oop [120]=Oop [128]=Oop [136]=Oop [144]=Oop [152]=Oop [160]=Oop }
                      ;*ifnonnull {reexecute=1 rethrow=0 return_oop=0}
                      ; - (reexecute) java.util.HashMap::getNode@145 (line 579)
                      ; - java.util.LinkedHashMap::get@2 (line 441)
                      ; - java.util.jar.Attributes::get@5 (line 105)
                      ; - java.util.jar.Attributes::getValue@2 (line 141)
                      ; - java.net.URLClassLoader::definePackage@109 (line 559)
                      ; - java.net.URLClassLoader::defineClass@64 (line 495)
                      ;   {poll}
  0x000001df07bfda74: 8b5b 1841 | 8502 4585 | db74 054d | 8bd3 eb90 | 4c8b 4c24 | 504c 8b54 | 2458 4c89 | 9424 a800 
  0x000001df07bfda94: 0000 4c8b | 4424 6048 | 8b4c 2468 | 488b 5c24 | 704c 8b5c | 2478 488b | b424 8000 | 0000 488b 
  0x000001df07bfdab4: 8424 9800 | 0000 e9e3 | d8ff ff4d | 8bd3 4c89 | 9424 a800 | 0000 458b | 5a0c 443b | 5c24 2475 
  0x000001df07bfdad4: 3345 8b5a 

  0x000001df07bfdad8: ;   {oop(a 'java/util/jar/Attributes$Name'{0x00000000804b1a70})}
  0x000001df07bfdad8: 1041 81fb | 701a 4b80 | 0f84 7fe8 | ffff 4d8b 

  0x000001df07bfdae8: ;   {oop(a 'java/util/jar/Attributes$Name'{0x00000000804b1a70})}
  0x000001df07bfdae8: c348 ba70 | 1a4b 8000 | 0000 0048 | 8b6c 2438 

  0x000001df07bfdaf8: ;   {optimized virtual_call}
  0x000001df07bfdaf8: c5f8 77e8 

  0x000001df07bfdafc: ; ImmutableOopMap {rbp=Oop [40]=Oop [48]=Oop [56]=Oop [64]=Oop [96]=Oop [104]=Oop [112]=Oop [120]=Oop [128]=Oop [136]=Oop [144]=Oop [152]=Oop [160]=Oop [168]=Oop }
                      ;*invokevirtual equals {reexecute=0 rethrow=0 return_oop=0}
                      ; - java.util.HashMap::getNode@128 (line 577)
                      ; - java.util.LinkedHashMap::get@2 (line 441)
                      ; - java.util.jar.Attributes::get@5 (line 105)
                      ; - java.util.jar.Attributes::getValue@2 (line 141)
                      ; - java.net.URLClassLoader::definePackage@119 (line 560)
                      ; - java.net.URLClassLoader::defineClass@64 (line 495)
  0x000001df07bfdafc: 8038 98ff | 85c0 0f85 | 5de8 ffff | 4d8b 9758 | 0300 004c | 8b9c 24a8 | 0000 0045 

  0x000001df07bfdb18: ; ImmutableOopMap {r8=NarrowOop [40]=Oop [48]=Oop [56]=Oop [64]=Oop [96]=Oop [104]=Oop [112]=Oop [120]=Oop [128]=Oop [136]=Oop [144]=Oop [152]=Oop [160]=Oop }
                      ;*ifnonnull {reexecute=1 rethrow=0 return_oop=0}
                      ; - (reexecute) java.util.HashMap::getNode@145 (line 579)
                      ; - java.util.LinkedHashMap::get@2 (line 441)
                      ; - java.util.jar.Attributes::get@5 (line 105)
                      ; - java.util.jar.Attributes::getValue@2 (line 141)
                      ; - java.net.URLClassLoader::definePackage@119 (line 560)
                      ; - java.net.URLClassLoader::defineClass@64 (line 495)
                      ;   {poll}
  0x000001df07bfdb18: 8b43 1841 | 8502 4585 | c074 054d | 8bd0 eb9a | 4c8b 4c24 | 504c 8b54 | 2458 4c89 | 9424 a800 
  0x000001df07bfdb38: 0000 488b | 4c24 6048 | 8b5c 2468 | 4c8b 5c24 | 7048 8b74 | 2478 488b | 8424 8000 | 0000 488b 
  0x000001df07bfdb58: bc24 9800 | 0000 e92d | d8ff ff4c | 8bcd 4d8b | 9758 0300 | 0045 8b59 

  0x000001df07bfdb70: ; ImmutableOopMap {r11=NarrowOop [40]=Oop [48]=Oop [56]=Oop [64]=Oop [96]=Oop [104]=Oop [112]=Oop [120]=Oop [128]=Oop [136]=Oop [144]=Oop }
                      ;*ifnonnull {reexecute=1 rethrow=0 return_oop=0}
                      ; - (reexecute) java.util.HashMap::getNode@145 (line 579)
                      ; - java.util.LinkedHashMap::get@2 (line 441)
                      ; - java.util.jar.Attributes::get@5 (line 105)
                      ; - java.util.jar.Attributes::getValue@2 (line 141)
                      ; - java.net.URLClassLoader::definePackage@89 (line 557)
                      ; - java.net.URLClassLoader::defineClass@64 (line 495)
                      ;   {poll}
  0x000001df07bfdb70: 1841 8502 | 4585 db74 | 084d 8bcb | e9fc fdff | ff4c 8b4c | 2450 4c8b | 5424 584c | 8994 24a8 
  0x000001df07bfdb90: 0000 004c | 8b44 2460 | 488b 4c24 | 6848 8b5c | 2470 4c8b | 5c24 78e9 | 18d8 ffff | 4c8b c54d 
  0x000001df07bfdbb0: 8b97 5803 | 0000 458b 

  0x000001df07bfdbb8: ; ImmutableOopMap {r8=NarrowOop [40]=Oop [48]=Oop [56]=Oop [64]=Oop [96]=Oop [104]=Oop [112]=Oop [120]=Oop [128]=Oop [136]=Oop [144]=Oop [152]=Oop }
                      ;*ifnonnull {reexecute=1 rethrow=0 return_oop=0}
                      ; - (reexecute) java.util.HashMap::getNode@145 (line 579)
                      ; - java.util.LinkedHashMap::get@2 (line 441)
                      ; - java.util.jar.Attributes::get@5 (line 105)
                      ; - java.util.jar.Attributes::getValue@2 (line 141)
                      ; - java.net.URLClassLoader::definePackage@99 (line 558)
                      ; - java.net.URLClassLoader::defineClass@64 (line 495)
                      ;   {poll}
  0x000001df07bfdbb8: 4018 4185 | 0245 85c0 | 7405 e904 | feff ff4c | 8b4c 2450 | 4c8b 5424 | 584c 8994 | 24a8 0000 
  0x000001df07bfdbd8: 004c 8b44 | 2460 488b | 4c24 6848 | 8b5c 2470 | 4c8b 5c24 | 7848 8bb4 | 2480 0000 | 00e9 b9d7 
  0x000001df07bfdbf8: ;   {oop(""{0x00000000805eacd8})}
  0x000001df07bfdbf8: ffff 48bb | d8ac 5e80 | 0000 0000 | e9c2 cdff 

  0x000001df07bfdc08: ;   {metadata('java/security/CodeSource')}
  0x000001df07bfdc08: ff48 baa0 | ee00 16df | 0100 0048 | 8b6c 2438 

  0x000001df07bfdc18: ;   {runtime_call _new_instance_Java}
  0x000001df07bfdc18: c5f8 77e8 

  0x000001df07bfdc1c: ; ImmutableOopMap {rbp=Oop [40]=Oop [48]=Oop [56]=Oop [112]=Oop [136]=Oop }
                      ;*new {reexecute=0 rethrow=0 return_oop=1}
                      ; - java.net.URLClassLoader::defineClass@190 (line 522)
  0x000001df07bfdc1c: e003 a3ff | e935 d3ff 

  0x000001df07bfdc24: ;   {metadata('java/security/SecureClassLoader$CodeSourceKey')}
  0x000001df07bfdc24: ff48 bae0 | 8314 16df | 0100 0048 | 8b6c 2438 | 894c 244c 

  0x000001df07bfdc38: ;   {runtime_call _new_instance_Java}
  0x000001df07bfdc38: c5f8 77e8 

  0x000001df07bfdc3c: ; ImmutableOopMap {rbp=Oop [32]=Oop [48]=Oop [56]=Oop [112]=Oop }
                      ;*new {reexecute=0 rethrow=0 return_oop=1}
                      ; - java.security.SecureClassLoader::getProtectionDomain@6 (line 221)
                      ; - java.security.SecureClassLoader::defineClass@9 (line 150)
                      ; - java.net.URLClassLoader::defineClass@220 (line 524)
  0x000001df07bfdc3c: c003 a3ff | 4c8b c08b | 4c24 4ce9 | d7d4 ffff | 4489 5424 | 444c 8944 | 2448 894c | 2440 4c8b 
  0x000001df07bfdc5c: 5424 204c | 8b5c 2438 | 4c89 5c24 

  0x000001df07bfdc68: ;   {metadata('java/security/SecureClassLoader$1')}
  0x000001df07bfdc68: 2048 baf0 | 8514 16df | 0100 004c | 8954 2458 

  0x000001df07bfdc78: ;   {runtime_call _new_instance_Java}
  0x000001df07bfdc78: c5f8 77e8 

  0x000001df07bfdc7c: ; ImmutableOopMap {rbp=NarrowOop [32]=Oop [48]=Oop [68]=NarrowOop [72]=Oop [88]=Oop [112]=Oop }
                      ;*new {reexecute=0 rethrow=0 return_oop=1}
                      ; - java.security.SecureClassLoader::getProtectionDomain@20 (line 222)
                      ; - java.security.SecureClassLoader::defineClass@9 (line 150)
                      ; - java.net.URLClassLoader::defineClass@220 (line 524)
  0x000001df07bfdc7c: 8003 a3ff | 4c8b 5424 | 204c 8954 | 2438 448b | 4c24 404c | 8b44 2448 | 448b 5424 | 4448 8bd8 
  0x000001df07bfdc9c: 418b c9e9 | cdd4 ffff | 4489 4c24 | 5044 8b44 | 2420 4489 | 4424 2c44 | 895c 2428 | 4c8b 5424 
  0x000001df07bfdcbc: 404c 8954 | 2420 488b 

  0x000001df07bfdcc4: ;   {metadata('java/lang/String')}
  0x000001df07bfdcc4: 6c24 3048 | bae0 e900 | 16df 0100 | 0066 6690 

  0x000001df07bfdcd4: ;   {runtime_call _new_instance_Java}
  0x000001df07bfdcd4: c5f8 77e8 

  0x000001df07bfdcd8: ; ImmutableOopMap {rbp=Oop [32]=Oop [56]=Oop [80]=NarrowOop [136]=Oop }
                      ;*new {reexecute=0 rethrow=0 return_oop=1}
                      ; - java.lang.StringLatin1::newString@7 (line 769)
                      ; - java.lang.String::substring@41 (line 2714)
                      ; - java.net.URLClassLoader::defineClass@28 (line 489)
  0x000001df07bfdcd8: 2403 a3ff | 4889 6c24 | 304c 8b5c | 2420 4c89 | 5c24 4044 | 8b5c 2428 | 448b 4424 | 2c44 8944 
  0x000001df07bfdcf8: 2420 448b | 4c24 5048 | 8bd8 e9ba | cbff ff4c | 8944 2470 | 4889 4c24 | 6848 895c | 2460 4489 
  0x000001df07bfdd18: 4c24 5844 | 8b44 2420 | 4489 4424 | 5444 895c | 2450 4c8b | 5424 404c | 8954 2428 | 4c8b 5424 
  0x000001df07bfdd38: 304c 8954 

  0x000001df07bfdd3c: ;   {metadata({type array byte})}
  0x000001df07bfdd3c: 2420 48ba | 2867 0016 | df01 0000 | 458b c390 

  0x000001df07bfdd4c: ;   {runtime_call _new_array_nozero_Java}
  0x000001df07bfdd4c: c5f8 77e8 

  0x000001df07bfdd50: ; ImmutableOopMap {[32]=Oop [40]=Oop [56]=Oop [88]=NarrowOop [96]=Oop [136]=Oop }
                      ;*newarray {reexecute=0 rethrow=0 return_oop=1}
                      ; - java.util.Arrays::copyOfRange@41 (line 3822)
                      ; - java.lang.StringLatin1::newString@16 (line 769)
                      ; - java.lang.String::substring@41 (line 2714)
                      ; - java.net.URLClassLoader::defineClass@28 (line 489)
  0x000001df07bfdd50: 2cdf a2ff | 4c8b 5c24 | 204c 895c | 2430 4c8b | 5c24 284c | 895c 2440 | 448b 5c24 | 5044 8b44 
  0x000001df07bfdd70: 2454 4489 | 4424 2044 | 8b4c 2458 | 488b 5c24 | 6048 8b4c | 2468 4c8b | 4424 704c | 8be8 e9c4 
  0x000001df07bfdd90: cbff ff4c | 8994 24b8 | 0000 004c | 8b94 24b8 | 0000 0045 | 8b52 0c44 | 3b94 24b0 | 0000 0075 
  0x000001df07bfddb0: 3b4c 8b94 | 24b8 0000 | 0045 8b52 

  0x000001df07bfddbc: ;   {oop(a 'java/util/jar/Attributes$Name'{0x00000000804b97b8})}
  0x000001df07bfddbc: 1041 81fa | b897 4b80 | 0f84 44eb | ffff 4d8b 

  0x000001df07bfddcc: ;   {oop(a 'java/util/jar/Attributes$Name'{0x00000000804b97b8})}
  0x000001df07bfddcc: c248 bab8 | 974b 8000 | 0000 0048 | 8b6c 2438 

  0x000001df07bfdddc: ;   {optimized virtual_call}
  0x000001df07bfdddc: c5f8 77e8 

  0x000001df07bfdde0: ; ImmutableOopMap {rbp=Oop [36]=NarrowOop [40]=Oop [48]=Oop [56]=Oop [64]=Oop [88]=Oop [96]=Oop [104]=Oop [112]=Oop [120]=Oop [128]=Oop [136]=Oop [144]=Oop [152]=Oop [160]=Oop [184]=Oop }
                      ;*invokevirtual equals {reexecute=0 rethrow=0 return_oop=0}
                      ; - java.util.HashMap::getNode@128 (line 577)
                      ; - java.util.LinkedHashMap::get@2 (line 441)
                      ; - java.util.jar.Attributes::get@5 (line 105)
                      ; - java.util.jar.Attributes::getValue@2 (line 141)
                      ; - java.net.URLClassLoader::definePackage@145 (line 565)
                      ; - java.net.URLClassLoader::defineClass@64 (line 495)
  0x000001df07bfdde0: 9c35 98ff | 85c0 0f85 | 22eb ffff | 4d8b 9758 | 0300 004c | 8b9c 24b8 | 0000 0045 

  0x000001df07bfddfc: ; ImmutableOopMap {r11=NarrowOop [36]=NarrowOop [40]=Oop [48]=Oop [56]=Oop [64]=Oop [88]=Oop [96]=Oop [104]=Oop [112]=Oop [120]=Oop [128]=Oop [136]=Oop [144]=Oop [152]=Oop [160]=Oop }
                      ;*ifnonnull {reexecute=1 rethrow=0 return_oop=0}
                      ; - (reexecute) java.util.HashMap::getNode@145 (line 579)
                      ; - java.util.LinkedHashMap::get@2 (line 441)
                      ; - java.util.jar.Attributes::get@5 (line 105)
                      ; - java.util.jar.Attributes::getValue@2 (line 141)
                      ; - java.net.URLClassLoader::definePackage@145 (line 565)
                      ; - java.net.URLClassLoader::defineClass@64 (line 495)
                      ;   {poll}
  0x000001df07bfddfc: 8b5b 1841 | 8502 4585 | db0f 8467 | eaff ff4d | 8bd3 4c89 | 9424 b800 | 0000 eb83 | 4d8b d34c 
  0x000001df07bfde1c: 8994 24b8 | 0000 004c | 8b94 24b8 | 0000 0045 | 8b5a 0c44 | 3b9c 24b0 | 0000 0075 | 3345 8b5a 
  0x000001df07bfde3c: ;   {oop(a 'java/util/jar/Attributes$Name'{0x00000000804bc2b0})}
  0x000001df07bfde3c: 1041 81fb | b0c2 4b80 | 0f84 1eec | ffff 4d8b 

  0x000001df07bfde4c: ;   {oop(a 'java/util/jar/Attributes$Name'{0x00000000804bc2b0})}
  0x000001df07bfde4c: c348 bab0 | c24b 8000 | 0000 0048 | 8b6c 2438 

  0x000001df07bfde5c: ;   {optimized virtual_call}
  0x000001df07bfde5c: c5f8 77e8 

  0x000001df07bfde60: ; ImmutableOopMap {rbp=Oop [36]=NarrowOop [40]=Oop [48]=Oop [56]=Oop [64]=Oop [88]=Oop [96]=Oop [104]=Oop [112]=Oop [120]=Oop [128]=Oop [136]=Oop [144]=Oop [152]=Oop [160]=Oop [184]=Oop }
                      ;*invokevirtual equals {reexecute=0 rethrow=0 return_oop=0}
                      ; - java.util.HashMap::getNode@128 (line 577)
                      ; - java.util.LinkedHashMap::get@2 (line 441)
                      ; - java.util.jar.Attributes::get@5 (line 105)
                      ; - java.util.jar.Attributes::getValue@2 (line 141)
                      ; - java.net.URLClassLoader::definePackage@160 (line 568)
                      ; - java.net.URLClassLoader::defineClass@64 (line 495)
  0x000001df07bfde60: 1c35 98ff | 85c0 0f85 | fceb ffff | 4d8b 9758 | 0300 004c | 8b9c 24b8 | 0000 0045 

  0x000001df07bfde7c: ; ImmutableOopMap {r8=NarrowOop [36]=NarrowOop [40]=Oop [48]=Oop [56]=Oop [64]=Oop [88]=Oop [96]=Oop [104]=Oop [112]=Oop [120]=Oop [128]=Oop [136]=Oop [144]=Oop [152]=Oop [160]=Oop }
                      ;*ifnonnull {reexecute=1 rethrow=0 return_oop=0}
                      ; - (reexecute) java.util.HashMap::getNode@145 (line 579)
                      ; - java.util.LinkedHashMap::get@2 (line 441)
                      ; - java.util.jar.Attributes::get@5 (line 105)
                      ; - java.util.jar.Attributes::getValue@2 (line 141)
                      ; - java.net.URLClassLoader::definePackage@160 (line 568)
                      ; - java.net.URLClassLoader::defineClass@64 (line 495)
                      ;   {poll}
  0x000001df07bfde7c: 8b43 1841 | 8502 4585 | c00f 84d0 | ebff ff4d | 8bd0 4c89 | 9424 b800 | 0000 eb8b | 4c89 9424 
  0x000001df07bfde9c: b800 0000 | 4c8b 9424 | b800 0000 | 458b 520c | 443b 9424 | b000 0000 | 753e 4c8b | 9424 b800 
  0x000001df07bfdebc: 0000 458b 

  0x000001df07bfdec0: ;   {oop(a 'java/util/jar/Attributes$Name'{0x00000000804b9578})}
  0x000001df07bfdec0: 5210 4181 | fa78 954b | 800f 8405 | edff ff4d 

  0x000001df07bfded0: ;   {oop(a 'java/util/jar/Attributes$Name'{0x00000000804b9578})}
  0x000001df07bfded0: 8bc2 48ba | 7895 4b80 | 0000 0000 | 488b 6c24 | 3866 6690 

  0x000001df07bfdee4: ;   {optimized virtual_call}
  0x000001df07bfdee4: c5f8 77e8 

  0x000001df07bfdee8: ; ImmutableOopMap {rbp=Oop [36]=NarrowOop [40]=Oop [48]=Oop [56]=Oop [64]=Oop [88]=Oop [96]=Oop [104]=Oop [112]=Oop [120]=Oop [128]=Oop [136]=Oop [144]=Oop [152]=Oop [160]=Oop [184]=Oop [192]=Oop }
                      ;*invokevirtual equals {reexecute=0 rethrow=0 return_oop=0}
                      ; - java.util.HashMap::getNode@128 (line 577)
                      ; - java.util.LinkedHashMap::get@2 (line 441)
                      ; - java.util.jar.Attributes::get@5 (line 105)
                      ; - java.util.jar.Attributes::getValue@2 (line 141)
                      ; - java.net.URLClassLoader::definePackage@175 (line 571)
                      ; - java.net.URLClassLoader::defineClass@64 (line 495)
  0x000001df07bfdee8: 9434 98ff | 85c0 0f85 | e0ec ffff | 4d8b 9758 | 0300 004c | 8b9c 24b8 | 0000 0045 

  0x000001df07bfdf04: ; ImmutableOopMap {r11=NarrowOop [36]=NarrowOop [40]=Oop [48]=Oop [56]=Oop [64]=Oop [88]=Oop [96]=Oop [104]=Oop [112]=Oop [120]=Oop [128]=Oop [136]=Oop [144]=Oop [152]=Oop [160]=Oop [192]=Oop }
                      ;*ifnonnull {reexecute=1 rethrow=0 return_oop=0}
                      ; - (reexecute) java.util.HashMap::getNode@145 (line 579)
                      ; - java.util.LinkedHashMap::get@2 (line 441)
                      ; - java.util.jar.Attributes::get@5 (line 105)
                      ; - java.util.jar.Attributes::getValue@2 (line 141)
                      ; - java.net.URLClassLoader::definePackage@175 (line 571)
                      ; - java.net.URLClassLoader::defineClass@64 (line 495)
                      ;   {poll}
  0x000001df07bfdf04: 8b5b 1841 | 8502 4585 | db0f 84b4 | ecff ff4d | 8bd3 4c89 | 9424 b800 | 0000 e97d | ffff ff4c 
  0x000001df07bfdf24: 8994 24b8 | 0000 004c | 8b94 24b8 | 0000 0045 | 8b52 0c44 | 3b94 24b0 | 0000 0075 | 374c 8b94 
  0x000001df07bfdf44: 24b8 0000 | 0045 8b52 

  0x000001df07bfdf4c: ;   {oop(a 'java/util/jar/Attributes$Name'{0x00000000804962d0})}
  0x000001df07bfdf4c: 1041 81fa | d062 4980 | 0f84 eaed | ffff 4d8b 

  0x000001df07bfdf5c: ;   {oop(a 'java/util/jar/Attributes$Name'{0x00000000804962d0})}
  0x000001df07bfdf5c: c248 bad0 | 6249 8000 | 0000 0090 

  0x000001df07bfdf68: ;   {optimized virtual_call}
  0x000001df07bfdf68: c5f8 77e8 

  0x000001df07bfdf6c: ; ImmutableOopMap {rbp=Oop [36]=NarrowOop [40]=Oop [48]=Oop [56]=Oop [64]=Oop [88]=Oop [96]=Oop [104]=Oop [112]=Oop [120]=Oop [128]=Oop [136]=Oop [144]=Oop [152]=Oop [160]=Oop [184]=Oop }
                      ;*invokevirtual equals {reexecute=0 rethrow=0 return_oop=0}
                      ; - java.util.HashMap::getNode@128 (line 577)
                      ; - java.util.LinkedHashMap::get@2 (line 441)
                      ; - java.util.jar.Attributes::get@5 (line 105)
                      ; - java.util.jar.Attributes::getValue@2 (line 141)
                      ; - java.net.URLClassLoader::definePackage@190 (line 574)
                      ; - java.net.URLClassLoader::defineClass@64 (line 495)
  0x000001df07bfdf6c: 1034 98ff | 85c0 0f85 | cced ffff | 4d8b 9758 | 0300 004c | 8b9c 24b8 | 0000 0045 

  0x000001df07bfdf88: ; ImmutableOopMap {r8=NarrowOop rbp=Oop [36]=NarrowOop [40]=Oop [48]=Oop [56]=Oop [64]=Oop [88]=Oop [96]=Oop [104]=Oop [112]=Oop [120]=Oop [128]=Oop [136]=Oop [144]=Oop [152]=Oop [160]=Oop }
                      ;*ifnonnull {reexecute=1 rethrow=0 return_oop=0}
                      ; - (reexecute) java.util.HashMap::getNode@145 (line 579)
                      ; - java.util.LinkedHashMap::get@2 (line 441)
                      ; - java.util.jar.Attributes::get@5 (line 105)
                      ; - java.util.jar.Attributes::getValue@2 (line 141)
                      ; - java.net.URLClassLoader::definePackage@190 (line 574)
                      ; - java.net.URLClassLoader::defineClass@64 (line 495)
                      ;   {poll}
  0x000001df07bfdf88: 8b43 1841 | 8502 4585 | c00f 84a0 | edff ff4d | 8bd0 4c89 | 9424 b800 | 0000 eb87 | 4c89 9424 
  0x000001df07bfdfa8: b800 0000 | 4c8b 9424 | b800 0000 | 458b 520c | 443b 9424 | b000 0000 | 753e 4c8b | 9424 b800 
  0x000001df07bfdfc8: 0000 458b 

  0x000001df07bfdfcc: ;   {oop(a 'java/util/jar/Attributes$Name'{0x0000000080496440})}
  0x000001df07bfdfcc: 5210 4181 | fa40 6449 | 800f 84b4 | eeff ff4d 

  0x000001df07bfdfdc: ;   {oop(a 'java/util/jar/Attributes$Name'{0x0000000080496440})}
  0x000001df07bfdfdc: 8bc2 48ba | 4064 4980 | 0000 0000 | 488b 6c24 | 3866 6690 

  0x000001df07bfdff0: ;   {optimized virtual_call}
  0x000001df07bfdff0: c5f8 77e8 

  0x000001df07bfdff4: ; ImmutableOopMap {rbp=Oop [36]=NarrowOop [40]=Oop [48]=Oop [56]=Oop [64]=Oop [88]=Oop [96]=Oop [104]=Oop [112]=Oop [120]=Oop [128]=Oop [136]=Oop [144]=Oop [152]=Oop [160]=Oop [184]=Oop }
                      ;*invokevirtual equals {reexecute=0 rethrow=0 return_oop=0}
                      ; - java.util.HashMap::getNode@128 (line 577)
                      ; - java.util.LinkedHashMap::get@2 (line 441)
                      ; - java.util.jar.Attributes::get@5 (line 105)
                      ; - java.util.jar.Attributes::getValue@2 (line 141)
                      ; - java.net.URLClassLoader::definePackage@205 (line 577)
                      ; - java.net.URLClassLoader::defineClass@64 (line 495)
  0x000001df07bfdff4: 8833 98ff | 85c0 0f85 | 8fee ffff | 4d8b 9758 | 0300 004c | 8b9c 24b8 | 0000 0045 

  0x000001df07bfe010: ; ImmutableOopMap {r8=NarrowOop [36]=NarrowOop [40]=Oop [48]=Oop [56]=Oop [64]=Oop [88]=Oop [96]=Oop [104]=Oop [112]=Oop [120]=Oop [128]=Oop [136]=Oop [144]=Oop [152]=Oop [160]=Oop }
                      ;*ifnonnull {reexecute=1 rethrow=0 return_oop=0}
                      ; - (reexecute) java.util.HashMap::getNode@145 (line 579)
                      ; - java.util.LinkedHashMap::get@2 (line 441)
                      ; - java.util.jar.Attributes::get@5 (line 105)
                      ; - java.util.jar.Attributes::getValue@2 (line 141)
                      ; - java.net.URLClassLoader::definePackage@205 (line 577)
                      ; - java.net.URLClassLoader::defineClass@64 (line 495)
                      ;   {poll}
  0x000001df07bfe010: 8b43 1841 | 8502 4585 | c00f 84db | edff ff4d | 8bd0 4c89 | 9424 b800 | 0000 e97d | ffff ff4c 
  0x000001df07bfe030: 8994 24b8 | 0000 004c | 8b94 24b8 | 0000 0045 | 8b52 0c44 | 3b94 24b0 | 0000 0075 | 3b4c 8b94 
  0x000001df07bfe050: 24b8 0000 | 0045 8b52 

  0x000001df07bfe058: ;   {oop(a 'java/util/jar/Attributes$Name'{0x00000000804bc0d0})}
  0x000001df07bfe058: 1041 81fa | d0c0 4b80 | 0f84 79ef | ffff 4d8b 

  0x000001df07bfe068: ;   {oop(a 'java/util/jar/Attributes$Name'{0x00000000804bc0d0})}
  0x000001df07bfe068: c248 bad0 | c04b 8000 | 0000 0048 | 8b6c 2438 

  0x000001df07bfe078: ;   {optimized virtual_call}
  0x000001df07bfe078: c5f8 77e8 

  0x000001df07bfe07c: ; ImmutableOopMap {rbp=Oop [36]=NarrowOop [40]=Oop [48]=Oop [56]=Oop [64]=Oop [88]=Oop [96]=Oop [104]=Oop [112]=Oop [120]=Oop [128]=Oop [136]=Oop [144]=Oop [152]=Oop [160]=Oop [184]=Oop }
                      ;*invokevirtual equals {reexecute=0 rethrow=0 return_oop=0}
                      ; - java.util.HashMap::getNode@128 (line 577)
                      ; - java.util.LinkedHashMap::get@2 (line 441)
                      ; - java.util.jar.Attributes::get@5 (line 105)
                      ; - java.util.jar.Attributes::getValue@2 (line 141)
                      ; - java.net.URLClassLoader::definePackage@220 (line 580)
                      ; - java.net.URLClassLoader::defineClass@64 (line 495)
  0x000001df07bfe07c: 0033 98ff | 85c0 0f85 | 57ef ffff | 4d8b 9758 | 0300 004c | 8b9c 24b8 | 0000 0045 

  0x000001df07bfe098: ; ImmutableOopMap {r8=NarrowOop [36]=NarrowOop [40]=Oop [48]=Oop [56]=Oop [64]=Oop [88]=Oop [96]=Oop [104]=Oop [112]=Oop [120]=Oop [128]=Oop [136]=Oop [144]=Oop [152]=Oop [160]=Oop }
                      ;*ifnonnull {reexecute=1 rethrow=0 return_oop=0}
                      ; - (reexecute) java.util.HashMap::getNode@145 (line 579)
                      ; - java.util.LinkedHashMap::get@2 (line 441)
                      ; - java.util.jar.Attributes::get@5 (line 105)
                      ; - java.util.jar.Attributes::getValue@2 (line 141)
                      ; - java.net.URLClassLoader::definePackage@220 (line 580)
                      ; - java.net.URLClassLoader::defineClass@64 (line 495)
                      ;   {poll}
  0x000001df07bfe098: 8b43 1841 | 8502 4585 | c00f 8430 | efff ff4d | 8bd0 4c89 | 9424 b800 | 0000 eb83 | 4d8b c245 
  0x000001df07bfe0b8: 8b50 0c44 | 3b54 2424 | 7539 458b 

  0x000001df07bfe0c4: ;   {oop(a 'java/util/jar/Attributes$Name'{0x00000000804b1a70})}
  0x000001df07bfe0c4: 5010 4181 | fa70 1a4b | 800f 8411 | f0ff ff49 | 8be8 4d8b 

  0x000001df07bfe0d8: ;   {oop(a 'java/util/jar/Attributes$Name'{0x00000000804b1a70})}
  0x000001df07bfe0d8: c248 ba70 | 1a4b 8000 | 0000 0090 

  0x000001df07bfe0e4: ;   {optimized virtual_call}
  0x000001df07bfe0e4: c5f8 77e8 

  0x000001df07bfe0e8: ; ImmutableOopMap {rbp=Oop [40]=Oop [48]=Oop [56]=Oop [64]=Oop [88]=Oop [96]=Oop [104]=Oop [112]=Oop [120]=Oop [128]=Oop [136]=Oop [144]=Oop [152]=Oop }
                      ;*invokevirtual equals {reexecute=0 rethrow=0 return_oop=0}
                      ; - java.util.HashMap::getNode@128 (line 577)
                      ; - java.util.LinkedHashMap::get@2 (line 441)
                      ; - java.util.jar.Attributes::get@5 (line 105)
                      ; - java.util.jar.Attributes::getValue@2 (line 141)
                      ; - java.net.URLClassLoader::definePackage@235 (line 583)
                      ; - java.net.URLClassLoader::defineClass@64 (line 495)
  0x000001df07bfe0e8: 9432 98ff | 85c0 7408 | 4c8b c5e9 | ecef ffff | 4c8b c54d | 8b97 5803 | 0000 458b 

  0x000001df07bfe104: ; ImmutableOopMap {r8=NarrowOop [40]=Oop [48]=Oop [56]=Oop [64]=Oop [88]=Oop [96]=Oop [104]=Oop [112]=Oop [120]=Oop [128]=Oop [136]=Oop [144]=Oop [152]=Oop }
                      ;*ifnonnull {reexecute=1 rethrow=0 return_oop=0}
                      ; - (reexecute) java.util.HashMap::getNode@145 (line 579)
                      ; - java.util.LinkedHashMap::get@2 (line 441)
                      ; - java.util.jar.Attributes::get@5 (line 105)
                      ; - java.util.jar.Attributes::getValue@2 (line 141)
                      ; - java.net.URLClassLoader::definePackage@235 (line 583)
                      ; - java.net.URLClassLoader::defineClass@64 (line 495)
                      ;   {poll}
  0x000001df07bfe104: 4018 4185 | 0245 85c0 | 7402 eba7 | 4c8b 9c24 | 8000 0000 | e909 efff | ff4c 8b4c | 2450 4c8b 
  0x000001df07bfe124: 5424 584c | 8994 24a8 | 0000 004c | 8b44 2460 | 488b 4c24 | 6848 8b5c | 2470 4c8b | 5c24 78e9 
  0x000001df07bfe144: 7cd2 ffff | 4c8b 4c24 | 504c 8b54 | 2458 4c89 | 9424 a800 | 0000 4c8b | 4424 6048 | 8b4c 2468 
  0x000001df07bfe164: 488b 5c24 | 704c 8b5c | 2478 488b | b424 8000 | 0000 e938 | d2ff ff4c | 8b4c 2450 | 4c8b 5424 
  0x000001df07bfe184: 584c 8994 | 24a8 0000 | 004c 8b44 | 2460 488b | 4c24 6848 | 8b5c 2470 | 4c8b 5c24 | 7848 8bb4 
  0x000001df07bfe1a4: 2480 0000 | 0048 8b84 | 2498 0000 | 00e9 ecd1 | ffff 4c8b | 4c24 504c | 8b54 2458 | 4c89 9424 
  0x000001df07bfe1c4: a800 0000 | 488b 4c24 | 6048 8b5c | 2468 4c8b | 5c24 7048 | 8b74 2478 | 488b 8424 | 8000 0000 
  0x000001df07bfe1e4: 488b bc24 | 9800 0000 | e99f d1ff | ff49 b900 | 00eb 7edf | 0100 0033 | f645 33d2 | 4533 c04c 
  0x000001df07bfe204: 8984 24a8 | 0000 00e9 | 70d6 ffff 

  0x000001df07bfe210: ;   {metadata({type array byte})}
  0x000001df07bfe210: 48ba 2867 | 0016 df01 | 0000 448b | 4424 7890 

  0x000001df07bfe220: ;   {runtime_call _new_array_Java}
  0x000001df07bfe220: c5f8 77e8 

  0x000001df07bfe224: ; ImmutableOopMap {[36]=NarrowOop [40]=Oop [48]=Oop [56]=Oop [64]=Oop [80]=Oop [88]=Oop [96]=NarrowOop [136]=Oop [144]=Oop }
                      ;*invokevirtual allocateUninitializedArray0 {reexecute=0 rethrow=0 return_oop=1}
                      ; - jdk.internal.misc.Unsafe::allocateUninitializedArray@51 (line 1375)
                      ; - java.lang.StringConcatHelper::newArray@33 (line 497)
                      ; - java.lang.StringConcatHelper::simpleConcat@61 (line 421)
                      ; - java.lang.String::concat@11 (line 2774)
                      ; - java.net.URLClassLoader::definePackage@39 (line 552)
                      ; - java.net.URLClassLoader::defineClass@64 (line 495)
  0x000001df07bfe224: 58dd a2ff | 448b 5c24 | 784c 8bd0 | e918 d5ff | ff49 8bea 

  0x000001df07bfe238: ;   {metadata('java/lang/String')}
  0x000001df07bfe238: 48ba e0e9 | 0016 df01 | 0000 6690 

  0x000001df07bfe244: ;   {runtime_call _new_instance_Java}
  0x000001df07bfe244: c5f8 77e8 

  0x000001df07bfe248: ; ImmutableOopMap {rbp=Oop [36]=NarrowOop [40]=Oop [48]=Oop [56]=Oop [64]=Oop [80]=Oop [136]=Oop [144]=Oop }
                      ;*new {reexecute=0 rethrow=0 return_oop=1}
                      ; - java.lang.StringConcatHelper::newString@6 (line 387)
                      ; - java.lang.StringConcatHelper::simpleConcat@90 (line 426)
                      ; - java.lang.String::concat@11 (line 2774)
                      ; - java.net.URLClassLoader::definePackage@39 (line 552)
                      ; - java.net.URLClassLoader::defineClass@64 (line 495)
  0x000001df07bfe248: b4fd a2ff | 4c8b d5e9 | a4d5 ffff | 8974 2450 | 895c 2424 | 498b eb49 | 8bd0 4c89 | 8c24 a800 
  0x000001df07bfe268: 0000 6690 

  0x000001df07bfe26c: ;   {static_call}
  0x000001df07bfe26c: c5f8 77e8 

  0x000001df07bfe270: ; ImmutableOopMap {rbp=Oop [36]=NarrowOop [40]=Oop [48]=Oop [56]=Oop [64]=Oop [136]=Oop [144]=Oop [168]=Oop }
                      ;*invokestatic hashCode {reexecute=0 rethrow=0 return_oop=0}
                      ; - java.lang.String::hashCode@37 (line 2345)
                      ; - java.util.HashMap::hash@9 (line 338)
                      ; - java.util.HashMap::getNode@23 (line 568)
                      ; - java.util.HashMap::get@2 (line 556)
                      ; - java.util.jar.Manifest::getAttributes@5 (line 159)
                      ; - java.util.jar.Manifest::getTrustedAttributes@2 (line 176)
                      ; - java.util.jar.JavaUtilJarAccessImpl::getTrustedAttributes@2 (line 68)
                      ; - java.net.URLClassLoader::definePackage@42 (line 552)
                      ; - java.net.URLClassLoader::defineClass@64 (line 495)
  0x000001df07bfe270: 0c37 98ff | 49b9 0000 | eb7e df01 | 0000 4c8b | dd8b 5c24 | 248b 7424 | 5045 33d2 | 4c89 9424 
  0x000001df07bfe290: a800 0000 | e906 e5ff | ff41 c643 | 1101 33f6 | 4533 d2e9 | d8d5 ffff | 4c8b 9c24 | 8000 0000 
  0x000001df07bfe2b0: e971 edff | ffba 76ff | ffff 418b | ea44 894c | 2424 4c8b | 5424 384c | 8954 2428 | 4c8b 5424 
  0x000001df07bfe2d0: 404c 8954 | 2438 6690 

  0x000001df07bfe2d8: ;   {runtime_call UncommonTrapBlob}
  0x000001df07bfe2d8: c5f8 77e8 

  0x000001df07bfe2dc: ; ImmutableOopMap {rbp=NarrowOop [40]=Oop [48]=Oop [56]=Oop }
                      ;*iflt {reexecute=1 rethrow=0 return_oop=0}
                      ; - (reexecute) java.lang.StringLatin1::lastIndexOf@19 (line 294)
                      ; - java.lang.String::lastIndexOf@13 (line 2489)
                      ; - java.lang.String::lastIndexOf@8 (line 2451)
                      ; - java.net.URLClassLoader::defineClass@7 (line 486)
  0x000001df07bfe2dc: 2086 98ff | baf6 ffff | ff48 8b6c | 2438 4c8b | 5c24 304c | 895c 2420 | 4c89 5424 | 2866 6690 
  0x000001df07bfe2fc: ;   {runtime_call UncommonTrapBlob}
  0x000001df07bfe2fc: c5f8 77e8 

  0x000001df07bfe300: ; ImmutableOopMap {rbp=Oop [32]=Oop [40]=Oop [136]=Oop [144]=Oop }
                      ;*invokevirtual ensureInitialization {reexecute=0 rethrow=0 return_oop=0}
                      ; - java.util.jar.JavaUtilJarAccessImpl::ensureInitialization@1 (line 72)
                      ; - jdk.internal.loader.URLClassPath$JarLoader$2::getManifest@10 (line 885)
                      ; - java.net.URLClassLoader::defineClass@34 (line 491)
  0x000001df07bfe300: fc85 98ff | baf6 ffff | ff48 8b6c | 2438 4c8b | 5424 304c | 8954 2420 

  0x000001df07bfe318: ;   {runtime_call UncommonTrapBlob}
  0x000001df07bfe318: c5f8 77e8 

  0x000001df07bfe31c: ; ImmutableOopMap {rbp=Oop [32]=Oop [80]=Oop [136]=Oop }
                      ;*invokevirtual getCrc {reexecute=0 rethrow=0 return_oop=0}
                      ; - jdk.internal.loader.URLClassPath$JarLoader$2::getBytes@26 (line 898)
                      ; - java.net.URLClassLoader::defineClass@179 (line 519)
  0x000001df07bfe31c: e085 98ff | 4c89 7424 | 584c 896c | 2450 448b | 5424 2044 | 8954 2428 | 4c89 4424 | 2048 8b6c 
  0x000001df07bfe33c: 2430 488b | 5424 404c | 8d84 24e0 | 0000 0090 

  0x000001df07bfe34c: ;   {runtime_call _complete_monitor_locking_Java}
  0x000001df07bfe34c: c5f8 77e8 

  0x000001df07bfe350: ; ImmutableOopMap {rbp=Oop [32]=Oop [56]=Oop [136]=Oop }
                      ;*synchronization entry
                      ; - jdk.internal.loader.Resource::cachedInputStream@-1 (line 76)
                      ; - jdk.internal.loader.Resource::getByteBuffer@1 (line 163)
                      ; - java.net.URLClassLoader::defineClass@132 (line 511)
  0x000001df07bfe350: ac24 a3ff | 4889 6c24 | 304c 8b54 | 2420 4c89 | 5424 4044 | 8b5c 2428 | 4489 5c24 | 204c 8b6c 
  0x000001df07bfe370: 2450 4c8b | 7424 58e9 | ecc8 ffff | 488b 4c24 | 4048 8d94 | 24e0 0000 | 004d 8bc7 | c5f8 7749 
  0x000001df07bfe390: bac0 4409 | 98fb 7f00 | 0041 ffd2 | e928 caff 

  0x000001df07bfe3a0: ;   {oop(a 'jdk/internal/perf/PerfCounter'{0x00000000804af780})}
  0x000001df07bfe3a0: ff48 ba80 | f74a 8000 | 0000 004c | 8d84 24e0 | 0000 0048 | 8b6c 2438 

  0x000001df07bfe3b8: ;   {runtime_call _complete_monitor_locking_Java}
  0x000001df07bfe3b8: c5f8 77e8 

  0x000001df07bfe3bc: ; ImmutableOopMap {rbp=Oop [32]=Oop [48]=Oop [56]=Oop [112]=Oop }
                      ;*synchronization entry
                      ; - jdk.internal.perf.PerfCounter::add@-1 (line 98)
                      ; - jdk.internal.perf.PerfCounter::addElapsedTimeFrom@6 (line 120)
                      ; - java.net.URLClassLoader::defineClass@207 (line 523)
  0x000001df07bfe3bc: 4024 a3ff | e941 ccff | ffba ecff | ffff 4c8b | 5424 384c | 8954 2428 | 4c8b 5424 | 484c 8954 
  0x000001df07bfe3dc: 2440 4489 | 4424 4c90 

  0x000001df07bfe3e4: ;   {runtime_call UncommonTrapBlob}
  0x000001df07bfe3e4: c5f8 77e8 

  0x000001df07bfe3e8: ; ImmutableOopMap {rbp=NarrowOop [32]=Oop [40]=Oop [48]=Oop [76]=NarrowOop [112]=Oop }
                      ;*ifnull {reexecute=1 rethrow=0 return_oop=0}
                      ; - (reexecute) java.nio.Buffer::scope@4 (line 763)
                      ; - java.nio.DirectLongBufferU::get@4 (line 339)
                      ; - jdk.internal.perf.PerfCounter::get@5 (line 84)
                      ; - jdk.internal.perf.PerfCounter::add@1 (line 98)
                      ; - jdk.internal.perf.PerfCounter::addElapsedTimeFrom@6 (line 120)
                      ; - java.net.URLClassLoader::defineClass@207 (line 523)
  0x000001df07bfe3e8: 1485 98ff 

  0x000001df07bfe3ec: ;   {oop(a 'jdk/internal/perf/PerfCounter'{0x00000000804af780})}
  0x000001df07bfe3ec: 48b9 80f7 | 4a80 0000 | 0000 488d | 9424 e000 | 0000 4d8b | c7c5 f877 | 49ba c044 | 0998 fb7f 
  0x000001df07bfe40c: 0000 41ff | d2e9 cbcc | ffff bade | ffff ff4c | 8b54 2438 | 4c89 5424 | 204c 8b54 | 2430 4c89 
  0x000001df07bfe42c: 5424 2889 | 4c24 384c | 8944 2440 | 4889 5c24 | 4866 6690 

  0x000001df07bfe440: ;   {runtime_call UncommonTrapBlob}
  0x000001df07bfe440: c5f8 77e8 

  0x000001df07bfe444: ; ImmutableOopMap {rbp=NarrowOop [32]=Oop [40]=Oop [64]=Oop [72]=Oop [112]=Oop }
                      ;*invokeinterface computeIfAbsent {reexecute=0 rethrow=0 return_oop=0}
                      ; - java.security.SecureClassLoader::getProtectionDomain@29 (line 222)
                      ; - java.security.SecureClassLoader::defineClass@9 (line 150)
                      ; - java.net.URLClassLoader::defineClass@220 (line 524)
  0x000001df07bfe444: b884 98ff | ba6e ffff | ff41 8bea | 4489 4c24 | 244c 8b54 | 2438 4c89 | 5424 284c | 8b54 2440 
  0x000001df07bfe464: 4c89 5424 | 3866 6690 

  0x000001df07bfe46c: ;   {runtime_call UncommonTrapBlob}
  0x000001df07bfe46c: c5f8 77e8 

  0x000001df07bfe470: ; ImmutableOopMap {rbp=NarrowOop [40]=Oop [48]=Oop [56]=Oop }
                      ;*iflt {reexecute=1 rethrow=0 return_oop=0}
                      ; - (reexecute) java.lang.StringLatin1::lastIndexOf@19 (line 294)
                      ; - java.lang.String::lastIndexOf@13 (line 2489)
                      ; - java.lang.String::lastIndexOf@8 (line 2451)
                      ; - java.net.URLClassLoader::defineClass@7 (line 486)
  0x000001df07bfe470: 8c84 98ff | bade ffff | ff48 8b6c | 2438 4c8b | 4c24 304c | 894c 2420 | 4c8b 4c24 | 484c 894c 
  0x000001df07bfe490: 2430 4c89 | 5424 4844 | 895c 2450 | 4489 4424 | 5466 6690 

  0x000001df07bfe4a4: ;   {runtime_call UncommonTrapBlob}
  0x000001df07bfe4a4: c5f8 77e8 

  0x000001df07bfe4a8: ; ImmutableOopMap {rbp=Oop [32]=Oop [72]=Oop [80]=NarrowOop [84]=NarrowOop [136]=Oop [144]=Oop }
                      ;*invokeinterface ensureInitialization {reexecute=0 rethrow=0 return_oop=0}
                      ; - jdk.internal.loader.URLClassPath$JarLoader$2::getManifest@10 (line 885)
                      ; - java.net.URLClassLoader::defineClass@34 (line 491)
  0x000001df07bfe4a8: 5484 98ff | 4889 4c24 | 5844 8944 | 242c 4c89 | 5424 5044 | 8b5c 2420 | 4489 5c24 | 284c 8b54 
  0x000001df07bfe4c8: 2440 4c89 | 5424 2048 | 8b6c 2430 | 488b d14c | 8d84 24e0 | 0000 004c | 8b54 2450 | 4c89 5424 
  0x000001df07bfe4e8: 4066 6690 

  0x000001df07bfe4ec: ;   {runtime_call _complete_monitor_locking_Java}
  0x000001df07bfe4ec: c5f8 77e8 

  0x000001df07bfe4f0: ; ImmutableOopMap {rbp=Oop [32]=Oop [44]=NarrowOop [56]=Oop [64]=Oop [80]=Oop [88]=Oop [136]=Oop [144]=Oop }
                      ;*synchronization entry
                      ; - java.util.jar.JarFile::ensureInitialization@-1 (line 1031)
                      ; - java.util.jar.JavaUtilJarAccessImpl::ensureInitialization@1 (line 72)
                      ; - jdk.internal.loader.URLClassPath$JarLoader$2::getManifest@10 (line 885)
                      ; - java.net.URLClassLoader::defineClass@34 (line 491)
  0x000001df07bfe4f0: 0c23 a3ff | 4889 6c24 | 304c 8b54 | 2420 4c89 | 5424 4044 | 8b54 2428 | 4489 5424 | 204c 8b54 
  0x000001df07bfe510: 2450 448b | 4424 2c48 | 8b4c 2458 | e971 c5ff | ff49 8bea | 488d 9424 | e000 0000 | 4d8b c7c5 
  0x000001df07bfe530: f877 49ba | c044 0998 | fb7f 0000 | 41ff d24c | 8bd5 e903 | c6ff ffba | deff ffff | 4c8b 5c24 
  0x000001df07bfe550: 384c 895c | 2420 4c8b | 5c24 304c | 895c 2428 | 4c89 5424 | 304c 8b54 | 2448 4c89 | 5424 3890 
  0x000001df07bfe570: ;   {runtime_call UncommonTrapBlob}
  0x000001df07bfe570: c5f8 77e8 

  0x000001df07bfe574: ; ImmutableOopMap {rbp=NarrowOop [32]=Oop [40]=Oop [48]=Oop [136]=Oop [144]=Oop }
                      ;*invokevirtual getManifest {reexecute=0 rethrow=0 return_oop=0}
                      ; - jdk.internal.loader.URLClassPath$JarLoader$2::getManifest@22 (line 886)
                      ; - java.net.URLClassLoader::defineClass@34 (line 491)
  0x000001df07bfe574: 8883 98ff | bade ffff | ff4c 8b54 | 2438 4c89 | 5424 204c | 8b54 2430 | 4c89 5424 | 2866 6690 
  0x000001df07bfe594: ;   {runtime_call UncommonTrapBlob}
  0x000001df07bfe594: c5f8 77e8 

  0x000001df07bfe598: ; ImmutableOopMap {rbp=NarrowOop [32]=Oop [40]=Oop [112]=Oop [136]=Oop }
                      ;*invokevirtual getCodeSigners {reexecute=0 rethrow=0 return_oop=0}
                      ; - jdk.internal.loader.URLClassPath$JarLoader$2::getCodeSigners@4 (line 891)
                      ; - java.net.URLClassLoader::defineClass@185 (line 521)
  0x000001df07bfe598: 6483 98ff | 4963 cbe9 | 2dc3 ffff | 4883 c1fe | 488b fa48 | 33c0 4883 | f908 7f10 | 48ff c978 
  0x000001df07bfe5b8: 4f48 8904 | cf48 ffc9 | 7df7 eb44 | c5fd efc0 | e90d 0000 | 00c5 fe7f | 07c5 fe7f | 4720 4883 
  0x000001df07bfe5d8: c740 4883 | e908 7ded | 4883 c104 | 7c0c c5fe | 7f07 4883 | c720 4883 | e904 4883 | c104 7e10 
  0x000001df07bfe5f8: 48ff c9c5 | f9d6 0748 | 83c7 0848 | ffc9 7df3 | e98b c3ff | ffba ccff | ffff 4489 | 5c24 204c 
  0x000001df07bfe618: 8b54 2438 | 4c89 5424 | 284c 8b54 | 2440 4c89 | 5424 384c | 8b54 2448 | 4c89 5424 | 4048 895c 
  0x000001df07bfe638: 2458 4489 | 4c24 2490 

  0x000001df07bfe640: ;   {runtime_call UncommonTrapBlob}
  0x000001df07bfe640: c5f8 77e8 

  0x000001df07bfe644: ; ImmutableOopMap {[36]=NarrowOop [40]=Oop [48]=Oop [56]=Oop [88]=Oop [136]=Oop }
                      ;*newarray {reexecute=1 rethrow=0 return_oop=0}
                      ; - (reexecute) java.util.Arrays::copyOfRange@41 (line 3822)
                      ; - java.lang.StringLatin1::newString@16 (line 769)
                      ; - java.lang.String::substring@41 (line 2714)
                      ; - java.net.URLClassLoader::defineClass@28 (line 489)
  0x000001df07bfe644: b882 98ff 

  0x000001df07bfe648: ;   {metadata('java/lang/String')}
  0x000001df07bfe648: 48ba e0e9 | 0016 df01 | 0000 488b | 6c24 3890 

  0x000001df07bfe658: ;   {runtime_call _new_instance_Java}
  0x000001df07bfe658: c5f8 77e8 

  0x000001df07bfe65c: ; ImmutableOopMap {rbp=Oop [36]=NarrowOop [40]=Oop [48]=Oop [56]=Oop [64]=Oop [80]=Oop [136]=Oop [144]=Oop }
                      ;*new {reexecute=0 rethrow=0 return_oop=1}
                      ; - java.lang.StringConcatHelper::simpleConcat@17 (line 411)
                      ; - java.lang.String::concat@11 (line 2774)
                      ; - java.net.URLClassLoader::definePackage@39 (line 552)
                      ; - java.net.URLClassLoader::defineClass@64 (line 495)
  0x000001df07bfe65c: a0f9 a2ff | e948 ebff | ff85 c940 | 0f95 c540 | 0fb6 ed83 | f501 ba45 | ffff ff4c | 8b54 2438 
  0x000001df07bfe67c: 4c89 5424 | 204c 8b54 | 2440 4c89 | 5424 3848 | 8944 2440 | 4489 4424 | 4866 6690 

  0x000001df07bfe698: ;   {runtime_call UncommonTrapBlob}
  0x000001df07bfe698: c5f8 77e8 

  0x000001df07bfe69c: ; ImmutableOopMap {[32]=Oop [48]=Oop [56]=Oop }
                      ;*ifeq {reexecute=1 rethrow=0 return_oop=0}
                      ; - (reexecute) java.lang.String::lastIndexOf@4 (line 2489)
                      ; - java.lang.String::lastIndexOf@8 (line 2451)
                      ; - java.net.URLClassLoader::defineClass@7 (line 486)
  0x000001df07bfe69c: 6082 98ff | ba45 ffff | ff44 895c | 2424 4489 | 5c24 2890 

  0x000001df07bfe6b0: ;   {runtime_call UncommonTrapBlob}
  0x000001df07bfe6b0: c5f8 77e8 

  0x000001df07bfe6b4: ; ImmutableOopMap {[48]=Oop [56]=Oop [64]=Oop [136]=Oop }
                      ;*if_icmpgt {reexecute=1 rethrow=0 return_oop=0}
                      ; - (reexecute) java.lang.String::checkBoundsBeginEnd@6 (line 4605)
                      ; - java.lang.String::substring@8 (line 2709)
                      ; - java.net.URLClassLoader::defineClass@28 (line 489)
  0x000001df07bfe6b4: 4882 98ff | 4489 5c24 | 504c 8944 | 2440 498b | d066 6690 

  0x000001df07bfe6c8: ;   {optimized virtual_call}
  0x000001df07bfe6c8: c5f8 77e8 

  0x000001df07bfe6cc: ; ImmutableOopMap {rbp=NarrowOop [48]=Oop [56]=Oop [64]=Oop [80]=NarrowOop [112]=Oop [136]=Oop }
                      ;*invokevirtual realEntry {reexecute=0 rethrow=0 return_oop=1}
                      ; - java.util.jar.JarFile$JarFileEntry::getCodeSigners@50 (line 676)
                      ; - jdk.internal.loader.URLClassPath$JarLoader$2::getCodeSigners@4 (line 891)
                      ; - java.net.URLClassLoader::defineClass@185 (line 521)
  0x000001df07bfe6cc: b02c 98ff | 488b d544 | 8b44 2450 | 4c8b c848 | 8b6c 2438 

  0x000001df07bfe6e0: ;   {optimized virtual_call}
  0x000001df07bfe6e0: c5f8 77e8 

  0x000001df07bfe6e4: ; ImmutableOopMap {rbp=Oop [48]=Oop [56]=Oop [64]=Oop [112]=Oop [136]=Oop }
                      ;*invokevirtual getCodeSigners {reexecute=0 rethrow=0 return_oop=1}
                      ; - java.util.jar.JarFile$JarFileEntry::getCodeSigners@53 (line 676)
                      ; - jdk.internal.loader.URLClassPath$JarLoader$2::getCodeSigners@4 (line 891)
                      ; - java.net.URLClassLoader::defineClass@185 (line 521)
  0x000001df07bfe6e4: 982c 98ff | 488b d841 | 807f 3800 | 0f85 480e | 0000 488b | 7c24 404c | 8bcb 4d8b | d144 8957 
  0x000001df07bfe704: 5c4c 8bdf | 4d8b c14d | 33c3 49c1 | e814 4d85 | c00f 8415 | 0e00 004d | 85c9 0f84 | eec7 ffff 
  0x000001df07bfe724: 49c1 eb09 | 4c8b 4424 | 204d 03c3 | 4180 3804 | 0f85 3c0e | 0000 458b | 420c 498b | ea4d 63c8 
  0x000001df07bfe744: 49c1 e102 | 4983 c117 | 4983 e1f8 | 4181 f800 | 0004 000f | 87c3 0e00 | 0049 8b9f | 0801 0000 
  0x000001df07bfe764: 4c8b db4d | 03d9 4d3b | 9f18 0100 | 000f 83a9 | 0e00 004d | 899f 0801 | 0000 410f | 1883 0001 
  0x000001df07bfe784: 0000 48c7 | 0301 0000 | 0041 0f18 | 8340 0100 

  0x000001df07bfe794: ;   {metadata('java/security/CodeSigner'[])}
  0x000001df07bfe794: 00c7 4308 | 783c 0401 | 4489 430c | 410f 1883 | 8001 0000 | 498d 4a10 | 488b d348 | 83c2 1049 
  0x000001df07bfe7b4: 83c1 f049 | c1e9 034d | 8bc1 c5f8 | 7749 ba60 | 8656 07df | 0100 0041 | ffd2 4889 | 5c24 28e9 
  0x000001df07bfe7d4: 3ac7 ffff | baf6 ffff | ff4c 8b54 | 2438 4c89 | 5424 204c | 8b54 2430 | 4c89 5424 | 284c 8b54 
  0x000001df07bfe7f4: 2440 4c89 | 5424 304c | 8b54 2448 | 4c89 5424 | 384c 894c | 2448 6690 

  0x000001df07bfe80c: ;   {runtime_call UncommonTrapBlob}
  0x000001df07bfe80c: c5f8 77e8 

  0x000001df07bfe810: ; ImmutableOopMap {rbp=NarrowOop [32]=Oop [40]=Oop [48]=Oop [72]=Oop [136]=Oop }
                      ;*invokevirtual getInputStream {reexecute=0 rethrow=0 return_oop=0}
                      ; - jdk.internal.loader.URLClassPath$JarLoader$2::getInputStream@11 (line 881)
                      ; - jdk.internal.loader.Resource::cachedInputStream@9 (line 77)
                      ; - jdk.internal.loader.Resource::getByteBuffer@1 (line 163)
                      ; - java.net.URLClassLoader::defineClass@132 (line 511)
  0x000001df07bfe810: ec80 98ff | ba6e 0000 | 0048 8b6c | 2438 4c8b | 5424 304c | 8954 2428 | 4489 4424 | 4466 6690 
  0x000001df07bfe830: ;   {runtime_call UncommonTrapBlob}
  0x000001df07bfe830: c5f8 77e8 

  0x000001df07bfe834: ; ImmutableOopMap {rbp=Oop [32]=Oop [40]=Oop [68]=NarrowOop [112]=Oop }
                      ;*new {reexecute=0 rethrow=0 return_oop=0}
                      ; - java.nio.Buffer::checkIndex@12 (line 743)
                      ; - java.nio.DirectLongBufferU::get@11 (line 339)
                      ; - jdk.internal.perf.PerfCounter::get@5 (line 84)
                      ; - jdk.internal.perf.PerfCounter::add@1 (line 98)
                      ; - jdk.internal.perf.PerfCounter::addElapsedTimeFrom@6 (line 120)
                      ; - java.net.URLClassLoader::defineClass@207 (line 523)
  0x000001df07bfe834: c880 98ff | ba45 ffff | ff44 895c | 2424 4489 | 5c24 2890 

  0x000001df07bfe848: ;   {runtime_call UncommonTrapBlob}
  0x000001df07bfe848: c5f8 77e8 

  0x000001df07bfe84c: ; ImmutableOopMap {[48]=Oop [56]=Oop [64]=Oop [136]=Oop }
                      ;*if_icmple {reexecute=1 rethrow=0 return_oop=0}
                      ; - (reexecute) java.lang.String::checkBoundsBeginEnd@11 (line 4605)
                      ; - java.lang.String::substring@8 (line 2709)
                      ; - java.net.URLClassLoader::defineClass@28 (line 489)
  0x000001df07bfe84c: b080 98ff | 458b d9e9 | a4bf ffff | ba45 ffff | ff48 8b6c | 2438 4c8b | 4424 304c | 8944 2420 
  0x000001df07bfe86c: 4c8b 4424 | 484c 8944 | 2430 4c89 | 5424 4844 | 895c 2454 

  0x000001df07bfe880: ;   {runtime_call UncommonTrapBlob}
  0x000001df07bfe880: c5f8 77e8 

  0x000001df07bfe884: ; ImmutableOopMap {rbp=Oop [32]=Oop [72]=Oop [84]=NarrowOop [136]=Oop [144]=Oop }
                      ;*ifnonnull {reexecute=1 rethrow=0 return_oop=0}
                      ; - (reexecute) jdk.internal.access.SharedSecrets::javaUtilJarAccess@5 (line 104)
                      ; - jdk.internal.loader.URLClassPath$JarLoader$2::getManifest@0 (line 885)
                      ; - java.net.URLClassLoader::defineClass@34 (line 491)
  0x000001df07bfe884: 7880 98ff | ba45 ffff | ff4c 8b5c | 2438 4c89 | 5c24 204c | 8b5c 2430 | 4c89 5c24 | 284c 8b5c 
  0x000001df07bfe8a4: 2448 4c89 | 5c24 384c | 8954 2450 | 4489 4424 | 5c44 8944 | 2460 6690 

  0x000001df07bfe8bc: ;   {runtime_call UncommonTrapBlob}
  0x000001df07bfe8bc: c5f8 77e8 

  0x000001df07bfe8c0: ; ImmutableOopMap {rbp=NarrowOop [32]=Oop [40]=Oop [80]=Oop [92]=NarrowOop [96]=NarrowOop [136]=Oop [144]=Oop }
                      ;*ifnull {reexecute=1 rethrow=0 return_oop=0}
                      ; - (reexecute) java.util.jar.JarFile::maybeInstantiateVerifier@4 (line 714)
                      ; - java.util.jar.JarFile::ensureInitialization@1 (line 1031)
                      ; - java.util.jar.JavaUtilJarAccessImpl::ensureInitialization@1 (line 72)
                      ; - jdk.internal.loader.URLClassPath$JarLoader$2::getManifest@10 (line 885)
                      ; - java.net.URLClassLoader::defineClass@34 (line 491)
  0x000001df07bfe8c0: 3c80 98ff | ba14 0000 | 004c 8b54 | 2438 4c89 | 5424 204c | 8b54 2430 | 4c89 5424 | 284c 8b54 
  0x000001df07bfe8e0: 2450 4c89 | 5424 304c | 8b54 2448 | 4c89 5424 | 3848 8944 | 2458 4489 | 4424 6090 

  0x000001df07bfe8fc: ;   {runtime_call UncommonTrapBlob}
  0x000001df07bfe8fc: c5f8 77e8 

  0x000001df07bfe900: ; ImmutableOopMap {[32]=Oop [40]=Oop [48]=Oop [88]=Oop [136]=Oop }
                      ;*new {reexecute=0 rethrow=0 return_oop=0}
                      ; - java.util.zip.CRC32::updateBytesCheck@45 (line 158)
                      ; - java.util.zip.CRC32::updateBytes@3 (line 138)
                      ; - java.util.zip.CRC32::update@44 (line 79)
                      ; - java.util.zip.Checksum::update@5 (line 58)
                      ; - jdk.internal.loader.URLClassPath$JarLoader$2::getBytes@15 (line 897)
                      ; - java.net.URLClassLoader::defineClass@179 (line 519)
  0x000001df07bfe900: fc7f 98ff | ba5b 0000 | 0048 8b6c | 2438 4c8b | 5424 304c | 8954 2420 | 4c8b 5424 | 484c 8954 
  0x000001df07bfe920: 2430 4889 | 5c24 404c | 895c 2448 

  0x000001df07bfe92c: ;   {runtime_call UncommonTrapBlob}
  0x000001df07bfe92c: c5f8 77e8 

  0x000001df07bfe930: ; ImmutableOopMap {rbp=Oop [32]=Oop [64]=Oop [72]=Oop [80]=Oop [136]=Oop }
                      ;*new {reexecute=0 rethrow=0 return_oop=0}
                      ; - jdk.internal.loader.URLClassPath$JarLoader$2::getBytes@34 (line 899)
                      ; - java.net.URLClassLoader::defineClass@179 (line 519)
  0x000001df07bfe930: cc7f 98ff | 85c9 400f | 95c5 400f | b6ed 83f5 | 01ba 45ff | ffff 4489 | 5c24 204c | 8b54 2438 
  0x000001df07bfe950: 4c89 5424 | 284c 8b54 | 2440 4c89 | 5424 384c | 8b54 2448 | 4c89 5424 | 4066 6690 

  0x000001df07bfe96c: ;   {runtime_call UncommonTrapBlob}
  0x000001df07bfe96c: c5f8 77e8 

  0x000001df07bfe970: ; ImmutableOopMap {[40]=Oop [48]=Oop [56]=Oop [136]=Oop }
                      ;*ifeq {reexecute=1 rethrow=0 return_oop=0}
                      ; - (reexecute) java.lang.String::substring@31 (line 2714)
                      ; - java.net.URLClassLoader::defineClass@28 (line 489)
  0x000001df07bfe970: 8c7f 98ff | 4d8b d34d | 85d2 400f | 95c5 400f | b6ed ba45 | ffff ff48 | 8984 2480 | 0000 0090 
  0x000001df07bfe990: ;   {runtime_call UncommonTrapBlob}
  0x000001df07bfe990: c5f8 77e8 

  0x000001df07bfe994: ; ImmutableOopMap {[40]=Oop [48]=Oop [56]=Oop [64]=Oop [128]=Oop [136]=Oop [144]=Oop }
                      ;*ifne {reexecute=1 rethrow=0 return_oop=0}
                      ; - (reexecute) java.lang.Package::isSealed@7 (line 235)
                      ; - java.net.URLClassLoader::getAndVerifyPackage@14 (line 460)
                      ; - java.net.URLClassLoader::defineClass@46 (line 492)
  0x000001df07bfe994: 687f 98ff | 488b 5424 | 4090 c5f8 | 7748 b8ff | ffff ffff 

  0x000001df07bfe9a8: ;   {virtual_call}
  0x000001df07bfe9a8: ffff ffe8 

  0x000001df07bfe9ac: ; ImmutableOopMap {rbp=Oop [48]=Oop [56]=Oop [136]=Oop }
                      ;*invokevirtual getCodeSigners {reexecute=0 rethrow=0 return_oop=1}
                      ; - java.net.URLClassLoader::defineClass@143 (line 514)
  0x000001df07bfe9ac: d02c 98ff | 4889 4424 | 2049 8b87 | 0801 0000 | 4c8b d049 | 83c2 284d | 3b97 1801 | 0000 0f83 
  0x000001df07bfe9cc: 7e0c 0000 | 4d89 9708 | 0100 0041 | 0f18 8200 | 0100 0048 | c700 0100 

  0x000001df07bfe9e4: ;   {metadata('java/security/CodeSource')}
  0x000001df07bfe9e4: 0000 c740 | 08a0 ee00 | 0044 8960 | 0c4c 8960 | 104c 8960 | 184c 8960 | 204c 8bd0 | 4c89 5424 
  0x000001df07bfea04: 5049 8bd2 | 4c8b 8424 | 8800 0000 | 4c8b 4c24 | 2066 6690 

  0x000001df07bfea18: ;   {optimized virtual_call}
  0x000001df07bfea18: c5f8 77e8 

  0x000001df07bfea1c: ; ImmutableOopMap {rbp=Oop [48]=Oop [56]=Oop [80]=Oop }
                      ;*invokespecial <init> {reexecute=0 rethrow=0 return_oop=0}
                      ; - java.net.URLClassLoader::defineClass@156 (line 515)
  0x000001df07bfea1c: 6029 98ff 

  0x000001df07bfea20: ;   {oop(a 'jdk/internal/perf/PerfCounter'{0x00000000804af780})}
  0x000001df07bfea20: 48ba 80f7 | 4a80 0000 | 0000 4c8b | 4424 4890 

  0x000001df07bfea30: ;   {optimized virtual_call}
  0x000001df07bfea30: c5f8 77e8 

  0x000001df07bfea34: ; ImmutableOopMap {rbp=Oop [48]=Oop [56]=Oop [80]=Oop }
                      ;*invokevirtual addElapsedTimeFrom {reexecute=0 rethrow=0 return_oop=0}
                      ; - java.net.URLClassLoader::defineClass@165 (line 516)
  0x000001df07bfea34: 4829 98ff | 488b 5424 | 384c 8b44 | 2430 4c8b | cd48 8b7c | 2450 6690 

  0x000001df07bfea4c: ;   {optimized virtual_call}
  0x000001df07bfea4c: c5f8 77e8 

  0x000001df07bfea50: ; ImmutableOopMap {}
                      ;*invokevirtual defineClass {reexecute=0 rethrow=0 return_oop=1}
                      ; - java.net.URLClassLoader::defineClass@174 (line 517)
  0x000001df07bfea50: 2c29 98ff | e97b c7ff | ffba 45ff | ffff 4889 | 4424 7890 

  0x000001df07bfea64: ;   {runtime_call UncommonTrapBlob}
  0x000001df07bfea64: c5f8 77e8 

  0x000001df07bfea68: ; ImmutableOopMap {rbp=NarrowOop [40]=Oop [48]=Oop [56]=Oop [64]=Oop [120]=Oop [136]=Oop [144]=Oop }
                      ;*ifnull {reexecute=1 rethrow=0 return_oop=0}
                      ; - (reexecute) java.lang.Package::isSealed@17 (line 235)
                      ; - java.net.URLClassLoader::getAndVerifyPackage@14 (line 460)
                      ; - java.net.URLClassLoader::defineClass@46 (line 492)
  0x000001df07bfea68: 947e 98ff | ba45 ffff | ff48 8b6c | 2438 4c8b | 5424 304c | 8954 2420 | 4c8b 5424 | 404c 8954 
  0x000001df07bfea88: 2430 4c8b | 5424 484c | 8954 2438 | 8944 2460 

  0x000001df07bfea98: ;   {runtime_call UncommonTrapBlob}
  0x000001df07bfea98: c5f8 77e8 

  0x000001df07bfea9c: ; ImmutableOopMap {rbp=Oop [32]=Oop [40]=Oop [48]=Oop [80]=Oop [136]=Oop [144]=Oop }
                      ;*ifeq {reexecute=1 rethrow=0 return_oop=0}
                      ; - (reexecute) java.net.URLClassLoader::getAndVerifyPackage@71 (line 469)
                      ; - java.net.URLClassLoader::defineClass@46 (line 492)
  0x000001df07bfea9c: 607e 98ff | 498b d7c5 | f877 49ba | c0cf c797 | fb7f 0000 | 41ff d2e9 | 1ec2 ffff | badf ffff 
  0x000001df07bfeabc: ff48 8b6c | 2438 4c8b | 5c24 304c | 895c 2420 | 4c8b 5c24 | 404c 895c | 2430 4c8b | 5c24 484c 
  0x000001df07bfeadc: 895c 2440 | 4489 5424 | 704c 8984 | 2480 0000 | 0066 6690 

  0x000001df07bfeaf0: ;   {runtime_call UncommonTrapBlob}
  0x000001df07bfeaf0: c5f8 77e8 

  0x000001df07bfeaf4: ; ImmutableOopMap {rbp=Oop [32]=Oop [40]=Oop [48]=Oop [112]=NarrowOop [128]=Oop [136]=Oop [144]=Oop }
                      ;*invokeinterface getTrustedAttributes {reexecute=0 rethrow=0 return_oop=0}
                      ; - java.net.URLClassLoader::definePackage@42 (line 552)
                      ; - java.net.URLClassLoader::defineClass@64 (line 495)
  0x000001df07bfeaf4: 087e 98ff | bade ffff | ff4c 8b94 | 2488 0000 | 004c 8954 | 2470 4c89 | 8424 8800 | 0000 6690 
  0x000001df07bfeb14: ;   {runtime_call UncommonTrapBlob}
  0x000001df07bfeb14: c5f8 77e8 

  0x000001df07bfeb18: ; ImmutableOopMap {rbp=NarrowOop [40]=Oop [48]=Oop [56]=Oop [64]=Oop [112]=Oop [136]=Oop [144]=Oop }
                      ;*invokeinterface get {reexecute=0 rethrow=0 return_oop=0}
                      ; - java.util.jar.Manifest::getAttributes@5 (line 159)
                      ; - java.util.jar.Manifest::getTrustedAttributes@2 (line 176)
                      ; - java.util.jar.JavaUtilJarAccessImpl::getTrustedAttributes@2 (line 68)
                      ; - java.net.URLClassLoader::definePackage@42 (line 552)
                      ; - java.net.URLClassLoader::defineClass@64 (line 495)
  0x000001df07bfeb18: e47d 98ff | 4489 5c24 | 784d 63db | e9b9 cbff | ffba ccff | ffff 488b | 6c24 384c | 8b9c 2490 
  0x000001df07bfeb38: 0000 004c | 895c 2478 | 448b 4424 | 2444 8944 | 2420 4c89 | 9424 a000 | 0000 6690 

  0x000001df07bfeb54: ;   {runtime_call UncommonTrapBlob}
  0x000001df07bfeb54: c5f8 77e8 

  0x000001df07bfeb58: ; ImmutableOopMap {rbp=Oop [32]=NarrowOop [40]=Oop [48]=Oop [64]=Oop [88]=Oop [120]=Oop [136]=Oop [160]=Oop }
                      ;*invokestatic arraycopy {reexecute=0 rethrow=0 return_oop=0}
                      ; - java.lang.String::getBytes@22 (line 4459)
                      ; - java.lang.StringConcatHelper::prepend@21 (line 354)
                      ; - java.lang.StringConcatHelper::simpleConcat@71 (line 424)
                      ; - java.lang.String::concat@11 (line 2774)
                      ; - java.net.URLClassLoader::definePackage@39 (line 552)
                      ; - java.net.URLClassLoader::defineClass@64 (line 495)
  0x000001df07bfeb58: a47d 98ff | bacc ffff | ff48 8b6c | 2438 4c8b | 9c24 9000 | 0000 4c89 | 5c24 684c | 8b9c 2488 
  0x000001df07bfeb78: 0000 004c | 895c 2478 | 448b 5c24 | 2444 895c | 2420 448b | 4424 6044 | 8944 2424 | 4c89 9424 
  0x000001df07bfeb98: 9000 0000 

  0x000001df07bfeb9c: ;   {runtime_call UncommonTrapBlob}
  0x000001df07bfeb9c: c5f8 77e8 

  0x000001df07bfeba0: ; ImmutableOopMap {rbp=Oop [32]=NarrowOop [36]=NarrowOop [40]=Oop [48]=Oop [64]=Oop [104]=Oop [120]=Oop [144]=Oop }
                      ;*invokestatic arraycopy {reexecute=0 rethrow=0 return_oop=0}
                      ; - java.lang.String::getBytes@22 (line 4459)
                      ; - java.lang.StringConcatHelper::prepend@21 (line 354)
                      ; - java.lang.StringConcatHelper::simpleConcat@81 (line 425)
                      ; - java.lang.String::concat@11 (line 2774)
                      ; - java.net.URLClassLoader::definePackage@39 (line 552)
                      ; - java.net.URLClassLoader::defineClass@64 (line 495)
  0x000001df07bfeba0: 5c7d 98ff | ba45 ffff | ff48 8b6c | 2438 4c8b | 5424 304c | 8954 2420 | 4c8b 5424 | 404c 8954 
  0x000001df07bfebc0: 2430 4c8b | 5424 484c | 8954 2440 | 4c8b 9424 | 9000 0000 | 4c89 5424 | 584c 8b94 | 2488 0000 
  0x000001df07bfebe0: 004c 8954 | 2468 4c89 | 8424 8000 | 0000 899c | 2488 0000 | 0089 b424 | 9000 0000 

  0x000001df07bfebfc: ;   {runtime_call UncommonTrapBlob}
  0x000001df07bfebfc: c5f8 77e8 

  0x000001df07bfec00: ; ImmutableOopMap {rbp=Oop [32]=Oop [40]=Oop [48]=Oop [88]=Oop [104]=Oop [128]=Oop [136]=NarrowOop }
                      ;*ifle {reexecute=1 rethrow=0 return_oop=0}
                      ; - (reexecute) java.util.HashMap::getNode@14 (line 567)
                      ; - java.util.HashMap::get@2 (line 556)
                      ; - java.util.jar.Manifest::getAttributes@5 (line 159)
                      ; - java.util.jar.Manifest::getTrustedAttributes@2 (line 176)
                      ; - java.util.jar.JavaUtilJarAccessImpl::getTrustedAttributes@2 (line 68)
                      ; - java.net.URLClassLoader::definePackage@42 (line 552)
                      ; - java.net.URLClassLoader::defineClass@64 (line 495)
  0x000001df07bfec00: fc7c 98ff | ba45 ffff | ff48 8b6c | 2438 4c8b | 5c24 304c | 895c 2420 | 4c8b 5c24 | 404c 895c 
  0x000001df07bfec20: 2428 4c8b | 5c24 484c | 895c 2430 | 4c89 4424 | 6044 8954 | 2474 6690 

  0x000001df07bfec38: ;   {runtime_call UncommonTrapBlob}
  0x000001df07bfec38: c5f8 77e8 

  0x000001df07bfec3c: ; ImmutableOopMap {rbp=Oop [32]=Oop [40]=Oop [96]=Oop [116]=NarrowOop [136]=Oop [144]=Oop }
                      ;*ifnonnull {reexecute=1 rethrow=0 return_oop=0}
                      ; - (reexecute) jdk.internal.access.SharedSecrets::javaUtilJarAccess@5 (line 104)
                      ; - java.net.URLClassLoader::definePackage@24 (line 551)
                      ; - java.net.URLClassLoader::defineClass@64 (line 495)
  0x000001df07bfec3c: c07c 98ff | ba45 ffff | ff48 8b6c | 2438 4c8b | 9c24 8800 | 0000 4c89 | 5c24 7044 | 8b44 2424 
  0x000001df07bfec5c: 4489 4424 | 2048 8984 | 2480 0000 | 0048 89bc | 2488 0000 | 0044 8954 | 2424 6690 

  0x000001df07bfec78: ;   {runtime_call UncommonTrapBlob}
  0x000001df07bfec78: c5f8 77e8 

  0x000001df07bfec7c: ; ImmutableOopMap {rbp=Oop [32]=NarrowOop [40]=Oop [48]=Oop [64]=Oop [112]=Oop [128]=Oop [144]=Oop }
                      ;*iflt {reexecute=1 rethrow=0 return_oop=0}
                      ; - (reexecute) java.lang.StringConcatHelper::checkOverflow@2 (line 54)
                      ; - java.lang.StringConcatHelper::mix@23 (line 138)
                      ; - java.lang.StringConcatHelper::simpleConcat@46 (line 419)
                      ; - java.lang.String::concat@11 (line 2774)
                      ; - java.net.URLClassLoader::definePackage@39 (line 552)
                      ; - java.net.URLClassLoader::defineClass@64 (line 495)
  0x000001df07bfec7c: 807c 98ff | ba45 ffff | ff4c 8b94 | 2488 0000 | 004c 8954 | 2478 448b | 5424 2444 | 8954 2420 
  0x000001df07bfec9c: 4889 8424 | 8800 0000 | 4489 4424 | 2466 6690 

  0x000001df07bfecac: ;   {runtime_call UncommonTrapBlob}
  0x000001df07bfecac: c5f8 77e8 

  0x000001df07bfecb0: ; ImmutableOopMap {[32]=NarrowOop [40]=Oop [48]=Oop [56]=Oop [64]=Oop [120]=Oop [136]=Oop [144]=Oop }
                      ;*iflt {reexecute=1 rethrow=0 return_oop=0}
                      ; - (reexecute) java.lang.StringConcatHelper::checkOverflow@2 (line 54)
                      ; - java.lang.StringConcatHelper::mix@23 (line 138)
                      ; - java.lang.StringConcatHelper::simpleConcat@54 (line 420)
                      ; - java.lang.String::concat@11 (line 2774)
                      ; - java.net.URLClassLoader::definePackage@39 (line 552)
                      ; - java.net.URLClassLoader::defineClass@64 (line 495)
  0x000001df07bfecb0: 4c7c 98ff | ba45 ffff | ff48 8b6c | 2438 4c8b | 9c24 9000 | 0000 4c89 | 5c24 684c | 8b9c 2488 
  0x000001df07bfecd0: 0000 004c | 895c 2478 | 448b 5c24 | 2444 895c | 2420 4c89 | 9424 9000 | 0000 4489 | 4c24 2490 
  0x000001df07bfecf0: ;   {runtime_call UncommonTrapBlob}
  0x000001df07bfecf0: c5f8 77e8 

  0x000001df07bfecf4: ; ImmutableOopMap {rbp=Oop [32]=NarrowOop [40]=Oop [48]=Oop [64]=Oop [88]=Oop [104]=Oop [120]=Oop [144]=Oop }
                      ;*if_icmpne {reexecute=1 rethrow=0 return_oop=0}
                      ; - (reexecute) java.lang.String::getBytes@5 (line 4458)
                      ; - java.lang.StringConcatHelper::prepend@21 (line 354)
                      ; - java.lang.StringConcatHelper::simpleConcat@81 (line 425)
                      ; - java.lang.String::concat@11 (line 2774)
                      ; - java.net.URLClassLoader::definePackage@39 (line 552)
                      ; - java.net.URLClassLoader::defineClass@64 (line 495)
  0x000001df07bfecf4: 087c 98ff | bade ffff | ff4c 8944 | 2478 6690 

  0x000001df07bfed04: ;   {runtime_call UncommonTrapBlob}
  0x000001df07bfed04: c5f8 77e8 

  0x000001df07bfed08: ; ImmutableOopMap {rbp=NarrowOop [40]=Oop [48]=Oop [56]=Oop [64]=Oop [120]=Oop [136]=Oop [144]=Oop }
                      ;*invokeinterface get {reexecute=0 rethrow=0 return_oop=0}
                      ; - java.util.jar.Attributes::get@5 (line 105)
                      ; - java.util.jar.Attributes::getValue@2 (line 141)
                      ; - java.net.URLClassLoader::definePackage@59 (line 554)
                      ; - java.net.URLClassLoader::defineClass@64 (line 495)
  0x000001df07bfed08: f47b 98ff | bade ffff | ff48 894c | 2478 4c89 | 8424 8000 | 0000 6690 

  0x000001df07bfed20: ;   {runtime_call UncommonTrapBlob}
  0x000001df07bfed20: c5f8 77e8 

  0x000001df07bfed24: ; ImmutableOopMap {rbp=NarrowOop [40]=Oop [48]=Oop [56]=Oop [64]=Oop [120]=Oop [128]=Oop [136]=Oop [144]=Oop }
                      ;*invokeinterface get {reexecute=0 rethrow=0 return_oop=0}
                      ; - java.util.jar.Attributes::get@5 (line 105)
                      ; - java.util.jar.Attributes::getValue@2 (line 141)
                      ; - java.net.URLClassLoader::definePackage@69 (line 555)
                      ; - java.net.URLClassLoader::defineClass@64 (line 495)
  0x000001df07bfed24: d87b 98ff | bade ffff | ff4c 8b94 | 2488 0000 | 004c 8954 | 2470 4889 | 4c24 7848 | 899c 2480 
  0x000001df07bfed44: 0000 004c | 8984 2488 | 0000 0090 

  0x000001df07bfed50: ;   {runtime_call UncommonTrapBlob}
  0x000001df07bfed50: c5f8 77e8 

  0x000001df07bfed54: ; ImmutableOopMap {rbp=NarrowOop [40]=Oop [48]=Oop [56]=Oop [64]=Oop [112]=Oop [120]=Oop [128]=Oop [136]=Oop [144]=Oop }
                      ;*invokeinterface get {reexecute=0 rethrow=0 return_oop=0}
                      ; - java.util.jar.Attributes::get@5 (line 105)
                      ; - java.util.jar.Attributes::getValue@2 (line 141)
                      ; - java.net.URLClassLoader::definePackage@79 (line 556)
                      ; - java.net.URLClassLoader::defineClass@64 (line 495)
  0x000001df07bfed54: a87b 98ff | bade ffff | ff4c 8b94 | 2490 0000 | 004c 8954 | 2460 4c8b | 9424 8800 | 0000 4c89 
  0x000001df07bfed74: 5424 7048 | 894c 2478 | 4889 9c24 | 8000 0000 | 4c89 9c24 | 8800 0000 | 4c89 8424 | 9000 0000 
  0x000001df07bfed94: ;   {runtime_call UncommonTrapBlob}
  0x000001df07bfed94: c5f8 77e8 

  0x000001df07bfed98: ; ImmutableOopMap {rbp=NarrowOop [40]=Oop [48]=Oop [56]=Oop [64]=Oop [96]=Oop [112]=Oop [120]=Oop [128]=Oop [136]=Oop [144]=Oop }
                      ;*invokeinterface get {reexecute=0 rethrow=0 return_oop=0}
                      ; - java.util.jar.Attributes::get@5 (line 105)
                      ; - java.util.jar.Attributes::getValue@2 (line 141)
                      ; - java.net.URLClassLoader::definePackage@89 (line 557)
                      ; - java.net.URLClassLoader::defineClass@64 (line 495)
  0x000001df07bfed98: 647b 98ff | bade ffff | ff4c 8b94 | 2490 0000 | 004c 8954 | 2460 4c8b | 9424 8800 | 0000 4c89 
  0x000001df07bfedb8: 5424 7048 | 894c 2478 | 4889 9c24 | 8000 0000 | 4c89 9c24 | 8800 0000 | 4889 b424 | 9000 0000 
  0x000001df07bfedd8: 4c89 8424 | 9800 0000 

  0x000001df07bfede0: ;   {runtime_call UncommonTrapBlob}
  0x000001df07bfede0: c5f8 77e8 

  0x000001df07bfede4: ; ImmutableOopMap {rbp=NarrowOop [40]=Oop [48]=Oop [56]=Oop [64]=Oop [96]=Oop [112]=Oop [120]=Oop [128]=Oop [136]=Oop [144]=Oop [152]=Oop }
                      ;*invokeinterface get {reexecute=0 rethrow=0 return_oop=0}
                      ; - java.util.jar.Attributes::get@5 (line 105)
                      ; - java.util.jar.Attributes::getValue@2 (line 141)
                      ; - java.net.URLClassLoader::definePackage@99 (line 558)
                      ; - java.net.URLClassLoader::defineClass@64 (line 495)
  0x000001df07bfede4: 187b 98ff | bade ffff | ff4c 8b94 | 2490 0000 | 004c 8954 | 2460 4c8b | 9424 8800 | 0000 4c89 
  0x000001df07bfee04: 5424 7048 | 894c 2478 | 4889 9c24 | 8000 0000 | 4c89 9c24 | 8800 0000 | 4889 b424 | 9000 0000 
  0x000001df07bfee24: 4889 8424 | 9800 0000 | 4c89 8424 | a000 0000 

  0x000001df07bfee34: ;   {runtime_call UncommonTrapBlob}
  0x000001df07bfee34: c5f8 77e8 

  0x000001df07bfee38: ; ImmutableOopMap {rbp=NarrowOop [40]=Oop [48]=Oop [56]=Oop [64]=Oop [96]=Oop [112]=Oop [120]=Oop [128]=Oop [136]=Oop [144]=Oop [152]=Oop [160]=Oop }
                      ;*invokeinterface get {reexecute=0 rethrow=0 return_oop=0}
                      ; - java.util.jar.Attributes::get@5 (line 105)
                      ; - java.util.jar.Attributes::getValue@2 (line 141)
                      ; - java.net.URLClassLoader::definePackage@109 (line 559)
                      ; - java.net.URLClassLoader::defineClass@64 (line 495)
  0x000001df07bfee38: c47a 98ff | bade ffff | ff4c 8b94 | 2490 0000 | 004c 8954 | 2460 4c8b | 9424 8800 | 0000 4c89 
  0x000001df07bfee58: 5424 7048 | 894c 2478 | 4889 9c24 | 8000 0000 | 4c89 9c24 | 8800 0000 | 4889 b424 | 9000 0000 
  0x000001df07bfee78: 4889 8424 | 9800 0000 | 4889 bc24 | a000 0000 

  0x000001df07bfee88: ;   {runtime_call UncommonTrapBlob}
  0x000001df07bfee88: c5f8 77e8 

  0x000001df07bfee8c: ; ImmutableOopMap {rbp=NarrowOop [40]=Oop [48]=Oop [56]=Oop [64]=Oop [96]=Oop [112]=Oop [120]=Oop [128]=Oop [136]=Oop [144]=Oop [152]=Oop [160]=Oop }
                      ;*invokeinterface get {reexecute=0 rethrow=0 return_oop=0}
                      ; - java.util.jar.Attributes::get@5 (line 105)
                      ; - java.util.jar.Attributes::getValue@2 (line 141)
                      ; - java.net.URLClassLoader::definePackage@119 (line 560)
                      ; - java.net.URLClassLoader::defineClass@64 (line 495)
  0x000001df07bfee8c: 707a 98ff | ba45 ffff | ff48 8b6c | 2438 4c8b | 9424 8800 | 0000 4c89 | 5424 7044 | 8b54 2424 
  0x000001df07bfeeac: 4489 5424 | 2048 8984 | 2480 0000 | 0048 89bc | 2488 0000 | 0089 4c24 | 2466 6690 

  0x000001df07bfeec8: ;   {runtime_call UncommonTrapBlob}
  0x000001df07bfeec8: c5f8 77e8 

  0x000001df07bfeecc: ; ImmutableOopMap {rbp=Oop [32]=NarrowOop [40]=Oop [48]=Oop [64]=Oop [112]=Oop [128]=Oop [144]=Oop }
                      ;*if_icmpne {reexecute=1 rethrow=0 return_oop=0}
                      ; - (reexecute) java.lang.StringConcatHelper::mix@13 (line 135)
                      ; - java.lang.StringConcatHelper::simpleConcat@46 (line 419)
                      ; - java.lang.String::concat@11 (line 2774)
                      ; - java.net.URLClassLoader::definePackage@39 (line 552)
                      ; - java.net.URLClassLoader::defineClass@64 (line 495)
  0x000001df07bfeecc: 307a 98ff | ba45 ffff | ff4c 8b94 | 2490 0000 | 004c 8954 | 2470 4c8b | 9424 8800 | 0000 4c89 
  0x000001df07bfeeec: 9424 8000 | 0000 448b | 5424 2444 | 8954 2420 | 4489 9c24 | 9000 0000 

  0x000001df07bfef04: ;   {runtime_call UncommonTrapBlob}
  0x000001df07bfef04: c5f8 77e8 

  0x000001df07bfef08: ; ImmutableOopMap {[32]=NarrowOop [40]=Oop [48]=Oop [56]=Oop [64]=Oop [88]=Oop [112]=Oop [128]=Oop }
                      ;*ifge {reexecute=1 rethrow=0 return_oop=0}
                      ; - (reexecute) java.lang.StringConcatHelper::newArray@13 (line 494)
                      ; - java.lang.StringConcatHelper::simpleConcat@61 (line 421)
                      ; - java.lang.String::concat@11 (line 2774)
                      ; - java.net.URLClassLoader::definePackage@39 (line 552)
                      ; - java.net.URLClassLoader::defineClass@64 (line 495)
  0x000001df07bfef08: f479 98ff | ba3f 0000 | 0048 8b6c | 2438 4c8b | 5424 304c | 8954 2420 | 4c8b 5424 | 404c 8954 
  0x000001df07bfef28: 2430 4c8b | 5424 484c | 8954 2440 

  0x000001df07bfef34: ;   {runtime_call UncommonTrapBlob}
  0x000001df07bfef34: c5f8 77e8 

  0x000001df07bfef38: ; ImmutableOopMap {rbp=Oop [32]=Oop [40]=Oop [48]=Oop [88]=Oop [136]=Oop [144]=Oop }
                      ;*new {reexecute=0 rethrow=0 return_oop=0}
                      ; - java.util.jar.Manifest::getTrustedAttributes@28 (line 178)
                      ; - java.util.jar.JavaUtilJarAccessImpl::getTrustedAttributes@2 (line 68)
                      ; - java.net.URLClassLoader::definePackage@42 (line 552)
                      ; - java.net.URLClassLoader::defineClass@64 (line 495)
  0x000001df07bfef38: c479 98ff | ba45 ffff | ff4c 8b94 | 2488 0000 | 004c 8954 | 2470 4c89 | 4424 7848 | 899c 2480 
  0x000001df07bfef58: 0000 0089 | b424 8800 | 0000 6690 

  0x000001df07bfef64: ;   {runtime_call UncommonTrapBlob}
  0x000001df07bfef64: c5f8 77e8 

  0x000001df07bfef68: ; ImmutableOopMap {[40]=Oop [48]=Oop [56]=Oop [64]=Oop [112]=Oop [120]=Oop [128]=Oop [136]=NarrowOop [144]=Oop }
                      ;*ifle {reexecute=1 rethrow=0 return_oop=0}
                      ; - (reexecute) java.util.HashMap::getNode@14 (line 567)
                      ; - java.util.LinkedHashMap::get@2 (line 441)
                      ; - java.util.jar.Attributes::get@5 (line 105)
                      ; - java.util.jar.Attributes::getValue@2 (line 141)
                      ; - java.net.URLClassLoader::definePackage@59 (line 554)
                      ; - java.net.URLClassLoader::defineClass@64 (line 495)
  0x000001df07bfef68: 9479 98ff | ba45 ffff | ff4c 8b94 | 2490 0000 | 004c 8954 | 2460 4c8b | 9424 8800 | 0000 4c89 
  0x000001df07bfef88: 5424 7048 | 894c 2478 | 4c89 8424 | 8000 0000 | 4889 9c24 | 8800 0000 | 4489 9c24 | 9000 0000 
  0x000001df07bfefa8: ;   {runtime_call UncommonTrapBlob}
  0x000001df07bfefa8: c5f8 77e8 

  0x000001df07bfefac: ; ImmutableOopMap {[40]=Oop [48]=Oop [56]=Oop [64]=Oop [96]=Oop [112]=Oop [120]=Oop [128]=Oop [136]=Oop [144]=NarrowOop }
                      ;*ifle {reexecute=1 rethrow=0 return_oop=0}
                      ; - (reexecute) java.util.HashMap::getNode@14 (line 567)
                      ; - java.util.LinkedHashMap::get@2 (line 441)
                      ; - java.util.jar.Attributes::get@5 (line 105)
                      ; - java.util.jar.Attributes::getValue@2 (line 141)
                      ; - java.net.URLClassLoader::definePackage@69 (line 555)
                      ; - java.net.URLClassLoader::defineClass@64 (line 495)
  0x000001df07bfefac: 5079 98ff | 4c8b 9c24 | 9000 0000 | 4c89 5c24 | 604c 8b9c | 2488 0000 | 004c 895c | 2470 4889 
  0x000001df07bfefcc: 4c24 7848 | 899c 2480 | 0000 004c | 8984 2488 | 0000 0048 | 89b4 2490 | 0000 0044 | 8994 2498 
  0x000001df07bfefec: 0000 00ba | 45ff ffff 

  0x000001df07bfeff4: ;   {runtime_call UncommonTrapBlob}
  0x000001df07bfeff4: c5f8 77e8 

  0x000001df07bfeff8: ; ImmutableOopMap {[40]=Oop [48]=Oop [56]=Oop [64]=Oop [96]=Oop [112]=Oop [120]=Oop [128]=Oop [136]=Oop [144]=Oop [152]=NarrowOop }
                      ;*ifle {reexecute=1 rethrow=0 return_oop=0}
                      ; - (reexecute) java.util.HashMap::getNode@14 (line 567)
                      ; - java.util.LinkedHashMap::get@2 (line 441)
                      ; - java.util.jar.Attributes::get@5 (line 105)
                      ; - java.util.jar.Attributes::getValue@2 (line 141)
                      ; - java.net.URLClassLoader::definePackage@79 (line 556)
                      ; - java.net.URLClassLoader::defineClass@64 (line 495)
  0x000001df07bfeff8: 0479 98ff | ba45 ffff | ff4c 8b94 | 2490 0000 | 004c 8954 | 2460 4c8b | 9424 8800 | 0000 4c89 
  0x000001df07bff018: 5424 7048 | 894c 2478 | 4889 9c24 | 8000 0000 | 4c89 9c24 | 8800 0000 | 4c89 8424 | 9000 0000 
  0x000001df07bff038: 4889 b424 | 9800 0000 | 89bc 24a0 | 0000 0090 

  0x000001df07bff048: ;   {runtime_call UncommonTrapBlob}
  0x000001df07bff048: c5f8 77e8 

  0x000001df07bff04c: ; ImmutableOopMap {[40]=Oop [48]=Oop [56]=Oop [64]=Oop [96]=Oop [112]=Oop [120]=Oop [128]=Oop [136]=Oop [144]=Oop [152]=Oop [160]=NarrowOop }
                      ;*ifle {reexecute=1 rethrow=0 return_oop=0}
                      ; - (reexecute) java.util.HashMap::getNode@14 (line 567)
                      ; - java.util.LinkedHashMap::get@2 (line 441)
                      ; - java.util.jar.Attributes::get@5 (line 105)
                      ; - java.util.jar.Attributes::getValue@2 (line 141)
                      ; - java.net.URLClassLoader::definePackage@89 (line 557)
                      ; - java.net.URLClassLoader::defineClass@64 (line 495)
  0x000001df07bff04c: b078 98ff | ba45 ffff | ff4c 8b94 | 2490 0000 | 004c 8954 | 2460 4c8b | 9424 8800 | 0000 4c89 
  0x000001df07bff06c: 5424 7048 | 894c 2478 | 4889 9c24 | 8000 0000 | 4c89 9c24 | 8800 0000 | 4889 b424 | 9000 0000 
  0x000001df07bff08c: 4c89 8424 | 9800 0000 | 4889 8424 | a000 0000 | 89bc 24a8 | 0000 0090 

  0x000001df07bff0a4: ;   {runtime_call UncommonTrapBlob}
  0x000001df07bff0a4: c5f8 77e8 

  0x000001df07bff0a8: ; ImmutableOopMap {[40]=Oop [48]=Oop [56]=Oop [64]=Oop [96]=Oop [112]=Oop [120]=Oop [128]=Oop [136]=Oop [144]=Oop [152]=Oop [160]=Oop [168]=NarrowOop }
                      ;*ifle {reexecute=1 rethrow=0 return_oop=0}
                      ; - (reexecute) java.util.HashMap::getNode@14 (line 567)
                      ; - java.util.LinkedHashMap::get@2 (line 441)
                      ; - java.util.jar.Attributes::get@5 (line 105)
                      ; - java.util.jar.Attributes::getValue@2 (line 141)
                      ; - java.net.URLClassLoader::definePackage@99 (line 558)
                      ; - java.net.URLClassLoader::defineClass@64 (line 495)
  0x000001df07bff0a8: 5478 98ff | ba45 ffff | ff89 bc24 | b000 0000 

  0x000001df07bff0b8: ;   {runtime_call UncommonTrapBlob}
  0x000001df07bff0b8: c5f8 77e8 

  0x000001df07bff0bc: ; ImmutableOopMap {[40]=Oop [48]=Oop [56]=Oop [64]=Oop [96]=Oop [104]=Oop [112]=Oop [120]=Oop [128]=Oop [136]=Oop [144]=Oop [152]=Oop [160]=Oop [176]=NarrowOop }
                      ;*ifle {reexecute=1 rethrow=0 return_oop=0}
                      ; - (reexecute) java.util.HashMap::getNode@14 (line 567)
                      ; - java.util.LinkedHashMap::get@2 (line 441)
                      ; - java.util.jar.Attributes::get@5 (line 105)
                      ; - java.util.jar.Attributes::getValue@2 (line 141)
                      ; - java.net.URLClassLoader::definePackage@109 (line 559)
                      ; - java.net.URLClassLoader::defineClass@64 (line 495)
  0x000001df07bff0bc: 4078 98ff | ba45 ffff | ff44 8984 | 24b0 0000 | 0066 6690 

  0x000001df07bff0d0: ;   {runtime_call UncommonTrapBlob}
  0x000001df07bff0d0: c5f8 77e8 

  0x000001df07bff0d4: ; ImmutableOopMap {[40]=Oop [48]=Oop [56]=Oop [64]=Oop [96]=Oop [104]=Oop [112]=Oop [120]=Oop [128]=Oop [136]=Oop [144]=Oop [152]=Oop [160]=Oop [176]=NarrowOop }
                      ;*ifle {reexecute=1 rethrow=0 return_oop=0}
                      ; - (reexecute) java.util.HashMap::getNode@14 (line 567)
                      ; - java.util.LinkedHashMap::get@2 (line 441)
                      ; - java.util.jar.Attributes::get@5 (line 105)
                      ; - java.util.jar.Attributes::getValue@2 (line 141)
                      ; - java.net.URLClassLoader::definePackage@119 (line 560)
                      ; - java.net.URLClassLoader::defineClass@64 (line 495)
  0x000001df07bff0d4: 2878 98ff | ba76 ffff | ff44 8944 | 2420 4c8b | 9424 9000 | 0000 4c89 | 5424 684c | 8b94 2488 
  0x000001df07bff0f4: 0000 004c | 8954 2478 | 4c89 9c24 | 9000 0000 | 895c 2424 | 89b4 2498 | 0000 004c | 899c 24a0 
  0x000001df07bff114: 0000 0090 

  0x000001df07bff118: ;   {runtime_call UncommonTrapBlob}
  0x000001df07bff118: c5f8 77e8 

  0x000001df07bff11c: ; ImmutableOopMap {[32]=NarrowOop [36]=NarrowOop [40]=Oop [48]=Oop [56]=Oop [64]=Oop [104]=Oop [120]=Oop [144]=Oop [160]=Oop }
                      ;*if_icmpge {reexecute=1 rethrow=0 return_oop=0}
                      ; - (reexecute) java.lang.StringLatin1::hashCode@13 (line 196)
                      ; - java.lang.String::hashCode@27 (line 2344)
                      ; - java.util.HashMap::hash@9 (line 338)
                      ; - java.util.HashMap::getNode@23 (line 568)
                      ; - java.util.HashMap::get@2 (line 556)
                      ; - java.util.jar.Manifest::getAttributes@5 (line 159)
                      ; - java.util.jar.Manifest::getTrustedAttributes@2 (line 176)
                      ; - java.util.jar.JavaUtilJarAccessImpl::getTrustedAttributes@2 (line 68)
                      ; - java.net.URLClassLoader::definePackage@42 (line 552)
                      ; - java.net.URLClassLoader::defineClass@64 (line 495)
  0x000001df07bff11c: e077 98ff | b901 0000 | 0049 b900 | 00eb 7edf | 0100 0045 | 33d2 4c89 | 9424 a800 | 0000 e956 
  0x000001df07bff13c: d6ff ffba | 45ff ffff | 488b 6c24 | 384c 8b54 | 2458 4c89 | 5424 284c | 8b54 2448 | 4c89 5424 
  0x000001df07bff15c: 3048 8944 | 2460 6690 

  0x000001df07bff164: ;   {runtime_call UncommonTrapBlob}
  0x000001df07bff164: c5f8 77e8 

  0x000001df07bff168: ; ImmutableOopMap {rbp=Oop [32]=Oop [40]=Oop [84]=NarrowOop [96]=Oop [136]=Oop [144]=Oop }
                      ;*ifnull {reexecute=1 rethrow=0 return_oop=0}
                      ; - (reexecute) java.util.jar.JarFile::maybeInstantiateVerifier@27 (line 724)
                      ; - java.util.jar.JarFile::ensureInitialization@1 (line 1031)
                      ; - java.util.jar.JavaUtilJarAccessImpl::ensureInitialization@1 (line 72)
                      ; - jdk.internal.loader.URLClassPath$JarLoader$2::getManifest@10 (line 885)
                      ; - java.net.URLClassLoader::defineClass@34 (line 491)
  0x000001df07bff168: 9477 98ff | ba45 ffff | ff4c 8b54 | 2438 4c89 | 5424 284c | 8b54 2458 | 4c89 5424 | 304c 8b54 
  0x000001df07bff188: 2448 4c89 | 5424 3844 | 8944 245c 

  0x000001df07bff194: ;   {runtime_call UncommonTrapBlob}
  0x000001df07bff194: c5f8 77e8 

  0x000001df07bff198: ; ImmutableOopMap {rbp=NarrowOop [32]=Oop [40]=Oop [48]=Oop [92]=NarrowOop [136]=Oop [144]=Oop }
                      ;*ifnull {reexecute=1 rethrow=0 return_oop=0}
                      ; - (reexecute) java.util.jar.JarFile::ensureInitialization@21 (line 1035)
                      ; - java.util.jar.JavaUtilJarAccessImpl::ensureInitialization@1 (line 72)
                      ; - jdk.internal.loader.URLClassPath$JarLoader$2::getManifest@10 (line 885)
                      ; - java.net.URLClassLoader::defineClass@34 (line 491)
  0x000001df07bff198: 6477 98ff | 488b 5424 | 5048 8b6c | 2438 c5f8 | 7748 b8ff | ffff ffff 

  0x000001df07bff1b0: ;   {virtual_call}
  0x000001df07bff1b0: ffff ffe8 

  0x000001df07bff1b4: ; ImmutableOopMap {rbp=Oop [48]=Oop [56]=Oop [64]=Oop [112]=Oop [136]=Oop }
                      ;*invokevirtual getManifest {reexecute=0 rethrow=0 return_oop=1}
                      ; - java.util.jar.JarFile::maybeInstantiateVerifier@31 (line 725)
                      ; - java.util.jar.JarFile$JarFileEntry::getCodeSigners@4 (line 671)
                      ; - jdk.internal.loader.URLClassPath$JarLoader$2::getCodeSigners@4 (line 891)
                      ; - java.net.URLClassLoader::defineClass@185 (line 521)
  0x000001df07bff1b4: c824 98ff | 4c8b 4424 | 40e9 33bd | ffff ba45 | ffff ff4c | 8b94 2488 | 0000 004c | 8954 2470 
  0x000001df07bff1d4: 4c89 4424 | 7848 899c | 2480 0000 | 0048 89bc | 2488 0000 | 0066 6690 

  0x000001df07bff1ec: ;   {runtime_call UncommonTrapBlob}
  0x000001df07bff1ec: c5f8 77e8 

  0x000001df07bff1f0: ; ImmutableOopMap {[40]=Oop [48]=Oop [56]=Oop [64]=Oop [112]=Oop [120]=Oop [128]=Oop [136]=Oop [144]=Oop }
                      ;*ifeq {reexecute=1 rethrow=0 return_oop=0}
                      ; - (reexecute) java.util.LinkedHashMap::get@16 (line 443)
                      ; - java.util.jar.Attributes::get@5 (line 105)
                      ; - java.util.jar.Attributes::getValue@2 (line 141)
                      ; - java.net.URLClassLoader::definePackage@59 (line 554)
                      ; - java.net.URLClassLoader::defineClass@64 (line 495)
  0x000001df07bff1f0: 0c77 98ff | ba45 ffff | ff4c 8b94 | 2490 0000 | 004c 8954 | 2460 4c8b | 9424 8800 | 0000 4c89 
  0x000001df07bff210: 5424 7048 | 894c 2478 | 4c89 8424 | 8000 0000 | 4889 9c24 | 8800 0000 | 4889 b424 | 9000 0000 
  0x000001df07bff230: ;   {runtime_call UncommonTrapBlob}
  0x000001df07bff230: c5f8 77e8 

  0x000001df07bff234: ; ImmutableOopMap {[40]=Oop [48]=Oop [56]=Oop [64]=Oop [96]=Oop [112]=Oop [120]=Oop [128]=Oop [136]=Oop [144]=Oop }
                      ;*ifeq {reexecute=1 rethrow=0 return_oop=0}
                      ; - (reexecute) java.util.LinkedHashMap::get@16 (line 443)
                      ; - java.util.jar.Attributes::get@5 (line 105)
                      ; - java.util.jar.Attributes::getValue@2 (line 141)
                      ; - java.net.URLClassLoader::definePackage@69 (line 555)
                      ; - java.net.URLClassLoader::defineClass@64 (line 495)
  0x000001df07bff234: c876 98ff | 4c8b 9424 | 9000 0000 | 4c89 5424 | 604c 8b94 | 2488 0000 | 004c 8954 | 2470 4889 
  0x000001df07bff254: 4c24 7848 | 899c 2480 | 0000 004c | 8984 2488 | 0000 0048 | 89b4 2490 | 0000 0048 | 8984 2498 
  0x000001df07bff274: 0000 00ba | 45ff ffff 

  0x000001df07bff27c: ;   {runtime_call UncommonTrapBlob}
  0x000001df07bff27c: c5f8 77e8 

  0x000001df07bff280: ; ImmutableOopMap {[40]=Oop [48]=Oop [56]=Oop [64]=Oop [96]=Oop [112]=Oop [120]=Oop [128]=Oop [136]=Oop [144]=Oop [152]=Oop }
                      ;*ifeq {reexecute=1 rethrow=0 return_oop=0}
                      ; - (reexecute) java.util.LinkedHashMap::get@16 (line 443)
                      ; - java.util.jar.Attributes::get@5 (line 105)
                      ; - java.util.jar.Attributes::getValue@2 (line 141)
                      ; - java.net.URLClassLoader::definePackage@79 (line 556)
                      ; - java.net.URLClassLoader::defineClass@64 (line 495)
  0x000001df07bff280: 7c76 98ff | ba45 ffff | ff4c 8b94 | 2490 0000 | 004c 8994 | 2480 0000 | 004c 899c | 2498 0000 
  0x000001df07bff2a0: 004c 898c | 24a0 0000 | 0066 6690 

  0x000001df07bff2ac: ;   {runtime_call UncommonTrapBlob}
  0x000001df07bff2ac: c5f8 77e8 

  0x000001df07bff2b0: ; ImmutableOopMap {[40]=Oop [48]=Oop [56]=Oop [64]=Oop [96]=Oop [104]=Oop [112]=Oop [120]=Oop [128]=Oop [136]=Oop [152]=Oop [160]=Oop }
                      ;*ifeq {reexecute=1 rethrow=0 return_oop=0}
                      ; - (reexecute) java.util.LinkedHashMap::get@16 (line 443)
                      ; - java.util.jar.Attributes::get@5 (line 105)
                      ; - java.util.jar.Attributes::getValue@2 (line 141)
                      ; - java.net.URLClassLoader::definePackage@89 (line 557)
                      ; - java.net.URLClassLoader::defineClass@64 (line 495)
  0x000001df07bff2b0: 4c76 98ff | ba45 ffff | ff4c 8994 | 24a0 0000 | 004c 8984 | 24a8 0000 | 0066 6690 

  0x000001df07bff2cc: ;   {runtime_call UncommonTrapBlob}
  0x000001df07bff2cc: c5f8 77e8 

  0x000001df07bff2d0: ; ImmutableOopMap {[40]=Oop [48]=Oop [56]=Oop [64]=Oop [96]=Oop [104]=Oop [112]=Oop [120]=Oop [128]=Oop [136]=Oop [144]=Oop [160]=Oop [168]=Oop }
                      ;*ifeq {reexecute=1 rethrow=0 return_oop=0}
                      ; - (reexecute) java.util.LinkedHashMap::get@16 (line 443)
                      ; - java.util.jar.Attributes::get@5 (line 105)
                      ; - java.util.jar.Attributes::getValue@2 (line 141)
                      ; - java.net.URLClassLoader::definePackage@99 (line 558)
                      ; - java.net.URLClassLoader::defineClass@64 (line 495)
  0x000001df07bff2d0: 2c76 98ff | ba45 ffff | ff66 6690 

  0x000001df07bff2dc: ;   {runtime_call UncommonTrapBlob}
  0x000001df07bff2dc: c5f8 77e8 

  0x000001df07bff2e0: ; ImmutableOopMap {[40]=Oop [48]=Oop [56]=Oop [64]=Oop [96]=Oop [104]=Oop [112]=Oop [120]=Oop [128]=Oop [136]=Oop [144]=Oop [152]=Oop [160]=Oop [168]=Oop }
                      ;*ifeq {reexecute=1 rethrow=0 return_oop=0}
                      ; - (reexecute) java.util.LinkedHashMap::get@16 (line 443)
                      ; - java.util.jar.Attributes::get@5 (line 105)
                      ; - java.util.jar.Attributes::getValue@2 (line 141)
                      ; - java.net.URLClassLoader::definePackage@109 (line 559)
                      ; - java.net.URLClassLoader::defineClass@64 (line 495)
  0x000001df07bff2e0: 1c76 98ff | ba45 ffff | ff66 6690 

  0x000001df07bff2ec: ;   {runtime_call UncommonTrapBlob}
  0x000001df07bff2ec: c5f8 77e8 

  0x000001df07bff2f0: ; ImmutableOopMap {[40]=Oop [48]=Oop [56]=Oop [64]=Oop [96]=Oop [104]=Oop [112]=Oop [120]=Oop [128]=Oop [136]=Oop [144]=Oop [152]=Oop [160]=Oop [168]=Oop }
                      ;*ifeq {reexecute=1 rethrow=0 return_oop=0}
                      ; - (reexecute) java.util.LinkedHashMap::get@16 (line 443)
                      ; - java.util.jar.Attributes::get@5 (line 105)
                      ; - java.util.jar.Attributes::getValue@2 (line 141)
                      ; - java.net.URLClassLoader::definePackage@119 (line 560)
                      ; - java.net.URLClassLoader::defineClass@64 (line 495)
  0x000001df07bff2f0: 0c76 98ff | bade ffff | ff48 8b6c | 2438 448b | 5c24 2444 | 895c 2420 | 4489 4c24 | 2466 6690 
  0x000001df07bff310: ;   {runtime_call UncommonTrapBlob}
  0x000001df07bff310: c5f8 77e8 

  0x000001df07bff314: ; ImmutableOopMap {rbp=Oop [32]=NarrowOop [36]=NarrowOop [40]=Oop [48]=Oop [64]=Oop [96]=Oop [104]=Oop [112]=Oop [120]=Oop [128]=Oop [136]=Oop [144]=Oop [152]=Oop }
                      ;*invokeinterface get {reexecute=0 rethrow=0 return_oop=0}
                      ; - java.util.jar.Attributes::get@5 (line 105)
                      ; - java.util.jar.Attributes::getValue@2 (line 141)
                      ; - java.net.URLClassLoader::definePackage@145 (line 565)
                      ; - java.net.URLClassLoader::defineClass@64 (line 495)
  0x000001df07bff314: e875 98ff | bade ffff | ff48 8b6c | 2438 448b | 5424 2444 | 8954 2420 | 4489 4c24 | 2466 6690 
  0x000001df07bff334: ;   {runtime_call UncommonTrapBlob}
  0x000001df07bff334: c5f8 77e8 

  0x000001df07bff338: ; ImmutableOopMap {rbp=Oop [32]=NarrowOop [36]=NarrowOop [40]=Oop [48]=Oop [64]=Oop [88]=Oop [104]=Oop [112]=Oop [120]=Oop [128]=Oop [136]=Oop [144]=Oop [152]=Oop }
                      ;*invokeinterface get {reexecute=0 rethrow=0 return_oop=0}
                      ; - java.util.jar.Attributes::get@5 (line 105)
                      ; - java.util.jar.Attributes::getValue@2 (line 141)
                      ; - java.net.URLClassLoader::definePackage@160 (line 568)
                      ; - java.net.URLClassLoader::defineClass@64 (line 495)
  0x000001df07bff338: c475 98ff | bade ffff | ff66 6690 

  0x000001df07bff344: ;   {runtime_call UncommonTrapBlob}
  0x000001df07bff344: c5f8 77e8 

  0x000001df07bff348: ; ImmutableOopMap {rbp=NarrowOop [36]=NarrowOop [40]=Oop [48]=Oop [56]=Oop [64]=Oop [88]=Oop [96]=Oop [112]=Oop [120]=Oop [128]=Oop [136]=Oop [144]=Oop [152]=Oop }
                      ;*invokeinterface get {reexecute=0 rethrow=0 return_oop=0}
                      ; - java.util.jar.Attributes::get@5 (line 105)
                      ; - java.util.jar.Attributes::getValue@2 (line 141)
                      ; - java.net.URLClassLoader::definePackage@175 (line 571)
                      ; - java.net.URLClassLoader::defineClass@64 (line 495)
  0x000001df07bff348: b475 98ff | bade ffff | ff66 6690 

  0x000001df07bff354: ;   {runtime_call UncommonTrapBlob}
  0x000001df07bff354: c5f8 77e8 

  0x000001df07bff358: ; ImmutableOopMap {rbp=NarrowOop [36]=NarrowOop [40]=Oop [48]=Oop [56]=Oop [64]=Oop [88]=Oop [96]=Oop [104]=Oop [120]=Oop [128]=Oop [136]=Oop [144]=Oop [152]=Oop }
                      ;*invokeinterface get {reexecute=0 rethrow=0 return_oop=0}
                      ; - java.util.jar.Attributes::get@5 (line 105)
                      ; - java.util.jar.Attributes::getValue@2 (line 141)
                      ; - java.net.URLClassLoader::definePackage@190 (line 574)
                      ; - java.net.URLClassLoader::defineClass@64 (line 495)
  0x000001df07bff358: a475 98ff | bade ffff | ff48 8b6c | 2438 448b | 4424 2444 | 8944 2420 | 4489 5424 | 2466 6690 
  0x000001df07bff378: ;   {runtime_call UncommonTrapBlob}
  0x000001df07bff378: c5f8 77e8 

  0x000001df07bff37c: ; ImmutableOopMap {rbp=Oop [32]=NarrowOop [36]=NarrowOop [40]=Oop [48]=Oop [64]=Oop [88]=Oop [96]=Oop [104]=Oop [112]=Oop [128]=Oop [136]=Oop [144]=Oop [152]=Oop }
                      ;*invokeinterface get {reexecute=0 rethrow=0 return_oop=0}
                      ; - java.util.jar.Attributes::get@5 (line 105)
                      ; - java.util.jar.Attributes::getValue@2 (line 141)
                      ; - java.net.URLClassLoader::definePackage@205 (line 577)
                      ; - java.net.URLClassLoader::defineClass@64 (line 495)
  0x000001df07bff37c: 8075 98ff | bade ffff | ff48 8b6c | 2438 448b | 5c24 2444 | 895c 2420 | 4489 5424 | 2466 6690 
  0x000001df07bff39c: ;   {runtime_call UncommonTrapBlob}
  0x000001df07bff39c: c5f8 77e8 

  0x000001df07bff3a0: ; ImmutableOopMap {rbp=Oop [32]=NarrowOop [36]=NarrowOop [40]=Oop [48]=Oop [64]=Oop [88]=Oop [96]=Oop [104]=Oop [112]=Oop [120]=Oop [136]=Oop [144]=Oop [152]=Oop }
                      ;*invokeinterface get {reexecute=0 rethrow=0 return_oop=0}
                      ; - java.util.jar.Attributes::get@5 (line 105)
                      ; - java.util.jar.Attributes::getValue@2 (line 141)
                      ; - java.net.URLClassLoader::definePackage@220 (line 580)
                      ; - java.net.URLClassLoader::defineClass@64 (line 495)
  0x000001df07bff3a0: 5c75 98ff | bade ffff | ff4c 899c | 2498 0000 | 0066 6690 

  0x000001df07bff3b4: ;   {runtime_call UncommonTrapBlob}
  0x000001df07bff3b4: c5f8 77e8 

  0x000001df07bff3b8: ; ImmutableOopMap {rbp=NarrowOop [40]=Oop [48]=Oop [56]=Oop [64]=Oop [88]=Oop [96]=Oop [104]=Oop [112]=Oop [120]=Oop [136]=Oop [144]=Oop [152]=Oop }
                      ;*invokeinterface get {reexecute=0 rethrow=0 return_oop=0}
                      ; - java.util.jar.Attributes::get@5 (line 105)
                      ; - java.util.jar.Attributes::getValue@2 (line 141)
                      ; - java.net.URLClassLoader::definePackage@235 (line 583)
                      ; - java.net.URLClassLoader::defineClass@64 (line 495)
  0x000001df07bff3b8: 4475 98ff | bac6 ffff | ff48 8b6c | 2438 4c8b | 5424 304c | 8954 2420 | 4c8b 5424 | 484c 8954 
  0x000001df07bff3d8: 2430 6690 

  0x000001df07bff3dc: ;   {runtime_call UncommonTrapBlob}
  0x000001df07bff3dc: c5f8 77e8 

  0x000001df07bff3e0: ; ImmutableOopMap {rbp=Oop [32]=Oop [64]=Oop [136]=Oop [144]=Oop }
                      ;*invokevirtual getManifest {reexecute=0 rethrow=0 return_oop=0}
                      ; - java.net.URLClassLoader::defineClass@34 (line 491)
  0x000001df07bff3e0: 1c75 98ff | ba45 ffff | ff4c 8b84 | 2490 0000 | 004c 8944 | 2460 4c8b | 8424 8800 | 0000 4c89 
  0x000001df07bff400: 4424 704c | 899c 2488 | 0000 0044 | 89ac 2490 | 0000 0044 | 8994 2494 | 0000 004c | 899c 2498 
  0x000001df07bff420: 0000 0048 | 899c 24a0 | 0000 0044 | 89b4 24a8 | 0000 0090 

  0x000001df07bff434: ;   {runtime_call UncommonTrapBlob}
  0x000001df07bff434: c5f8 77e8 

  0x000001df07bff438: ; ImmutableOopMap {[40]=Oop [48]=Oop [56]=Oop [64]=Oop [96]=Oop [112]=Oop [136]=Oop [144]=NarrowOop [152]=Oop [160]=Oop }
                      ;*if_icmpne {reexecute=1 rethrow=0 return_oop=0}
                      ; - (reexecute) java.lang.String::equals@33 (line 1830)
                      ; - java.util.HashMap::getNode@63 (line 570)
                      ; - java.util.HashMap::get@2 (line 556)
                      ; - java.util.jar.Manifest::getAttributes@5 (line 159)
                      ; - java.util.jar.Manifest::getTrustedAttributes@2 (line 176)
                      ; - java.util.jar.JavaUtilJarAccessImpl::getTrustedAttributes@2 (line 68)
                      ; - java.net.URLClassLoader::definePackage@42 (line 552)
                      ; - java.net.URLClassLoader::defineClass@64 (line 495)
  0x000001df07bff438: c474 98ff | ba45 ffff | ff44 8b54 | 2424 4489 | 5424 2089 | 4c24 2490 

  0x000001df07bff450: ;   {runtime_call UncommonTrapBlob}
  0x000001df07bff450: c5f8 77e8 

  0x000001df07bff454: ; ImmutableOopMap {[32]=NarrowOop [36]=NarrowOop [40]=Oop [48]=Oop [56]=Oop [64]=Oop [88]=Oop [96]=Oop [104]=Oop [112]=Oop [120]=Oop [128]=Oop [136]=Oop [144]=Oop [152]=Oop }
                      ;*ifle {reexecute=1 rethrow=0 return_oop=0}
                      ; - (reexecute) java.util.HashMap::getNode@14 (line 567)
                      ; - java.util.LinkedHashMap::get@2 (line 441)
                      ; - java.util.jar.Attributes::get@5 (line 105)
                      ; - java.util.jar.Attributes::getValue@2 (line 141)
                      ; - java.net.URLClassLoader::definePackage@145 (line 565)
                      ; - java.net.URLClassLoader::defineClass@64 (line 495)
  0x000001df07bff454: a874 98ff | ba45 ffff | ff44 8b5c | 2424 4489 | 5c24 2044 | 8954 2424 

  0x000001df07bff46c: ;   {runtime_call UncommonTrapBlob}
  0x000001df07bff46c: c5f8 77e8 

  0x000001df07bff470: ; ImmutableOopMap {[32]=NarrowOop [36]=NarrowOop [40]=Oop [48]=Oop [56]=Oop [64]=Oop [88]=Oop [96]=Oop [104]=Oop [112]=Oop [120]=Oop [128]=Oop [136]=Oop [144]=Oop [152]=Oop }
                      ;*ifle {reexecute=1 rethrow=0 return_oop=0}
                      ; - (reexecute) java.util.HashMap::getNode@14 (line 567)
                      ; - java.util.LinkedHashMap::get@2 (line 441)
                      ; - java.util.jar.Attributes::get@5 (line 105)
                      ; - java.util.jar.Attributes::getValue@2 (line 141)
                      ; - java.net.URLClassLoader::definePackage@160 (line 568)
                      ; - java.net.URLClassLoader::defineClass@64 (line 495)
  0x000001df07bff470: 8c74 98ff | ba45 ffff | ff44 8b54 | 2424 4489 | 5424 2044 | 895c 2424 

  0x000001df07bff488: ;   {runtime_call UncommonTrapBlob}
  0x000001df07bff488: c5f8 77e8 

  0x000001df07bff48c: ; ImmutableOopMap {[32]=NarrowOop [36]=NarrowOop [40]=Oop [48]=Oop [56]=Oop [64]=Oop [88]=Oop [96]=Oop [104]=Oop [112]=Oop [120]=Oop [128]=Oop [136]=Oop [144]=Oop [152]=Oop }
                      ;*ifle {reexecute=1 rethrow=0 return_oop=0}
                      ; - (reexecute) java.util.HashMap::getNode@14 (line 567)
                      ; - java.util.LinkedHashMap::get@2 (line 441)
                      ; - java.util.jar.Attributes::get@5 (line 105)
                      ; - java.util.jar.Attributes::getValue@2 (line 141)
                      ; - java.net.URLClassLoader::definePackage@175 (line 571)
                      ; - java.net.URLClassLoader::defineClass@64 (line 495)
  0x000001df07bff48c: 7074 98ff | ba45 ffff | ff66 6690 

  0x000001df07bff498: ;   {runtime_call UncommonTrapBlob}
  0x000001df07bff498: c5f8 77e8 

  0x000001df07bff49c: ; ImmutableOopMap {[36]=NarrowOop [40]=Oop [48]=Oop [56]=Oop [64]=Oop [88]=Oop [96]=Oop [104]=Oop [112]=Oop [120]=Oop [128]=Oop [136]=Oop [144]=Oop [152]=Oop [184]=Oop }
                      ;*ifeq {reexecute=1 rethrow=0 return_oop=0}
                      ; - (reexecute) java.util.LinkedHashMap::get@16 (line 443)
                      ; - java.util.jar.Attributes::get@5 (line 105)
                      ; - java.util.jar.Attributes::getValue@2 (line 141)
                      ; - java.net.URLClassLoader::definePackage@145 (line 565)
                      ; - java.net.URLClassLoader::defineClass@64 (line 495)
  0x000001df07bff49c: 6074 98ff | ba45 ffff | ff66 6690 

  0x000001df07bff4a8: ;   {runtime_call UncommonTrapBlob}
  0x000001df07bff4a8: c5f8 77e8 

  0x000001df07bff4ac: ; ImmutableOopMap {[36]=NarrowOop [40]=Oop [48]=Oop [56]=Oop [64]=Oop [88]=Oop [96]=Oop [104]=Oop [112]=Oop [120]=Oop [128]=Oop [136]=Oop [144]=Oop [152]=Oop [184]=Oop }
                      ;*ifeq {reexecute=1 rethrow=0 return_oop=0}
                      ; - (reexecute) java.util.LinkedHashMap::get@16 (line 443)
                      ; - java.util.jar.Attributes::get@5 (line 105)
                      ; - java.util.jar.Attributes::getValue@2 (line 141)
                      ; - java.net.URLClassLoader::definePackage@160 (line 568)
                      ; - java.net.URLClassLoader::defineClass@64 (line 495)
  0x000001df07bff4ac: 5074 98ff | ba45 ffff | ff66 6690 

  0x000001df07bff4b8: ;   {runtime_call UncommonTrapBlob}
  0x000001df07bff4b8: c5f8 77e8 

  0x000001df07bff4bc: ; ImmutableOopMap {[36]=NarrowOop [40]=Oop [48]=Oop [56]=Oop [64]=Oop [88]=Oop [96]=Oop [104]=Oop [112]=Oop [120]=Oop [128]=Oop [136]=Oop [144]=Oop [152]=Oop [184]=Oop }
                      ;*ifeq {reexecute=1 rethrow=0 return_oop=0}
                      ; - (reexecute) java.util.LinkedHashMap::get@16 (line 443)
                      ; - java.util.jar.Attributes::get@5 (line 105)
                      ; - java.util.jar.Attributes::getValue@2 (line 141)
                      ; - java.net.URLClassLoader::definePackage@175 (line 571)
                      ; - java.net.URLClassLoader::defineClass@64 (line 495)
  0x000001df07bff4bc: 4074 98ff | 498b d24c | 8b84 24b8 | 0000 0090 

  0x000001df07bff4cc: ;   {optimized virtual_call}
  0x000001df07bff4cc: c5f8 77e8 

  0x000001df07bff4d0: ; ImmutableOopMap {rbp=Oop [36]=NarrowOop [40]=Oop [48]=Oop [56]=Oop [64]=Oop [88]=Oop [96]=Oop [104]=Oop [120]=Oop [128]=Oop [136]=Oop [144]=Oop [152]=Oop [160]=Oop [184]=Oop }
                      ;*invokevirtual afterNodeAccess {reexecute=0 rethrow=0 return_oop=0}
                      ; - java.util.LinkedHashMap::get@21 (line 444)
                      ; - java.util.jar.Attributes::get@5 (line 105)
                      ; - java.util.jar.Attributes::getValue@2 (line 141)
                      ; - java.net.URLClassLoader::definePackage@190 (line 574)
                      ; - java.net.URLClassLoader::defineClass@64 (line 495)
  0x000001df07bff4d0: ac1e 98ff | e97e d8ff | ff49 8bd2 | 4c8b 8424 | b800 0000 | 488b 6c24 | 3866 6690 

  0x000001df07bff4ec: ;   {optimized virtual_call}
  0x000001df07bff4ec: c5f8 77e8 

  0x000001df07bff4f0: ; ImmutableOopMap {rbp=Oop [36]=NarrowOop [40]=Oop [48]=Oop [56]=Oop [64]=Oop [88]=Oop [96]=Oop [104]=Oop [112]=Oop [128]=Oop [136]=Oop [144]=Oop [152]=Oop [160]=Oop [184]=Oop }
                      ;*invokevirtual afterNodeAccess {reexecute=0 rethrow=0 return_oop=0}
                      ; - java.util.LinkedHashMap::get@21 (line 444)
                      ; - java.util.jar.Attributes::get@5 (line 105)
                      ; - java.util.jar.Attributes::getValue@2 (line 141)
                      ; - java.net.URLClassLoader::definePackage@205 (line 577)
                      ; - java.net.URLClassLoader::defineClass@64 (line 495)
  0x000001df07bff4f0: 8c1e 98ff | e9a9 d9ff | ff49 8bd2 | 4c8b 8424 | b800 0000 | 488b 6c24 | 3866 6690 

  0x000001df07bff50c: ;   {optimized virtual_call}
  0x000001df07bff50c: c5f8 77e8 

  0x000001df07bff510: ; ImmutableOopMap {rbp=Oop [36]=NarrowOop [40]=Oop [48]=Oop [56]=Oop [64]=Oop [88]=Oop [96]=Oop [104]=Oop [112]=Oop [120]=Oop [136]=Oop [144]=Oop [152]=Oop [160]=Oop [184]=Oop }
                      ;*invokevirtual afterNodeAccess {reexecute=0 rethrow=0 return_oop=0}
                      ; - java.util.LinkedHashMap::get@21 (line 444)
                      ; - java.util.jar.Attributes::get@5 (line 105)
                      ; - java.util.jar.Attributes::getValue@2 (line 141)
                      ; - java.net.URLClassLoader::definePackage@220 (line 580)
                      ; - java.net.URLClassLoader::defineClass@64 (line 495)
  0x000001df07bff510: 6c1e 98ff | e9dc daff | ff49 8be8 | 498b d290 

  0x000001df07bff520: ;   {optimized virtual_call}
  0x000001df07bff520: c5f8 77e8 

  0x000001df07bff524: ; ImmutableOopMap {rbp=Oop [40]=Oop [48]=Oop [56]=Oop [64]=Oop [88]=Oop [96]=Oop [104]=Oop [112]=Oop [120]=Oop [128]=Oop [136]=Oop [144]=Oop }
                      ;*invokevirtual afterNodeAccess {reexecute=0 rethrow=0 return_oop=0}
                      ; - java.util.LinkedHashMap::get@21 (line 444)
                      ; - java.util.jar.Attributes::get@5 (line 105)
                      ; - java.util.jar.Attributes::getValue@2 (line 141)
                      ; - java.net.URLClassLoader::definePackage@235 (line 583)
                      ; - java.net.URLClassLoader::defineClass@64 (line 495)
  0x000001df07bff524: 581e 98ff | 4c8b c5e9 | cadb ffff | 4d85 c90f | 8501 f2ff | ffe9 d4b9 | ffff 488b | 7c24 4044 
  0x000001df07bff544: 8b57 5c45 | 85d2 0f84 | abf1 ffff | 4d8b 5f20 | 498b ca4d | 85db 0f84 | 0501 0000 | 4d8b 5730 
  0x000001df07bff564: 4b89 4c1a | f849 83c3 | f84d 895f | 20e9 85f1 | ffff 4d8b | 5750 4d8b | 5f40 f083 | 4424 c000 
  0x000001df07bff584: 4180 3800 | 742d 4588 | 204d 85db | 740f 4f89 | 441a f849 | 83c3 f84d | 895f 40eb | 1649 8bc8 
  0x000001df07bff5a4: 498b d7c5 | f877 49ba | a0cf c797 | fb7f 0000 | 41ff d244 | 8b57 5c45 | 85d2 0f85 | 76f1 ffff 
  0x000001df07bff5c4: e949 b9ff | ffba 45ff | ffff 4c8b | 8c24 9000 | 0000 4c89 | 4c24 604c | 8b8c 2488 | 0000 004c 
  0x000001df07bff5e4: 894c 2470 | 4c89 9c24 | 8800 0000 | 4c89 8424 | 9000 0000 | 4489 9424 | 9800 0000 | 4c89 9c24 
  0x000001df07bff604: a000 0000 | 4889 9c24 | a800 0000 | 4489 b424 | 9c00 0000 

  0x000001df07bff618: ;   {runtime_call UncommonTrapBlob}
  0x000001df07bff618: c5f8 77e8 

  0x000001df07bff61c: ; ImmutableOopMap {[40]=Oop [48]=Oop [56]=Oop [64]=Oop [96]=Oop [112]=Oop [136]=Oop [144]=Oop [160]=Oop [168]=Oop }
                      ;*if_icmpne {reexecute=1 rethrow=0 return_oop=0}
                      ; - (reexecute) java.lang.String::equals@33 (line 1830)
                      ; - java.util.HashMap::getNode@128 (line 577)
                      ; - java.util.HashMap::get@2 (line 556)
                      ; - java.util.jar.Manifest::getAttributes@5 (line 159)
                      ; - java.util.jar.Manifest::getTrustedAttributes@2 (line 176)
                      ; - java.util.jar.JavaUtilJarAccessImpl::getTrustedAttributes@2 (line 68)
                      ; - java.net.URLClassLoader::definePackage@42 (line 552)
                      ; - java.net.URLClassLoader::defineClass@64 (line 495)
  0x000001df07bff61c: e072 98ff | 4c89 4c24 | 2844 8954 

  0x000001df07bff628: ;   {metadata('java/security/CodeSigner'[])}
  0x000001df07bff628: 2420 48ba | 783c 0417 | df01 0000 

  0x000001df07bff634: ;   {runtime_call _new_array_Java}
  0x000001df07bff634: c5f8 77e8 

  0x000001df07bff638: ; ImmutableOopMap {rbp=Oop [32]=NarrowOop [48]=Oop [56]=Oop [112]=Oop [136]=Oop }
                      ;*invokevirtual clone {reexecute=1 rethrow=0 return_oop=1}
                      ; - (reexecute) java.util.jar.JarFile$JarFileEntry::getCodeSigners@74 (line 678)
                      ; - jdk.internal.loader.URLClassPath$JarLoader$2::getCodeSigners@4 (line 891)
                      ; - java.net.URLClassLoader::defineClass@185 (line 521)
  0x000001df07bff638: 44c9 a2ff | 448b 5424 | 204c 8b4c | 2428 488b | d8e9 5af1 

  0x000001df07bff64c: ;   {metadata('java/security/CodeSource')}
  0x000001df07bff64c: ffff 48ba | a0ee 0016 | df01 0000 

  0x000001df07bff658: ;   {runtime_call _new_instance_Java}
  0x000001df07bff658: c5f8 77e8 

  0x000001df07bff65c: ; ImmutableOopMap {rbp=Oop [32]=Oop [48]=Oop [56]=Oop [136]=Oop }
                      ;*new {reexecute=0 rethrow=0 return_oop=1}
                      ; - java.net.URLClassLoader::defineClass@148 (line 515)
  0x000001df07bff65c: a0e9 a2ff | e998 f3ff | ff49 8bd7 | c5f8 7749 | bac0 cfc7 | 97fb 7f00 | 0041 ffd2 | e97e f0ff 
  0x000001df07bff67c: ffba deff | ffff 4c89 | 9c24 8000 | 0000 6690 

  0x000001df07bff68c: ;   {runtime_call UncommonTrapBlob}
  0x000001df07bff68c: c5f8 77e8 

  0x000001df07bff690: ; ImmutableOopMap {rbp=NarrowOop [40]=Oop [48]=Oop [56]=Oop [64]=Oop [128]=Oop [136]=Oop [144]=Oop }
                      ;*checkcast {reexecute=0 rethrow=0 return_oop=0}
                      ; - java.util.jar.Manifest::getAttributes@10 (line 159)
                      ; - java.util.jar.Manifest::getTrustedAttributes@2 (line 176)
                      ; - java.util.jar.JavaUtilJarAccessImpl::getTrustedAttributes@2 (line 68)
                      ; - java.net.URLClassLoader::definePackage@42 (line 552)
                      ; - java.net.URLClassLoader::defineClass@64 (line 495)
  0x000001df07bff690: 6c72 98ff | bade ffff | ff48 8b6c | 2438 4c8b | 5424 304c | 8954 2420 | 4889 4424 | 3866 6690 
  0x000001df07bff6b0: ;   {runtime_call UncommonTrapBlob}
  0x000001df07bff6b0: c5f8 77e8 

  0x000001df07bff6b4: ; ImmutableOopMap {rbp=Oop [32]=Oop [56]=Oop [112]=Oop }
                      ;*checkcast {reexecute=0 rethrow=0 return_oop=0}
                      ; - java.security.SecureClassLoader::getProtectionDomain@34 (line 222)
                      ; - java.security.SecureClassLoader::defineClass@9 (line 150)
                      ; - java.net.URLClassLoader::defineClass@220 (line 524)
  0x000001df07bff6b4: 4872 98ff | bade ffff | ff66 6690 

  0x000001df07bff6c0: ;   {runtime_call UncommonTrapBlob}
  0x000001df07bff6c0: c5f8 77e8 

  0x000001df07bff6c4: ; ImmutableOopMap {rbp=NarrowOop [36]=NarrowOop [40]=Oop [48]=Oop [56]=Oop [64]=Oop [88]=Oop [96]=Oop [104]=Oop [112]=Oop [120]=Oop [136]=Oop [144]=Oop [152]=Oop }
                      ;*checkcast {reexecute=0 rethrow=0 return_oop=0}
                      ; - java.util.jar.Attributes::getValue@5 (line 141)
                      ; - java.net.URLClassLoader::definePackage@220 (line 580)
                      ; - java.net.URLClassLoader::defineClass@64 (line 495)
  0x000001df07bff6c4: 3872 98ff | bade ffff | ff66 6690 

  0x000001df07bff6d0: ;   {runtime_call UncommonTrapBlob}
  0x000001df07bff6d0: c5f8 77e8 

  0x000001df07bff6d4: ; ImmutableOopMap {rbp=NarrowOop [36]=NarrowOop [40]=Oop [48]=Oop [56]=Oop [64]=Oop [88]=Oop [96]=Oop [104]=Oop [120]=Oop [128]=Oop [136]=Oop [144]=Oop [152]=Oop }
                      ;*checkcast {reexecute=0 rethrow=0 return_oop=0}
                      ; - java.util.jar.Attributes::getValue@5 (line 141)
                      ; - java.net.URLClassLoader::definePackage@190 (line 574)
                      ; - java.net.URLClassLoader::defineClass@64 (line 495)
  0x000001df07bff6d4: 2872 98ff | bade ffff | ff66 6690 

  0x000001df07bff6e0: ;   {runtime_call UncommonTrapBlob}
  0x000001df07bff6e0: c5f8 77e8 

  0x000001df07bff6e4: ; ImmutableOopMap {rbp=NarrowOop [36]=NarrowOop [40]=Oop [48]=Oop [56]=Oop [64]=Oop [88]=Oop [96]=Oop [112]=Oop [120]=Oop [128]=Oop [136]=Oop [144]=Oop [152]=Oop }
                      ;*checkcast {reexecute=0 rethrow=0 return_oop=0}
                      ; - java.util.jar.Attributes::getValue@5 (line 141)
                      ; - java.net.URLClassLoader::definePackage@175 (line 571)
                      ; - java.net.URLClassLoader::defineClass@64 (line 495)
  0x000001df07bff6e4: 1872 98ff | bade ffff | ff4c 8944 | 2478 6690 

  0x000001df07bff6f4: ;   {runtime_call UncommonTrapBlob}
  0x000001df07bff6f4: c5f8 77e8 

  0x000001df07bff6f8: ; ImmutableOopMap {rbp=NarrowOop [40]=Oop [48]=Oop [56]=Oop [64]=Oop [120]=Oop [136]=Oop [144]=Oop }
                      ;*checkcast {reexecute=0 rethrow=0 return_oop=0}
                      ; - java.util.jar.Attributes::getValue@5 (line 141)
                      ; - java.net.URLClassLoader::definePackage@59 (line 554)
                      ; - java.net.URLClassLoader::defineClass@64 (line 495)
  0x000001df07bff6f8: 0472 98ff | bade ffff | ff66 6690 

  0x000001df07bff704: ;   {runtime_call UncommonTrapBlob}
  0x000001df07bff704: c5f8 77e8 

  0x000001df07bff708: ; ImmutableOopMap {rbp=NarrowOop [36]=NarrowOop [40]=Oop [48]=Oop [56]=Oop [64]=Oop [88]=Oop [104]=Oop [112]=Oop [120]=Oop [128]=Oop [136]=Oop [144]=Oop [152]=Oop }
                      ;*checkcast {reexecute=0 rethrow=0 return_oop=0}
                      ; - java.util.jar.Attributes::getValue@5 (line 141)
                      ; - java.net.URLClassLoader::definePackage@160 (line 568)
                      ; - java.net.URLClassLoader::defineClass@64 (line 495)
  0x000001df07bff708: f471 98ff | bade ffff | ff66 6690 

  0x000001df07bff714: ;   {runtime_call UncommonTrapBlob}
  0x000001df07bff714: c5f8 77e8 

  0x000001df07bff718: ; ImmutableOopMap {rbp=NarrowOop [36]=NarrowOop [40]=Oop [48]=Oop [56]=Oop [64]=Oop [96]=Oop [104]=Oop [112]=Oop [120]=Oop [128]=Oop [136]=Oop [144]=Oop [152]=Oop }
                      ;*checkcast {reexecute=0 rethrow=0 return_oop=0}
                      ; - java.util.jar.Attributes::getValue@5 (line 141)
                      ; - java.net.URLClassLoader::definePackage@145 (line 565)
                      ; - java.net.URLClassLoader::defineClass@64 (line 495)
  0x000001df07bff718: e471 98ff | bade ffff | ff48 894c | 2478 4c89 | 8424 8000 | 0000 6690 

  0x000001df07bff730: ;   {runtime_call UncommonTrapBlob}
  0x000001df07bff730: c5f8 77e8 

  0x000001df07bff734: ; ImmutableOopMap {rbp=NarrowOop [40]=Oop [48]=Oop [56]=Oop [64]=Oop [120]=Oop [128]=Oop [136]=Oop [144]=Oop }
                      ;*checkcast {reexecute=0 rethrow=0 return_oop=0}
                      ; - java.util.jar.Attributes::getValue@5 (line 141)
                      ; - java.net.URLClassLoader::definePackage@69 (line 555)
                      ; - java.net.URLClassLoader::defineClass@64 (line 495)
  0x000001df07bff734: c871 98ff | bade ffff | ff66 6690 

  0x000001df07bff740: ;   {runtime_call UncommonTrapBlob}
  0x000001df07bff740: c5f8 77e8 

  0x000001df07bff744: ; ImmutableOopMap {rbp=NarrowOop [40]=Oop [48]=Oop [56]=Oop [64]=Oop [96]=Oop [104]=Oop [112]=Oop [120]=Oop [128]=Oop [136]=Oop [144]=Oop [152]=Oop }
                      ;*checkcast {reexecute=0 rethrow=0 return_oop=0}
                      ; - java.util.jar.Attributes::getValue@5 (line 141)
                      ; - java.net.URLClassLoader::definePackage@119 (line 560)
                      ; - java.net.URLClassLoader::defineClass@64 (line 495)
  0x000001df07bff744: b871 98ff | bade ffff | ff4c 8b94 | 2488 0000 | 004c 8954 | 2470 4889 | 4c24 7848 | 899c 2480 
  0x000001df07bff764: 0000 004c | 8984 2488 | 0000 0090 

  0x000001df07bff770: ;   {runtime_call UncommonTrapBlob}
  0x000001df07bff770: c5f8 77e8 

  0x000001df07bff774: ; ImmutableOopMap {rbp=NarrowOop [40]=Oop [48]=Oop [56]=Oop [64]=Oop [112]=Oop [120]=Oop [128]=Oop [136]=Oop [144]=Oop }
                      ;*checkcast {reexecute=0 rethrow=0 return_oop=0}
                      ; - java.util.jar.Attributes::getValue@5 (line 141)
                      ; - java.net.URLClassLoader::definePackage@79 (line 556)
                      ; - java.net.URLClassLoader::defineClass@64 (line 495)
  0x000001df07bff774: 8871 98ff | bade ffff | ff66 6690 

  0x000001df07bff780: ;   {runtime_call UncommonTrapBlob}
  0x000001df07bff780: c5f8 77e8 

  0x000001df07bff784: ; ImmutableOopMap {rbp=NarrowOop [40]=Oop [48]=Oop [56]=Oop [64]=Oop [88]=Oop [96]=Oop [104]=Oop [112]=Oop [120]=Oop [128]=Oop [136]=Oop [144]=Oop }
                      ;*checkcast {reexecute=0 rethrow=0 return_oop=0}
                      ; - java.util.jar.Attributes::getValue@5 (line 141)
                      ; - java.net.URLClassLoader::definePackage@235 (line 583)
                      ; - java.net.URLClassLoader::defineClass@64 (line 495)
  0x000001df07bff784: 7871 98ff | bade ffff | ff66 6690 

  0x000001df07bff790: ;   {runtime_call UncommonTrapBlob}
  0x000001df07bff790: c5f8 77e8 

  0x000001df07bff794: ; ImmutableOopMap {rbp=NarrowOop [40]=Oop [48]=Oop [56]=Oop [64]=Oop [96]=Oop [104]=Oop [112]=Oop [120]=Oop [128]=Oop [136]=Oop [144]=Oop [152]=Oop }
                      ;*checkcast {reexecute=0 rethrow=0 return_oop=0}
                      ; - java.util.jar.Attributes::getValue@5 (line 141)
                      ; - java.net.URLClassLoader::definePackage@109 (line 559)
                      ; - java.net.URLClassLoader::defineClass@64 (line 495)
  0x000001df07bff794: 6871 98ff | bade ffff | ff66 6690 

  0x000001df07bff7a0: ;   {runtime_call UncommonTrapBlob}
  0x000001df07bff7a0: c5f8 77e8 

  0x000001df07bff7a4: ; ImmutableOopMap {rbp=NarrowOop [36]=NarrowOop [40]=Oop [48]=Oop [56]=Oop [64]=Oop [88]=Oop [96]=Oop [104]=Oop [112]=Oop [128]=Oop [136]=Oop [144]=Oop [152]=Oop }
                      ;*checkcast {reexecute=0 rethrow=0 return_oop=0}
                      ; - java.util.jar.Attributes::getValue@5 (line 141)
                      ; - java.net.URLClassLoader::definePackage@205 (line 577)
                      ; - java.net.URLClassLoader::defineClass@64 (line 495)
  0x000001df07bff7a4: 5871 98ff | bade ffff | ff4c 8b94 | 2490 0000 | 004c 8994 | 2480 0000 | 0066 6690 

  0x000001df07bff7c0: ;   {runtime_call UncommonTrapBlob}
  0x000001df07bff7c0: c5f8 77e8 

  0x000001df07bff7c4: ; ImmutableOopMap {rbp=NarrowOop [40]=Oop [48]=Oop [56]=Oop [64]=Oop [96]=Oop [104]=Oop [112]=Oop [120]=Oop [128]=Oop [136]=Oop }
                      ;*checkcast {reexecute=0 rethrow=0 return_oop=0}
                      ; - java.util.jar.Attributes::getValue@5 (line 141)
                      ; - java.net.URLClassLoader::definePackage@89 (line 557)
                      ; - java.net.URLClassLoader::defineClass@64 (line 495)
  0x000001df07bff7c4: 3871 98ff | bade ffff | ff66 6690 

  0x000001df07bff7d0: ;   {runtime_call UncommonTrapBlob}
  0x000001df07bff7d0: c5f8 77e8 

  0x000001df07bff7d4: ; ImmutableOopMap {rbp=NarrowOop [40]=Oop [48]=Oop [56]=Oop [64]=Oop [96]=Oop [104]=Oop [112]=Oop [120]=Oop [128]=Oop [136]=Oop [144]=Oop }
                      ;*checkcast {reexecute=0 rethrow=0 return_oop=0}
                      ; - java.util.jar.Attributes::getValue@5 (line 141)
                      ; - java.net.URLClassLoader::definePackage@99 (line 558)
                      ; - java.net.URLClassLoader::defineClass@64 (line 495)
  0x000001df07bff7d4: 2871 98ff | baf6 ffff | ff48 8b6c | 2438 6690 

  0x000001df07bff7e4: ;   {runtime_call UncommonTrapBlob}
  0x000001df07bff7e4: c5f8 77e8 

  0x000001df07bff7e8: ; ImmutableOopMap {rbp=Oop [64]=Oop }
                      ;*invokevirtual lastIndexOf {reexecute=0 rethrow=0 return_oop=0}
                      ; - java.net.URLClassLoader::defineClass@7 (line 486)
  0x000001df07bff7e8: 1471 98ff | baf6 ffff | ff48 8b6c | 2438 4c8b | 5424 304c | 8954 2420 

  0x000001df07bff800: ;   {runtime_call UncommonTrapBlob}
  0x000001df07bff800: c5f8 77e8 

  0x000001df07bff804: ; ImmutableOopMap {rbp=Oop [32]=Oop [64]=Oop }
                      ;*arraylength {reexecute=0 rethrow=0 return_oop=0}
                      ; - java.lang.String::length@4 (line 1481)
                      ; - java.lang.String::lastIndexOf@3 (line 2451)
                      ; - java.net.URLClassLoader::defineClass@7 (line 486)
  0x000001df07bff804: f870 98ff | baf6 ffff | ff41 8beb | 4c8b 5424 | 304c 8954 | 2428 6690 

  0x000001df07bff81c: ;   {runtime_call UncommonTrapBlob}
  0x000001df07bff81c: c5f8 77e8 

  0x000001df07bff820: ; ImmutableOopMap {[40]=Oop [56]=Oop }
                      ;*invokevirtual getCodeSourceURL {reexecute=0 rethrow=0 return_oop=0}
                      ; - java.net.URLClassLoader::defineClass@13 (line 487)
  0x000001df07bff820: dc70 98ff | baf4 ffff | ff48 8b6c | 2438 4c8b | 5424 304c | 8954 2420 

  0x000001df07bff838: ;   {runtime_call UncommonTrapBlob}
  0x000001df07bff838: c5f8 77e8 

  0x000001df07bff83c: ; ImmutableOopMap {rbp=Oop [32]=Oop [64]=Oop [136]=Oop }
                      ;*instanceof {reexecute=0 rethrow=0 return_oop=0}
                      ; - jdk.internal.loader.Resource::getByteBuffer@6 (line 164)
                      ; - java.net.URLClassLoader::defineClass@132 (line 511)
  0x000001df07bff83c: c070 98ff | baf6 ffff | ff48 8b6c | 2438 4c8b | 5424 304c | 8954 2428 

  0x000001df07bff854: ;   {runtime_call UncommonTrapBlob}
  0x000001df07bff854: c5f8 77e8 

  0x000001df07bff858: ; ImmutableOopMap {rbp=Oop [32]=Oop [40]=Oop [112]=Oop }
                      ;*invokevirtual get {reexecute=0 rethrow=0 return_oop=0}
                      ; - jdk.internal.perf.PerfCounter::get@5 (line 84)
                      ; - jdk.internal.perf.PerfCounter::add@1 (line 98)
                      ; - jdk.internal.perf.PerfCounter::addElapsedTimeFrom@6 (line 120)
                      ; - java.net.URLClassLoader::defineClass@207 (line 523)
  0x000001df07bff858: a470 98ff | baf6 ffff | ff48 8b6c | 2420 6690 

  0x000001df07bff868: ;   {runtime_call UncommonTrapBlob}
  0x000001df07bff868: c5f8 77e8 

  0x000001df07bff86c: ; ImmutableOopMap {rbp=Oop [48]=Oop [56]=Oop }
                      ;*arraylength {reexecute=0 rethrow=0 return_oop=0}
                      ; - java.net.URLClassLoader::defineClass@217 (line 524)
  0x000001df07bff86c: 9070 98ff | baf6 ffff | ff49 8be8 | 4889 5c24 | 2066 6690 

  0x000001df07bff880: ;   {runtime_call UncommonTrapBlob}
  0x000001df07bff880: c5f8 77e8 

  0x000001df07bff884: ; ImmutableOopMap {rbp=Oop [32]=Oop }
                      ;*invokeinterface computeIfAbsent {reexecute=0 rethrow=0 return_oop=0}
                      ; - java.security.SecureClassLoader::getProtectionDomain@29 (line 222)
                      ; - java.security.SecureClassLoader::defineClass@9 (line 150)
                      ; - java.net.URLClassLoader::defineClass@220 (line 524)
  0x000001df07bff884: 7870 98ff | baf4 ffff | ff4c 8b54 | 2430 4c89 | 5424 2090 

  0x000001df07bff898: ;   {runtime_call UncommonTrapBlob}
  0x000001df07bff898: c5f8 77e8 

  0x000001df07bff89c: ; ImmutableOopMap {[32]=Oop [56]=Oop [112]=Oop }
                      ;*checkcast {reexecute=0 rethrow=0 return_oop=0}
                      ; - java.security.SecureClassLoader::getProtectionDomain@34 (line 222)
                      ; - java.security.SecureClassLoader::defineClass@9 (line 150)
                      ; - java.net.URLClassLoader::defineClass@220 (line 524)
  0x000001df07bff89c: 6070 98ff | baf6 ffff | ff48 8b6c | 2438 4c89 | 5424 2090 

  0x000001df07bff8b0: ;   {runtime_call UncommonTrapBlob}
  0x000001df07bff8b0: c5f8 77e8 

  0x000001df07bff8b4: ; ImmutableOopMap {rbp=Oop [32]=Oop [64]=Oop [136]=Oop }
                      ;*arraylength {reexecute=0 rethrow=0 return_oop=0}
                      ; - java.lang.String::length@4 (line 1481)
                      ; - java.lang.String::substring@1 (line 2708)
                      ; - java.net.URLClassLoader::defineClass@28 (line 489)
  0x000001df07bff8b4: 4870 98ff | baf6 ffff | ff44 895c | 2420 4c8b | 5424 384c | 8954 2428 

  0x000001df07bff8cc: ;   {runtime_call UncommonTrapBlob}
  0x000001df07bff8cc: c5f8 77e8 

  0x000001df07bff8d0: ; ImmutableOopMap {rbp=Oop [40]=Oop [48]=Oop }
                      ;*getfield csu {reexecute=1 rethrow=0 return_oop=0}
                      ; - (reexecute) jdk.internal.loader.URLClassPath$JarLoader$2::getCodeSourceURL@4 (line 879)
                      ; - java.net.URLClassLoader::defineClass@13 (line 487)
  0x000001df07bff8d0: 2c70 98ff | baf6 ffff | ff48 8b6c | 2438 4c8b | 5c24 304c | 895c 2420 | 4c89 5424 | 2866 6690 
  0x000001df07bff8f0: ;   {runtime_call UncommonTrapBlob}
  0x000001df07bff8f0: c5f8 77e8 

  0x000001df07bff8f4: ; ImmutableOopMap {rbp=Oop [32]=Oop [40]=Oop [136]=Oop [144]=Oop }
                      ;*getfield jar {reexecute=1 rethrow=0 return_oop=0}
                      ; - (reexecute) jdk.internal.loader.URLClassPath$JarLoader$2::getManifest@7 (line 885)
                      ; - java.net.URLClassLoader::defineClass@34 (line 491)
  0x000001df07bff8f4: 0870 98ff | baf6 ffff | ff48 8b6c | 2438 4c8b | 5c24 304c | 895c 2420 | 4c89 5424 | 2866 6690 
  0x000001df07bff914: ;   {runtime_call UncommonTrapBlob}
  0x000001df07bff914: c5f8 77e8 

  0x000001df07bff918: ; ImmutableOopMap {rbp=Oop [32]=Oop [40]=Oop [136]=Oop [144]=Oop }
                      ;*getfield jar {reexecute=1 rethrow=0 return_oop=0}
                      ; - (reexecute) jdk.internal.loader.URLClassPath$JarLoader$2::getManifest@19 (line 886)
                      ; - java.net.URLClassLoader::defineClass@34 (line 491)
  0x000001df07bff918: e46f 98ff | baf6 ffff | ff48 8b6c | 2438 4c8b | 5c24 304c | 895c 2420 | 4c89 5424 | 2866 6690 
  0x000001df07bff938: ;   {runtime_call UncommonTrapBlob}
  0x000001df07bff938: c5f8 77e8 

  0x000001df07bff93c: ; ImmutableOopMap {rbp=Oop [32]=Oop [40]=Oop [136]=Oop [144]=Oop }
                      ;*invokevirtual getManifest {reexecute=0 rethrow=0 return_oop=0}
                      ; - jdk.internal.loader.URLClassPath$JarLoader$2::getManifest@22 (line 886)
                      ; - java.net.URLClassLoader::defineClass@34 (line 491)
  0x000001df07bff93c: c06f 98ff | baf6 ffff | ff48 8b6c | 2438 4c8b | 5424 304c | 8954 2420 

  0x000001df07bff954: ;   {runtime_call UncommonTrapBlob}
  0x000001df07bff954: c5f8 77e8 

  0x000001df07bff958: ; ImmutableOopMap {rbp=Oop [32]=Oop [80]=Oop [136]=Oop }
                      ;*arraylength {reexecute=0 rethrow=0 return_oop=0}
                      ; - java.util.zip.Checksum::update@4 (line 58)
                      ; - jdk.internal.loader.URLClassPath$JarLoader$2::getBytes@15 (line 897)
                      ; - java.net.URLClassLoader::defineClass@179 (line 519)
  0x000001df07bff958: a46f 98ff | baf6 ffff | ff48 8b6c | 2438 4c8b | 5424 304c | 8954 2420 

  0x000001df07bff970: ;   {runtime_call UncommonTrapBlob}
  0x000001df07bff970: c5f8 77e8 

  0x000001df07bff974: ; ImmutableOopMap {rbp=Oop [32]=Oop [112]=Oop [136]=Oop }
                      ;*invokevirtual getCodeSigners {reexecute=0 rethrow=0 return_oop=0}
                      ; - jdk.internal.loader.URLClassPath$JarLoader$2::getCodeSigners@4 (line 891)
                      ; - java.net.URLClassLoader::defineClass@185 (line 521)
  0x000001df07bff974: 886f 98ff | baf6 ffff | ff48 8b6c | 2438 4c8b | 5424 304c | 8954 2420 | 4c89 4424 | 4066 6690 
  0x000001df07bff994: ;   {runtime_call UncommonTrapBlob}
  0x000001df07bff994: c5f8 77e8 

  0x000001df07bff998: ; ImmutableOopMap {rbp=Oop [32]=Oop [64]=Oop [112]=Oop [136]=Oop }
                      ;*invokevirtual maybeInstantiateVerifier {reexecute=0 rethrow=0 return_oop=0}
                      ; - java.util.jar.JarFile$JarFileEntry::getCodeSigners@4 (line 671)
                      ; - jdk.internal.loader.URLClassPath$JarLoader$2::getCodeSigners@4 (line 891)
                      ; - java.net.URLClassLoader::defineClass@185 (line 521)
  0x000001df07bff998: 646f 98ff | baf6 ffff | ff48 8b6c | 2438 4c8b | 5424 304c | 8954 2420 | 4c89 4424 | 4066 6690 
  0x000001df07bff9b8: ;   {runtime_call UncommonTrapBlob}
  0x000001df07bff9b8: c5f8 77e8 

  0x000001df07bff9bc: ; ImmutableOopMap {rbp=Oop [32]=Oop [64]=Oop [112]=Oop [136]=Oop }
                      ;*getfield jv {reexecute=1 rethrow=0 return_oop=0}
                      ; - (reexecute) java.util.jar.JarFile$JarFileEntry::getCodeSigners@31 (line 675)
                      ; - jdk.internal.loader.URLClassPath$JarLoader$2::getCodeSigners@4 (line 891)
                      ; - java.net.URLClassLoader::defineClass@185 (line 521)
  0x000001df07bff9bc: 406f 98ff | baf6 ffff | ff48 8b6c | 2438 4c8b | 5424 304c | 8954 2420 | 4c8b 5424 | 404c 8954 
  0x000001df07bff9dc: 2430 4c8b | 5424 484c | 8954 2438 

  0x000001df07bff9e8: ;   {runtime_call UncommonTrapBlob}
  0x000001df07bff9e8: c5f8 77e8 

  0x000001df07bff9ec: ; ImmutableOopMap {rbp=Oop [32]=Oop [40]=Oop [48]=Oop [136]=Oop [144]=Oop }
                      ;*invokevirtual isNamed {reexecute=0 rethrow=0 return_oop=0}
                      ; - java.lang.Package::isSealed@4 (line 235)
                      ; - java.net.URLClassLoader::getAndVerifyPackage@14 (line 460)
                      ; - java.net.URLClassLoader::defineClass@46 (line 492)
  0x000001df07bff9ec: 106f 98ff | baf6 ffff | ff48 8b6c | 2438 4c8b | 5424 304c | 8954 2420 | 4c8b 5424 | 404c 8954 
  0x000001df07bffa0c: 2430 4c8b | 5424 484c | 8954 2438 

  0x000001df07bffa18: ;   {runtime_call UncommonTrapBlob}
  0x000001df07bffa18: c5f8 77e8 

  0x000001df07bffa1c: ; ImmutableOopMap {rbp=Oop [32]=Oop [40]=Oop [48]=Oop [136]=Oop [144]=Oop }
                      ;*getfield sealBase {reexecute=1 rethrow=0 return_oop=0}
                      ; - (reexecute) java.lang.Package::isSealed@14 (line 235)
                      ; - java.net.URLClassLoader::getAndVerifyPackage@14 (line 460)
                      ; - java.net.URLClassLoader::defineClass@46 (line 492)
  0x000001df07bffa1c: e06e 98ff | baf6 ffff | ff48 8b6c | 2438 4c8b | 5424 304c | 8954 2420 | 4c8b 5424 | 404c 8954 
  0x000001df07bffa3c: 2428 4c89 | 4c24 4090 

  0x000001df07bffa44: ;   {runtime_call UncommonTrapBlob}
  0x000001df07bffa44: c5f8 77e8 

  0x000001df07bffa48: ; ImmutableOopMap {rbp=Oop [32]=Oop [40]=Oop [64]=Oop [136]=Oop }
                      ;*getfield jar {reexecute=1 rethrow=0 return_oop=0}
                      ; - (reexecute) jdk.internal.loader.URLClassPath$JarLoader$2::getInputStream@4 (line 881)
                      ; - jdk.internal.loader.Resource::cachedInputStream@9 (line 77)
                      ; - jdk.internal.loader.Resource::getByteBuffer@1 (line 163)
                      ; - java.net.URLClassLoader::defineClass@132 (line 511)
  0x000001df07bffa48: b46e 98ff | baf6 ffff | ff48 8b6c | 2438 4c8b | 5424 304c | 8954 2420 | 4c8b 5424 | 404c 8954 
  0x000001df07bffa68: 2430 4c8b | 5424 484c | 8954 2438 

  0x000001df07bffa74: ;   {runtime_call UncommonTrapBlob}
  0x000001df07bffa74: c5f8 77e8 

  0x000001df07bffa78: ; ImmutableOopMap {rbp=Oop [32]=Oop [40]=Oop [48]=Oop [136]=Oop [144]=Oop }
                      ;*invokevirtual concat {reexecute=0 rethrow=0 return_oop=0}
                      ; - java.net.URLClassLoader::definePackage@39 (line 552)
                      ; - java.net.URLClassLoader::defineClass@64 (line 495)
  0x000001df07bffa78: 846e 98ff | baf6 ffff | ff48 8b6c | 2438 4c8b | 5424 304c | 8954 2420 | 4c8b 5424 | 404c 8954 
  0x000001df07bffa98: 2430 4c8b | 5424 484c | 8954 2438 

  0x000001df07bffaa4: ;   {runtime_call UncommonTrapBlob}
  0x000001df07bffaa4: c5f8 77e8 

  0x000001df07bffaa8: ; ImmutableOopMap {rbp=Oop [32]=Oop [40]=Oop [48]=Oop [136]=Oop [144]=Oop }
                      ;*arraylength {reexecute=0 rethrow=0 return_oop=0}
                      ; - java.lang.String::isEmpty@4 (line 1494)
                      ; - java.lang.StringConcatHelper::simpleConcat@11 (line 409)
                      ; - java.lang.String::concat@11 (line 2774)
                      ; - java.net.URLClassLoader::definePackage@39 (line 552)
                      ; - java.net.URLClassLoader::defineClass@64 (line 495)
  0x000001df07bffaa8: 546e 98ff | baf6 ffff | ff48 8b6c | 2438 4c8b | 5424 304c | 8954 2420 | 4c8b 5424 | 404c 8954 
  0x000001df07bffac8: 2430 4c8b | 5424 484c | 8954 2438 | 4c89 4424 | 5066 6690 

  0x000001df07bffadc: ;   {runtime_call UncommonTrapBlob}
  0x000001df07bffadc: c5f8 77e8 

  0x000001df07bffae0: ; ImmutableOopMap {rbp=Oop [32]=Oop [40]=Oop [48]=Oop [80]=Oop [136]=Oop [144]=Oop }
                      ;*invokeinterface get {reexecute=0 rethrow=0 return_oop=0}
                      ; - java.util.jar.Manifest::getAttributes@5 (line 159)
                      ; - java.util.jar.Manifest::getTrustedAttributes@2 (line 176)
                      ; - java.util.jar.JavaUtilJarAccessImpl::getTrustedAttributes@2 (line 68)
                      ; - java.net.URLClassLoader::definePackage@42 (line 552)
                      ; - java.net.URLClassLoader::defineClass@64 (line 495)
  0x000001df07bffae0: 1c6e 98ff | baf6 ffff | ff48 8b6c | 2438 4c8b | 5424 304c | 8954 2420 | 4c8b 5424 | 404c 8954 
  0x000001df07bffb00: 2430 4c8b | 5424 484c | 8954 2438 

  0x000001df07bffb0c: ;   {runtime_call UncommonTrapBlob}
  0x000001df07bffb0c: c5f8 77e8 

  0x000001df07bffb10: ; ImmutableOopMap {rbp=Oop [32]=Oop [40]=Oop [48]=Oop [136]=Oop [144]=Oop }
                      ;*invokeinterface get {reexecute=0 rethrow=0 return_oop=0}
                      ; - java.util.jar.Attributes::get@5 (line 105)
                      ; - java.util.jar.Attributes::getValue@2 (line 141)
                      ; - java.net.URLClassLoader::definePackage@59 (line 554)
                      ; - java.net.URLClassLoader::defineClass@64 (line 495)
  0x000001df07bffb10: ec6d 98ff | baf6 ffff | ff48 8b6c | 2438 4c8b | 5424 304c | 8954 2420 | 4c8b 5424 | 404c 8954 
  0x000001df07bffb30: 2430 4c8b | 5424 484c | 8954 2438 

  0x000001df07bffb3c: ;   {runtime_call UncommonTrapBlob}
  0x000001df07bffb3c: c5f8 77e8 

  0x000001df07bffb40: ; ImmutableOopMap {rbp=Oop [32]=Oop [40]=Oop [48]=Oop [136]=Oop [144]=Oop }
                      ;*invokeinterface get {reexecute=0 rethrow=0 return_oop=0}
                      ; - java.util.jar.Attributes::get@5 (line 105)
                      ; - java.util.jar.Attributes::getValue@2 (line 141)
                      ; - java.net.URLClassLoader::definePackage@69 (line 555)
                      ; - java.net.URLClassLoader::defineClass@64 (line 495)
  0x000001df07bffb40: bc6d 98ff | baf6 ffff | ff48 8b6c | 2438 4c8b | 5424 304c | 8954 2420 | 4c8b 5424 | 404c 8954 
  0x000001df07bffb60: 2430 4c8b | 5424 484c | 8954 2438 

  0x000001df07bffb6c: ;   {runtime_call UncommonTrapBlob}
  0x000001df07bffb6c: c5f8 77e8 

  0x000001df07bffb70: ; ImmutableOopMap {rbp=Oop [32]=Oop [40]=Oop [48]=Oop [136]=Oop [144]=Oop }
                      ;*invokeinterface get {reexecute=0 rethrow=0 return_oop=0}
                      ; - java.util.jar.Attributes::get@5 (line 105)
                      ; - java.util.jar.Attributes::getValue@2 (line 141)
                      ; - java.net.URLClassLoader::definePackage@79 (line 556)
                      ; - java.net.URLClassLoader::defineClass@64 (line 495)
  0x000001df07bffb70: 8c6d 98ff | baf6 ffff | ff48 8b6c | 2438 4c8b | 5424 304c | 8954 2420 | 4c8b 5424 | 404c 8954 
  0x000001df07bffb90: 2430 4c8b | 5424 484c | 8954 2438 

  0x000001df07bffb9c: ;   {runtime_call UncommonTrapBlob}
  0x000001df07bffb9c: c5f8 77e8 

  0x000001df07bffba0: ; ImmutableOopMap {rbp=Oop [32]=Oop [40]=Oop [48]=Oop [136]=Oop [144]=Oop }
                      ;*invokeinterface get {reexecute=0 rethrow=0 return_oop=0}
                      ; - java.util.jar.Attributes::get@5 (line 105)
                      ; - java.util.jar.Attributes::getValue@2 (line 141)
                      ; - java.net.URLClassLoader::definePackage@89 (line 557)
                      ; - java.net.URLClassLoader::defineClass@64 (line 495)
  0x000001df07bffba0: 5c6d 98ff | baf6 ffff | ff48 8b6c | 2438 4c8b | 5424 304c | 8954 2420 | 4c8b 5424 | 404c 8954 
  0x000001df07bffbc0: 2430 4c8b | 5424 484c | 8954 2438 

  0x000001df07bffbcc: ;   {runtime_call UncommonTrapBlob}
  0x000001df07bffbcc: c5f8 77e8 

  0x000001df07bffbd0: ; ImmutableOopMap {rbp=Oop [32]=Oop [40]=Oop [48]=Oop [136]=Oop [144]=Oop }
                      ;*invokeinterface get {reexecute=0 rethrow=0 return_oop=0}
                      ; - java.util.jar.Attributes::get@5 (line 105)
                      ; - java.util.jar.Attributes::getValue@2 (line 141)
                      ; - java.net.URLClassLoader::definePackage@99 (line 558)
                      ; - java.net.URLClassLoader::defineClass@64 (line 495)
  0x000001df07bffbd0: 2c6d 98ff | baf6 ffff | ff48 8b6c | 2438 4c8b | 5424 304c | 8954 2420 | 4c8b 5424 | 404c 8954 
  0x000001df07bffbf0: 2430 4c8b | 5424 484c | 8954 2438 

  0x000001df07bffbfc: ;   {runtime_call UncommonTrapBlob}
  0x000001df07bffbfc: c5f8 77e8 

  0x000001df07bffc00: ; ImmutableOopMap {rbp=Oop [32]=Oop [40]=Oop [48]=Oop [136]=Oop [144]=Oop }
                      ;*invokeinterface get {reexecute=0 rethrow=0 return_oop=0}
                      ; - java.util.jar.Attributes::get@5 (line 105)
                      ; - java.util.jar.Attributes::getValue@2 (line 141)
                      ; - java.net.URLClassLoader::definePackage@109 (line 559)
                      ; - java.net.URLClassLoader::defineClass@64 (line 495)
  0x000001df07bffc00: fc6c 98ff | baf6 ffff | ff48 8b6c | 2438 4c8b | 5424 304c | 8954 2420 | 4c8b 5424 | 404c 8954 
  0x000001df07bffc20: 2430 4c8b | 5424 484c | 8954 2438 

  0x000001df07bffc2c: ;   {runtime_call UncommonTrapBlob}
  0x000001df07bffc2c: c5f8 77e8 

  0x000001df07bffc30: ; ImmutableOopMap {rbp=Oop [32]=Oop [40]=Oop [48]=Oop [136]=Oop [144]=Oop }
                      ;*invokeinterface get {reexecute=0 rethrow=0 return_oop=0}
                      ; - java.util.jar.Attributes::get@5 (line 105)
                      ; - java.util.jar.Attributes::getValue@2 (line 141)
                      ; - java.net.URLClassLoader::definePackage@119 (line 560)
                      ; - java.net.URLClassLoader::defineClass@64 (line 495)
  0x000001df07bffc30: cc6c 98ff | baf6 ffff | ff48 8b6c | 2438 4c8b | 5424 304c | 8954 2420 | 4c8b 5424 | 404c 8954 
  0x000001df07bffc50: 2430 4c8b | 5424 484c | 8954 2438 

  0x000001df07bffc5c: ;   {runtime_call UncommonTrapBlob}
  0x000001df07bffc5c: c5f8 77e8 

  0x000001df07bffc60: ; ImmutableOopMap {rbp=Oop [32]=Oop [40]=Oop [48]=Oop [136]=Oop [144]=Oop }
                      ;*arraylength {reexecute=0 rethrow=0 return_oop=0}
                      ; - java.lang.StringLatin1::hashCode@5 (line 196)
                      ; - java.lang.String::hashCode@27 (line 2344)
                      ; - java.util.HashMap::hash@9 (line 338)
                      ; - java.util.HashMap::getNode@23 (line 568)
                      ; - java.util.HashMap::get@2 (line 556)
                      ; - java.util.jar.Manifest::getAttributes@5 (line 159)
                      ; - java.util.jar.Manifest::getTrustedAttributes@2 (line 176)
                      ; - java.util.jar.JavaUtilJarAccessImpl::getTrustedAttributes@2 (line 68)
                      ; - java.net.URLClassLoader::definePackage@42 (line 552)
                      ; - java.net.URLClassLoader::defineClass@64 (line 495)
  0x000001df07bffc60: 9c6c 98ff | baf6 ffff | ff48 8b6c | 2438 4c8b | 5424 304c | 8954 2420 | 4c8b 5424 | 404c 8954 
  0x000001df07bffc80: 2430 4c8b | 5424 484c | 8954 2438 

  0x000001df07bffc8c: ;   {runtime_call UncommonTrapBlob}
  0x000001df07bffc8c: c5f8 77e8 

  0x000001df07bffc90: ; ImmutableOopMap {rbp=Oop [32]=Oop [40]=Oop [48]=Oop [136]=Oop [144]=Oop }
                      ;*invokeinterface get {reexecute=0 rethrow=0 return_oop=0}
                      ; - java.util.jar.Attributes::get@5 (line 105)
                      ; - java.util.jar.Attributes::getValue@2 (line 141)
                      ; - java.net.URLClassLoader::definePackage@145 (line 565)
                      ; - java.net.URLClassLoader::defineClass@64 (line 495)
  0x000001df07bffc90: 6c6c 98ff | baf6 ffff | ff48 8b6c | 2438 4c8b | 5424 304c | 8954 2420 | 4c8b 5424 | 404c 8954 
  0x000001df07bffcb0: 2430 4c8b | 5424 484c | 8954 2438 

  0x000001df07bffcbc: ;   {runtime_call UncommonTrapBlob}
  0x000001df07bffcbc: c5f8 77e8 

  0x000001df07bffcc0: ; ImmutableOopMap {rbp=Oop [32]=Oop [40]=Oop [48]=Oop [136]=Oop [144]=Oop }
                      ;*invokeinterface get {reexecute=0 rethrow=0 return_oop=0}
                      ; - java.util.jar.Attributes::get@5 (line 105)
                      ; - java.util.jar.Attributes::getValue@2 (line 141)
                      ; - java.net.URLClassLoader::definePackage@160 (line 568)
                      ; - java.net.URLClassLoader::defineClass@64 (line 495)
  0x000001df07bffcc0: 3c6c 98ff | baf6 ffff | ff48 8b6c | 2438 4c8b | 5424 304c | 8954 2420 | 4c8b 5424 | 404c 8954 
  0x000001df07bffce0: 2430 4c8b | 5424 484c | 8954 2438 

  0x000001df07bffcec: ;   {runtime_call UncommonTrapBlob}
  0x000001df07bffcec: c5f8 77e8 

  0x000001df07bffcf0: ; ImmutableOopMap {rbp=Oop [32]=Oop [40]=Oop [48]=Oop [136]=Oop [144]=Oop }
                      ;*invokeinterface get {reexecute=0 rethrow=0 return_oop=0}
                      ; - java.util.jar.Attributes::get@5 (line 105)
                      ; - java.util.jar.Attributes::getValue@2 (line 141)
                      ; - java.net.URLClassLoader::definePackage@175 (line 571)
                      ; - java.net.URLClassLoader::defineClass@64 (line 495)
  0x000001df07bffcf0: 0c6c 98ff | baf6 ffff | ff48 8b6c | 2438 4c8b | 5424 304c | 8954 2420 | 4c8b 5424 | 404c 8954 
  0x000001df07bffd10: 2430 4c8b | 5424 484c | 8954 2438 

  0x000001df07bffd1c: ;   {runtime_call UncommonTrapBlob}
  0x000001df07bffd1c: c5f8 77e8 

  0x000001df07bffd20: ; ImmutableOopMap {rbp=Oop [32]=Oop [40]=Oop [48]=Oop [136]=Oop [144]=Oop }
                      ;*invokeinterface get {reexecute=0 rethrow=0 return_oop=0}
                      ; - java.util.jar.Attributes::get@5 (line 105)
                      ; - java.util.jar.Attributes::getValue@2 (line 141)
                      ; - java.net.URLClassLoader::definePackage@190 (line 574)
                      ; - java.net.URLClassLoader::defineClass@64 (line 495)
  0x000001df07bffd20: dc6b 98ff | baf6 ffff | ff48 8b6c | 2438 4c8b | 5424 304c | 8954 2420 | 4c8b 5424 | 404c 8954 
  0x000001df07bffd40: 2430 4c8b | 5424 484c | 8954 2438 

  0x000001df07bffd4c: ;   {runtime_call UncommonTrapBlob}
  0x000001df07bffd4c: c5f8 77e8 

  0x000001df07bffd50: ; ImmutableOopMap {rbp=Oop [32]=Oop [40]=Oop [48]=Oop [136]=Oop [144]=Oop }
                      ;*invokeinterface get {reexecute=0 rethrow=0 return_oop=0}
                      ; - java.util.jar.Attributes::get@5 (line 105)
                      ; - java.util.jar.Attributes::getValue@2 (line 141)
                      ; - java.net.URLClassLoader::definePackage@205 (line 577)
                      ; - java.net.URLClassLoader::defineClass@64 (line 495)
  0x000001df07bffd50: ac6b 98ff | baf6 ffff | ff48 8b6c | 2438 4c8b | 5424 304c | 8954 2420 | 4c8b 5424 | 404c 8954 
  0x000001df07bffd70: 2430 4c8b | 5424 484c | 8954 2438 

  0x000001df07bffd7c: ;   {runtime_call UncommonTrapBlob}
  0x000001df07bffd7c: c5f8 77e8 

  0x000001df07bffd80: ; ImmutableOopMap {rbp=Oop [32]=Oop [40]=Oop [48]=Oop [136]=Oop [144]=Oop }
                      ;*invokeinterface get {reexecute=0 rethrow=0 return_oop=0}
                      ; - java.util.jar.Attributes::get@5 (line 105)
                      ; - java.util.jar.Attributes::getValue@2 (line 141)
                      ; - java.net.URLClassLoader::definePackage@220 (line 580)
                      ; - java.net.URLClassLoader::defineClass@64 (line 495)
  0x000001df07bffd80: 7c6b 98ff | baf6 ffff | ff48 8b6c | 2438 4c8b | 5424 304c | 8954 2420 | 4c8b 5424 | 404c 8954 
  0x000001df07bffda0: 2430 4c8b | 5424 484c | 8954 2438 

  0x000001df07bffdac: ;   {runtime_call UncommonTrapBlob}
  0x000001df07bffdac: c5f8 77e8 

  0x000001df07bffdb0: ; ImmutableOopMap {rbp=Oop [32]=Oop [40]=Oop [48]=Oop [136]=Oop [144]=Oop }
                      ;*invokeinterface get {reexecute=0 rethrow=0 return_oop=0}
                      ; - java.util.jar.Attributes::get@5 (line 105)
                      ; - java.util.jar.Attributes::getValue@2 (line 141)
                      ; - java.net.URLClassLoader::definePackage@235 (line 583)
                      ; - java.net.URLClassLoader::defineClass@64 (line 495)
  0x000001df07bffdb0: 4c6b 98ff | ba97 ffff | ff48 8b6c | 2438 4c8b | 5424 304c | 8954 2428 

  0x000001df07bffdc8: ;   {runtime_call UncommonTrapBlob}
  0x000001df07bffdc8: c5f8 77e8 

  0x000001df07bffdcc: ; ImmutableOopMap {rbp=Oop [32]=NarrowOop [40]=Oop [112]=Oop [136]=Oop }
                      ;*invokevirtual clone {reexecute=1 rethrow=0 return_oop=0}
                      ; - (reexecute) java.util.jar.JarFile$JarFileEntry::getCodeSigners@74 (line 678)
                      ; - jdk.internal.loader.URLClassPath$JarLoader$2::getCodeSigners@4 (line 891)
                      ; - java.net.URLClassLoader::defineClass@185 (line 521)
  0x000001df07bffdcc: 306b 98ff | 488b d0e9 | 3e05 0000 | e923 0100 | 00e9 3601 | 0000 e949 | 0100 00e9 | 7401 0000 
  0x000001df07bffdec: 448b 5008 | e957 0200 | 0048 8bd0 | e919 0500 | 0048 8bd0 | e911 0500 | 0048 8bd0 | e909 0500 
  0x000001df07bffe0c: 0048 8bd0 | e901 0500 | 00e9 5602 | 0000 e951 | 0200 00eb | 1b48 8bd0 | e9ed 0400 | 0049 b800 
  0x000001df07bffe2c: 00eb 7edf | 0100 0033 | c9e9 4503 | 0000 eb00 | 448b 5008 | 49b8 0000 | eb7e df01 | 0000 33c9 
  0x000001df07bffe4c: e96a 0300 | 00e9 aa00 | 0000 e9bd | 0000 00e9 | d000 0000 | e9fb 0000 | 00e9 de00 | 0000 e909 
  0x000001df07bffe6c: 0100 00e9 | 1c01 0000 | 488b d0e9 | 9a04 0000 | e98b 0400 | 00e9 8604 | 0000 488b | d0e9 8804 
  0x000001df07bffe8c: 0000 eb00 | 488b d0e9 | 7e04 0000 | e920 0100 | 00e9 3001 | 0000 e940 | 0100 00e9 | 5001 0000 
  0x000001df07bffeac: e960 0100 | 00e9 6e01 | 0000 e97c | 0100 0044 | 8b58 0849 | ba00 0000 | 16df 0100 | 004d 03d3 
  0x000001df07bffecc: 4d8b 5250 

  0x000001df07bffed0: ;   {metadata('java/lang/IllegalArgumentException')}
  0x000001df07bffed0: 49bb 7015 | 0616 df01 | 0000 4d3b | d375 9545 | 33c9 49ba | 0000 eb7e | df01 0000 | 4533 db4c 
  0x000001df07bffef0: 8954 2460 | 4c89 5c24 | 68e9 ec02 | 0000 eb00 | 448b 5008 | 4c8b 4424 | 5048 8b8c | 24a8 0000 
  0x000001df07bfff10: 00e9 a502 | 0000 eb00 | 448b 5008 | 4c8b 4424 | 5048 8b8c | 24a8 0000 | 00e9 8d02 | 0000 eb00 
  0x000001df07bfff30: 448b 5008 | 4c8b 4424 | 5048 8b8c | 24a8 0000 | 00e9 7502 | 0000 eb00 | 448b 5008 | 4c8b 4424 
  0x000001df07bfff50: 5048 8b8c | 24a8 0000 | 00e9 5d02 | 0000 eb00 | 448b 5008 | 4c8b 4424 | 5048 8b8c | 24a8 0000 
  0x000001df07bfff70: 00e9 4502 | 0000 eb00 | 448b 5008 | 4c8b 4424 | 5048 8b8c | 24a8 0000 | 00e9 2d02 | 0000 eb00 
  0x000001df07bfff90: 448b 5008 | 4c8b 4424 | 5048 8b8c | 24a8 0000 | 00e9 1502 | 0000 488b | d8e9 8102 | 0000 488b 
  0x000001df07bfffb0: d0e9 6003 | 0000 e93a | 0300 00eb | 0044 8b50 | 084c 8b44 | 2450 488b | 4c24 58e9 | eb01 0000 
  0x000001df07bfffd0: eb00 448b | 5008 4c8b | 4424 5048 | 8b4c 2458 | e9d6 0100 | 00eb 0044 | 8b50 084c | 8b44 2450 
  0x000001df07bffff0: 488b 4c24 | 58e9 c101 | 0000 eb00 | 448b 5008 | 4c8b 4424 | 5048 8b4c | 2458 e9ac | 0100 00eb 
  0x000001df07c00010: 0044 8b50 | 084c 8bc5 | 488b 4c24 | 50e9 9901 | 0000 eb00 | 448b 5008 | 4c8b c548 | 8b4c 2450 
  0x000001df07c00030: e986 0100 | 00eb 0044 | 8b50 084c | 8bc5 488b | 4c24 50e9 | 7301 0000 | 448b 5008 | 49bb 0000 
  0x000001df07c00050: 0016 df01 | 0000 4d03 | da4d 8b53 

  0x000001df07c0005c: ;   {metadata('java/io/IOException')}
  0x000001df07c0005c: 4849 bbd8 | 4504 17df | 0100 004d | 3bd3 0f84 | e802 0000 | 488b d0e9 | 9e02 0000 | 488b d844 
  0x000001df07c0007c: 8b50 0849 | bb00 0000 | 16df 0100 | 004d 03da | 4d8b 5348 

  0x000001df07c00090: ;   {metadata('java/io/IOException')}
  0x000001df07c00090: 49bb d845 | 0417 df01 | 0000 4d3b | d30f 8491 | 0200 004c | 8bdd 488d | 8424 e000 | 0000 4881 
  0x000001df07c000b0: 3800 0000 | 000f 8483 | 0000 004d | 8b13 49f7 | c202 0000 | 0074 6f49 | 81ba 8600 | 0000 0000 
  0x000001df07c000d0: 0000 7409 | 49ff 8a86 | 0000 00eb | 5149 8b82 | 9600 0000 | 490b 828e | 0000 0075 | 0a49 c742 
  0x000001df07c000f0: 3e00 0000 | 00eb 4749 | 81ba 9e00 | 0000 0000 | 0000 7425 | 4833 c049 | c742 3e00 | 0000 00f0 
  0x000001df07c00110: 8304 2400 | 4981 ba9e | 0000 0000 | 0000 0075 | 0df0 4d0f | b17a 3e75 | 0583 c801 | eb10 f7c0 
  0x000001df07c00130: 0000 0000 | eb08 4c8b | 10f0 4d0f | b113 0f84 | b901 0000 | 498b cb48 | 8d94 24e0 | 0000 004d 
  0x000001df07c00150: 8bc7 c5f8 | 7749 bac0 | 4409 98fb | 7f00 0041 | ffd2 e996 | 0100 004c | 8bc5 488b | 8c24 a800 
  0x000001df07c00170: 0000 eb0b | 4c8b c548 | 8b8c 24a8 | 0000 0044 | 8b50 08eb | 3644 8b50 | 0849 b800 | 00eb 7edf 
  0x000001df07c00190: 0100 0033 | c9eb 2444 | 8b50 084c | 8b44 2450 | 488b 8c24 | a800 0000 | eb11 448b | 5008 4c8b 
  0x000001df07c001b0: 4424 5048 | 8b8c 24a8 | 0000 0049 | bb00 0000 | 16df 0100 | 004d 03da | 4d8b 5350 

  0x000001df07c001cc: ;   {metadata('java/lang/IllegalArgumentException')}
  0x000001df07c001cc: 49bb 7015 | 0616 df01 | 0000 4d3b | d375 494c | 8b4c 2428 | 4c89 4424 | 6048 894c | 2468 488b 
  0x000001df07c001ec: 5424 384c | 8b84 2490 | 0000 0048 | 8bbc 2488 | 0000 0048 | 8bea 6690 

  0x000001df07c00204: ;   {optimized virtual_call}
  0x000001df07c00204: c5f8 77e8 

  0x000001df07c00208: ; ImmutableOopMap {rbp=Oop [48]=Oop [56]=Oop [64]=Oop [136]=Oop [144]=Oop }
                      ;*invokevirtual getAndVerifyPackage {reexecute=0 rethrow=0 return_oop=1}
                      ; - java.net.URLClassLoader::defineClass@97 (line 502)
  0x000001df07c00208: 7411 98ff | 4885 c00f | 8411 0100 | 004c 8b6c | 2460 4c8b | 7424 68e9 | d5a9 ffff | 488b d0e9 
  0x000001df07c00228: ea00 0000 | 488b d84c | 8b5c 2440 | 488d 8424 | e000 0000 | 4881 3800 | 0000 000f | 8483 0000 
  0x000001df07c00248: 004d 8b13 | 49f7 c202 | 0000 0074 | 6f49 81ba | 8600 0000 | 0000 0000 | 7409 49ff | 8a86 0000 
  0x000001df07c00268: 00eb 5149 | 8b82 9600 | 0000 490b | 828e 0000 | 0075 0a49 | c742 3e00 | 0000 00eb | 4749 81ba 
  0x000001df07c00288: 9e00 0000 | 0000 0000 | 7425 4833 | c049 c742 | 3e00 0000 | 00f0 8304 | 2400 4981 | ba9e 0000 
  0x000001df07c002a8: 0000 0000 | 0075 0df0 | 4d0f b17a | 3e75 0583 | c801 eb10 | f7c0 0000 | 0000 eb08 | 4c8b 10f0 
  0x000001df07c002c8: 4d0f b113 | 7437 488b | 4c24 4048 | 8d94 24e0 | 0000 004d | 8bc7 c5f8 | 7749 bac0 | 4409 98fb 
  0x000001df07c002e8: 7f00 0041 | ffd2 eb15 | 488b d0eb | 2148 8bd0 | eb1c 488b | d848 8bd3 | eb14 488b | d848 8bd3 
  0x000001df07c00308: eb0c eb00 | 488b d0eb | 05eb 0048 | 8bd0 c5f8 | 7748 81c4 | 0001 0000 

  0x000001df07c00320: ;   {runtime_call _rethrow_Java}
  0x000001df07c00320: 5de9 dacb | a2ff bafd | 0000 0090 

  0x000001df07c0032c: ;   {runtime_call UncommonTrapBlob}
  0x000001df07c0032c: c5f8 77e8 

  0x000001df07c00330: ; ImmutableOopMap {[144]=Oop }
                      ;*new {reexecute=0 rethrow=0 return_oop=0}
                      ; - java.net.URLClassLoader::defineClass@103 (line 504)
  0x000001df07c00330: cc65 98ff | 488b e8ba | df01 0000 | 4c8b 5424 | 384c 8954 | 2428 4c8b | 5424 484c | 8954 2438 
  0x000001df07c00350: ;   {runtime_call UncommonTrapBlob}
  0x000001df07c00350: c5f8 77e8 

  0x000001df07c00354: ; ImmutableOopMap {rbp=Oop [32]=Oop [40]=Oop [84]=NarrowOop [88]=Oop [136]=Oop [144]=Oop }
                      ;*new {reexecute=0 rethrow=0 return_oop=0}
                      ; - java.util.jar.JarFile::ensureInitialization@8 (line 1033)
                      ; - java.util.jar.JavaUtilJarAccessImpl::ensureInitialization@1 (line 72)
                      ; - jdk.internal.loader.URLClassPath$JarLoader$2::getManifest@10 (line 885)
                      ; - java.net.URLClassLoader::defineClass@34 (line 491)
  0x000001df07c00354: a865 98ff | 488b e8ba | 2a00 0000 | 4c8b 5424 | 384c 8954 | 2420 4c8b | 5424 304c | 8954 2428 
  0x000001df07c00374: ;   {runtime_call UncommonTrapBlob}
  0x000001df07c00374: c5f8 77e8 

  0x000001df07c00378: ; ImmutableOopMap {rbp=Oop [32]=Oop [40]=Oop [112]=Oop [136]=Oop }
                      ;*new {reexecute=0 rethrow=0 return_oop=0}
                      ; - java.util.jar.JarFile$JarFileEntry::getCodeSigners@11 (line 673)
                      ; - jdk.internal.loader.URLClassPath$JarLoader$2::getCodeSigners@4 (line 891)
                      ; - java.net.URLClassLoader::defineClass@185 (line 521)
  0x000001df07c00378: 8465 98ff 

  0x000001df07c0037c: ;   {internal_word}
  0x000001df07c0037c: 49ba dfb1 | bf07 df01 | 0000 4d89 | 9768 0300 

  0x000001df07c0038c: ;   {runtime_call SafepointBlob}
  0x000001df07c0038c: 00e9 6e76 | 98ff f4f4 | f4f4 f4f4 | f4f4 f4f4 | f4f4 f4f4 
[Stub Code]
  0x000001df07c003a0: ;   {no_reloc}
  0x000001df07c003a0: 48bb f086 | 1816 df01 

  0x000001df07c003a8: ;   {runtime_call I2C/C2I adapters}
  0x000001df07c003a8: 0000 e9aa 

  0x000001df07c003ac: ;   {static_stub}
  0x000001df07c003ac: 5998 ff48 | bb00 0000 | 0000 0000 

  0x000001df07c003b8: ;   {runtime_call}
  0x000001df07c003b8: 00e9 fbff 

  0x000001df07c003bc: ;   {static_stub}
  0x000001df07c003bc: ffff 48bb | 0000 0000 | 0000 0000 

  0x000001df07c003c8: ;   {runtime_call}
  0x000001df07c003c8: e9fb ffff 

  0x000001df07c003cc: ;   {static_stub}
  0x000001df07c003cc: ff48 bb00 | 0000 0000 

  0x000001df07c003d4: ;   {runtime_call}
  0x000001df07c003d4: 0000 00e9 | fbff ffff 

  0x000001df07c003dc: ;   {static_stub}
  0x000001df07c003dc: 48bb 0000 | 0000 0000 

  0x000001df07c003e4: ;   {runtime_call}
  0x000001df07c003e4: 0000 e9fb 

  0x000001df07c003e8: ;   {static_stub}
  0x000001df07c003e8: ffff ff48 | bb00 0000 | 0000 0000 

  0x000001df07c003f4: ;   {runtime_call}
  0x000001df07c003f4: 00e9 fbff 

  0x000001df07c003f8: ;   {static_stub}
  0x000001df07c003f8: ffff 48bb | 50ca 4216 | df01 0000 

  0x000001df07c00404: ;   {runtime_call I2C/C2I adapters}
  0x000001df07c00404: e9d8 d597 

  0x000001df07c00408: ;   {static_stub}
  0x000001df07c00408: ff48 bb00 | 0000 0000 

  0x000001df07c00410: ;   {runtime_call}
  0x000001df07c00410: 0000 00e9 | fbff ffff 

  0x000001df07c00418: ;   {static_stub}
  0x000001df07c00418: 48bb 0000 | 0000 0000 

  0x000001df07c00420: ;   {runtime_call}
  0x000001df07c00420: 0000 e9fb 

  0x000001df07c00424: ;   {static_stub}
  0x000001df07c00424: ffff ff48 | bb00 0000 | 0000 0000 

  0x000001df07c00430: ;   {runtime_call}
  0x000001df07c00430: 00e9 fbff 

  0x000001df07c00434: ;   {static_stub}
  0x000001df07c00434: ffff 48bb | 0000 0000 | 0000 0000 

  0x000001df07c00440: ;   {runtime_call}
  0x000001df07c00440: e9fb ffff 

  0x000001df07c00444: ;   {static_stub}
  0x000001df07c00444: ff48 bb00 | 0000 0000 

  0x000001df07c0044c: ;   {runtime_call}
  0x000001df07c0044c: 0000 00e9 | fbff ffff 

  0x000001df07c00454: ;   {static_stub}
  0x000001df07c00454: 48bb 0000 | 0000 0000 

  0x000001df07c0045c: ;   {runtime_call}
  0x000001df07c0045c: 0000 e9fb 

  0x000001df07c00460: ;   {static_stub}
  0x000001df07c00460: ffff ff48 | bb00 0000 | 0000 0000 

  0x000001df07c0046c: ;   {runtime_call}
  0x000001df07c0046c: 00e9 fbff 

  0x000001df07c00470: ;   {static_stub}
  0x000001df07c00470: ffff 48bb | 0000 0000 | 0000 0000 

  0x000001df07c0047c: ;   {runtime_call}
  0x000001df07c0047c: e9fb ffff 

  0x000001df07c00480: ;   {static_stub}
  0x000001df07c00480: ff48 bb00 | 0000 0000 

  0x000001df07c00488: ;   {runtime_call}
  0x000001df07c00488: 0000 00e9 | fbff ffff 

  0x000001df07c00490: ;   {static_stub}
  0x000001df07c00490: 48bb 0000 | 0000 0000 

  0x000001df07c00498: ;   {runtime_call}
  0x000001df07c00498: 0000 e9fb 

  0x000001df07c0049c: ;   {static_stub}
  0x000001df07c0049c: ffff ff48 | bb00 0000 | 0000 0000 

  0x000001df07c004a8: ;   {runtime_call}
  0x000001df07c004a8: 00e9 fbff 

  0x000001df07c004ac: ;   {static_stub}
  0x000001df07c004ac: ffff 48bb | 0000 0000 | 0000 0000 

  0x000001df07c004b8: ;   {runtime_call}
  0x000001df07c004b8: e9fb ffff 

  0x000001df07c004bc: ;   {static_stub}
  0x000001df07c004bc: ff48 bb00 | 0000 0000 

  0x000001df07c004c4: ;   {runtime_call}
  0x000001df07c004c4: 0000 00e9 | fbff ffff 

  0x000001df07c004cc: ;   {static_stub}
  0x000001df07c004cc: 48bb 0000 | 0000 0000 

  0x000001df07c004d4: ;   {runtime_call}
  0x000001df07c004d4: 0000 e9fb 

  0x000001df07c004d8: ;   {static_stub}
  0x000001df07c004d8: ffff ff48 | bb00 0000 | 0000 0000 

  0x000001df07c004e4: ;   {runtime_call}
  0x000001df07c004e4: 00e9 fbff 

  0x000001df07c004e8: ;   {static_stub}
  0x000001df07c004e8: ffff 48bb | 0000 0000 | 0000 0000 

  0x000001df07c004f4: ;   {runtime_call}
  0x000001df07c004f4: e9fb ffff 

  0x000001df07c004f8: ;   {static_stub}
  0x000001df07c004f8: ff48 bb00 | 0000 0000 

  0x000001df07c00500: ;   {runtime_call}
  0x000001df07c00500: 0000 00e9 | fbff ffff 

  0x000001df07c00508: ;   {static_stub}
  0x000001df07c00508: 48bb 0000 | 0000 0000 

  0x000001df07c00510: ;   {runtime_call}
  0x000001df07c00510: 0000 e9fb 

  0x000001df07c00514: ;   {static_stub}
  0x000001df07c00514: ffff ff48 | bb00 0000 | 0000 0000 

  0x000001df07c00520: ;   {runtime_call}
  0x000001df07c00520: 00e9 fbff 

  0x000001df07c00524: ;   {static_stub}
  0x000001df07c00524: ffff 48bb | 0000 0000 | 0000 0000 

  0x000001df07c00530: ;   {runtime_call}
  0x000001df07c00530: e9fb ffff 

  0x000001df07c00534: ;   {static_stub}
  0x000001df07c00534: ff48 bb00 | 0000 0000 

  0x000001df07c0053c: ;   {runtime_call}
  0x000001df07c0053c: 0000 00e9 | fbff ffff 

  0x000001df07c00544: ;   {static_stub}
  0x000001df07c00544: 48bb 0000 | 0000 0000 

  0x000001df07c0054c: ;   {runtime_call}
  0x000001df07c0054c: 0000 e9fb 

  0x000001df07c00550: ;   {static_stub}
  0x000001df07c00550: ffff ff48 | bb00 0000 | 0000 0000 

  0x000001df07c0055c: ;   {runtime_call}
  0x000001df07c0055c: 00e9 fbff 

  0x000001df07c00560: ;   {static_stub}
  0x000001df07c00560: ffff 48bb | 0000 0000 | 0000 0000 

  0x000001df07c0056c: ;   {runtime_call}
  0x000001df07c0056c: e9fb ffff 

  0x000001df07c00570: ;   {static_stub}
  0x000001df07c00570: ff48 bb00 | 0000 0000 

  0x000001df07c00578: ;   {runtime_call}
  0x000001df07c00578: 0000 00e9 | fbff ffff 

  0x000001df07c00580: ;   {static_stub}
  0x000001df07c00580: 48bb 0000 | 0000 0000 

  0x000001df07c00588: ;   {runtime_call}
  0x000001df07c00588: 0000 e9fb 

  0x000001df07c0058c: ;   {static_stub}
  0x000001df07c0058c: ffff ff48 | bb00 0000 | 0000 0000 

  0x000001df07c00598: ;   {runtime_call}
  0x000001df07c00598: 00e9 fbff 

  0x000001df07c0059c: ;   {static_stub}
  0x000001df07c0059c: ffff 48bb | 0000 0000 | 0000 0000 

  0x000001df07c005a8: ;   {runtime_call}
  0x000001df07c005a8: e9fb ffff 

  0x000001df07c005ac: ;   {static_stub}
  0x000001df07c005ac: ff48 bb00 | 0000 0000 

  0x000001df07c005b4: ;   {runtime_call}
  0x000001df07c005b4: 0000 00e9 | fbff ffff 

  0x000001df07c005bc: ;   {static_stub}
  0x000001df07c005bc: 48bb 0000 | 0000 0000 

  0x000001df07c005c4: ;   {runtime_call}
  0x000001df07c005c4: 0000 e9fb 

  0x000001df07c005c8: ;   {static_stub}
  0x000001df07c005c8: ffff ff48 | bb00 0000 | 0000 0000 

  0x000001df07c005d4: ;   {runtime_call}
  0x000001df07c005d4: 00e9 fbff 

  0x000001df07c005d8: ;   {static_stub}
  0x000001df07c005d8: ffff 48bb | 0000 0000 | 0000 0000 

  0x000001df07c005e4: ;   {runtime_call}
  0x000001df07c005e4: e9fb ffff 

  0x000001df07c005e8: ;   {static_stub}
  0x000001df07c005e8: ff48 bb00 | 0000 0000 

  0x000001df07c005f0: ;   {runtime_call}
  0x000001df07c005f0: 0000 00e9 | fbff ffff 

  0x000001df07c005f8: ;   {static_stub}
  0x000001df07c005f8: 48bb 0000 | 0000 0000 

  0x000001df07c00600: ;   {runtime_call}
  0x000001df07c00600: 0000 e9fb 

  0x000001df07c00604: ;   {static_stub}
  0x000001df07c00604: ffff ff48 | bb00 0000 | 0000 0000 

  0x000001df07c00610: ;   {runtime_call}
  0x000001df07c00610: 00e9 fbff 

  0x000001df07c00614: ;   {static_stub}
  0x000001df07c00614: ffff 48bb | 0000 0000 | 0000 0000 

  0x000001df07c00620: ;   {runtime_call}
  0x000001df07c00620: e9fb ffff 

  0x000001df07c00624: ;   {static_stub}
  0x000001df07c00624: ff48 bb00 | 0000 0000 

  0x000001df07c0062c: ;   {runtime_call}
  0x000001df07c0062c: 0000 00e9 | fbff ffff 

  0x000001df07c00634: ;   {static_stub}
  0x000001df07c00634: 48bb 0000 | 0000 0000 

  0x000001df07c0063c: ;   {runtime_call}
  0x000001df07c0063c: 0000 e9fb 

  0x000001df07c00640: ;   {static_stub}
  0x000001df07c00640: ffff ff48 | bb00 0000 | 0000 0000 

  0x000001df07c0064c: ;   {runtime_call}
  0x000001df07c0064c: 00e9 fbff 

  0x000001df07c00650: ;   {static_stub}
  0x000001df07c00650: ffff 48bb | 0000 0000 | 0000 0000 

  0x000001df07c0065c: ;   {runtime_call}
  0x000001df07c0065c: e9fb ffff 

  0x000001df07c00660: ;   {static_stub}
  0x000001df07c00660: ff48 bb00 | 0000 0000 

  0x000001df07c00668: ;   {runtime_call}
  0x000001df07c00668: 0000 00e9 | fbff ffff 

  0x000001df07c00670: ;   {static_stub}
  0x000001df07c00670: 48bb 0000 | 0000 0000 

  0x000001df07c00678: ;   {runtime_call}
  0x000001df07c00678: 0000 e9fb 

  0x000001df07c0067c: ;   {static_stub}
  0x000001df07c0067c: ffff ff48 | bb00 0000 | 0000 0000 

  0x000001df07c00688: ;   {runtime_call}
  0x000001df07c00688: 00e9 fbff 

  0x000001df07c0068c: ;   {static_stub}
  0x000001df07c0068c: ffff 48bb | 0000 0000 | 0000 0000 

  0x000001df07c00698: ;   {runtime_call}
  0x000001df07c00698: e9fb ffff 

  0x000001df07c0069c: ;   {static_stub}
  0x000001df07c0069c: ff48 bb00 | 0000 0000 

  0x000001df07c006a4: ;   {runtime_call}
  0x000001df07c006a4: 0000 00e9 | fbff ffff 

  0x000001df07c006ac: ;   {static_stub}
  0x000001df07c006ac: 48bb 0000 | 0000 0000 

  0x000001df07c006b4: ;   {runtime_call}
  0x000001df07c006b4: 0000 e9fb 

  0x000001df07c006b8: ;   {static_stub}
  0x000001df07c006b8: ffff ff48 | bb00 0000 | 0000 0000 

  0x000001df07c006c4: ;   {runtime_call}
  0x000001df07c006c4: 00e9 fbff 

  0x000001df07c006c8: ;   {static_stub}
  0x000001df07c006c8: ffff 48bb | 0000 0000 | 0000 0000 

  0x000001df07c006d4: ;   {runtime_call}
  0x000001df07c006d4: e9fb ffff 

  0x000001df07c006d8: ;   {static_stub}
  0x000001df07c006d8: ff48 bb00 | 0000 0000 

  0x000001df07c006e0: ;   {runtime_call}
  0x000001df07c006e0: 0000 00e9 | fbff ffff 

  0x000001df07c006e8: ;   {static_stub}
  0x000001df07c006e8: 48bb 0000 | 0000 0000 

  0x000001df07c006f0: ;   {runtime_call}
  0x000001df07c006f0: 0000 e9fb 

  0x000001df07c006f4: ;   {static_stub}
  0x000001df07c006f4: ffff ff48 | bb00 0000 | 0000 0000 

  0x000001df07c00700: ;   {runtime_call}
  0x000001df07c00700: 00e9 fbff 

  0x000001df07c00704: ;   {static_stub}
  0x000001df07c00704: ffff 48bb | 0000 0000 | 0000 0000 

  0x000001df07c00710: ;   {runtime_call}
  0x000001df07c00710: e9fb ffff 

  0x000001df07c00714: ;   {static_stub}
  0x000001df07c00714: ff48 bb00 | 0000 0000 

  0x000001df07c0071c: ;   {runtime_call}
  0x000001df07c0071c: 0000 00e9 | fbff ffff 

  0x000001df07c00724: ;   {static_stub}
  0x000001df07c00724: 48bb 0000 | 0000 0000 

  0x000001df07c0072c: ;   {runtime_call}
  0x000001df07c0072c: 0000 e9fb 

  0x000001df07c00730: ;   {static_stub}
  0x000001df07c00730: ffff ff48 | bb00 0000 | 0000 0000 

  0x000001df07c0073c: ;   {runtime_call}
  0x000001df07c0073c: 00e9 fbff 

  0x000001df07c00740: ;   {static_stub}
  0x000001df07c00740: ffff 48bb | 0000 0000 | 0000 0000 

  0x000001df07c0074c: ;   {runtime_call}
  0x000001df07c0074c: e9fb ffff 

  0x000001df07c00750: ;   {static_stub}
  0x000001df07c00750: ff48 bb00 | 0000 0000 

  0x000001df07c00758: ;   {runtime_call}
  0x000001df07c00758: 0000 00e9 | fbff ffff 

  0x000001df07c00760: ;   {static_stub}
  0x000001df07c00760: 48bb 0000 | 0000 0000 

  0x000001df07c00768: ;   {runtime_call}
  0x000001df07c00768: 0000 e9fb 

  0x000001df07c0076c: ;   {static_stub}
  0x000001df07c0076c: ffff ff48 | bb00 0000 | 0000 0000 

  0x000001df07c00778: ;   {runtime_call}
  0x000001df07c00778: 00e9 fbff 

  0x000001df07c0077c: ;   {static_stub}
  0x000001df07c0077c: ffff 48bb | 0000 0000 | 0000 0000 

  0x000001df07c00788: ;   {runtime_call}
  0x000001df07c00788: e9fb ffff 

  0x000001df07c0078c: ;   {static_stub}
  0x000001df07c0078c: ff48 bb00 | 0000 0000 

  0x000001df07c00794: ;   {runtime_call}
  0x000001df07c00794: 0000 00e9 | fbff ffff 

  0x000001df07c0079c: ;   {static_stub}
  0x000001df07c0079c: 48bb 0000 | 0000 0000 

  0x000001df07c007a4: ;   {runtime_call}
  0x000001df07c007a4: 0000 e9fb 

  0x000001df07c007a8: ;   {runtime_call ExceptionBlob}
  0x000001df07c007a8: ffff ffe9 | d032 a2ff 
[Deopt Handler Code]
  0x000001df07c007b0: e800 0000 | 0048 832c 

  0x000001df07c007b8: ;   {runtime_call DeoptimizationBlob}
  0x000001df07c007b8: 2405 e9e1 | 6498 fff4 
[/MachCode]


---------------  P R O C E S S  ---------------

Threads class SMR info:
_java_thread_list=0x000001df5b776900, length=54, elements={
0x000001df7700bdf0, 0x000001df155cb080, 0x000001df155ccb60, 0x000001df155e43e0,
0x000001df155e6cc0, 0x000001df155e7590, 0x000001df155e7e60, 0x000001df155e8a60,
0x000001df155e9370, 0x000001df155e9c80, 0x000001df155b8e30, 0x000001df15806c70,
0x000001df5bdaf750, 0x000001df5c4bfc50, 0x000001df5c4fd0e0, 0x000001df5bc8d320,
0x000001df156342e0, 0x000001df5bc60710, 0x000001df5bc5edc0, 0x000001df5bc5f2d0,
0x000001df5bc5e3a0, 0x000001df5bc5f7e0, 0x000001df5bc5d980, 0x000001df5bc5de90,
0x000001df5bc5fcf0, 0x000001df5bc60200, 0x000001df5bc5d470, 0x000001df5bc5e8b0,
0x000001df5d615eb0, 0x000001df5d614f80, 0x000001df5d6163c0, 0x000001df5d6168d0,
0x000001df5d614a70, 0x000001df5d613630, 0x000001df5d616de0, 0x000001df5d615490,
0x000001df5d6159a0, 0x000001df5d6172f0, 0x000001df5d613b40, 0x000001df5d618c40,
0x000001df5d61aaa0, 0x000001df5d617d10, 0x000001df5d618220, 0x000001df5d619150,
0x000001df5d619660, 0x000001df5d619b70, 0x000001df5d618730, 0x000001df5d61afb0,
0x000001df5d617800, 0x000001df5d61a590, 0x000001df5ea4b520, 0x000001df5ea47d70,
0x000001df5ea48790, 0x000001df5ea4a5f0
}

Java Threads: ( => current thread )
  0x000001df7700bdf0 JavaThread "main" [_thread_blocked, id=20788, stack(0x00000081d4300000,0x00000081d4400000)]
  0x000001df155cb080 JavaThread "Reference Handler" daemon [_thread_blocked, id=4544, stack(0x00000081d4a00000,0x00000081d4b00000)]
  0x000001df155ccb60 JavaThread "Finalizer" daemon [_thread_blocked, id=27708, stack(0x00000081d4b00000,0x00000081d4c00000)]
  0x000001df155e43e0 JavaThread "Signal Dispatcher" daemon [_thread_blocked, id=23624, stack(0x00000081d4c00000,0x00000081d4d00000)]
  0x000001df155e6cc0 JavaThread "Attach Listener" daemon [_thread_blocked, id=24132, stack(0x00000081d4d00000,0x00000081d4e00000)]
  0x000001df155e7590 JavaThread "Service Thread" daemon [_thread_blocked, id=27616, stack(0x00000081d4e00000,0x00000081d4f00000)]
  0x000001df155e7e60 JavaThread "Monitor Deflation Thread" daemon [_thread_blocked, id=18472, stack(0x00000081d4f00000,0x00000081d5000000)]
  0x000001df155e8a60 JavaThread "C2 CompilerThread0" daemon [_thread_blocked, id=28504, stack(0x00000081d5000000,0x00000081d5100000)]
  0x000001df155e9370 JavaThread "C1 CompilerThread0" daemon [_thread_blocked, id=25700, stack(0x00000081d5100000,0x00000081d5200000)]
  0x000001df155e9c80 JavaThread "Sweeper thread" daemon [_thread_blocked, id=28412, stack(0x00000081d5200000,0x00000081d5300000)]
  0x000001df155b8e30 JavaThread "Common-Cleaner" daemon [_thread_blocked, id=3948, stack(0x00000081d5300000,0x00000081d5400000)]
  0x000001df15806c70 JavaThread "Notification Thread" daemon [_thread_blocked, id=18904, stack(0x00000081d5400000,0x00000081d5500000)]
  0x000001df5bdaf750 JavaThread "Daemon health stats" [_thread_blocked, id=27252, stack(0x00000081d5b00000,0x00000081d5c00000)]
  0x000001df5c4bfc50 JavaThread "Incoming local TCP Connector on port 59990" [_thread_in_native, id=25168, stack(0x00000081d5c00000,0x00000081d5d00000)]
  0x000001df5c4fd0e0 JavaThread "Daemon periodic checks" [_thread_blocked, id=26584, stack(0x00000081d5d00000,0x00000081d5e00000)]
  0x000001df5bc8d320 JavaThread "Daemon" [_thread_blocked, id=28236, stack(0x00000081d5e00000,0x00000081d5f00000)]
  0x000001df156342e0 JavaThread "Handler for socket connection from /127.0.0.1:59990 to /127.0.0.1:59991" [_thread_in_native, id=25672, stack(0x00000081d5f00000,0x00000081d6000000)]
  0x000001df5bc60710 JavaThread "Cancel handler" [_thread_blocked, id=21068, stack(0x00000081d6000000,0x00000081d6100000)]
=>0x000001df5bc5edc0 JavaThread "Daemon worker" [_thread_in_vm, id=13972, stack(0x00000081d6100000,0x00000081d6200000)]
  0x000001df5bc5f2d0 JavaThread "Asynchronous log dispatcher for DefaultDaemonConnection: socket connection from /127.0.0.1:59990 to /127.0.0.1:59991" [_thread_blocked, id=22912, stack(0x00000081d6200000,0x00000081d6300000)]
  0x000001df5bc5e3a0 JavaThread "Stdin handler" [_thread_blocked, id=22520, stack(0x00000081d6300000,0x00000081d6400000)]
  0x000001df5bc5f7e0 JavaThread "Daemon client event forwarder" [_thread_blocked, id=27888, stack(0x00000081d6400000,0x00000081d6500000)]
  0x000001df5bc5d980 JavaThread "Cache worker for journal cache (C:\Users\perez\AndroidStudioProjects\MyApplication\caches\journal-1)" [_thread_blocked, id=28268, stack(0x00000081d6500000,0x00000081d6600000)]
  0x000001df5bc5de90 JavaThread "File lock request listener" [_thread_in_native, id=27908, stack(0x00000081d6600000,0x00000081d6700000)]
  0x000001df5bc5fcf0 JavaThread "Cache worker for file hash cache (C:\Users\perez\AndroidStudioProjects\MyApplication\caches\8.13\fileHashes)" [_thread_blocked, id=27220, stack(0x00000081d6700000,0x00000081d6800000)]
  0x000001df5bc60200 JavaThread "Cache worker for file hash cache (C:\Users\perez\Downloads\Movil_chicamocha\MobileApp_UsoChicamocha\.gradle\8.13\fileHashes)" [_thread_blocked, id=28196, stack(0x00000081d6b00000,0x00000081d6c00000)]
  0x000001df5bc5d470 JavaThread "Cache worker for Build Output Cleanup Cache (C:\Users\perez\Downloads\Movil_chicamocha\MobileApp_UsoChicamocha\.gradle\buildOutputCleanup)" [_thread_blocked, id=23300, stack(0x00000081d6c00000,0x00000081d6d00000)]
  0x000001df5bc5e8b0 JavaThread "File watcher server" daemon [_thread_in_native, id=28224, stack(0x00000081d6e00000,0x00000081d6f00000)]
  0x000001df5d615eb0 JavaThread "File watcher consumer" daemon [_thread_blocked, id=28348, stack(0x00000081d6f00000,0x00000081d7000000)]
  0x000001df5d614f80 JavaThread "Cache worker for checksums cache (C:\Users\perez\Downloads\Movil_chicamocha\MobileApp_UsoChicamocha\.gradle\8.13\checksums)" [_thread_blocked, id=22312, stack(0x00000081d7000000,0x00000081d7100000)]
  0x000001df5d6163c0 JavaThread "Cache worker for file content cache (C:\Users\perez\AndroidStudioProjects\MyApplication\caches\8.13\fileContent)" [_thread_blocked, id=17252, stack(0x00000081d7100000,0x00000081d7200000)]
  0x000001df5d6168d0 JavaThread "Cache worker for cache directory md-supplier (C:\Users\perez\AndroidStudioProjects\MyApplication\caches\8.13\md-supplier)" [_thread_blocked, id=11992, stack(0x00000081d7200000,0x00000081d7300000)]
  0x000001df5d614a70 JavaThread "Cache worker for cache directory md-rule (C:\Users\perez\AndroidStudioProjects\MyApplication\caches\8.13\md-rule)" [_thread_blocked, id=22736, stack(0x00000081d7300000,0x00000081d7400000)]
  0x000001df5d613630 JavaThread "Unconstrained build operations" [_thread_blocked, id=20660, stack(0x00000081d7400000,0x00000081d7500000)]
  0x000001df5d616de0 JavaThread "Unconstrained build operations Thread 2" [_thread_blocked, id=20744, stack(0x00000081d7500000,0x00000081d7600000)]
  0x000001df5d615490 JavaThread "Unconstrained build operations Thread 3" [_thread_blocked, id=24912, stack(0x00000081d7600000,0x00000081d7700000)]
  0x000001df5d6159a0 JavaThread "Unconstrained build operations Thread 4" [_thread_blocked, id=28020, stack(0x00000081d7700000,0x00000081d7800000)]
  0x000001df5d6172f0 JavaThread "Unconstrained build operations Thread 5" [_thread_blocked, id=4992, stack(0x00000081d7800000,0x00000081d7900000)]
  0x000001df5d613b40 JavaThread "Unconstrained build operations Thread 6" [_thread_blocked, id=5224, stack(0x00000081d7900000,0x00000081d7a00000)]
  0x000001df5d618c40 JavaThread "Unconstrained build operations Thread 7" [_thread_blocked, id=16352, stack(0x00000081d7a00000,0x00000081d7b00000)]
  0x000001df5d61aaa0 JavaThread "Unconstrained build operations Thread 8" [_thread_blocked, id=27596, stack(0x00000081d7b00000,0x00000081d7c00000)]
  0x000001df5d617d10 JavaThread "Unconstrained build operations Thread 9" [_thread_blocked, id=21576, stack(0x00000081d7c00000,0x00000081d7d00000)]
  0x000001df5d618220 JavaThread "Unconstrained build operations Thread 10" [_thread_blocked, id=24500, stack(0x00000081d7d00000,0x00000081d7e00000)]
  0x000001df5d619150 JavaThread "Unconstrained build operations Thread 11" [_thread_blocked, id=5640, stack(0x00000081d7e00000,0x00000081d7f00000)]
  0x000001df5d619660 JavaThread "Unconstrained build operations Thread 12" [_thread_blocked, id=28184, stack(0x00000081d7f00000,0x00000081d8000000)]
  0x000001df5d619b70 JavaThread "Unconstrained build operations Thread 13" [_thread_blocked, id=11692, stack(0x00000081d8000000,0x00000081d8100000)]
  0x000001df5d618730 JavaThread "Unconstrained build operations Thread 14" [_thread_blocked, id=27620, stack(0x00000081d8100000,0x00000081d8200000)]
  0x000001df5d61afb0 JavaThread "Unconstrained build operations Thread 15" [_thread_blocked, id=25608, stack(0x00000081d8200000,0x00000081d8300000)]
  0x000001df5d617800 JavaThread "Unconstrained build operations Thread 16" [_thread_blocked, id=27112, stack(0x00000081d8300000,0x00000081d8400000)]
  0x000001df5d61a590 JavaThread "Unconstrained build operations Thread 17" [_thread_blocked, id=21284, stack(0x00000081d8400000,0x00000081d8500000)]
  0x000001df5ea4b520 JavaThread "Unconstrained build operations Thread 18" [_thread_blocked, id=28600, stack(0x00000081d8500000,0x00000081d8600000)]
  0x000001df5ea47d70 JavaThread "Unconstrained build operations Thread 19" [_thread_blocked, id=14560, stack(0x00000081d8600000,0x00000081d8700000)]
  0x000001df5ea48790 JavaThread "Unconstrained build operations Thread 20" [_thread_blocked, id=14808, stack(0x00000081d8700000,0x00000081d8800000)]
  0x000001df5ea4a5f0 JavaThread "Unconstrained build operations Thread 21" [_thread_blocked, id=13968, stack(0x00000081d8800000,0x00000081d8900000)]

Other Threads:
  0x000001df155c5f80 VMThread "VM Thread" [stack: 0x00000081d4900000,0x00000081d4a00000] [id=9972] _threads_hazard_ptr=0x000001df5b776900
  0x000001df7700cb80 WatcherThread [stack: 0x00000081d5500000,0x00000081d5600000] [id=18616]
  0x000001df77069f90 GCTaskThread "GC Thread#0" [stack: 0x00000081d4400000,0x00000081d4500000] [id=12132]
  0x000001df1587b160 GCTaskThread "GC Thread#1" [stack: 0x00000081d5600000,0x00000081d5700000] [id=2672]
  0x000001df5b16a970 GCTaskThread "GC Thread#2" [stack: 0x00000081d5700000,0x00000081d5800000] [id=10664]
  0x000001df1590e3f0 GCTaskThread "GC Thread#3" [stack: 0x00000081d5800000,0x00000081d5900000] [id=13668]
  0x000001df1590e6c0 GCTaskThread "GC Thread#4" [stack: 0x00000081d5900000,0x00000081d5a00000] [id=27988]
  0x000001df1590db80 GCTaskThread "GC Thread#5" [stack: 0x00000081d5a00000,0x00000081d5b00000] [id=25172]
  0x000001df1590de50 GCTaskThread "GC Thread#6" [stack: 0x00000081d6800000,0x00000081d6900000] [id=20412]
  0x000001df1590f200 GCTaskThread "GC Thread#7" [stack: 0x00000081d6900000,0x00000081d6a00000] [id=11824]
  0x000001df7707ae00 ConcurrentGCThread "G1 Main Marker" [stack: 0x00000081d4500000,0x00000081d4600000] [id=3800]
  0x000001df7707c400 ConcurrentGCThread "G1 Conc#0" [stack: 0x00000081d4600000,0x00000081d4700000] [id=15160]
  0x000001df1590ec60 ConcurrentGCThread "G1 Conc#1" [stack: 0x00000081d6d00000,0x00000081d6e00000] [id=25408]
  0x000001df1547c510 ConcurrentGCThread "G1 Refine#0" [stack: 0x00000081d4700000,0x00000081d4800000] [id=5448]
  0x000001df770be9e0 ConcurrentGCThread "G1 Service" [stack: 0x00000081d4800000,0x00000081d4900000] [id=27964]

Threads with active compile tasks:

VM state: synchronizing (normal execution)

VM Mutex/Monitor currently owned by a thread:  ([mutex/lock_event])
[0x000001df77006c40] Metaspace_lock - owner thread: 0x000001df5bc5edc0
[0x000001df77007930] Threads_lock - owner thread: 0x000001df155c5f80

Heap address: 0x0000000080000000, size: 2048 MB, Compressed Oops mode: 32-bit

CDS archive(s) mapped at: [0x000001df16000000-0x000001df16bb0000-0x000001df16bb0000), size 12255232, SharedBaseAddress: 0x000001df16000000, ArchiveRelocationMode: 1.
Compressed class space mapped at: 0x000001df17000000-0x000001df57000000, reserved size: 1073741824
Narrow klass base: 0x000001df16000000, Narrow klass shift: 0, Narrow klass range: 0x100000000

GC Precious Log:
 CPUs: 8 total, 8 available
 Memory: 7502M
 Large Page Support: Disabled
 NUMA Support: Disabled
 Compressed Oops: Enabled (32-bit)
 Heap Region Size: 1M
 Heap Min Capacity: 8M
 Heap Initial Capacity: 118M
 Heap Max Capacity: 2G
 Pre-touch: Disabled
 Parallel Workers: 8
 Concurrent Workers: 2
 Concurrent Refinement Workers: 8
 Periodic GC: Disabled

Heap:
 garbage-first heap   total 178176K, used 110759K [0x0000000080000000, 0x0000000100000000)
  region size 1024K, 52 young (53248K), 3 survivors (3072K)
 Metaspace       used 53939K, committed 54528K, reserved 1114112K
  class space    used 7572K, committed 7872K, reserved 1048576K

Heap Regions: E=young(eden), S=young(survivor), O=old, HS=humongous(starts), HC=humongous(continues), CS=collection set, F=free, OA=open archive, CA=closed archive, TAMS=top-at-mark-start (previous, next)
|   0|0x0000000080000000, 0x0000000080100000, 0x0000000080100000|100%|HS|  |TAMS 0x0000000080100000, 0x0000000080000000| Complete 
|   1|0x0000000080100000, 0x0000000080200000, 0x0000000080200000|100%|HC|  |TAMS 0x0000000080200000, 0x0000000080100000| Complete 
|   2|0x0000000080200000, 0x0000000080300000, 0x0000000080300000|100%|HC|  |TAMS 0x0000000080300000, 0x0000000080200000| Complete 
|   3|0x0000000080300000, 0x0000000080400000, 0x0000000080400000|100%| O|  |TAMS 0x0000000080400000, 0x0000000080300000| Untracked 
|   4|0x0000000080400000, 0x0000000080500000, 0x0000000080500000|100%| O|  |TAMS 0x0000000080500000, 0x0000000080400000| Untracked 
|   5|0x0000000080500000, 0x0000000080600000, 0x0000000080600000|100%| O|  |TAMS 0x0000000080600000, 0x0000000080500000| Untracked 
|   6|0x0000000080600000, 0x0000000080700000, 0x0000000080700000|100%|HS|  |TAMS 0x0000000080700000, 0x0000000080600000| Complete 
|   7|0x0000000080700000, 0x0000000080800000, 0x0000000080800000|100%| O|  |TAMS 0x0000000080800000, 0x0000000080700000| Untracked 
|   8|0x0000000080800000, 0x0000000080900000, 0x0000000080900000|100%| O|  |TAMS 0x0000000080900000, 0x0000000080800000| Untracked 
|   9|0x0000000080900000, 0x0000000080a00000, 0x0000000080a00000|100%| O|  |TAMS 0x0000000080a00000, 0x0000000080900000| Untracked 
|  10|0x0000000080a00000, 0x0000000080b00000, 0x0000000080b00000|100%| O|  |TAMS 0x0000000080b00000, 0x0000000080a00000| Untracked 
|  11|0x0000000080b00000, 0x0000000080c00000, 0x0000000080c00000|100%| O|  |TAMS 0x0000000080c00000, 0x0000000080b00000| Untracked 
|  12|0x0000000080c00000, 0x0000000080d00000, 0x0000000080d00000|100%| O|  |TAMS 0x0000000080d00000, 0x0000000080c00000| Untracked 
|  13|0x0000000080d00000, 0x0000000080e00000, 0x0000000080e00000|100%| O|  |TAMS 0x0000000080e00000, 0x0000000080d00000| Untracked 
|  14|0x0000000080e00000, 0x0000000080f00000, 0x0000000080f00000|100%| O|  |TAMS 0x0000000080f00000, 0x0000000080e00000| Untracked 
|  15|0x0000000080f00000, 0x0000000081000000, 0x0000000081000000|100%| O|  |TAMS 0x0000000081000000, 0x0000000080f00000| Untracked 
|  16|0x0000000081000000, 0x0000000081100000, 0x0000000081100000|100%| O|  |TAMS 0x0000000081100000, 0x0000000081000000| Untracked 
|  17|0x0000000081100000, 0x0000000081200000, 0x0000000081200000|100%| O|  |TAMS 0x0000000081200000, 0x0000000081100000| Untracked 
|  18|0x0000000081200000, 0x0000000081300000, 0x0000000081300000|100%| O|  |TAMS 0x0000000081300000, 0x0000000081200000| Untracked 
|  19|0x0000000081300000, 0x0000000081400000, 0x0000000081400000|100%| O|  |TAMS 0x0000000081400000, 0x0000000081300000| Untracked 
|  20|0x0000000081400000, 0x00000000814a3000, 0x0000000081500000| 63%| O|  |TAMS 0x00000000814a3000, 0x0000000081400000| Untracked 
|  21|0x0000000081500000, 0x0000000081600000, 0x0000000081600000|100%| O|  |TAMS 0x0000000081600000, 0x0000000081500000| Untracked 
|  22|0x0000000081600000, 0x0000000081700000, 0x0000000081700000|100%| O|  |TAMS 0x0000000081700000, 0x0000000081600000| Untracked 
|  23|0x0000000081700000, 0x0000000081800000, 0x0000000081800000|100%| O|  |TAMS 0x0000000081800000, 0x0000000081700000| Untracked 
|  24|0x0000000081800000, 0x0000000081900000, 0x0000000081900000|100%| O|  |TAMS 0x0000000081900000, 0x0000000081800000| Untracked 
|  25|0x0000000081900000, 0x0000000081a00000, 0x0000000081a00000|100%| O|  |TAMS 0x0000000081a00000, 0x0000000081900000| Untracked 
|  26|0x0000000081a00000, 0x0000000081b00000, 0x0000000081b00000|100%| O|  |TAMS 0x0000000081b00000, 0x0000000081a00000| Untracked 
|  27|0x0000000081b00000, 0x0000000081c00000, 0x0000000081c00000|100%| O|  |TAMS 0x0000000081c00000, 0x0000000081b00000| Untracked 
|  28|0x0000000081c00000, 0x0000000081d00000, 0x0000000081d00000|100%| O|  |TAMS 0x0000000081d00000, 0x0000000081c00000| Untracked 
|  29|0x0000000081d00000, 0x0000000081e00000, 0x0000000081e00000|100%| O|  |TAMS 0x0000000081e00000, 0x0000000081d00000| Untracked 
|  30|0x0000000081e00000, 0x0000000081f00000, 0x0000000081f00000|100%| O|  |TAMS 0x0000000081f00000, 0x0000000081e00000| Untracked 
|  31|0x0000000081f00000, 0x0000000082000000, 0x0000000082000000|100%| O|  |TAMS 0x0000000082000000, 0x0000000081f00000| Untracked 
|  32|0x0000000082000000, 0x0000000082100000, 0x0000000082100000|100%| O|  |TAMS 0x0000000082100000, 0x0000000082000000| Untracked 
|  33|0x0000000082100000, 0x0000000082200000, 0x0000000082200000|100%| O|  |TAMS 0x0000000082200000, 0x0000000082100000| Untracked 
|  34|0x0000000082200000, 0x0000000082300000, 0x0000000082300000|100%| O|  |TAMS 0x0000000082300000, 0x0000000082200000| Untracked 
|  35|0x0000000082300000, 0x0000000082400000, 0x0000000082400000|100%| O|  |TAMS 0x0000000082400000, 0x0000000082300000| Untracked 
|  36|0x0000000082400000, 0x0000000082500000, 0x0000000082500000|100%| O|  |TAMS 0x0000000082500000, 0x0000000082400000| Untracked 
|  37|0x0000000082500000, 0x0000000082600000, 0x0000000082600000|100%| O|  |TAMS 0x0000000082600000, 0x0000000082500000| Untracked 
|  38|0x0000000082600000, 0x0000000082700000, 0x0000000082700000|100%| O|  |TAMS 0x0000000082700000, 0x0000000082600000| Untracked 
|  39|0x0000000082700000, 0x0000000082800000, 0x0000000082800000|100%| O|  |TAMS 0x0000000082800000, 0x0000000082700000| Untracked 
|  40|0x0000000082800000, 0x0000000082900000, 0x0000000082900000|100%| O|  |TAMS 0x0000000082900000, 0x0000000082800000| Untracked 
|  41|0x0000000082900000, 0x0000000082a00000, 0x0000000082a00000|100%| O|  |TAMS 0x0000000082a00000, 0x0000000082900000| Untracked 
|  42|0x0000000082a00000, 0x0000000082b00000, 0x0000000082b00000|100%| O|  |TAMS 0x0000000082b00000, 0x0000000082a00000| Untracked 
|  43|0x0000000082b00000, 0x0000000082c00000, 0x0000000082c00000|100%| O|  |TAMS 0x0000000082c00000, 0x0000000082b00000| Untracked 
|  44|0x0000000082c00000, 0x0000000082d00000, 0x0000000082d00000|100%|HS|  |TAMS 0x0000000082c00000, 0x0000000082c00000| Complete 
|  45|0x0000000082d00000, 0x0000000082e00000, 0x0000000082e00000|100%|HS|  |TAMS 0x0000000082d00000, 0x0000000082d00000| Complete 
|  46|0x0000000082e00000, 0x0000000082f00000, 0x0000000082f00000|100%| O|  |TAMS 0x0000000082f00000, 0x0000000082e00000| Untracked 
|  47|0x0000000082f00000, 0x0000000083000000, 0x0000000083000000|100%| O|  |TAMS 0x0000000083000000, 0x0000000082f00000| Complete 
|  48|0x0000000083000000, 0x0000000083100000, 0x0000000083100000|100%|HS|  |TAMS 0x0000000083000000, 0x0000000083000000| Complete 
|  49|0x0000000083100000, 0x0000000083200000, 0x0000000083200000|100%|HC|  |TAMS 0x0000000083100000, 0x0000000083100000| Complete 
|  50|0x0000000083200000, 0x0000000083300000, 0x0000000083300000|100%|HS|  |TAMS 0x0000000083200000, 0x0000000083200000| Complete 
|  51|0x0000000083300000, 0x0000000083400000, 0x0000000083400000|100%|HC|  |TAMS 0x0000000083300000, 0x0000000083300000| Complete 
|  52|0x0000000083400000, 0x0000000083500000, 0x0000000083500000|100%|HS|  |TAMS 0x0000000083400000, 0x0000000083400000| Complete 
|  53|0x0000000083500000, 0x0000000083600000, 0x0000000083600000|100%|HS|  |TAMS 0x0000000083500000, 0x0000000083500000| Complete 
|  54|0x0000000083600000, 0x0000000083700000, 0x0000000083700000|100%|HC|  |TAMS 0x0000000083600000, 0x0000000083600000| Complete 
|  55|0x0000000083700000, 0x0000000083800000, 0x0000000083800000|100%|HC|  |TAMS 0x0000000083700000, 0x0000000083700000| Complete 
|  56|0x0000000083800000, 0x0000000083900000, 0x0000000083900000|100%|HS|  |TAMS 0x0000000083800000, 0x0000000083800000| Complete 
|  57|0x0000000083900000, 0x0000000083a00000, 0x0000000083a00000|100%|HS|  |TAMS 0x0000000083900000, 0x0000000083900000| Complete 
|  58|0x0000000083a00000, 0x0000000083b00000, 0x0000000083b00000|100%|HS|  |TAMS 0x0000000083a00000, 0x0000000083a00000| Complete 
|  59|0x0000000083b00000, 0x0000000083b00000, 0x0000000083c00000|  0%| F|  |TAMS 0x0000000083b00000, 0x0000000083b00000| Untracked 
|  60|0x0000000083c00000, 0x0000000083c86ea0, 0x0000000083d00000| 52%| S|CS|TAMS 0x0000000083c00000, 0x0000000083c00000| Complete 
|  61|0x0000000083d00000, 0x0000000083e00000, 0x0000000083e00000|100%| S|CS|TAMS 0x0000000083d00000, 0x0000000083d00000| Complete 
|  62|0x0000000083e00000, 0x0000000083f00000, 0x0000000083f00000|100%| S|CS|TAMS 0x0000000083e00000, 0x0000000083e00000| Complete 
|  63|0x0000000083f00000, 0x0000000083f00000, 0x0000000084000000|  0%| F|  |TAMS 0x0000000083f00000, 0x0000000083f00000| Untracked 
|  64|0x0000000084000000, 0x0000000084000000, 0x0000000084100000|  0%| F|  |TAMS 0x0000000084000000, 0x0000000084000000| Untracked 
|  65|0x0000000084100000, 0x0000000084100000, 0x0000000084200000|  0%| F|  |TAMS 0x0000000084100000, 0x0000000084100000| Untracked 
|  66|0x0000000084200000, 0x0000000084200000, 0x0000000084300000|  0%| F|  |TAMS 0x0000000084200000, 0x0000000084200000| Untracked 
|  67|0x0000000084300000, 0x0000000084300000, 0x0000000084400000|  0%| F|  |TAMS 0x0000000084300000, 0x0000000084300000| Untracked 
|  68|0x0000000084400000, 0x0000000084400000, 0x0000000084500000|  0%| F|  |TAMS 0x0000000084400000, 0x0000000084400000| Untracked 
|  69|0x0000000084500000, 0x0000000084500000, 0x0000000084600000|  0%| F|  |TAMS 0x0000000084500000, 0x0000000084500000| Untracked 
|  70|0x0000000084600000, 0x0000000084600000, 0x0000000084700000|  0%| F|  |TAMS 0x0000000084600000, 0x0000000084600000| Untracked 
|  71|0x0000000084700000, 0x0000000084700000, 0x0000000084800000|  0%| F|  |TAMS 0x0000000084700000, 0x0000000084700000| Untracked 
|  72|0x0000000084800000, 0x0000000084800000, 0x0000000084900000|  0%| F|  |TAMS 0x0000000084800000, 0x0000000084800000| Untracked 
|  73|0x0000000084900000, 0x0000000084900000, 0x0000000084a00000|  0%| F|  |TAMS 0x0000000084900000, 0x0000000084900000| Untracked 
|  74|0x0000000084a00000, 0x0000000084a00000, 0x0000000084b00000|  0%| F|  |TAMS 0x0000000084a00000, 0x0000000084a00000| Untracked 
|  75|0x0000000084b00000, 0x0000000084b00000, 0x0000000084c00000|  0%| F|  |TAMS 0x0000000084b00000, 0x0000000084b00000| Untracked 
|  76|0x0000000084c00000, 0x0000000084c00000, 0x0000000084d00000|  0%| F|  |TAMS 0x0000000084c00000, 0x0000000084c00000| Untracked 
|  77|0x0000000084d00000, 0x0000000084d00000, 0x0000000084e00000|  0%| F|  |TAMS 0x0000000084d00000, 0x0000000084d00000| Untracked 
|  78|0x0000000084e00000, 0x0000000084e00000, 0x0000000084f00000|  0%| F|  |TAMS 0x0000000084e00000, 0x0000000084e00000| Untracked 
|  79|0x0000000084f00000, 0x0000000084f00000, 0x0000000085000000|  0%| F|  |TAMS 0x0000000084f00000, 0x0000000084f00000| Untracked 
|  80|0x0000000085000000, 0x0000000085000000, 0x0000000085100000|  0%| F|  |TAMS 0x0000000085000000, 0x0000000085000000| Untracked 
|  81|0x0000000085100000, 0x0000000085100000, 0x0000000085200000|  0%| F|  |TAMS 0x0000000085100000, 0x0000000085100000| Untracked 
|  82|0x0000000085200000, 0x0000000085200000, 0x0000000085300000|  0%| F|  |TAMS 0x0000000085200000, 0x0000000085200000| Untracked 
|  83|0x0000000085300000, 0x0000000085300000, 0x0000000085400000|  0%| F|  |TAMS 0x0000000085300000, 0x0000000085300000| Untracked 
|  84|0x0000000085400000, 0x0000000085400000, 0x0000000085500000|  0%| F|  |TAMS 0x0000000085400000, 0x0000000085400000| Untracked 
|  85|0x0000000085500000, 0x0000000085500000, 0x0000000085600000|  0%| F|  |TAMS 0x0000000085500000, 0x0000000085500000| Untracked 
|  86|0x0000000085600000, 0x0000000085600000, 0x0000000085700000|  0%| F|  |TAMS 0x0000000085600000, 0x0000000085600000| Untracked 
|  87|0x0000000085700000, 0x0000000085700000, 0x0000000085800000|  0%| F|  |TAMS 0x0000000085700000, 0x0000000085700000| Untracked 
|  88|0x0000000085800000, 0x0000000085800000, 0x0000000085900000|  0%| F|  |TAMS 0x0000000085800000, 0x0000000085800000| Untracked 
|  89|0x0000000085900000, 0x0000000085900000, 0x0000000085a00000|  0%| F|  |TAMS 0x0000000085900000, 0x0000000085900000| Untracked 
|  90|0x0000000085a00000, 0x0000000085a00000, 0x0000000085b00000|  0%| F|  |TAMS 0x0000000085a00000, 0x0000000085a00000| Untracked 
|  91|0x0000000085b00000, 0x0000000085b00000, 0x0000000085c00000|  0%| F|  |TAMS 0x0000000085b00000, 0x0000000085b00000| Untracked 
|  92|0x0000000085c00000, 0x0000000085c00000, 0x0000000085d00000|  0%| F|  |TAMS 0x0000000085c00000, 0x0000000085c00000| Untracked 
|  93|0x0000000085d00000, 0x0000000085d00000, 0x0000000085e00000|  0%| F|  |TAMS 0x0000000085d00000, 0x0000000085d00000| Untracked 
|  94|0x0000000085e00000, 0x0000000085e00000, 0x0000000085f00000|  0%| F|  |TAMS 0x0000000085e00000, 0x0000000085e00000| Untracked 
|  95|0x0000000085f00000, 0x0000000085f00000, 0x0000000086000000|  0%| F|  |TAMS 0x0000000085f00000, 0x0000000085f00000| Untracked 
|  96|0x0000000086000000, 0x0000000086000000, 0x0000000086100000|  0%| F|  |TAMS 0x0000000086000000, 0x0000000086000000| Untracked 
|  97|0x0000000086100000, 0x0000000086100000, 0x0000000086200000|  0%| F|  |TAMS 0x0000000086100000, 0x0000000086100000| Untracked 
|  98|0x0000000086200000, 0x0000000086200000, 0x0000000086300000|  0%| F|  |TAMS 0x0000000086200000, 0x0000000086200000| Untracked 
|  99|0x0000000086300000, 0x0000000086300000, 0x0000000086400000|  0%| F|  |TAMS 0x0000000086300000, 0x0000000086300000| Untracked 
| 100|0x0000000086400000, 0x0000000086400000, 0x0000000086500000|  0%| F|  |TAMS 0x0000000086400000, 0x0000000086400000| Untracked 
| 101|0x0000000086500000, 0x0000000086500000, 0x0000000086600000|  0%| F|  |TAMS 0x0000000086500000, 0x0000000086500000| Untracked 
| 102|0x0000000086600000, 0x0000000086600000, 0x0000000086700000|  0%| F|  |TAMS 0x0000000086600000, 0x0000000086600000| Untracked 
| 103|0x0000000086700000, 0x0000000086700000, 0x0000000086800000|  0%| F|  |TAMS 0x0000000086700000, 0x0000000086700000| Untracked 
| 104|0x0000000086800000, 0x0000000086800000, 0x0000000086900000|  0%| F|  |TAMS 0x0000000086800000, 0x0000000086800000| Untracked 
| 105|0x0000000086900000, 0x0000000086900000, 0x0000000086a00000|  0%| F|  |TAMS 0x0000000086900000, 0x0000000086900000| Untracked 
| 106|0x0000000086a00000, 0x0000000086a00000, 0x0000000086b00000|  0%| F|  |TAMS 0x0000000086a00000, 0x0000000086a00000| Untracked 
| 107|0x0000000086b00000, 0x0000000086b00000, 0x0000000086c00000|  0%| F|  |TAMS 0x0000000086b00000, 0x0000000086b00000| Untracked 
| 108|0x0000000086c00000, 0x0000000086c00000, 0x0000000086d00000|  0%| F|  |TAMS 0x0000000086c00000, 0x0000000086c00000| Untracked 
| 109|0x0000000086d00000, 0x0000000086d00000, 0x0000000086e00000|  0%| F|  |TAMS 0x0000000086d00000, 0x0000000086d00000| Untracked 
| 110|0x0000000086e00000, 0x0000000086e00000, 0x0000000086f00000|  0%| F|  |TAMS 0x0000000086e00000, 0x0000000086e00000| Untracked 
| 111|0x0000000086f00000, 0x0000000086f00000, 0x0000000087000000|  0%| F|  |TAMS 0x0000000086f00000, 0x0000000086f00000| Untracked 
| 112|0x0000000087000000, 0x0000000087000000, 0x0000000087100000|  0%| F|  |TAMS 0x0000000087000000, 0x0000000087000000| Untracked 
| 113|0x0000000087100000, 0x0000000087100000, 0x0000000087200000|  0%| F|  |TAMS 0x0000000087100000, 0x0000000087100000| Untracked 
| 114|0x0000000087200000, 0x0000000087200000, 0x0000000087300000|  0%| F|  |TAMS 0x0000000087200000, 0x0000000087200000| Untracked 
| 115|0x0000000087300000, 0x0000000087300000, 0x0000000087400000|  0%| F|  |TAMS 0x0000000087300000, 0x0000000087300000| Untracked 
| 116|0x0000000087400000, 0x0000000087400000, 0x0000000087500000|  0%| F|  |TAMS 0x0000000087400000, 0x0000000087400000| Untracked 
| 117|0x0000000087500000, 0x0000000087500000, 0x0000000087600000|  0%| F|  |TAMS 0x0000000087500000, 0x0000000087500000| Untracked 
| 118|0x0000000087600000, 0x0000000087600000, 0x0000000087700000|  0%| F|  |TAMS 0x0000000087600000, 0x0000000087600000| Untracked 
| 119|0x0000000087700000, 0x0000000087700000, 0x0000000087800000|  0%| F|  |TAMS 0x0000000087700000, 0x0000000087700000| Untracked 
| 120|0x0000000087800000, 0x0000000087800000, 0x0000000087900000|  0%| F|  |TAMS 0x0000000087800000, 0x0000000087800000| Untracked 
| 121|0x0000000087900000, 0x0000000087900000, 0x0000000087a00000|  0%| F|  |TAMS 0x0000000087900000, 0x0000000087900000| Untracked 
| 122|0x0000000087a00000, 0x0000000087a00000, 0x0000000087b00000|  0%| F|  |TAMS 0x0000000087a00000, 0x0000000087a00000| Untracked 
| 123|0x0000000087b00000, 0x0000000087b00000, 0x0000000087c00000|  0%| F|  |TAMS 0x0000000087b00000, 0x0000000087b00000| Untracked 
| 124|0x0000000087c00000, 0x0000000087c00000, 0x0000000087d00000|  0%| F|  |TAMS 0x0000000087c00000, 0x0000000087c00000| Untracked 
| 125|0x0000000087d00000, 0x0000000087dedb00, 0x0000000087e00000| 92%| E|  |TAMS 0x0000000087d00000, 0x0000000087d00000| Complete 
| 126|0x0000000087e00000, 0x0000000087f00000, 0x0000000087f00000|100%| E|CS|TAMS 0x0000000087e00000, 0x0000000087e00000| Complete 
| 127|0x0000000087f00000, 0x0000000088000000, 0x0000000088000000|100%| E|  |TAMS 0x0000000087f00000, 0x0000000087f00000| Complete 
| 128|0x0000000088000000, 0x0000000088100000, 0x0000000088100000|100%| E|CS|TAMS 0x0000000088000000, 0x0000000088000000| Complete 
| 129|0x0000000088100000, 0x0000000088200000, 0x0000000088200000|100%| E|CS|TAMS 0x0000000088100000, 0x0000000088100000| Complete 
| 130|0x0000000088200000, 0x0000000088300000, 0x0000000088300000|100%| E|CS|TAMS 0x0000000088200000, 0x0000000088200000| Complete 
| 131|0x0000000088300000, 0x0000000088400000, 0x0000000088400000|100%| E|CS|TAMS 0x0000000088300000, 0x0000000088300000| Complete 
| 132|0x0000000088400000, 0x0000000088500000, 0x0000000088500000|100%| E|CS|TAMS 0x0000000088400000, 0x0000000088400000| Complete 
| 133|0x0000000088500000, 0x0000000088600000, 0x0000000088600000|100%| E|CS|TAMS 0x0000000088500000, 0x0000000088500000| Complete 
| 134|0x0000000088600000, 0x0000000088700000, 0x0000000088700000|100%| E|CS|TAMS 0x0000000088600000, 0x0000000088600000| Complete 
| 135|0x0000000088700000, 0x0000000088800000, 0x0000000088800000|100%| E|CS|TAMS 0x0000000088700000, 0x0000000088700000| Complete 
| 136|0x0000000088800000, 0x0000000088900000, 0x0000000088900000|100%| E|CS|TAMS 0x0000000088800000, 0x0000000088800000| Complete 
| 137|0x0000000088900000, 0x0000000088a00000, 0x0000000088a00000|100%| E|CS|TAMS 0x0000000088900000, 0x0000000088900000| Complete 
| 138|0x0000000088a00000, 0x0000000088b00000, 0x0000000088b00000|100%| E|CS|TAMS 0x0000000088a00000, 0x0000000088a00000| Complete 
| 139|0x0000000088b00000, 0x0000000088c00000, 0x0000000088c00000|100%| E|CS|TAMS 0x0000000088b00000, 0x0000000088b00000| Complete 
| 140|0x0000000088c00000, 0x0000000088d00000, 0x0000000088d00000|100%| E|CS|TAMS 0x0000000088c00000, 0x0000000088c00000| Complete 
| 141|0x0000000088d00000, 0x0000000088e00000, 0x0000000088e00000|100%| E|CS|TAMS 0x0000000088d00000, 0x0000000088d00000| Complete 
| 142|0x0000000088e00000, 0x0000000088f00000, 0x0000000088f00000|100%| E|CS|TAMS 0x0000000088e00000, 0x0000000088e00000| Complete 
| 143|0x0000000088f00000, 0x0000000089000000, 0x0000000089000000|100%| E|CS|TAMS 0x0000000088f00000, 0x0000000088f00000| Complete 
| 144|0x0000000089000000, 0x0000000089100000, 0x0000000089100000|100%| E|CS|TAMS 0x0000000089000000, 0x0000000089000000| Complete 
| 145|0x0000000089100000, 0x0000000089200000, 0x0000000089200000|100%| E|CS|TAMS 0x0000000089100000, 0x0000000089100000| Complete 
| 146|0x0000000089200000, 0x0000000089300000, 0x0000000089300000|100%| E|CS|TAMS 0x0000000089200000, 0x0000000089200000| Complete 
| 147|0x0000000089300000, 0x0000000089400000, 0x0000000089400000|100%| E|CS|TAMS 0x0000000089300000, 0x0000000089300000| Complete 
| 148|0x0000000089400000, 0x0000000089500000, 0x0000000089500000|100%| E|CS|TAMS 0x0000000089400000, 0x0000000089400000| Complete 
| 149|0x0000000089500000, 0x0000000089600000, 0x0000000089600000|100%| E|CS|TAMS 0x0000000089500000, 0x0000000089500000| Complete 
| 150|0x0000000089600000, 0x0000000089700000, 0x0000000089700000|100%| E|CS|TAMS 0x0000000089600000, 0x0000000089600000| Complete 
| 151|0x0000000089700000, 0x0000000089800000, 0x0000000089800000|100%| E|CS|TAMS 0x0000000089700000, 0x0000000089700000| Complete 
| 152|0x0000000089800000, 0x0000000089900000, 0x0000000089900000|100%| E|CS|TAMS 0x0000000089800000, 0x0000000089800000| Complete 
| 153|0x0000000089900000, 0x0000000089a00000, 0x0000000089a00000|100%| E|CS|TAMS 0x0000000089900000, 0x0000000089900000| Complete 
| 154|0x0000000089a00000, 0x0000000089b00000, 0x0000000089b00000|100%| E|CS|TAMS 0x0000000089a00000, 0x0000000089a00000| Complete 
| 155|0x0000000089b00000, 0x0000000089c00000, 0x0000000089c00000|100%| E|CS|TAMS 0x0000000089b00000, 0x0000000089b00000| Complete 
| 156|0x0000000089c00000, 0x0000000089d00000, 0x0000000089d00000|100%| E|CS|TAMS 0x0000000089c00000, 0x0000000089c00000| Complete 
| 157|0x0000000089d00000, 0x0000000089e00000, 0x0000000089e00000|100%| E|CS|TAMS 0x0000000089d00000, 0x0000000089d00000| Complete 
| 158|0x0000000089e00000, 0x0000000089f00000, 0x0000000089f00000|100%| E|CS|TAMS 0x0000000089e00000, 0x0000000089e00000| Complete 
| 159|0x0000000089f00000, 0x000000008a000000, 0x000000008a000000|100%| E|CS|TAMS 0x0000000089f00000, 0x0000000089f00000| Complete 
| 160|0x000000008a000000, 0x000000008a100000, 0x000000008a100000|100%| E|CS|TAMS 0x000000008a000000, 0x000000008a000000| Complete 
| 161|0x000000008a100000, 0x000000008a200000, 0x000000008a200000|100%| E|CS|TAMS 0x000000008a100000, 0x000000008a100000| Complete 
| 162|0x000000008a200000, 0x000000008a300000, 0x000000008a300000|100%| E|CS|TAMS 0x000000008a200000, 0x000000008a200000| Complete 
| 163|0x000000008a300000, 0x000000008a400000, 0x000000008a400000|100%| E|CS|TAMS 0x000000008a300000, 0x000000008a300000| Complete 
| 164|0x000000008a400000, 0x000000008a500000, 0x000000008a500000|100%| E|CS|TAMS 0x000000008a400000, 0x000000008a400000| Complete 
| 165|0x000000008a500000, 0x000000008a600000, 0x000000008a600000|100%| E|CS|TAMS 0x000000008a500000, 0x000000008a500000| Complete 
| 166|0x000000008a600000, 0x000000008a700000, 0x000000008a700000|100%| E|CS|TAMS 0x000000008a600000, 0x000000008a600000| Complete 
| 167|0x000000008a700000, 0x000000008a800000, 0x000000008a800000|100%| E|CS|TAMS 0x000000008a700000, 0x000000008a700000| Complete 
| 168|0x000000008a800000, 0x000000008a900000, 0x000000008a900000|100%| E|CS|TAMS 0x000000008a800000, 0x000000008a800000| Complete 
| 169|0x000000008a900000, 0x000000008aa00000, 0x000000008aa00000|100%| E|CS|TAMS 0x000000008a900000, 0x000000008a900000| Complete 
| 170|0x000000008aa00000, 0x000000008ab00000, 0x000000008ab00000|100%| E|CS|TAMS 0x000000008aa00000, 0x000000008aa00000| Complete 
| 184|0x000000008b800000, 0x000000008b900000, 0x000000008b900000|100%| E|CS|TAMS 0x000000008b800000, 0x000000008b800000| Complete 
| 185|0x000000008b900000, 0x000000008ba00000, 0x000000008ba00000|100%| E|CS|TAMS 0x000000008b900000, 0x000000008b900000| Complete 
| 186|0x000000008ba00000, 0x000000008bb00000, 0x000000008bb00000|100%| E|CS|TAMS 0x000000008ba00000, 0x000000008ba00000| Complete 

Card table byte_map: [0x000001df7f2b0000,0x000001df7f6b0000] _byte_map_base: 0x000001df7eeb0000

Marking Bits (Prev, Next): (CMBitMap*) 0x000001df7706a510, (CMBitMap*) 0x000001df7706a4d0
 Prev Bits: [0x000001df11000000, 0x000001df13000000)
 Next Bits: [0x000001df0f000000, 0x000001df11000000)

Polling page: 0x000001df74e70000

Metaspace:

Usage:
  Non-class:     45.28 MB used.
      Class:      7.40 MB used.
       Both:     52.68 MB used.

Virtual space:
  Non-class space:       64.00 MB reserved,      45.56 MB ( 71%) committed,  1 nodes.
      Class space:        1.00 GB reserved,       7.69 MB ( <1%) committed,  1 nodes.
             Both:        1.06 GB reserved,      53.25 MB (  5%) committed. 

Chunk freelists:
   Non-Class:  1.75 MB
       Class:  8.23 MB
        Both:  9.98 MB

MaxMetaspaceSize: unlimited
CompressedClassSpaceSize: 1.00 GB
Initial GC threshold: 21.00 MB
Current GC threshold: 86.19 MB
CDS: on
MetaspaceReclaimPolicy: balanced
 - commit_granule_bytes: 65536.
 - commit_granule_words: 8192.
 - virtual_space_node_default_size: 8388608.
 - enlarge_chunks_in_place: 1.
 - new_chunks_are_fully_committed: 0.
 - uncommit_free_chunks: 1.
 - use_allocation_guard: 0.
 - handle_deallocations: 1.


Internal statistics:

num_allocs_failed_limit: 6.
num_arena_births: 738.
num_arena_deaths: 0.
num_vsnodes_births: 2.
num_vsnodes_deaths: 0.
num_space_committed: 852.
num_space_uncommitted: 0.
num_chunks_returned_to_freelist: 6.
num_chunks_taken_from_freelist: 2939.
num_chunk_merges: 6.
num_chunk_splits: 1937.
num_chunks_enlarged: 1296.
num_inconsistent_stats: 0.

CodeHeap 'non-profiled nmethods': size=120000Kb used=4268Kb max_used=4268Kb free=115731Kb
 bounds [0x000001df07ad0000, 0x000001df07f00000, 0x000001df0f000000]
CodeHeap 'profiled nmethods': size=120000Kb used=14038Kb max_used=14038Kb free=105961Kb
 bounds [0x000001df00000000, 0x000001df00dc0000, 0x000001df07530000]
CodeHeap 'non-nmethods': size=5760Kb used=1656Kb max_used=1722Kb free=4104Kb
 bounds [0x000001df07530000, 0x000001df077a0000, 0x000001df07ad0000]
 total_blobs=8134 nmethods=7400 adapters=646
 compilation: enabled
              stopped_count=0, restarted_count=0
 full_count=0

Compilation events (20 events):
Event: 26.895 Thread 0x000001df155e9370 8186       1       org.gradle.internal.classloader.JarCompat::getJarFile (5 bytes)
Event: 26.895 Thread 0x000001df155e9370 nmethod 8186 0x000001df07cd8790 code [0x000001df07cd8920, 0x000001df07cd89f8]
Event: 26.897 Thread 0x000001df155e9370 8187       3       java.util.zip.ZipFile$ZipFileInflaterInputStream::available (44 bytes)
Event: 26.897 Thread 0x000001df155e9370 nmethod 8187 0x000001df00db0590 code [0x000001df00db0760, 0x000001df00db0ac8]
Event: 26.897 Thread 0x000001df155e9370 8188   !   3       java.util.zip.Inflater::getBytesWritten (23 bytes)
Event: 26.897 Thread 0x000001df155e9370 nmethod 8188 0x000001df00db0c10 code [0x000001df00db0dc0, 0x000001df00db0fe8]
Event: 26.920 Thread 0x000001df155e9370 8189       3       com.google.common.collect.MapMakerInternalMap$Segment::getLiveEntry (7 bytes)
Event: 26.920 Thread 0x000001df155e9370 nmethod 8189 0x000001df00db1110 code [0x000001df00db12c0, 0x000001df00db1488]
Event: 26.920 Thread 0x000001df155e9370 8190       3       com.google.common.collect.MapMakerInternalMap$Segment::postReadCleanup (18 bytes)
Event: 26.921 Thread 0x000001df155e9370 nmethod 8190 0x000001df00db1590 code [0x000001df00db1760, 0x000001df00db1a78]
Event: 26.929 Thread 0x000001df155e9370 8191   !   3       com.google.common.collect.MapMakerInternalMap$Segment::get (58 bytes)
Event: 26.930 Thread 0x000001df155e9370 nmethod 8191 0x000001df00db1b90 code [0x000001df00db1e80, 0x000001df00db3418]
Event: 26.944 Thread 0x000001df155e9370 8192   !   3       jdk.internal.loader.URLClassPath$FileLoader::getResource (164 bytes)
Event: 26.946 Thread 0x000001df155e9370 nmethod 8192 0x000001df00db3b90 code [0x000001df00db3ee0, 0x000001df00db5248]
Event: 26.952 Thread 0x000001df155e8a60 8193       4       java.lang.String::indexOf (64 bytes)
Event: 26.954 Thread 0x000001df155e8a60 nmethod 8193 0x000001df07cd8310 code [0x000001df07cd84a0, 0x000001df07cd86d8]
Event: 27.473 Thread 0x000001df155e8a60 8194       4       java.lang.StringConcatHelper::stringOf (20 bytes)
Event: 27.474 Thread 0x000001df155e8a60 nmethod 8194 0x000001df07cd8010 code [0x000001df07cd81a0, 0x000001df07cd8238]
Event: 27.474 Thread 0x000001df155e8a60 8195       4       java.lang.StringConcatHelper::mix (27 bytes)
Event: 27.475 Thread 0x000001df155e8a60 nmethod 8195 0x000001df07cd7c90 code [0x000001df07cd7e20, 0x000001df07cd7ed8]

GC Heap History (20 events):
Event: 20.686 GC heap before
{Heap before GC invocations=13 (full 0):
 garbage-first heap   total 89088K, used 71186K [0x0000000080000000, 0x0000000100000000)
  region size 1024K, 38 young (38912K), 4 survivors (4096K)
 Metaspace       used 47627K, committed 48192K, reserved 1114112K
  class space    used 6765K, committed 7040K, reserved 1048576K
}
Event: 20.692 GC heap after
{Heap after GC invocations=14 (full 0):
 garbage-first heap   total 89088K, used 38846K [0x0000000080000000, 0x0000000100000000)
  region size 1024K, 5 young (5120K), 5 survivors (5120K)
 Metaspace       used 47627K, committed 48192K, reserved 1114112K
  class space    used 6765K, committed 7040K, reserved 1048576K
}
Event: 22.312 GC heap before
{Heap before GC invocations=14 (full 0):
 garbage-first heap   total 89088K, used 70590K [0x0000000080000000, 0x0000000100000000)
  region size 1024K, 37 young (37888K), 5 survivors (5120K)
 Metaspace       used 50714K, committed 51200K, reserved 1114112K
  class space    used 7209K, committed 7424K, reserved 1048576K
}
Event: 22.319 GC heap after
{Heap after GC invocations=15 (full 0):
 garbage-first heap   total 89088K, used 41453K [0x0000000080000000, 0x0000000100000000)
  region size 1024K, 5 young (5120K), 5 survivors (5120K)
 Metaspace       used 50714K, committed 51200K, reserved 1114112K
  class space    used 7209K, committed 7424K, reserved 1048576K
}
Event: 23.531 GC heap before
{Heap before GC invocations=15 (full 0):
 garbage-first heap   total 89088K, used 71149K [0x0000000080000000, 0x0000000100000000)
  region size 1024K, 35 young (35840K), 5 survivors (5120K)
 Metaspace       used 51711K, committed 52352K, reserved 1114112K
  class space    used 7315K, committed 7616K, reserved 1048576K
}
Event: 23.542 GC heap after
{Heap after GC invocations=16 (full 0):
 garbage-first heap   total 89088K, used 45203K [0x0000000080000000, 0x0000000100000000)
  region size 1024K, 5 young (5120K), 5 survivors (5120K)
 Metaspace       used 51711K, committed 52352K, reserved 1114112K
  class space    used 7315K, committed 7616K, reserved 1048576K
}
Event: 24.057 GC heap before
{Heap before GC invocations=16 (full 0):
 garbage-first heap   total 89088K, used 70803K [0x0000000080000000, 0x0000000100000000)
  region size 1024K, 30 young (30720K), 5 survivors (5120K)
 Metaspace       used 52044K, committed 52736K, reserved 1114112K
  class space    used 7342K, committed 7680K, reserved 1048576K
}
Event: 24.063 GC heap after
{Heap after GC invocations=17 (full 0):
 garbage-first heap   total 89088K, used 46313K [0x0000000080000000, 0x0000000100000000)
  region size 1024K, 4 young (4096K), 4 survivors (4096K)
 Metaspace       used 52044K, committed 52736K, reserved 1114112K
  class space    used 7342K, committed 7680K, reserved 1048576K
}
Event: 24.509 GC heap before
{Heap before GC invocations=18 (full 0):
 garbage-first heap   total 89088K, used 68841K [0x0000000080000000, 0x0000000100000000)
  region size 1024K, 27 young (27648K), 4 survivors (4096K)
 Metaspace       used 52184K, committed 52800K, reserved 1114112K
  class space    used 7342K, committed 7680K, reserved 1048576K
}
Event: 24.514 GC heap after
{Heap after GC invocations=19 (full 0):
 garbage-first heap   total 89088K, used 46845K [0x0000000080000000, 0x0000000100000000)
  region size 1024K, 3 young (3072K), 3 survivors (3072K)
 Metaspace       used 52184K, committed 52800K, reserved 1114112K
  class space    used 7342K, committed 7680K, reserved 1048576K
}
Event: 24.526 GC heap before
{Heap before GC invocations=19 (full 0):
 garbage-first heap   total 89088K, used 47869K [0x0000000080000000, 0x0000000100000000)
  region size 1024K, 4 young (4096K), 3 survivors (3072K)
 Metaspace       used 52185K, committed 52800K, reserved 1114112K
  class space    used 7342K, committed 7680K, reserved 1048576K
}
Event: 24.530 GC heap after
{Heap after GC invocations=20 (full 0):
 garbage-first heap   total 89088K, used 46375K [0x0000000080000000, 0x0000000100000000)
  region size 1024K, 1 young (1024K), 1 survivors (1024K)
 Metaspace       used 52185K, committed 52800K, reserved 1114112K
  class space    used 7342K, committed 7680K, reserved 1048576K
}
Event: 25.052 GC heap before
{Heap before GC invocations=20 (full 0):
 garbage-first heap   total 89088K, used 68903K [0x0000000080000000, 0x0000000100000000)
  region size 1024K, 24 young (24576K), 1 survivors (1024K)
 Metaspace       used 52249K, committed 52864K, reserved 1114112K
  class space    used 7342K, committed 7680K, reserved 1048576K
}
Event: 25.055 GC heap after
{Heap after GC invocations=21 (full 0):
 garbage-first heap   total 89088K, used 48336K [0x0000000080000000, 0x0000000100000000)
  region size 1024K, 3 young (3072K), 3 survivors (3072K)
 Metaspace       used 52249K, committed 52864K, reserved 1114112K
  class space    used 7342K, committed 7680K, reserved 1048576K
}
Event: 25.296 GC heap before
{Heap before GC invocations=22 (full 0):
 garbage-first heap   total 91136K, used 70864K [0x0000000080000000, 0x0000000100000000)
  region size 1024K, 25 young (25600K), 3 survivors (3072K)
 Metaspace       used 52271K, committed 52928K, reserved 1114112K
  class space    used 7342K, committed 7680K, reserved 1048576K
}
Event: 25.299 GC heap after
{Heap after GC invocations=23 (full 0):
 garbage-first heap   total 91136K, used 48986K [0x0000000080000000, 0x0000000100000000)
  region size 1024K, 3 young (3072K), 3 survivors (3072K)
 Metaspace       used 52271K, committed 52928K, reserved 1114112K
  class space    used 7342K, committed 7680K, reserved 1048576K
}
Event: 25.307 GC heap before
{Heap before GC invocations=23 (full 0):
 garbage-first heap   total 91136K, used 50010K [0x0000000080000000, 0x0000000100000000)
  region size 1024K, 4 young (4096K), 3 survivors (3072K)
 Metaspace       used 52271K, committed 52928K, reserved 1114112K
  class space    used 7342K, committed 7680K, reserved 1048576K
}
Event: 25.309 GC heap after
{Heap after GC invocations=24 (full 0):
 garbage-first heap   total 91136K, used 47353K [0x0000000080000000, 0x0000000100000000)
  region size 1024K, 1 young (1024K), 1 survivors (1024K)
 Metaspace       used 52271K, committed 52928K, reserved 1114112K
  class space    used 7342K, committed 7680K, reserved 1048576K
}
Event: 25.573 GC heap before
{Heap before GC invocations=24 (full 0):
 garbage-first heap   total 91136K, used 71929K [0x0000000080000000, 0x0000000100000000)
  region size 1024K, 26 young (26624K), 1 survivors (1024K)
 Metaspace       used 52274K, committed 52928K, reserved 1114112K
  class space    used 7342K, committed 7680K, reserved 1048576K
}
Event: 25.696 GC heap after
{Heap after GC invocations=25 (full 0):
 garbage-first heap   total 191488K, used 49421K [0x0000000080000000, 0x0000000100000000)
  region size 1024K, 3 young (3072K), 3 survivors (3072K)
 Metaspace       used 52274K, committed 52928K, reserved 1114112K
  class space    used 7342K, committed 7680K, reserved 1048576K
}

Dll operation events (15 events):
Event: 0.038 Loaded shared library C:\Users\perez\.jdks\ms-17.0.18\bin\java.dll
Event: 0.070 Loaded shared library C:\Users\perez\.jdks\ms-17.0.18\bin\jsvml.dll
Event: 0.228 Loaded shared library C:\Users\perez\.jdks\ms-17.0.18\bin\zip.dll
Event: 0.243 Loaded shared library C:\Users\perez\.jdks\ms-17.0.18\bin\instrument.dll
Event: 0.280 Loaded shared library C:\Users\perez\.jdks\ms-17.0.18\bin\net.dll
Event: 0.298 Loaded shared library C:\Users\perez\.jdks\ms-17.0.18\bin\nio.dll
Event: 0.304 Loaded shared library C:\Users\perez\.jdks\ms-17.0.18\bin\zip.dll
Event: 1.874 Loaded shared library C:\Users\perez\.jdks\ms-17.0.18\bin\jimage.dll
Event: 3.134 Loaded shared library C:\Users\perez\.jdks\ms-17.0.18\bin\verify.dll
Event: 4.770 Loaded shared library C:\Users\perez\AndroidStudioProjects\MyApplication\native\1def1411415f61bf3af743bc5b6707747c0891f09f0c88961ee8f79bc544acac\windows-amd64\native-platform.dll
Event: 5.227 Loaded shared library C:\Users\perez\AndroidStudioProjects\MyApplication\native\0.2.7\x86_64-windows-gnu\gradle-fileevents.dll
Event: 9.372 Loaded shared library C:\Users\perez\.jdks\ms-17.0.18\bin\management.dll
Event: 9.382 Loaded shared library C:\Users\perez\.jdks\ms-17.0.18\bin\management_ext.dll
Event: 9.999 Loaded shared library C:\Users\perez\.jdks\ms-17.0.18\bin\extnet.dll
Event: 10.596 Loaded shared library C:\Users\perez\.jdks\ms-17.0.18\bin\sunmscapi.dll

Deoptimization events (20 events):
Event: 26.758 Thread 0x000001df5bc5edc0 Uncommon trap: trap_request=0xffffff45 fr.pc=0x000001df07c9231c relative=0x0000000000006a9c
Event: 26.758 Thread 0x000001df5bc5edc0 Uncommon trap: reason=unstable_if action=reinterpret pc=0x000001df07c9231c method=sun.reflect.annotation.AnnotationParser.parseAnnotations2([BLjdk/internal/reflect/ConstantPool;Ljava/lang/Class;[Ljava/lang/Class;)Ljava/util/Map; @ 71 c2
Event: 26.758 Thread 0x000001df5bc5edc0 DEOPT PACKING pc=0x000001df07c9231c sp=0x00000081d61f75e0
Event: 26.758 Thread 0x000001df5bc5edc0 DEOPT UNPACKING pc=0x000001df075869a3 sp=0x00000081d61f74c0 mode 2
Event: 26.829 Thread 0x000001df5bc5edc0 Uncommon trap: trap_request=0xffffff45 fr.pc=0x000001df07dcfc90 relative=0x0000000000003f90
Event: 26.829 Thread 0x000001df5bc5edc0 Uncommon trap: reason=unstable_if action=reinterpret pc=0x000001df07dcfc90 method=java.util.zip.ZipFile.getInputStream(Ljava/util/zip/ZipEntry;)Ljava/io/InputStream; @ 101 c2
Event: 26.829 Thread 0x000001df5bc5edc0 DEOPT PACKING pc=0x000001df07dcfc90 sp=0x00000081d61f6dd0
Event: 26.829 Thread 0x000001df5bc5edc0 DEOPT UNPACKING pc=0x000001df075869a3 sp=0x00000081d61f6d18 mode 2
Event: 26.833 Thread 0x000001df5bc5edc0 Uncommon trap: trap_request=0xffffffde fr.pc=0x000001df07d07ff0 relative=0x0000000000000870
Event: 26.833 Thread 0x000001df5bc5edc0 Uncommon trap: reason=class_check action=maybe_recompile pc=0x000001df07d07ff0 method=java.io.BufferedInputStream.read1([BII)I @ 39 c2
Event: 26.833 Thread 0x000001df5bc5edc0 DEOPT PACKING pc=0x000001df07d07ff0 sp=0x00000081d61f6e50
Event: 26.833 Thread 0x000001df5bc5edc0 DEOPT UNPACKING pc=0x000001df075869a3 sp=0x00000081d61f6d68 mode 2
Event: 26.833 Thread 0x000001df5bc5edc0 Uncommon trap: trap_request=0xffffffde fr.pc=0x000001df07d07ff0 relative=0x0000000000000870
Event: 26.833 Thread 0x000001df5bc5edc0 Uncommon trap: reason=class_check action=maybe_recompile pc=0x000001df07d07ff0 method=java.io.BufferedInputStream.read1([BII)I @ 39 c2
Event: 26.833 Thread 0x000001df5bc5edc0 DEOPT PACKING pc=0x000001df07d07ff0 sp=0x00000081d61f6e50
Event: 26.833 Thread 0x000001df5bc5edc0 DEOPT UNPACKING pc=0x000001df075869a3 sp=0x00000081d61f6d68 mode 2
Event: 26.833 Thread 0x000001df5bc5edc0 Uncommon trap: trap_request=0xffffffde fr.pc=0x000001df07d07ff0 relative=0x0000000000000870
Event: 26.833 Thread 0x000001df5bc5edc0 Uncommon trap: reason=class_check action=maybe_recompile pc=0x000001df07d07ff0 method=java.io.BufferedInputStream.read1([BII)I @ 39 c2
Event: 26.833 Thread 0x000001df5bc5edc0 DEOPT PACKING pc=0x000001df07d07ff0 sp=0x00000081d61f6e50
Event: 26.833 Thread 0x000001df5bc5edc0 DEOPT UNPACKING pc=0x000001df075869a3 sp=0x00000081d61f6d68 mode 2

Classes loaded (20 events):
Event: 21.469 Loading class sun/reflect/ReflectionFactory$1
Event: 21.469 Loading class sun/reflect/ReflectionFactory$1 done
Event: 22.527 Loading class java/util/Collections$ReverseComparator
Event: 22.528 Loading class java/util/Collections$ReverseComparator done
Event: 22.528 Loading class java/util/Collections$ReverseComparator2
Event: 22.528 Loading class java/util/Collections$ReverseComparator2 done
Event: 22.755 Loading class java/util/LinkedList$LLSpliterator
Event: 22.755 Loading class java/util/LinkedList$LLSpliterator done
Event: 24.274 Loading class jdk/internal/access/foreign/MemorySegmentProxy
Event: 24.276 Loading class jdk/internal/access/foreign/MemorySegmentProxy done
Event: 25.998 Loading class java/util/stream/SortedOps$RefSortingSink
Event: 25.998 Loading class java/util/stream/SortedOps$RefSortingSink done
Event: 26.008 Loading class java/time/Ser
Event: 26.008 Loading class java/time/Ser done
Event: 26.661 Loading class java/lang/ProcessBuilder
Event: 26.661 Loading class java/lang/ProcessBuilder done
Event: 26.724 Loading class sun/misc/SharedSecrets
Event: 26.724 Loading class sun/misc/SharedSecrets done
Event: 26.728 Loading class jdk/internal/reflect/UnsafeObjectFieldAccessorImpl
Event: 26.728 Loading class jdk/internal/reflect/UnsafeObjectFieldAccessorImpl done

Classes unloaded (0 events):
No events

Classes redefined (0 events):
No events

Internal exceptions (20 events):
Event: 25.560 Thread 0x000001df5ea4a5f0 Implicit null exception at 0x000001df07eaa364 to 0x000001df07eaabc0
Event: 25.560 Thread 0x000001df5ea48790 Implicit null exception at 0x000001df07eaa364 to 0x000001df07eaabc0
Event: 25.804 Thread 0x000001df5ea48790 Implicit null exception at 0x000001df07ec0ac5 to 0x000001df07ec11a8
Event: 25.997 Thread 0x000001df5bc5edc0 Exception <a 'java/lang/NoSuchMethodError'{0x0000000089e89768}: 'long java.lang.invoke.DirectMethodHandle$Holder.invokeVirtual(java.lang.Object, java.lang.Object)'> (0x0000000089e89768) 
thrown [s\src\hotspot\share\interpreter\linkResolver.cpp, line 759]
Event: 26.001 Thread 0x000001df5bc5f7e0 Exception <a 'java/lang/NoSuchMethodError'{0x0000000089ec4710}: static Lorg/gradle/internal/build/event/types/DefaultOperationFinishedProgressEvent;.<clinit>()V> (0x0000000089ec4710) 
thrown [s\src\hotspot\share\prims\jni.cpp, line 1112]
Event: 26.003 Thread 0x000001df5bc5f7e0 Exception <a 'java/lang/NoSuchMethodError'{0x0000000089eeeb08}: static Lorg/gradle/internal/build/event/types/DefaultProjectConfigurationSuccessResult;.<clinit>()V> (0x0000000089eeeb08) 
thrown [s\src\hotspot\share\prims\jni.cpp, line 1112]
Event: 26.004 Thread 0x000001df5bc5f7e0 Exception <a 'java/lang/NoSuchMethodError'{0x0000000089ef34e8}: static Lorg/gradle/internal/build/event/types/AbstractProjectConfigurationResult;.<clinit>()V> (0x0000000089ef34e8) 
thrown [s\src\hotspot\share\prims\jni.cpp, line 1112]
Event: 26.004 Thread 0x000001df5bc5f7e0 Exception <a 'java/lang/NoSuchMethodError'{0x0000000089ef4c30}: static Lorg/gradle/internal/build/event/types/AbstractOperationResult;.<clinit>()V> (0x0000000089ef4c30) 
thrown [s\src\hotspot\share\prims\jni.cpp, line 1112]
Event: 26.004 Thread 0x000001df5bc5f7e0 Exception <a 'java/lang/NoSuchMethodError'{0x0000000089ef6080}: static Lorg/gradle/internal/build/event/types/AbstractResult;.<clinit>()V> (0x0000000089ef6080) 
thrown [s\src\hotspot\share\prims\jni.cpp, line 1112]
Event: 26.006 Thread 0x000001df5bc5f7e0 Exception <a 'java/lang/NoSuchMethodError'{0x0000000089d4dba8}: static Lorg/gradle/internal/build/event/types/DefaultPluginApplicationResult;.<clinit>()V> (0x0000000089d4dba8) 
thrown [s\src\hotspot\share\prims\jni.cpp, line 1112]
Event: 26.007 Thread 0x000001df5bc5f7e0 Exception <a 'java/lang/NoSuchMethodError'{0x0000000089d5a9a0}: static Lorg/gradle/internal/build/event/types/DefaultBinaryPluginIdentifier;.<clinit>()V> (0x0000000089d5a9a0) 
thrown [s\src\hotspot\share\prims\jni.cpp, line 1112]
Event: 26.010 Thread 0x000001df5bc5f7e0 Exception <a 'java/lang/NoSuchMethodError'{0x0000000089d74598}: static Lorg/gradle/internal/build/event/types/DefaultScriptPluginIdentifier;.<clinit>()V> (0x0000000089d74598) 
thrown [s\src\hotspot\share\prims\jni.cpp, line 1112]
Event: 26.246 Thread 0x000001df5bc5edc0 Implicit null exception at 0x000001df07b16a0f to 0x000001df07b17034
Event: 26.246 Thread 0x000001df5bc5edc0 Implicit null exception at 0x000001df07bc8a14 to 0x000001df07bc904c
Event: 26.652 Thread 0x000001df5bc5edc0 Exception <a 'java/lang/NoSuchMethodError'{0x0000000088e987a8}: 'void java.lang.invoke.Invokers$Holder.invoke_MT(java.lang.Object, java.lang.Object, java.lang.Object, java.lang.Object)'> (0x0000000088e987a8) 
thrown [s\src\hotspot\share\interpreter\linkResolver.cpp, line 759]
Event: 26.661 Thread 0x000001df5bc5edc0 Exception <a 'java/lang/NoSuchMethodError'{0x0000000088d0e600}: 'java.lang.Object java.lang.invoke.DirectMethodHandle$Holder.invokeStaticInit(java.lang.Object, java.lang.Object, java.lang.Object, java.lang.Object, java.lang.Object, java.lang.Object, java.lang.Object)'> (0x0000000088d0e600) 
thrown [s\src\hotspot\share\interpreter\linkResolver.cpp, line 759]
Event: 26.665 Thread 0x000001df5bc5edc0 Exception <a 'java/lang/NoSuchMethodError'{0x0000000088d38280}: 'java.lang.Object java.lang.invoke.DirectMethodHandle$Holder.invokeSpecial(java.lang.Object, java.lang.Object, java.lang.Object, int, java.lang.Object, java.lang.Object)'> (0x0000000088d38280) 
thrown [s\src\hotspot\share\interpreter\linkResolver.cpp, line 759]
Event: 26.724 Thread 0x000001df5bc5edc0 Exception <a 'java/lang/ClassNotFoundException'{0x0000000088a07630}: sun/misc/SharedSecrets> (0x0000000088a07630) 
thrown [s\src\hotspot\share\classfile\systemDictionary.cpp, line 256]
Event: 26.724 Thread 0x000001df5bc5edc0 Exception <a 'java/lang/ClassNotFoundException'{0x0000000088a08c08}: org/gradle/api/internal/plugins/DefaultObjectConfigurationActionBeanInfo> (0x0000000088a08c08) 
thrown [s\src\hotspot\share\classfile\systemDictionary.cpp, line 256]
Event: 26.725 Thread 0x000001df5bc5edc0 Exception <a 'java/lang/ClassNotFoundException'{0x0000000088a1e620}: org/gradle/api/internal/plugins/DefaultObjectConfigurationActionCustomizer> (0x0000000088a1e620) 
thrown [s\src\hotspot\share\classfile\systemDictionary.cpp, line 256]

VM Operations (20 events):
Event: 25.108 Executing VM operation: G1PauseRemark done
Event: 25.129 Executing VM operation: G1PauseCleanup
Event: 25.129 Executing VM operation: G1PauseCleanup done
Event: 25.296 Executing VM operation: G1CollectForAllocation
Event: 25.300 Executing VM operation: G1CollectForAllocation done
Event: 25.306 Executing VM operation: G1CollectForAllocation
Event: 25.309 Executing VM operation: G1CollectForAllocation done
Event: 25.573 Executing VM operation: G1CollectForAllocation
Event: 25.697 Executing VM operation: G1CollectForAllocation done
Event: 25.749 Executing VM operation: G1PauseRemark
Event: 25.757 Executing VM operation: G1PauseRemark done
Event: 25.778 Executing VM operation: G1PauseCleanup
Event: 25.778 Executing VM operation: G1PauseCleanup done
Event: 26.374 Executing VM operation: ICBufferFull
Event: 26.374 Executing VM operation: ICBufferFull done
Event: 26.383 Executing VM operation: HandshakeAllThreads
Event: 26.383 Executing VM operation: HandshakeAllThreads done
Event: 26.758 Executing VM operation: HandshakeAllThreads
Event: 26.758 Executing VM operation: HandshakeAllThreads done
Event: 27.771 Executing VM operation: Cleanup

Memory protections (0 events):
No events

Nmethod flushes (20 events):
Event: 20.305 Thread 0x000001df155e9c80 flushing  nmethod 0x000001df00859090
Event: 20.305 Thread 0x000001df155e9c80 flushing  nmethod 0x000001df00859b90
Event: 20.306 Thread 0x000001df155e9c80 flushing  nmethod 0x000001df008adc90
Event: 20.306 Thread 0x000001df155e9c80 flushing  nmethod 0x000001df00906b90
Event: 20.306 Thread 0x000001df155e9c80 flushing  nmethod 0x000001df00918a90
Event: 20.307 Thread 0x000001df155e9c80 flushing  nmethod 0x000001df00921490
Event: 20.307 Thread 0x000001df155e9c80 flushing  nmethod 0x000001df00928810
Event: 20.307 Thread 0x000001df155e9c80 flushing  nmethod 0x000001df00929090
Event: 20.307 Thread 0x000001df155e9c80 flushing  nmethod 0x000001df00929390
Event: 20.307 Thread 0x000001df155e9c80 flushing  nmethod 0x000001df00937990
Event: 20.307 Thread 0x000001df155e9c80 flushing  nmethod 0x000001df00938810
Event: 20.307 Thread 0x000001df155e9c80 flushing  nmethod 0x000001df00939790
Event: 20.307 Thread 0x000001df155e9c80 flushing  nmethod 0x000001df0093a690
Event: 20.307 Thread 0x000001df155e9c80 flushing  nmethod 0x000001df0093d290
Event: 20.307 Thread 0x000001df155e9c80 flushing  nmethod 0x000001df0093e490
Event: 20.307 Thread 0x000001df155e9c80 flushing  nmethod 0x000001df0093f490
Event: 20.307 Thread 0x000001df155e9c80 flushing  nmethod 0x000001df00964a10
Event: 20.307 Thread 0x000001df155e9c80 flushing  nmethod 0x000001df0096ef90
Event: 26.760 Thread 0x000001df155e9c80 flushing  nmethod 0x000001df07cd5a90
Event: 26.766 Thread 0x000001df155e9c80 flushing  nmethod 0x000001df0052bd10

Events (20 events):
Event: 22.806 Thread 0x000001df5bc5edc0 Thread added: 0x000001df5d615490
Event: 22.807 Thread 0x000001df5bc5edc0 Thread added: 0x000001df5d6159a0
Event: 22.807 Thread 0x000001df5bc5edc0 Thread added: 0x000001df5d6172f0
Event: 22.808 Thread 0x000001df5bc5edc0 Thread added: 0x000001df5d613b40
Event: 22.808 Thread 0x000001df5bc5edc0 Thread added: 0x000001df5d618c40
Event: 23.251 Thread 0x000001df5bc5edc0 Thread added: 0x000001df5d61aaa0
Event: 23.254 Thread 0x000001df5bc5edc0 Thread added: 0x000001df5d617d10
Event: 23.256 Thread 0x000001df5bc5edc0 Thread added: 0x000001df5d618220
Event: 23.268 Thread 0x000001df5bc5edc0 Thread added: 0x000001df5d619150
Event: 23.270 Thread 0x000001df5bc5edc0 Thread added: 0x000001df5d619660
Event: 23.274 Thread 0x000001df5bc5edc0 Thread added: 0x000001df5d619b70
Event: 23.277 Thread 0x000001df5bc5edc0 Thread added: 0x000001df5d618730
Event: 24.008 Thread 0x000001df5bc5edc0 Thread added: 0x000001df5d61afb0
Event: 24.010 Thread 0x000001df5bc5edc0 Thread added: 0x000001df5d617800
Event: 24.011 Thread 0x000001df5bc5edc0 Thread added: 0x000001df5d61a590
Event: 24.012 Thread 0x000001df5bc5edc0 Thread added: 0x000001df5ea4b520
Event: 24.013 Thread 0x000001df5bc5edc0 Thread added: 0x000001df5ea47d70
Event: 24.014 Thread 0x000001df5bc5edc0 Thread added: 0x000001df5ea48790
Event: 24.015 Thread 0x000001df5bc5edc0 Thread added: 0x000001df5ea4a5f0
Event: 26.870 Thread 0x000001df5e01f570 Thread exited: 0x000001df5e01f570


Dynamic libraries:
0x00007ff6a3520000 - 0x00007ff6a352e000 	C:\Users\perez\.jdks\ms-17.0.18\bin\java.exe
0x00007ffcc1c40000 - 0x00007ffcc1ea7000 	C:\WINDOWS\SYSTEM32\ntdll.dll
0x00007ffcc1440000 - 0x00007ffcc1509000 	C:\WINDOWS\System32\KERNEL32.DLL
0x00007ffcbf5e0000 - 0x00007ffcbf9d1000 	C:\WINDOWS\System32\KERNELBASE.dll
0x00007ffcbf1c0000 - 0x00007ffcbf30b000 	C:\WINDOWS\System32\ucrtbase.dll
0x00007ffc78bd0000 - 0x00007ffc78be8000 	C:\Users\perez\.jdks\ms-17.0.18\bin\jli.dll
0x00007ffcc04a0000 - 0x00007ffcc0665000 	C:\WINDOWS\System32\USER32.dll
0x00007ffcbf440000 - 0x00007ffcbf467000 	C:\WINDOWS\System32\win32u.dll
0x00007ffcbff00000 - 0x00007ffcbff2b000 	C:\WINDOWS\System32\GDI32.dll
0x00007ffcbf310000 - 0x00007ffcbf43b000 	C:\WINDOWS\System32\gdi32full.dll
0x00007ffcbf530000 - 0x00007ffcbf5d3000 	C:\WINDOWS\System32\msvcp_win.dll
0x00007ffc78410000 - 0x00007ffc7842e000 	C:\Users\perez\.jdks\ms-17.0.18\bin\VCRUNTIME140.dll
0x00007ffca1900000 - 0x00007ffca1b93000 	C:\WINDOWS\WinSxS\amd64_microsoft.windows.common-controls_6595b64144ccf1df_6.0.26100.8037_none_3e092faae333b53b\COMCTL32.dll
0x00007ffcbffb0000 - 0x00007ffcc0059000 	C:\WINDOWS\System32\msvcrt.dll
0x00007ffcc01d0000 - 0x00007ffcc0201000 	C:\WINDOWS\System32\IMM32.DLL
0x00007ffc78710000 - 0x00007ffc7871c000 	C:\Users\perez\.jdks\ms-17.0.18\bin\vcruntime140_1.dll
0x00007ffc65c00000 - 0x00007ffc65c89000 	C:\Users\perez\.jdks\ms-17.0.18\bin\msvcp140.dll
0x00007ffb979a0000 - 0x00007ffb9861a000 	C:\Users\perez\.jdks\ms-17.0.18\bin\server\jvm.dll
0x00007ffcc1590000 - 0x00007ffcc164b000 	C:\WINDOWS\System32\ADVAPI32.dll
0x00007ffcbfa90000 - 0x00007ffcbfb37000 	C:\WINDOWS\System32\sechost.dll
0x00007ffcbfc00000 - 0x00007ffcbfd18000 	C:\WINDOWS\System32\RPCRT4.dll
0x00007ffcbff30000 - 0x00007ffcbffa4000 	C:\WINDOWS\System32\WS2_32.dll
0x00007ffcb8930000 - 0x00007ffcb8965000 	C:\WINDOWS\SYSTEM32\WINMM.dll
0x00007ffcbe380000 - 0x00007ffcbe3de000 	C:\WINDOWS\SYSTEM32\POWRPROF.dll
0x00007ffcb8970000 - 0x00007ffcb897b000 	C:\WINDOWS\SYSTEM32\VERSION.dll
0x00007ffcbe360000 - 0x00007ffcbe374000 	C:\WINDOWS\SYSTEM32\UMPDC.dll
0x00007ffcbd2b0000 - 0x00007ffcbd2cb000 	C:\WINDOWS\SYSTEM32\kernel.appcore.dll
0x00007ffc784e0000 - 0x00007ffc784ea000 	C:\Users\perez\.jdks\ms-17.0.18\bin\jimage.dll
0x00007ffcb32c0000 - 0x00007ffcb3502000 	C:\WINDOWS\SYSTEM32\DBGHELP.DLL
0x00007ffcc1650000 - 0x00007ffcc19d2000 	C:\WINDOWS\System32\combase.dll
0x00007ffcc0210000 - 0x00007ffcc02e7000 	C:\WINDOWS\System32\OLEAUT32.dll
0x00007ffca0680000 - 0x00007ffca06bb000 	C:\WINDOWS\SYSTEM32\dbgcore.DLL
0x00007ffcbe5b0000 - 0x00007ffcbe655000 	C:\WINDOWS\System32\bcryptPrimitives.dll
0x00007ffc78de0000 - 0x00007ffc78def000 	C:\Users\perez\.jdks\ms-17.0.18\bin\instrument.dll
0x00007ffc783d0000 - 0x00007ffc783f6000 	C:\Users\perez\.jdks\ms-17.0.18\bin\java.dll
0x00007ffc46e80000 - 0x00007ffc46f56000 	C:\Users\perez\.jdks\ms-17.0.18\bin\jsvml.dll
0x00007ffcc0cc0000 - 0x00007ffcc141f000 	C:\WINDOWS\System32\SHELL32.dll
0x00007ffcbeed0000 - 0x00007ffcbf03a000 	C:\WINDOWS\System32\wintypes.dll
0x00007ffcbe660000 - 0x00007ffcbeec4000 	C:\WINDOWS\System32\windows.storage.dll
0x00007ffcc00d0000 - 0x00007ffcc01c7000 	C:\WINDOWS\System32\SHCORE.dll
0x00007ffcc0060000 - 0x00007ffcc00c7000 	C:\WINDOWS\System32\shlwapi.dll
0x00007ffcbe440000 - 0x00007ffcbe469000 	C:\WINDOWS\SYSTEM32\profapi.dll
0x00007ffc783b0000 - 0x00007ffc783c8000 	C:\Users\perez\.jdks\ms-17.0.18\bin\zip.dll
0x00007ffc78390000 - 0x00007ffc783ab000 	C:\Users\perez\.jdks\ms-17.0.18\bin\net.dll
0x00007ffcb5ad0000 - 0x00007ffcb5bf7000 	C:\WINDOWS\SYSTEM32\WINHTTP.dll
0x00007ffcbd820000 - 0x00007ffcbd88b000 	C:\WINDOWS\system32\mswsock.dll
0x00007ffc76ac0000 - 0x00007ffc76ad6000 	C:\Users\perez\.jdks\ms-17.0.18\bin\nio.dll
0x00007ffc65e60000 - 0x00007ffc65e70000 	C:\Users\perez\.jdks\ms-17.0.18\bin\verify.dll
0x00007ffc76b00000 - 0x00007ffc76b27000 	C:\Users\perez\AndroidStudioProjects\MyApplication\native\1def1411415f61bf3af743bc5b6707747c0891f09f0c88961ee8f79bc544acac\windows-amd64\native-platform.dll
0x00007ffc646e0000 - 0x00007ffc64758000 	C:\Users\perez\AndroidStudioProjects\MyApplication\native\0.2.7\x86_64-windows-gnu\gradle-fileevents.dll
0x00007ffc65e50000 - 0x00007ffc65e5a000 	C:\Users\perez\.jdks\ms-17.0.18\bin\management.dll
0x00007ffc65e40000 - 0x00007ffc65e4c000 	C:\Users\perez\.jdks\ms-17.0.18\bin\management_ext.dll
0x00007ffcc02f0000 - 0x00007ffcc02f8000 	C:\WINDOWS\System32\PSAPI.DLL
0x00007ffcbcc80000 - 0x00007ffcbccb3000 	C:\WINDOWS\SYSTEM32\IPHLPAPI.DLL
0x00007ffcc0cb0000 - 0x00007ffcc0cba000 	C:\WINDOWS\System32\NSI.dll
0x00007ffcb8910000 - 0x00007ffcb892d000 	C:\WINDOWS\SYSTEM32\dhcpcsvc6.DLL
0x00007ffcb8840000 - 0x00007ffcb8863000 	C:\WINDOWS\SYSTEM32\dhcpcsvc.DLL
0x00007ffcbcce0000 - 0x00007ffcbce0a000 	C:\WINDOWS\SYSTEM32\DNSAPI.dll
0x00007ffc65bf0000 - 0x00007ffc65bf9000 	C:\Users\perez\.jdks\ms-17.0.18\bin\extnet.dll
0x00007ffcbdb00000 - 0x00007ffcbdb1b000 	C:\WINDOWS\SYSTEM32\CRYPTSP.dll
0x00007ffcbd210000 - 0x00007ffcbd249000 	C:\WINDOWS\system32\rsaenh.dll
0x00007ffcbd8d0000 - 0x00007ffcbd902000 	C:\WINDOWS\SYSTEM32\USERENV.dll
0x00007ffcbe410000 - 0x00007ffcbe43a000 	C:\WINDOWS\SYSTEM32\bcrypt.dll
0x00007ffcbdb20000 - 0x00007ffcbdb2c000 	C:\WINDOWS\SYSTEM32\CRYPTBASE.dll
0x00007ffc78dd0000 - 0x00007ffc78dde000 	C:\Users\perez\.jdks\ms-17.0.18\bin\sunmscapi.dll
0x00007ffcbf040000 - 0x00007ffcbf1b7000 	C:\WINDOWS\System32\CRYPT32.dll
0x00007ffcbdd20000 - 0x00007ffcbdd50000 	C:\WINDOWS\SYSTEM32\ncrypt.dll
0x00007ffcbdcd0000 - 0x00007ffcbdd0f000 	C:\WINDOWS\SYSTEM32\NTASN1.dll
0x00007ffc94b60000 - 0x00007ffc94b68000 	C:\WINDOWS\system32\wshunix.dll

dbghelp: loaded successfully - version: 4.0.5 - missing functions: none
symbol engine: initialized successfully - sym options: 0x614 - pdb path: .;C:\Users\perez\.jdks\ms-17.0.18\bin;C:\WINDOWS\SYSTEM32;C:\WINDOWS\WinSxS\amd64_microsoft.windows.common-controls_6595b64144ccf1df_6.0.26100.8037_none_3e092faae333b53b;C:\Users\perez\.jdks\ms-17.0.18\bin\server;C:\Users\perez\AndroidStudioProjects\MyApplication\native\1def1411415f61bf3af743bc5b6707747c0891f09f0c88961ee8f79bc544acac\windows-amd64;C:\Users\perez\AndroidStudioProjects\MyApplication\native\0.2.7\x86_64-windows-gnu

VM Arguments:
jvm_args: --add-opens=java.base/java.lang=ALL-UNNAMED --add-opens=java.base/java.lang.invoke=ALL-UNNAMED --add-opens=java.base/java.util=ALL-UNNAMED --add-opens=java.prefs/java.util.prefs=ALL-UNNAMED --add-exports=jdk.compiler/com.sun.tools.javac.api=ALL-UNNAMED --add-exports=jdk.compiler/com.sun.tools.javac.util=ALL-UNNAMED --add-opens=java.base/java.util=ALL-UNNAMED --add-opens=java.prefs/java.util.prefs=ALL-UNNAMED --add-opens=java.base/java.nio.charset=ALL-UNNAMED --add-opens=java.base/java.net=ALL-UNNAMED --add-opens=java.base/java.util.concurrent.atomic=ALL-UNNAMED --add-opens=java.xml/javax.xml.namespace=ALL-UNNAMED -Xmx2048m -Dfile.encoding=UTF-8 -Duser.country=CO -Duser.language=es -Duser.variant -javaagent:C:\Users\perez\AndroidStudioProjects\MyApplication\wrapper\dists\gradle-8.13-bin\5xuhj0ry160q40clulazy9h7d\gradle-8.13\lib\agents\gradle-instrumentation-agent-8.13.jar 
java_command: org.gradle.launcher.daemon.bootstrap.GradleDaemon 8.13
java_class_path (initial): C:\Users\perez\AndroidStudioProjects\MyApplication\wrapper\dists\gradle-8.13-bin\5xuhj0ry160q40clulazy9h7d\gradle-8.13\lib\gradle-daemon-main-8.13.jar
Launcher Type: SUN_STANDARD

[Global flags]
     intx CICompilerCount                          = 4                                         {product} {ergonomic}
     uint ConcGCThreads                            = 2                                         {product} {ergonomic}
     uint G1ConcRefinementThreads                  = 8                                         {product} {ergonomic}
   size_t G1HeapRegionSize                         = 1048576                                   {product} {ergonomic}
    uintx GCDrainStackTargetSize                   = 64                                        {product} {ergonomic}
   size_t InitialHeapSize                          = 123731968                                 {product} {ergonomic}
   size_t MarkStackSize                            = 4194304                                   {product} {ergonomic}
   size_t MaxHeapSize                              = 2147483648                                {product} {command line}
   size_t MaxNewSize                               = 1287651328                                {product} {ergonomic}
   size_t MinHeapDeltaBytes                        = 1048576                                   {product} {ergonomic}
   size_t MinHeapSize                              = 8388608                                   {product} {ergonomic}
    uintx NonNMethodCodeHeapSize                   = 5839372                                {pd product} {ergonomic}
    uintx NonProfiledCodeHeapSize                  = 122909434                              {pd product} {ergonomic}
    uintx ProfiledCodeHeapSize                     = 122909434                              {pd product} {ergonomic}
    uintx ReservedCodeCacheSize                    = 251658240                              {pd product} {ergonomic}
     bool SegmentedCodeCache                       = true                                      {product} {ergonomic}
   size_t SoftMaxHeapSize                          = 2147483648                             {manageable} {ergonomic}
     bool UseCompressedClassPointers               = true                           {product lp64_product} {ergonomic}
     bool UseCompressedOops                        = true                           {product lp64_product} {ergonomic}
     bool UseG1GC                                  = true                                      {product} {ergonomic}
     bool UseLargePagesIndividualAllocation        = false                                  {pd product} {ergonomic}

Logging:
Log output configuration:
 #0: stdout all=warning uptime,level,tags
 #1: stderr all=off uptime,level,tags

Environment Variables:
PATH=C:\Program Files\dotnet\;C:\ORECLE\dbhomeXE\bin;C:\app\perez\product\21c\dbhomeXE\bin;C:\Program Files\Common Files\Oracle\Java\javapath;C:\Program Files (x86)\Common Files\Oracle\Java\javapath;C:\WINDOWS\system32;C:\WINDOWS;C:\WINDOWS\System32\Wbem;C:\WINDOWS\System32\WindowsPowerShell\v1.0\;C:\WINDOWS\System32\OpenSSH\;C:\Program Files\HP\HP One Agent;C:\Program Files (x86)\Microsoft SQL Server\160\Tools\Binn\;C:\Program Files\Microsoft SQL Server\160\Tools\Binn\;C:\Program Files\Microsoft SQL Server\Client SDK\ODBC\170\Tools\Binn\;C:\Program Files\Microsoft SQL Server\160\DTS\Binn\;C:\Program Files (x86)\Microsoft SQL Server\160\DTS\Binn\;C:\Program Files\Microsoft SQL Server\150\Tools\Binn\;C:\xampp\php;C:\ProgramData\ComposerSetup\bin;C:\flutter\bin;C:\Users\perez\AppData\Local\Android\Sdk\platform-tools;C:\Program Files\Git\cmd;C:\Program Files\nodejs\;C:\WINDOWS\system32;C:\WINDOWS;C:\WINDOWS\System32\Wbem;C:\WINDOWS\System32\WindowsPowerShell\v1.0\;C:\WINDOWS\System32\OpenSSH\;C:\Program Files\ngrok;C:\Program Files\cursor\resources\app\bin;C:\Users\perez\.config\herd\bin\nvm;C:\Program Files\nodejs;C:\Users\perez\.config\herd\bin;C:\Users\perez\AppData\Local\Programs\Python\Python313\Scripts\;C:\Users\perez\AppData\Local\Programs\Python\Python313\;C:\Users\perez\AppData\Local\Programs\oh-my-posh\bin\;C:\Program Files\MySQL\MySQL Shell 8.0\bin\;C:\xampp\php\php.exe;C:\Users\perez\AppData\Local\Programs\Microsoft VS Code\bin;C:\Users\perez\AppData\Roaming\Composer\vendor\bin;C:\Users\perez\AppData\Local\GitHubDesktop\bin;C:\Users\perez\.dotnet\tools;C:\Users\perez\.deno\bin;C:\Users\perez\AppData\Roaming\npm;C:\Users\perez\AppData\Local\Microsoft\WindowsApps;C:\ngrok;C:\Users\perez\AppData\Local\Programs\Antigravity\bin;C:\Users\perez\AppData\Local\Programs\Ollama
USERNAME=perez
OS=Windows_NT
PROCESSOR_IDENTIFIER=AMD64 Family 23 Model 104 Stepping 1, AuthenticAMD
TMP=C:\Users\perez\AppData\Local\Temp
TEMP=C:\Users\perez\AppData\Local\Temp



Periodic native trim disabled


---------------  S Y S T E M  ---------------

OS:
 Windows 11 , 64 bit Build 26100 (10.0.26100.7920)
OS uptime: 0 days 5:20 hours
Hyper-V role detected

CPU: total 8 (initial active 8) (8 cores per cpu, 2 threads per core) family 23 model 104 stepping 1 microcode 0x8608107, cx8, cmov, fxsr, ht, mmx, 3dnowpref, sse, sse2, sse3, ssse3, sse4a, sse4.1, sse4.2, popcnt, lzcnt, tsc, tscinvbit, avx, avx2, aes, clmul, bmi1, bmi2, adx, sha, fma, vzeroupper, clflush, clflushopt, hv
Processor Information for the first 8 processors :
  Max Mhz: 2600, Current Mhz: 2600, Mhz Limit: 2600

Memory: 4k page, system-wide physical 7502M (457M free)
TotalPageFile size 30030M (AvailPageFile size 27M)
current process WorkingSet (physical memory assigned to process): 277M, peak: 277M
current process commit charge ("private bytes"): 399M, peak: 423M

vm_info: OpenJDK 64-Bit Server VM (17.0.18+8-LTS) for windows-amd64 JRE (17.0.18+8-LTS), built on Jan 15 2026 18:50:45 by "MicrosoftCorporation" with MS VC++ 17.14 (VS2022)

END.
