#
# There is insufficient memory for the Java Runtime Environment to continue.
# Native memory allocation (malloc) failed to allocate 3644096 bytes. Error detail: Chunk::new
# Possible reasons:
#   The system is out of physical RAM or swap space
#   This process is running with CompressedOops enabled, and the Java Heap may be blocking the growth of the native heap
# Possible solutions:
#   Reduce memory load on the system
#   Increase physical memory or swap space
#   Check if swap backing store is full
#   Decrease Java heap size (-Xmx/-Xms)
#   Decrease number of Java threads
#   Decrease Java thread stack sizes (-Xss)
#   Set larger code cache with -XX:ReservedCodeCacheSize=
#   JVM is running with Unscaled Compressed Oops mode in which the Java heap is
#     placed in the first 4GB address space. The Java Heap base address is the
#     maximum limit for the native heap growth. Please use -XX:HeapBaseMinAddress
#     to set the Java Heap base and to place the Java Heap above 4GB virtual address.
# This output file may be truncated or incomplete.
#
#  Out of Memory Error (arena.cpp:191), pid=28196, tid=24612
#
# JRE version: OpenJDK Runtime Environment Microsoft-13106358 (17.0.18+8) (build 17.0.18+8-LTS)
# Java VM: OpenJDK 64-Bit Server VM Microsoft-13106358 (17.0.18+8-LTS, mixed mode, sharing, tiered, compressed oops, compressed class ptrs, g1 gc, windows-amd64)
# No core dump will be written. Minidumps are not enabled by default on client versions of Windows
#

---------------  S U M M A R Y ------------

Command Line: --add-opens=java.base/java.lang=ALL-UNNAMED --add-opens=java.base/java.lang.invoke=ALL-UNNAMED --add-opens=java.base/java.util=ALL-UNNAMED --add-opens=java.prefs/java.util.prefs=ALL-UNNAMED --add-exports=jdk.compiler/com.sun.tools.javac.api=ALL-UNNAMED --add-exports=jdk.compiler/com.sun.tools.javac.util=ALL-UNNAMED --add-opens=java.base/java.util=ALL-UNNAMED --add-opens=java.prefs/java.util.prefs=ALL-UNNAMED --add-opens=java.base/java.nio.charset=ALL-UNNAMED --add-opens=java.base/java.net=ALL-UNNAMED --add-opens=java.base/java.util.concurrent.atomic=ALL-UNNAMED --add-opens=java.xml/javax.xml.namespace=ALL-UNNAMED -Xmx2048m -Dfile.encoding=UTF-8 -Duser.country=CO -Duser.language=es -Duser.variant -javaagent:C:\Users\perez\AndroidStudioProjects\MyApplication\wrapper\dists\gradle-8.13-bin\5xuhj0ry160q40clulazy9h7d\gradle-8.13\lib\agents\gradle-instrumentation-agent-8.13.jar org.gradle.launcher.daemon.bootstrap.GradleDaemon 8.13

Host: AMD Ryzen 3 5300U with Radeon Graphics         , 8 cores, 7G,  Windows 11 , 64 bit Build 26100 (10.0.26100.7920)
Time: Fri Mar 20 17:03:58 2026 Hora est. Pacífico, Sudamérica elapsed time: 75.092221 seconds (0d 0h 1m 15s)

---------------  T H R E A D  ---------------

Current thread (0x000001fcff797cb0):  JavaThread "C2 CompilerThread0" daemon [_thread_in_native, id=24612, stack(0x0000001b0cf00000,0x0000001b0d000000)]


Current CompileTask:
C2:75092 15389 %     4       com.android.tools.r8.internal.vd::a @ 3319 (4363 bytes)

Stack: [0x0000001b0cf00000,0x0000001b0d000000]
Native frames: (J=compiled Java code, j=interpreted, Vv=VM code, C=native code)
V  [jvm.dll+0x68c879]  (no source info available)
V  [jvm.dll+0x845979]  (no source info available)
V  [jvm.dll+0x8476e8]  (no source info available)
V  [jvm.dll+0x847d73]  (no source info available)
V  [jvm.dll+0x24cf6f]  (no source info available)
V  [jvm.dll+0xaecb6]  (no source info available)
V  [jvm.dll+0xaf35c]  (no source info available)
V  [jvm.dll+0x37174e]  (no source info available)
V  [jvm.dll+0x1c08f9]  (no source info available)
V  [jvm.dll+0x21e080]  (no source info available)
V  [jvm.dll+0x21d36d]  (no source info available)
V  [jvm.dll+0x1a8ce6]  (no source info available)
V  [jvm.dll+0x22db1b]  (no source info available)
V  [jvm.dll+0x22bca6]  (no source info available)
V  [jvm.dll+0x7fbabb]  (no source info available)
V  [jvm.dll+0x7f5ebc]  (no source info available)
V  [jvm.dll+0x68de17]  (no source info available)
C  [ucrtbase.dll+0x37b0]  (no source info available)
C  [KERNEL32.DLL+0x2e8d7]  (no source info available)
C  [ntdll.dll+0x8c48c]  (no source info available)


---------------  P R O C E S S  ---------------

Threads class SMR info:
_java_thread_list=0x000001fcce03f620, length=133, elements={
0x000001fce72c1210, 0x000001fcff777330, 0x000001fcff777e00, 0x000001fcff792620,
0x000001fcff794f00, 0x000001fcff7957d0, 0x000001fcff7960a0, 0x000001fcff797cb0,
0x000001fcff79a180, 0x000001fcff7f8070, 0x000001fcff764000, 0x000001fcff9bca30,
0x000001fccb6aaa70, 0x000001fccbace170, 0x000001fccc075fc0, 0x000001fccb1e95b0,
0x000001fcff88d1e0, 0x000001fcff93c150, 0x000001fcff93b730, 0x000001fcff93d080,
0x000001fcff93dfb0, 0x000001fcff93daa0, 0x000001fcff93d590, 0x000001fcff93a800,
0x000001fcff93cb70, 0x000001fcff93b220, 0x000001fcff93bc40, 0x000001fcff93c660,
0x000001fccf296e90, 0x000001fccf295030, 0x000001fccf295f60, 0x000001fccf2973a0,
0x000001fccf297dc0, 0x000001fccf2978b0, 0x000001fccf296980, 0x000001fccf294b20,
0x000001fccf295540, 0x000001fccf295a50, 0x000001fccf294610, 0x000001fccf29ab50,
0x000001fccf299c20, 0x000001fccf29a640, 0x000001fccf29b060, 0x000001fccf29b570,
0x000001fccf299710, 0x000001fccf2987e0, 0x000001fccf298cf0, 0x000001fccf29a130,
0x000001fccf29ba80, 0x000001fccf2982d0, 0x000001fccf29bf90, 0x000001fccd19bdb0,
0x000001fccd19a970, 0x000001fccd19c2c0, 0x000001fccd19e120, 0x000001fccd19e630,
0x000001fccd19ae80, 0x000001fccd19eb40, 0x000001fccd19b8a0, 0x000001fccd19f560,
0x000001fccd19fa70, 0x000001fccd19ff80, 0x000001fccd1a0490, 0x000001fccd19cce0,
0x000001fccd1a09a0, 0x000001fccd19d1f0, 0x000001fccd1a0eb0, 0x000001fccd1a13c0,
0x000001fccd19dc10, 0x000001fccd1a18d0, 0x000001fccd1a1de0, 0x000001fccd1a22f0,
0x000001fcce6654a0, 0x000001fcce664570, 0x000001fcce6659b0, 0x000001fcce667810,
0x000001fcce664060, 0x000001fcce667300, 0x000001fcce668230, 0x000001fcce665ec0,
0x000001fcce664a80, 0x000001fcce667d20, 0x000001fcce666df0, 0x000001fcce6663d0,
0x000001fcce6668e0, 0x000001fcce668740, 0x000001fcce664f90, 0x000001fcce66afc0,
0x000001fcce66aab0, 0x000001fcce66a5a0, 0x000001fcce66b4d0, 0x000001fcce66b9e0,
0x000001fcce668c50, 0x000001fcce669160, 0x000001fcce66a090, 0x000001fcce669670,
0x000001fcce669b80, 0x000001fcceb9a4a0, 0x000001fcceb9aec0, 0x000001fcceb9c810,
0x000001fcceb99060, 0x000001fcceb9a9b0, 0x000001fcceb9c300, 0x000001fcceb9bdf0,
0x000001fcceb99f90, 0x000001fcceb9b3d0, 0x000001fcceb9b8e0, 0x000001fcceb9cd20,
0x000001fcceb99570, 0x000001fcceb9d230, 0x000001fcceb99a80, 0x000001fcceb9dc50,
0x000001fcceb9e160, 0x000001fcceb9e670, 0x000001fcceb9eb80, 0x000001fcceba04d0,
0x000001fcceb9f090, 0x000001fcceb9f5a0, 0x000001fcceb9d740, 0x000001fcceb9fab0,
0x000001fcceb9ffc0, 0x000001fcceba09e0, 0x000001fccf299200, 0x000001fcffb1bc00,
0x000001fcffb1da60, 0x000001fcffb1b1e0, 0x000001fcffb1b6f0, 0x000001fcffb1c110,
0x000001fcffb1d040, 0x000001fcffb1df70, 0x000001fcffb1c620, 0x000001fcffb1cb30,
0x000001fcffb1d550
}

Java Threads: ( => current thread )
  0x000001fce72c1210 JavaThread "main" [_thread_blocked, id=14220, stack(0x0000001b0c200000,0x0000001b0c300000)]
  0x000001fcff777330 JavaThread "Reference Handler" daemon [_thread_blocked, id=4828, stack(0x0000001b0c900000,0x0000001b0ca00000)]
  0x000001fcff777e00 JavaThread "Finalizer" daemon [_thread_blocked, id=4052, stack(0x0000001b0ca00000,0x0000001b0cb00000)]
  0x000001fcff792620 JavaThread "Signal Dispatcher" daemon [_thread_blocked, id=3848, stack(0x0000001b0cb00000,0x0000001b0cc00000)]
  0x000001fcff794f00 JavaThread "Attach Listener" daemon [_thread_blocked, id=4068, stack(0x0000001b0cc00000,0x0000001b0cd00000)]
  0x000001fcff7957d0 JavaThread "Service Thread" daemon [_thread_blocked, id=4420, stack(0x0000001b0cd00000,0x0000001b0ce00000)]
  0x000001fcff7960a0 JavaThread "Monitor Deflation Thread" daemon [_thread_blocked, id=25036, stack(0x0000001b0ce00000,0x0000001b0cf00000)]
=>0x000001fcff797cb0 JavaThread "C2 CompilerThread0" daemon [_thread_in_native, id=24612, stack(0x0000001b0cf00000,0x0000001b0d000000)]
  0x000001fcff79a180 JavaThread "C1 CompilerThread0" daemon [_thread_blocked, id=27656, stack(0x0000001b0d000000,0x0000001b0d100000)]
  0x000001fcff7f8070 JavaThread "Sweeper thread" daemon [_thread_blocked, id=25612, stack(0x0000001b0d100000,0x0000001b0d200000)]
  0x000001fcff764000 JavaThread "Common-Cleaner" daemon [_thread_blocked, id=27796, stack(0x0000001b0d200000,0x0000001b0d300000)]
  0x000001fcff9bca30 JavaThread "Notification Thread" daemon [_thread_blocked, id=23880, stack(0x0000001b0d300000,0x0000001b0d400000)]
  0x000001fccb6aaa70 JavaThread "Daemon health stats" [_thread_blocked, id=27812, stack(0x0000001b0dc00000,0x0000001b0dd00000)]
  0x000001fccbace170 JavaThread "Incoming local TCP Connector on port 60586" [_thread_in_native, id=28588, stack(0x0000001b0db00000,0x0000001b0dc00000)]
  0x000001fccc075fc0 JavaThread "Daemon periodic checks" [_thread_blocked, id=23400, stack(0x0000001b0dd00000,0x0000001b0de00000)]
  0x000001fccb1e95b0 JavaThread "Daemon" [_thread_blocked, id=20980, stack(0x0000001b0de00000,0x0000001b0df00000)]
  0x000001fcff88d1e0 JavaThread "Handler for socket connection from /127.0.0.1:60586 to /127.0.0.1:50187" [_thread_in_native, id=17100, stack(0x0000001b0df00000,0x0000001b0e000000)]
  0x000001fcff93c150 JavaThread "Cancel handler" [_thread_blocked, id=25464, stack(0x0000001b0e000000,0x0000001b0e100000)]
  0x000001fcff93b730 JavaThread "Daemon worker" [_thread_blocked, id=5776, stack(0x0000001b0e100000,0x0000001b0e200000)]
  0x000001fcff93d080 JavaThread "Asynchronous log dispatcher for DefaultDaemonConnection: socket connection from /127.0.0.1:60586 to /127.0.0.1:50187" [_thread_blocked, id=27572, stack(0x0000001b0e200000,0x0000001b0e300000)]
  0x000001fcff93dfb0 JavaThread "Stdin handler" [_thread_blocked, id=25104, stack(0x0000001b0e300000,0x0000001b0e400000)]
  0x000001fcff93daa0 JavaThread "Daemon client event forwarder" [_thread_blocked, id=28096, stack(0x0000001b0e400000,0x0000001b0e500000)]
  0x000001fcff93d590 JavaThread "Cache worker for journal cache (C:\Users\perez\AndroidStudioProjects\MyApplication\caches\journal-1)" [_thread_blocked, id=23068, stack(0x0000001b0e500000,0x0000001b0e600000)]
  0x000001fcff93a800 JavaThread "File lock request listener" [_thread_in_native, id=14552, stack(0x0000001b0e600000,0x0000001b0e700000)]
  0x000001fcff93cb70 JavaThread "Cache worker for file hash cache (C:\Users\perez\AndroidStudioProjects\MyApplication\caches\8.13\fileHashes)" [_thread_blocked, id=18580, stack(0x0000001b0e700000,0x0000001b0e800000)]
  0x000001fcff93b220 JavaThread "Cache worker for file hash cache (C:\Users\perez\Downloads\Movil_chicamocha\MobileApp_UsoChicamocha\.gradle\8.13\fileHashes)" [_thread_blocked, id=11116, stack(0x0000001b0ec00000,0x0000001b0ed00000)]
  0x000001fcff93bc40 JavaThread "Cache worker for Build Output Cleanup Cache (C:\Users\perez\Downloads\Movil_chicamocha\MobileApp_UsoChicamocha\.gradle\buildOutputCleanup)" [_thread_blocked, id=18716, stack(0x0000001b0ed00000,0x0000001b0ee00000)]
  0x000001fcff93c660 JavaThread "File watcher server" daemon [_thread_in_native, id=2096, stack(0x0000001b0eb00000,0x0000001b0ec00000)]
  0x000001fccf296e90 JavaThread "File watcher consumer" daemon [_thread_blocked, id=5116, stack(0x0000001b0ef00000,0x0000001b0f000000)]
  0x000001fccf295030 JavaThread "Cache worker for checksums cache (C:\Users\perez\Downloads\Movil_chicamocha\MobileApp_UsoChicamocha\.gradle\8.13\checksums)" [_thread_blocked, id=27940, stack(0x0000001b0ea00000,0x0000001b0eb00000)]
  0x000001fccf295f60 JavaThread "Cache worker for file content cache (C:\Users\perez\AndroidStudioProjects\MyApplication\caches\8.13\fileContent)" [_thread_blocked, id=17568, stack(0x0000001b0f000000,0x0000001b0f100000)]
  0x000001fccf2973a0 JavaThread "Cache worker for cache directory md-supplier (C:\Users\perez\AndroidStudioProjects\MyApplication\caches\8.13\md-supplier)" [_thread_blocked, id=27880, stack(0x0000001b0f200000,0x0000001b0f300000)]
  0x000001fccf297dc0 JavaThread "Cache worker for cache directory md-rule (C:\Users\perez\AndroidStudioProjects\MyApplication\caches\8.13\md-rule)" [_thread_blocked, id=24608, stack(0x0000001b0f300000,0x0000001b0f400000)]
  0x000001fccf2978b0 JavaThread "Unconstrained build operations" [_thread_blocked, id=27716, stack(0x0000001b0f400000,0x0000001b0f500000)]
  0x000001fccf296980 JavaThread "Unconstrained build operations Thread 2" [_thread_blocked, id=24132, stack(0x0000001b0f500000,0x0000001b0f600000)]
  0x000001fccf294b20 JavaThread "Unconstrained build operations Thread 3" [_thread_blocked, id=27616, stack(0x0000001b0f600000,0x0000001b0f700000)]
  0x000001fccf295540 JavaThread "Unconstrained build operations Thread 4" [_thread_blocked, id=17524, stack(0x0000001b0f700000,0x0000001b0f800000)]
  0x000001fccf295a50 JavaThread "Unconstrained build operations Thread 5" [_thread_blocked, id=28144, stack(0x0000001b0f800000,0x0000001b0f900000)]
  0x000001fccf294610 JavaThread "Unconstrained build operations Thread 6" [_thread_blocked, id=26080, stack(0x0000001b0f900000,0x0000001b0fa00000)]
  0x000001fccf29ab50 JavaThread "Unconstrained build operations Thread 7" [_thread_blocked, id=21296, stack(0x0000001b0fa00000,0x0000001b0fb00000)]
  0x000001fccf299c20 JavaThread "Unconstrained build operations Thread 8" [_thread_blocked, id=22024, stack(0x0000001b0fb00000,0x0000001b0fc00000)]
  0x000001fccf29a640 JavaThread "Unconstrained build operations Thread 9" [_thread_blocked, id=16632, stack(0x0000001b0fc00000,0x0000001b0fd00000)]
  0x000001fccf29b060 JavaThread "Unconstrained build operations Thread 10" [_thread_blocked, id=10580, stack(0x0000001b0fd00000,0x0000001b0fe00000)]
  0x000001fccf29b570 JavaThread "Unconstrained build operations Thread 11" [_thread_blocked, id=22484, stack(0x0000001b0fe00000,0x0000001b0ff00000)]
  0x000001fccf299710 JavaThread "Unconstrained build operations Thread 12" [_thread_blocked, id=12628, stack(0x0000001b0ff00000,0x0000001b10000000)]
  0x000001fccf2987e0 JavaThread "Unconstrained build operations Thread 13" [_thread_blocked, id=17512, stack(0x0000001b10000000,0x0000001b10100000)]
  0x000001fccf298cf0 JavaThread "Unconstrained build operations Thread 14" [_thread_blocked, id=28376, stack(0x0000001b10100000,0x0000001b10200000)]
  0x000001fccf29a130 JavaThread "Unconstrained build operations Thread 15" [_thread_blocked, id=23004, stack(0x0000001b10200000,0x0000001b10300000)]
  0x000001fccf29ba80 JavaThread "Unconstrained build operations Thread 16" [_thread_blocked, id=28012, stack(0x0000001b10300000,0x0000001b10400000)]
  0x000001fccf2982d0 JavaThread "Unconstrained build operations Thread 17" [_thread_blocked, id=7172, stack(0x0000001b10400000,0x0000001b10500000)]
  0x000001fccf29bf90 JavaThread "Unconstrained build operations Thread 18" [_thread_blocked, id=28056, stack(0x0000001b10500000,0x0000001b10600000)]
  0x000001fccd19bdb0 JavaThread "Unconstrained build operations Thread 19" [_thread_blocked, id=25892, stack(0x0000001b10600000,0x0000001b10700000)]
  0x000001fccd19a970 JavaThread "Unconstrained build operations Thread 20" [_thread_blocked, id=1912, stack(0x0000001b10700000,0x0000001b10800000)]
  0x000001fccd19c2c0 JavaThread "Unconstrained build operations Thread 21" [_thread_blocked, id=28184, stack(0x0000001b10800000,0x0000001b10900000)]
  0x000001fccd19e120 JavaThread "build event listener" [_thread_blocked, id=23044, stack(0x0000001b0f100000,0x0000001b0f200000)]
  0x000001fccd19e630 JavaThread "Memory manager" [_thread_blocked, id=27048, stack(0x0000001b10c00000,0x0000001b10d00000)]
  0x000001fccd19ae80 JavaThread "Problems report writer" [_thread_blocked, id=9976, stack(0x0000001b10d00000,0x0000001b10e00000)]
  0x000001fccd19eb40 JavaThread "build event listener" [_thread_blocked, id=9300, stack(0x0000001b10e00000,0x0000001b10f00000)]
  0x000001fccd19b8a0 JavaThread "included builds" [_thread_blocked, id=13772, stack(0x0000001b10b00000,0x0000001b10c00000)]
  0x000001fccd19f560 JavaThread "Execution worker" [_thread_blocked, id=2988, stack(0x0000001b10f00000,0x0000001b11000000)]
  0x000001fccd19fa70 JavaThread "Execution worker Thread 2" [_thread_blocked, id=14008, stack(0x0000001b11000000,0x0000001b11100000)]
  0x000001fccd19ff80 JavaThread "Execution worker Thread 3" [_thread_blocked, id=3512, stack(0x0000001b11100000,0x0000001b11200000)]
  0x000001fccd1a0490 JavaThread "Execution worker Thread 4" [_thread_blocked, id=20876, stack(0x0000001b11200000,0x0000001b11300000)]
  0x000001fccd19cce0 JavaThread "Execution worker Thread 5" [_thread_blocked, id=11096, stack(0x0000001b11300000,0x0000001b11400000)]
  0x000001fccd1a09a0 JavaThread "Execution worker Thread 6" [_thread_in_Java, id=14308, stack(0x0000001b11400000,0x0000001b11500000)]
  0x000001fccd19d1f0 JavaThread "Execution worker Thread 7" [_thread_blocked, id=13988, stack(0x0000001b11500000,0x0000001b11600000)]
  0x000001fccd1a0eb0 JavaThread "Cache worker for execution history cache (C:\Users\perez\Downloads\Movil_chicamocha\MobileApp_UsoChicamocha\.gradle\8.13\executionHistory)" [_thread_blocked, id=28392, stack(0x0000001b11600000,0x0000001b11700000)]
  0x000001fccd1a13c0 JavaThread "Unconstrained build operations Thread 22" [_thread_blocked, id=23852, stack(0x0000001b11700000,0x0000001b11800000)]
  0x000001fccd19dc10 JavaThread "Unconstrained build operations Thread 23" [_thread_blocked, id=26316, stack(0x0000001b11800000,0x0000001b11900000)]
  0x000001fccd1a18d0 JavaThread "Unconstrained build operations Thread 24" [_thread_blocked, id=25172, stack(0x0000001b11900000,0x0000001b11a00000)]
  0x000001fccd1a1de0 JavaThread "Unconstrained build operations Thread 25" [_thread_blocked, id=23624, stack(0x0000001b11a00000,0x0000001b11b00000)]
  0x000001fccd1a22f0 JavaThread "Unconstrained build operations Thread 26" [_thread_blocked, id=21544, stack(0x0000001b11b00000,0x0000001b11c00000)]
  0x000001fcce6654a0 JavaThread "Unconstrained build operations Thread 27" [_thread_blocked, id=16572, stack(0x0000001b11c00000,0x0000001b11d00000)]
  0x000001fcce664570 JavaThread "Unconstrained build operations Thread 28" [_thread_blocked, id=23324, stack(0x0000001b11d00000,0x0000001b11e00000)]
  0x000001fcce6659b0 JavaThread "Unconstrained build operations Thread 29" [_thread_blocked, id=8300, stack(0x0000001b11f00000,0x0000001b12000000)]
  0x000001fcce667810 JavaThread "Unconstrained build operations Thread 30" [_thread_in_vm, id=13068, stack(0x0000001b12000000,0x0000001b12100000)]
  0x000001fcce664060 JavaThread "Unconstrained build operations Thread 31" [_thread_blocked, id=10256, stack(0x0000001b12100000,0x0000001b12200000)]
  0x000001fcce667300 JavaThread "Unconstrained build operations Thread 32" [_thread_in_native, id=21284, stack(0x0000001b12200000,0x0000001b12300000)]
  0x000001fcce668230 JavaThread "Unconstrained build operations Thread 33" [_thread_blocked, id=15652, stack(0x0000001b12300000,0x0000001b12400000)]
  0x000001fcce665ec0 JavaThread "Unconstrained build operations Thread 34" [_thread_in_native, id=15520, stack(0x0000001b12400000,0x0000001b12500000)]
  0x000001fcce664a80 JavaThread "Unconstrained build operations Thread 35" [_thread_blocked, id=19884, stack(0x0000001b12500000,0x0000001b12600000)]
  0x000001fcce667d20 JavaThread "Unconstrained build operations Thread 36" [_thread_blocked, id=15456, stack(0x0000001b11e00000,0x0000001b11f00000)]
  0x000001fcce666df0 JavaThread "Unconstrained build operations Thread 37" [_thread_in_Java, id=23132, stack(0x0000001b12600000,0x0000001b12700000)]
  0x000001fcce6663d0 JavaThread "Unconstrained build operations Thread 38" [_thread_blocked, id=24604, stack(0x0000001b12700000,0x0000001b12800000)]
  0x000001fcce6668e0 JavaThread "Unconstrained build operations Thread 39" [_thread_blocked, id=9816, stack(0x0000001b12800000,0x0000001b12900000)]
  0x000001fcce668740 JavaThread "Unconstrained build operations Thread 40" [_thread_blocked, id=22520, stack(0x0000001b12900000,0x0000001b12a00000)]
  0x000001fcce664f90 JavaThread "Unconstrained build operations Thread 41" [_thread_blocked, id=4868, stack(0x0000001b12a00000,0x0000001b12b00000)]
  0x000001fcce66afc0 JavaThread "Unconstrained build operations Thread 42" [_thread_blocked, id=1764, stack(0x0000001b12b00000,0x0000001b12c00000)]
  0x000001fcce66aab0 JavaThread "Unconstrained build operations Thread 43" [_thread_blocked, id=25692, stack(0x0000001b12c00000,0x0000001b12d00000)]
  0x000001fcce66a5a0 JavaThread "Unconstrained build operations Thread 44" [_thread_blocked, id=4576, stack(0x0000001b12d00000,0x0000001b12e00000)]
  0x000001fcce66b4d0 JavaThread "Unconstrained build operations Thread 45" [_thread_blocked, id=11216, stack(0x0000001b12e00000,0x0000001b12f00000)]
  0x000001fcce66b9e0 JavaThread "Unconstrained build operations Thread 46" [_thread_blocked, id=13680, stack(0x0000001b12f00000,0x0000001b13000000)]
  0x000001fcce668c50 JavaThread "Unconstrained build operations Thread 47" [_thread_blocked, id=23300, stack(0x0000001b13000000,0x0000001b13100000)]
  0x000001fcce669160 JavaThread "Unconstrained build operations Thread 48" [_thread_blocked, id=27220, stack(0x0000001b13100000,0x0000001b13200000)]
  0x000001fcce66a090 JavaThread "Unconstrained build operations Thread 49" [_thread_blocked, id=28644, stack(0x0000001b13200000,0x0000001b13300000)]
  0x000001fcce669670 JavaThread "Unconstrained build operations Thread 50" [_thread_blocked, id=7460, stack(0x0000001b13300000,0x0000001b13400000)]
  0x000001fcce669b80 JavaThread "Unconstrained build operations Thread 51" [_thread_blocked, id=12764, stack(0x0000001b13400000,0x0000001b13500000)]
  0x000001fcceb9a4a0 JavaThread "Unconstrained build operations Thread 52" [_thread_blocked, id=20112, stack(0x0000001b13500000,0x0000001b13600000)]
  0x000001fcceb9aec0 JavaThread "Unconstrained build operations Thread 53" [_thread_blocked, id=14120, stack(0x0000001b13600000,0x0000001b13700000)]
  0x000001fcceb9c810 JavaThread "Unconstrained build operations Thread 54" [_thread_blocked, id=12740, stack(0x0000001b13700000,0x0000001b13800000)]
  0x000001fcceb99060 JavaThread "Unconstrained build operations Thread 55" [_thread_blocked, id=2948, stack(0x0000001b13800000,0x0000001b13900000)]
  0x000001fcceb9a9b0 JavaThread "Unconstrained build operations Thread 56" [_thread_blocked, id=27652, stack(0x0000001b13900000,0x0000001b13a00000)]
  0x000001fcceb9c300 JavaThread "Unconstrained build operations Thread 57" [_thread_blocked, id=16464, stack(0x0000001b13a00000,0x0000001b13b00000)]
  0x000001fcceb9bdf0 JavaThread "Unconstrained build operations Thread 58" [_thread_blocked, id=13528, stack(0x0000001b13b00000,0x0000001b13c00000)]
  0x000001fcceb99f90 JavaThread "Unconstrained build operations Thread 59" [_thread_blocked, id=21280, stack(0x0000001b13c00000,0x0000001b13d00000)]
  0x000001fcceb9b3d0 JavaThread "Unconstrained build operations Thread 60" [_thread_blocked, id=27976, stack(0x0000001b13d00000,0x0000001b13e00000)]
  0x000001fcceb9b8e0 JavaThread "Unconstrained build operations Thread 61" [_thread_blocked, id=19396, stack(0x0000001b13e00000,0x0000001b13f00000)]
  0x000001fcceb9cd20 JavaThread "Unconstrained build operations Thread 62" [_thread_blocked, id=11144, stack(0x0000001b13f00000,0x0000001b14000000)]
  0x000001fcceb99570 JavaThread "Unconstrained build operations Thread 63" [_thread_blocked, id=17592, stack(0x0000001b14000000,0x0000001b14100000)]
  0x000001fcceb9d230 JavaThread "Unconstrained build operations Thread 64" [_thread_blocked, id=28100, stack(0x0000001b14100000,0x0000001b14200000)]
  0x000001fcceb99a80 JavaThread "Unconstrained build operations Thread 65" [_thread_blocked, id=26544, stack(0x0000001b14200000,0x0000001b14300000)]
  0x000001fcceb9dc50 JavaThread "Unconstrained build operations Thread 66" [_thread_blocked, id=23992, stack(0x0000001b14300000,0x0000001b14400000)]
  0x000001fcceb9e160 JavaThread "Unconstrained build operations Thread 67" [_thread_blocked, id=21464, stack(0x0000001b14400000,0x0000001b14500000)]
  0x000001fcceb9e670 JavaThread "Unconstrained build operations Thread 68" [_thread_blocked, id=24820, stack(0x0000001b14500000,0x0000001b14600000)]
  0x000001fcceb9eb80 JavaThread "Unconstrained build operations Thread 69" [_thread_blocked, id=7976, stack(0x0000001b14600000,0x0000001b14700000)]
  0x000001fcceba04d0 JavaThread "Unconstrained build operations Thread 70" [_thread_blocked, id=26584, stack(0x0000001b14700000,0x0000001b14800000)]
  0x000001fcceb9f090 JavaThread "Unconstrained build operations Thread 71" [_thread_blocked, id=6644, stack(0x0000001b14800000,0x0000001b14900000)]
  0x000001fcceb9f5a0 JavaThread "Unconstrained build operations Thread 72" [_thread_blocked, id=28236, stack(0x0000001b14900000,0x0000001b14a00000)]
  0x000001fcceb9d740 JavaThread "Unconstrained build operations Thread 73" [_thread_blocked, id=20472, stack(0x0000001b0bf00000,0x0000001b0c000000)]
  0x000001fcceb9fab0 JavaThread "Unconstrained build operations Thread 74" [_thread_blocked, id=8688, stack(0x0000001b0c000000,0x0000001b0c100000)]
  0x000001fcceb9ffc0 JavaThread "Unconstrained build operations Thread 75" [_thread_blocked, id=15264, stack(0x0000001b0c100000,0x0000001b0c200000)]
  0x000001fcceba09e0 JavaThread "Unconstrained build operations Thread 76" [_thread_blocked, id=16968, stack(0x0000001b14a00000,0x0000001b14b00000)]
  0x000001fccf299200 JavaThread "Unconstrained build operations Thread 77" [_thread_blocked, id=8176, stack(0x0000001b14b00000,0x0000001b14c00000)]
  0x000001fcffb1bc00 JavaThread "Unconstrained build operations Thread 78" [_thread_blocked, id=8840, stack(0x0000001b14c00000,0x0000001b14d00000)]
  0x000001fcffb1da60 JavaThread "Unconstrained build operations Thread 79" [_thread_blocked, id=19284, stack(0x0000001b14d00000,0x0000001b14e00000)]
  0x000001fcffb1b1e0 JavaThread "Unconstrained build operations Thread 80" [_thread_blocked, id=9988, stack(0x0000001b14e00000,0x0000001b14f00000)]
  0x000001fcffb1b6f0 JavaThread "WorkerExecutor Queue" [_thread_in_native, id=21964, stack(0x0000001b14f00000,0x0000001b15000000)]
  0x000001fcffb1c110 JavaThread "RMI Scheduler(0)" daemon [_thread_blocked, id=10124, stack(0x0000001b15000000,0x0000001b15100000)]
  0x000001fcffb1d040 JavaThread "RMI RenewClean-[127.0.0.1:17914,org.jetbrains.kotlin.daemon.common.LoopbackNetworkInterface$ClientLoopbackSocketFactory@e891113]" daemon [_thread_blocked, id=27668, stack(0x0000001b15100000,0x0000001b15200000)]
  0x000001fcffb1df70 JavaThread "RMI GC Daemon" daemon [_thread_blocked, id=22188, stack(0x0000001b15200000,0x0000001b15300000)]
  0x000001fcffb1c620 JavaThread "RMI TCP Accept-0" daemon [_thread_in_native, id=14668, stack(0x0000001b15300000,0x0000001b15400000)]
  0x000001fcffb1cb30 JavaThread "RMI Reaper" [_thread_blocked, id=26128, stack(0x0000001b15400000,0x0000001b15500000)]
  0x000001fcffb1d550 JavaThread "RMI TCP Connection(1)-127.0.0.1" daemon [_thread_in_native, id=12724, stack(0x0000001b15500000,0x0000001b15600000)]

Other Threads:
  0x000001fcff773ba0 VMThread "VM Thread" [stack: 0x0000001b0c800000,0x0000001b0c900000] [id=20536]
  0x000001fcff97f7b0 WatcherThread [stack: 0x0000001b0d400000,0x0000001b0d500000] [id=1384]
  0x000001fce508d8a0 GCTaskThread "GC Thread#0" [stack: 0x0000001b0c300000,0x0000001b0c400000] [id=26476]
  0x000001fccb4343f0 GCTaskThread "GC Thread#1" [stack: 0x0000001b0d700000,0x0000001b0d800000] [id=24172]
  0x000001fcffb08530 GCTaskThread "GC Thread#2" [stack: 0x0000001b0d800000,0x0000001b0d900000] [id=12132]
  0x000001fccb7aae30 GCTaskThread "GC Thread#3" [stack: 0x0000001b0d600000,0x0000001b0d700000] [id=20416]
  0x000001fccb7ab100 GCTaskThread "GC Thread#4" [stack: 0x0000001b0d900000,0x0000001b0da00000] [id=22048]
  0x000001fccb7aab60 GCTaskThread "GC Thread#5" [stack: 0x0000001b0d500000,0x0000001b0d600000] [id=7876]
  0x000001fccb7ab3d0 GCTaskThread "GC Thread#6" [stack: 0x0000001b0e800000,0x0000001b0e900000] [id=24360]
  0x000001fccb7aa2f0 GCTaskThread "GC Thread#7" [stack: 0x0000001b0e900000,0x0000001b0ea00000] [id=21840]
  0x000001fce508e6e0 ConcurrentGCThread "G1 Main Marker" [stack: 0x0000001b0c400000,0x0000001b0c500000] [id=13576]
  0x000001fce732d6e0 ConcurrentGCThread "G1 Conc#0" [stack: 0x0000001b0c500000,0x0000001b0c600000] [id=13692]
  0x000001fccb7aa890 ConcurrentGCThread "G1 Conc#1" [stack: 0x0000001b0ee00000,0x0000001b0ef00000] [id=7104]
  0x000001fcff6260e0 ConcurrentGCThread "G1 Refine#0" [stack: 0x0000001b0c600000,0x0000001b0c700000] [id=3392]
  0x000001fcffadcb60 ConcurrentGCThread "G1 Refine#1" [stack: 0x0000001b0da00000,0x0000001b0db00000] [id=26040]
  0x000001fcd18ea7b0 ConcurrentGCThread "G1 Refine#2" [stack: 0x0000001b15600000,0x0000001b15700000] [id=21304]
  0x000001fccebfbbe0 ConcurrentGCThread "G1 Refine#3" [stack: 0x0000001b15700000,0x0000001b15800000] [id=25108]
  0x000001fcff6268d0 ConcurrentGCThread "G1 Service" [stack: 0x0000001b0c700000,0x0000001b0c800000] [id=2440]

Threads with active compile tasks:
C2 CompilerThread0  75154 15389 %     4       com.android.tools.r8.internal.vd::a @ 3319 (4363 bytes)

VM state: not at safepoint (normal execution)

VM Mutex/Monitor currently owned by a thread: None

Heap address: 0x0000000080000000, size: 2048 MB, Compressed Oops mode: 32-bit

CDS archive(s) mapped at: [0x000001fc86000000-0x000001fc86bb0000-0x000001fc86bb0000), size 12255232, SharedBaseAddress: 0x000001fc86000000, ArchiveRelocationMode: 1.
Compressed class space mapped at: 0x000001fc87000000-0x000001fcc7000000, reserved size: 1073741824
Narrow klass base: 0x000001fc86000000, Narrow klass shift: 0, Narrow klass range: 0x100000000

GC Precious Log:
 CPUs: 8 total, 8 available
 Memory: 7502M
 Large Page Support: Disabled
 NUMA Support: Disabled
 Compressed Oops: Enabled (32-bit)
 Heap Region Size: 1M
 Heap Min Capacity: 8M
 Heap Initial Capacity: 118M
 Heap Max Capacity: 2G
 Pre-touch: Disabled
 Parallel Workers: 8
 Concurrent Workers: 2
 Concurrent Refinement Workers: 8
 Periodic GC: Disabled

Heap:
 garbage-first heap   total 524288K, used 286720K [0x0000000080000000, 0x0000000100000000)
  region size 1024K, 26 young (26624K), 20 survivors (20480K)
 Metaspace       used 111974K, committed 112896K, reserved 1179648K
  class space    used 15783K, committed 16256K, reserved 1048576K

Heap Regions: E=young(eden), S=young(survivor), O=old, HS=humongous(starts), HC=humongous(continues), CS=collection set, F=free, OA=open archive, CA=closed archive, TAMS=top-at-mark-start (previous, next)
|   0|0x0000000080000000, 0x0000000080100000, 0x0000000080100000|100%|HS|  |TAMS 0x0000000080100000, 0x0000000080000000| Complete 
|   1|0x0000000080100000, 0x0000000080200000, 0x0000000080200000|100%|HC|  |TAMS 0x0000000080200000, 0x0000000080100000| Complete 
|   2|0x0000000080200000, 0x0000000080300000, 0x0000000080300000|100%|HC|  |TAMS 0x0000000080300000, 0x0000000080200000| Complete 
|   3|0x0000000080300000, 0x0000000080400000, 0x0000000080400000|100%| O|  |TAMS 0x0000000080400000, 0x0000000080300000| Untracked 
|   4|0x0000000080400000, 0x0000000080500000, 0x0000000080500000|100%| O|  |TAMS 0x0000000080500000, 0x0000000080400000| Untracked 
|   5|0x0000000080500000, 0x0000000080600000, 0x0000000080600000|100%| O|  |TAMS 0x0000000080600000, 0x0000000080500000| Untracked 
|   6|0x0000000080600000, 0x0000000080700000, 0x0000000080700000|100%|HS|  |TAMS 0x0000000080700000, 0x0000000080600000| Complete 
|   7|0x0000000080700000, 0x0000000080800000, 0x0000000080800000|100%| O|  |TAMS 0x0000000080800000, 0x0000000080700000| Untracked 
|   8|0x0000000080800000, 0x0000000080900000, 0x0000000080900000|100%| O|  |TAMS 0x0000000080900000, 0x0000000080800000| Untracked 
|   9|0x0000000080900000, 0x0000000080a00000, 0x0000000080a00000|100%| O|  |TAMS 0x0000000080a00000, 0x0000000080900000| Untracked 
|  10|0x0000000080a00000, 0x0000000080b00000, 0x0000000080b00000|100%| O|  |TAMS 0x0000000080b00000, 0x0000000080a00000| Untracked 
|  11|0x0000000080b00000, 0x0000000080c00000, 0x0000000080c00000|100%| O|  |TAMS 0x0000000080c00000, 0x0000000080b00000| Untracked 
|  12|0x0000000080c00000, 0x0000000080d00000, 0x0000000080d00000|100%| O|  |TAMS 0x0000000080d00000, 0x0000000080c00000| Untracked 
|  13|0x0000000080d00000, 0x0000000080e00000, 0x0000000080e00000|100%| O|  |TAMS 0x0000000080e00000, 0x0000000080d00000| Untracked 
|  14|0x0000000080e00000, 0x0000000080f00000, 0x0000000080f00000|100%| O|  |TAMS 0x0000000080f00000, 0x0000000080e00000| Untracked 
|  15|0x0000000080f00000, 0x0000000081000000, 0x0000000081000000|100%| O|  |TAMS 0x0000000081000000, 0x0000000080f00000| Untracked 
|  16|0x0000000081000000, 0x0000000081100000, 0x0000000081100000|100%| O|  |TAMS 0x0000000081100000, 0x0000000081000000| Untracked 
|  17|0x0000000081100000, 0x0000000081200000, 0x0000000081200000|100%| O|  |TAMS 0x0000000081200000, 0x0000000081100000| Untracked 
|  18|0x0000000081200000, 0x0000000081300000, 0x0000000081300000|100%| O|  |TAMS 0x0000000081300000, 0x0000000081200000| Untracked 
|  19|0x0000000081300000, 0x0000000081400000, 0x0000000081400000|100%| O|  |TAMS 0x0000000081400000, 0x0000000081300000| Untracked 
|  20|0x0000000081400000, 0x0000000081500000, 0x0000000081500000|100%| O|  |TAMS 0x0000000081500000, 0x0000000081400000| Untracked 
|  21|0x0000000081500000, 0x0000000081600000, 0x0000000081600000|100%| O|  |TAMS 0x0000000081600000, 0x0000000081500000| Untracked 
|  22|0x0000000081600000, 0x0000000081700000, 0x0000000081700000|100%| O|  |TAMS 0x0000000081700000, 0x0000000081600000| Untracked 
|  23|0x0000000081700000, 0x0000000081800000, 0x0000000081800000|100%| O|  |TAMS 0x0000000081800000, 0x0000000081700000| Untracked 
|  24|0x0000000081800000, 0x0000000081900000, 0x0000000081900000|100%| O|  |TAMS 0x0000000081900000, 0x0000000081800000| Untracked 
|  25|0x0000000081900000, 0x0000000081a00000, 0x0000000081a00000|100%| O|  |TAMS 0x0000000081a00000, 0x0000000081900000| Untracked 
|  26|0x0000000081a00000, 0x0000000081b00000, 0x0000000081b00000|100%| O|  |TAMS 0x0000000081b00000, 0x0000000081a00000| Untracked 
|  27|0x0000000081b00000, 0x0000000081c00000, 0x0000000081c00000|100%| O|  |TAMS 0x0000000081c00000, 0x0000000081b00000| Untracked 
|  28|0x0000000081c00000, 0x0000000081d00000, 0x0000000081d00000|100%| O|  |TAMS 0x0000000081d00000, 0x0000000081c00000| Untracked 
|  29|0x0000000081d00000, 0x0000000081e00000, 0x0000000081e00000|100%| O|  |TAMS 0x0000000081e00000, 0x0000000081d00000| Untracked 
|  30|0x0000000081e00000, 0x0000000081f00000, 0x0000000081f00000|100%| O|  |TAMS 0x0000000081f00000, 0x0000000081e00000| Untracked 
|  31|0x0000000081f00000, 0x0000000082000000, 0x0000000082000000|100%| O|  |TAMS 0x0000000082000000, 0x0000000081f00000| Untracked 
|  32|0x0000000082000000, 0x0000000082100000, 0x0000000082100000|100%| O|  |TAMS 0x0000000082100000, 0x0000000082000000| Untracked 
|  33|0x0000000082100000, 0x0000000082200000, 0x0000000082200000|100%| O|  |TAMS 0x0000000082200000, 0x0000000082100000| Untracked 
|  34|0x0000000082200000, 0x0000000082300000, 0x0000000082300000|100%| O|  |TAMS 0x0000000082300000, 0x0000000082200000| Untracked 
|  35|0x0000000082300000, 0x0000000082400000, 0x0000000082400000|100%| O|  |TAMS 0x0000000082400000, 0x0000000082300000| Untracked 
|  36|0x0000000082400000, 0x0000000082500000, 0x0000000082500000|100%| O|  |TAMS 0x0000000082500000, 0x0000000082400000| Untracked 
|  37|0x0000000082500000, 0x0000000082600000, 0x0000000082600000|100%| O|  |TAMS 0x0000000082600000, 0x0000000082500000| Untracked 
|  38|0x0000000082600000, 0x0000000082700000, 0x0000000082700000|100%| O|  |TAMS 0x0000000082700000, 0x0000000082600000| Untracked 
|  39|0x0000000082700000, 0x0000000082800000, 0x0000000082800000|100%| O|  |TAMS 0x0000000082800000, 0x0000000082700000| Untracked 
|  40|0x0000000082800000, 0x0000000082900000, 0x0000000082900000|100%| O|  |TAMS 0x0000000082900000, 0x0000000082800000| Untracked 
|  41|0x0000000082900000, 0x0000000082a00000, 0x0000000082a00000|100%| O|  |TAMS 0x0000000082a00000, 0x0000000082900000| Untracked 
|  42|0x0000000082a00000, 0x0000000082b00000, 0x0000000082b00000|100%| O|  |TAMS 0x0000000082b00000, 0x0000000082a00000| Untracked 
|  43|0x0000000082b00000, 0x0000000082c00000, 0x0000000082c00000|100%|HS|  |TAMS 0x0000000082c00000, 0x0000000082b00000| Complete 
|  44|0x0000000082c00000, 0x0000000082d00000, 0x0000000082d00000|100%| O|  |TAMS 0x0000000082d00000, 0x0000000082c00000| Untracked 
|  45|0x0000000082d00000, 0x0000000082e00000, 0x0000000082e00000|100%| O|  |TAMS 0x0000000082e00000, 0x0000000082d00000| Untracked 
|  46|0x0000000082e00000, 0x0000000082f00000, 0x0000000082f00000|100%| O|  |TAMS 0x0000000082f00000, 0x0000000082e00000| Untracked 
|  47|0x0000000082f00000, 0x0000000083000000, 0x0000000083000000|100%|HS|  |TAMS 0x0000000083000000, 0x0000000082f00000| Complete 
|  48|0x0000000083000000, 0x0000000083100000, 0x0000000083100000|100%|HS|  |TAMS 0x0000000083100000, 0x0000000083000000| Complete 
|  49|0x0000000083100000, 0x0000000083200000, 0x0000000083200000|100%|HC|  |TAMS 0x0000000083200000, 0x0000000083100000| Complete 
|  50|0x0000000083200000, 0x0000000083300000, 0x0000000083300000|100%|HS|  |TAMS 0x0000000083300000, 0x0000000083200000| Complete 
|  51|0x0000000083300000, 0x0000000083400000, 0x0000000083400000|100%|HC|  |TAMS 0x0000000083400000, 0x0000000083300000| Complete 
|  52|0x0000000083400000, 0x0000000083500000, 0x0000000083500000|100%|HS|  |TAMS 0x0000000083500000, 0x0000000083400000| Complete 
|  53|0x0000000083500000, 0x0000000083600000, 0x0000000083600000|100%|HS|  |TAMS 0x0000000083600000, 0x0000000083500000| Complete 
|  54|0x0000000083600000, 0x0000000083700000, 0x0000000083700000|100%|HC|  |TAMS 0x0000000083700000, 0x0000000083600000| Complete 
|  55|0x0000000083700000, 0x0000000083800000, 0x0000000083800000|100%|HC|  |TAMS 0x0000000083800000, 0x0000000083700000| Complete 
|  56|0x0000000083800000, 0x0000000083900000, 0x0000000083900000|100%|HS|  |TAMS 0x0000000083900000, 0x0000000083800000| Complete 
|  57|0x0000000083900000, 0x0000000083a00000, 0x0000000083a00000|100%| O|  |TAMS 0x0000000083a00000, 0x0000000083900000| Untracked 
|  58|0x0000000083a00000, 0x0000000083b00000, 0x0000000083b00000|100%|HS|  |TAMS 0x0000000083b00000, 0x0000000083a00000| Complete 
|  59|0x0000000083b00000, 0x0000000083c00000, 0x0000000083c00000|100%|HS|  |TAMS 0x0000000083c00000, 0x0000000083b00000| Complete 
|  60|0x0000000083c00000, 0x0000000083d00000, 0x0000000083d00000|100%| O|  |TAMS 0x0000000083d00000, 0x0000000083c00000| Untracked 
|  61|0x0000000083d00000, 0x0000000083e00000, 0x0000000083e00000|100%| O|  |TAMS 0x0000000083e00000, 0x0000000083d00000| Untracked 
|  62|0x0000000083e00000, 0x0000000083f00000, 0x0000000083f00000|100%| O|  |TAMS 0x0000000083f00000, 0x0000000083e00000| Untracked 
|  63|0x0000000083f00000, 0x0000000084000000, 0x0000000084000000|100%| O|  |TAMS 0x0000000084000000, 0x0000000083f00000| Untracked 
|  64|0x0000000084000000, 0x0000000084100000, 0x0000000084100000|100%| O|  |TAMS 0x0000000084100000, 0x0000000084000000| Untracked 
|  65|0x0000000084100000, 0x0000000084200000, 0x0000000084200000|100%| O|  |TAMS 0x0000000084200000, 0x0000000084100000| Untracked 
|  66|0x0000000084200000, 0x0000000084300000, 0x0000000084300000|100%| O|  |TAMS 0x0000000084300000, 0x0000000084200000| Untracked 
|  67|0x0000000084300000, 0x0000000084400000, 0x0000000084400000|100%| O|  |TAMS 0x0000000084400000, 0x0000000084300000| Untracked 
|  68|0x0000000084400000, 0x0000000084500000, 0x0000000084500000|100%| O|  |TAMS 0x0000000084500000, 0x0000000084400000| Untracked 
|  69|0x0000000084500000, 0x0000000084600000, 0x0000000084600000|100%| O|  |TAMS 0x0000000084600000, 0x0000000084500000| Untracked 
|  70|0x0000000084600000, 0x0000000084700000, 0x0000000084700000|100%| O|  |TAMS 0x0000000084700000, 0x0000000084600000| Untracked 
|  71|0x0000000084700000, 0x0000000084800000, 0x0000000084800000|100%|HS|  |TAMS 0x0000000084800000, 0x0000000084700000| Complete 
|  72|0x0000000084800000, 0x0000000084900000, 0x0000000084900000|100%| O|  |TAMS 0x0000000084900000, 0x0000000084800000| Untracked 
|  73|0x0000000084900000, 0x0000000084a00000, 0x0000000084a00000|100%| O|  |TAMS 0x0000000084a00000, 0x0000000084900000| Untracked 
|  74|0x0000000084a00000, 0x0000000084b00000, 0x0000000084b00000|100%| O|  |TAMS 0x0000000084b00000, 0x0000000084a00000| Untracked 
|  75|0x0000000084b00000, 0x0000000084c00000, 0x0000000084c00000|100%| O|  |TAMS 0x0000000084c00000, 0x0000000084b00000| Untracked 
|  76|0x0000000084c00000, 0x0000000084d00000, 0x0000000084d00000|100%| O|  |TAMS 0x0000000084d00000, 0x0000000084c00000| Untracked 
|  77|0x0000000084d00000, 0x0000000084e00000, 0x0000000084e00000|100%| O|  |TAMS 0x0000000084d00000, 0x0000000084d00000| Untracked 
|  78|0x0000000084e00000, 0x0000000084f00000, 0x0000000084f00000|100%| O|  |TAMS 0x0000000084f00000, 0x0000000084e00000| Untracked 
|  79|0x0000000084f00000, 0x0000000085000000, 0x0000000085000000|100%| O|  |TAMS 0x0000000085000000, 0x0000000084f00000| Untracked 
|  80|0x0000000085000000, 0x0000000085100000, 0x0000000085100000|100%|HS|  |TAMS 0x0000000085100000, 0x0000000085000000| Complete 
|  81|0x0000000085100000, 0x0000000085200000, 0x0000000085200000|100%|HC|  |TAMS 0x0000000085200000, 0x0000000085100000| Complete 
|  82|0x0000000085200000, 0x0000000085300000, 0x0000000085300000|100%|HC|  |TAMS 0x0000000085300000, 0x0000000085200000| Complete 
|  83|0x0000000085300000, 0x0000000085400000, 0x0000000085400000|100%| O|  |TAMS 0x0000000085400000, 0x0000000085300000| Untracked 
|  84|0x0000000085400000, 0x0000000085500000, 0x0000000085500000|100%| O|  |TAMS 0x0000000085500000, 0x0000000085400000| Untracked 
|  85|0x0000000085500000, 0x0000000085600000, 0x0000000085600000|100%| O|  |TAMS 0x0000000085600000, 0x0000000085500000| Untracked 
|  86|0x0000000085600000, 0x0000000085700000, 0x0000000085700000|100%| O|  |TAMS 0x0000000085600000, 0x0000000085600000| Untracked 
|  87|0x0000000085700000, 0x0000000085800000, 0x0000000085800000|100%| O|  |TAMS 0x0000000085800000, 0x0000000085700000| Untracked 
|  88|0x0000000085800000, 0x0000000085900000, 0x0000000085900000|100%| O|  |TAMS 0x0000000085900000, 0x0000000085800000| Untracked 
|  89|0x0000000085900000, 0x0000000085a00000, 0x0000000085a00000|100%| O|  |TAMS 0x0000000085a00000, 0x0000000085900000| Untracked 
|  90|0x0000000085a00000, 0x0000000085b00000, 0x0000000085b00000|100%| O|  |TAMS 0x0000000085b00000, 0x0000000085a00000| Untracked 
|  91|0x0000000085b00000, 0x0000000085c00000, 0x0000000085c00000|100%| O|  |TAMS 0x0000000085c00000, 0x0000000085b00000| Untracked 
|  92|0x0000000085c00000, 0x0000000085d00000, 0x0000000085d00000|100%| O|  |TAMS 0x0000000085d00000, 0x0000000085c00000| Untracked 
|  93|0x0000000085d00000, 0x0000000085e00000, 0x0000000085e00000|100%| O|  |TAMS 0x0000000085e00000, 0x0000000085d00000| Untracked 
|  94|0x0000000085e00000, 0x0000000085f00000, 0x0000000085f00000|100%| O|  |TAMS 0x0000000085f00000, 0x0000000085e00000| Untracked 
|  95|0x0000000085f00000, 0x0000000086000000, 0x0000000086000000|100%| O|  |TAMS 0x0000000086000000, 0x0000000085f00000| Untracked 
|  96|0x0000000086000000, 0x0000000086100000, 0x0000000086100000|100%| O|  |TAMS 0x0000000086100000, 0x0000000086000000| Untracked 
|  97|0x0000000086100000, 0x0000000086200000, 0x0000000086200000|100%| O|  |TAMS 0x0000000086200000, 0x0000000086100000| Untracked 
|  98|0x0000000086200000, 0x0000000086300000, 0x0000000086300000|100%| O|  |TAMS 0x0000000086300000, 0x0000000086200000| Untracked 
|  99|0x0000000086300000, 0x0000000086400000, 0x0000000086400000|100%| O|  |TAMS 0x0000000086400000, 0x0000000086300000| Untracked 
| 100|0x0000000086400000, 0x0000000086500000, 0x0000000086500000|100%| O|  |TAMS 0x0000000086500000, 0x0000000086400000| Untracked 
| 101|0x0000000086500000, 0x0000000086600000, 0x0000000086600000|100%| O|  |TAMS 0x0000000086600000, 0x0000000086500000| Untracked 
| 102|0x0000000086600000, 0x0000000086700000, 0x0000000086700000|100%| O|  |TAMS 0x0000000086700000, 0x0000000086600000| Untracked 
| 103|0x0000000086700000, 0x0000000086800000, 0x0000000086800000|100%| O|  |TAMS 0x0000000086800000, 0x0000000086700000| Untracked 
| 104|0x0000000086800000, 0x0000000086900000, 0x0000000086900000|100%| O|  |TAMS 0x0000000086900000, 0x0000000086800000| Untracked 
| 105|0x0000000086900000, 0x0000000086a00000, 0x0000000086a00000|100%| O|  |TAMS 0x0000000086a00000, 0x0000000086900000| Untracked 
| 106|0x0000000086a00000, 0x0000000086b00000, 0x0000000086b00000|100%| O|  |TAMS 0x0000000086b00000, 0x0000000086a00000| Untracked 
| 107|0x0000000086b00000, 0x0000000086c00000, 0x0000000086c00000|100%| O|  |TAMS 0x0000000086c00000, 0x0000000086b00000| Untracked 
| 108|0x0000000086c00000, 0x0000000086d00000, 0x0000000086d00000|100%| O|  |TAMS 0x0000000086d00000, 0x0000000086c00000| Untracked 
| 109|0x0000000086d00000, 0x0000000086e00000, 0x0000000086e00000|100%| O|  |TAMS 0x0000000086e00000, 0x0000000086d00000| Untracked 
| 110|0x0000000086e00000, 0x0000000086f00000, 0x0000000086f00000|100%| O|  |TAMS 0x0000000086e00000, 0x0000000086e00000| Untracked 
| 111|0x0000000086f00000, 0x0000000087000000, 0x0000000087000000|100%| O|  |TAMS 0x0000000087000000, 0x0000000086f00000| Untracked 
| 112|0x0000000087000000, 0x0000000087100000, 0x0000000087100000|100%| O|  |TAMS 0x0000000087100000, 0x0000000087000000| Untracked 
| 113|0x0000000087100000, 0x0000000087200000, 0x0000000087200000|100%| O|  |TAMS 0x0000000087200000, 0x0000000087100000| Untracked 
| 114|0x0000000087200000, 0x0000000087300000, 0x0000000087300000|100%| O|  |TAMS 0x0000000087300000, 0x0000000087200000| Untracked 
| 115|0x0000000087300000, 0x0000000087400000, 0x0000000087400000|100%| O|  |TAMS 0x0000000087400000, 0x0000000087300000| Untracked 
| 116|0x0000000087400000, 0x0000000087500000, 0x0000000087500000|100%| O|  |TAMS 0x0000000087400000, 0x0000000087400000| Untracked 
| 117|0x0000000087500000, 0x0000000087600000, 0x0000000087600000|100%| O|  |TAMS 0x0000000087600000, 0x0000000087500000| Untracked 
| 118|0x0000000087600000, 0x0000000087700000, 0x0000000087700000|100%| O|  |TAMS 0x0000000087700000, 0x0000000087600000| Untracked 
| 119|0x0000000087700000, 0x0000000087800000, 0x0000000087800000|100%| O|  |TAMS 0x0000000087800000, 0x0000000087700000| Untracked 
| 120|0x0000000087800000, 0x0000000087900000, 0x0000000087900000|100%| O|  |TAMS 0x0000000087900000, 0x0000000087800000| Untracked 
| 121|0x0000000087900000, 0x0000000087a00000, 0x0000000087a00000|100%| O|  |TAMS 0x0000000087900000, 0x0000000087900000| Untracked 
| 122|0x0000000087a00000, 0x0000000087b00000, 0x0000000087b00000|100%| O|  |TAMS 0x0000000087b00000, 0x0000000087a00000| Untracked 
| 123|0x0000000087b00000, 0x0000000087c00000, 0x0000000087c00000|100%| O|  |TAMS 0x0000000087c00000, 0x0000000087b00000| Untracked 
| 124|0x0000000087c00000, 0x0000000087d00000, 0x0000000087d00000|100%| O|  |TAMS 0x0000000087c00000, 0x0000000087c00000| Untracked 
| 125|0x0000000087d00000, 0x0000000087e00000, 0x0000000087e00000|100%| O|  |TAMS 0x0000000087e00000, 0x0000000087d00000| Untracked 
| 126|0x0000000087e00000, 0x0000000087f00000, 0x0000000087f00000|100%| O|  |TAMS 0x0000000087f00000, 0x0000000087e00000| Untracked 
| 127|0x0000000087f00000, 0x0000000088000000, 0x0000000088000000|100%| O|  |TAMS 0x0000000088000000, 0x0000000087f00000| Untracked 
| 128|0x0000000088000000, 0x0000000088100000, 0x0000000088100000|100%| O|  |TAMS 0x0000000088100000, 0x0000000088000000| Untracked 
| 129|0x0000000088100000, 0x0000000088200000, 0x0000000088200000|100%| O|  |TAMS 0x00000000881a3c00, 0x0000000088100000| Untracked 
| 130|0x0000000088200000, 0x0000000088300000, 0x0000000088300000|100%| O|  |TAMS 0x0000000088200000, 0x0000000088200000| Untracked 
| 131|0x0000000088300000, 0x0000000088400000, 0x0000000088400000|100%| O|  |TAMS 0x0000000088300000, 0x0000000088300000| Untracked 
| 132|0x0000000088400000, 0x0000000088500000, 0x0000000088500000|100%| O|  |TAMS 0x0000000088400000, 0x0000000088400000| Untracked 
| 133|0x0000000088500000, 0x0000000088600000, 0x0000000088600000|100%| O|  |TAMS 0x0000000088500000, 0x0000000088500000| Untracked 
| 134|0x0000000088600000, 0x0000000088700000, 0x0000000088700000|100%| O|  |TAMS 0x0000000088600000, 0x0000000088600000| Untracked 
| 135|0x0000000088700000, 0x0000000088800000, 0x0000000088800000|100%|HS|  |TAMS 0x0000000088800000, 0x0000000088700000| Complete 
| 136|0x0000000088800000, 0x0000000088900000, 0x0000000088900000|100%|HC|  |TAMS 0x0000000088900000, 0x0000000088800000| Complete 
| 137|0x0000000088900000, 0x0000000088a00000, 0x0000000088a00000|100%|HS|  |TAMS 0x0000000088900000, 0x0000000088900000| Complete 
| 138|0x0000000088a00000, 0x0000000088b00000, 0x0000000088b00000|100%|HC|  |TAMS 0x0000000088a00000, 0x0000000088a00000| Complete 
| 139|0x0000000088b00000, 0x0000000088c00000, 0x0000000088c00000|100%| O|  |TAMS 0x0000000088b00000, 0x0000000088b00000| Untracked 
| 140|0x0000000088c00000, 0x0000000088d00000, 0x0000000088d00000|100%| O|  |TAMS 0x0000000088c00000, 0x0000000088c00000| Untracked 
| 141|0x0000000088d00000, 0x0000000088e00000, 0x0000000088e00000|100%| O|  |TAMS 0x0000000088d00000, 0x0000000088d00000| Untracked 
| 142|0x0000000088e00000, 0x0000000088f00000, 0x0000000088f00000|100%| O|  |TAMS 0x0000000088e00000, 0x0000000088e00000| Untracked 
| 143|0x0000000088f00000, 0x0000000089000000, 0x0000000089000000|100%| O|  |TAMS 0x0000000088f00000, 0x0000000088f00000| Untracked 
| 144|0x0000000089000000, 0x0000000089100000, 0x0000000089100000|100%| O|  |TAMS 0x0000000089000000, 0x0000000089000000| Untracked 
| 145|0x0000000089100000, 0x0000000089200000, 0x0000000089200000|100%| O|  |TAMS 0x0000000089100000, 0x0000000089100000| Untracked 
| 146|0x0000000089200000, 0x0000000089300000, 0x0000000089300000|100%| O|  |TAMS 0x0000000089200000, 0x0000000089200000| Untracked 
| 147|0x0000000089300000, 0x0000000089400000, 0x0000000089400000|100%| O|  |TAMS 0x0000000089300000, 0x0000000089300000| Untracked 
| 148|0x0000000089400000, 0x0000000089500000, 0x0000000089500000|100%| O|  |TAMS 0x0000000089400000, 0x0000000089400000| Untracked 
| 149|0x0000000089500000, 0x0000000089600000, 0x0000000089600000|100%| O|  |TAMS 0x0000000089500000, 0x0000000089500000| Untracked 
| 150|0x0000000089600000, 0x0000000089700000, 0x0000000089700000|100%| O|  |TAMS 0x0000000089600000, 0x0000000089600000| Untracked 
| 151|0x0000000089700000, 0x0000000089800000, 0x0000000089800000|100%| O|  |TAMS 0x0000000089700000, 0x0000000089700000| Untracked 
| 152|0x0000000089800000, 0x0000000089900000, 0x0000000089900000|100%| O|  |TAMS 0x0000000089800000, 0x0000000089800000| Untracked 
| 153|0x0000000089900000, 0x0000000089a00000, 0x0000000089a00000|100%| O|  |TAMS 0x0000000089900000, 0x0000000089900000| Untracked 
| 154|0x0000000089a00000, 0x0000000089b00000, 0x0000000089b00000|100%| O|  |TAMS 0x0000000089a00000, 0x0000000089a00000| Untracked 
| 155|0x0000000089b00000, 0x0000000089c00000, 0x0000000089c00000|100%| O|  |TAMS 0x0000000089b00000, 0x0000000089b00000| Untracked 
| 156|0x0000000089c00000, 0x0000000089d00000, 0x0000000089d00000|100%| O|  |TAMS 0x0000000089c00000, 0x0000000089c00000| Untracked 
| 157|0x0000000089d00000, 0x0000000089e00000, 0x0000000089e00000|100%| O|  |TAMS 0x0000000089d00000, 0x0000000089d00000| Untracked 
| 158|0x0000000089e00000, 0x0000000089f00000, 0x0000000089f00000|100%| O|  |TAMS 0x0000000089e00000, 0x0000000089e00000| Untracked 
| 159|0x0000000089f00000, 0x000000008a000000, 0x000000008a000000|100%| O|  |TAMS 0x0000000089f00000, 0x0000000089f00000| Untracked 
| 160|0x000000008a000000, 0x000000008a100000, 0x000000008a100000|100%| O|  |TAMS 0x000000008a000000, 0x000000008a000000| Untracked 
| 161|0x000000008a100000, 0x000000008a200000, 0x000000008a200000|100%| O|  |TAMS 0x000000008a100000, 0x000000008a100000| Untracked 
| 162|0x000000008a200000, 0x000000008a300000, 0x000000008a300000|100%| O|  |TAMS 0x000000008a200000, 0x000000008a200000| Untracked 
| 163|0x000000008a300000, 0x000000008a400000, 0x000000008a400000|100%| O|  |TAMS 0x000000008a300000, 0x000000008a300000| Untracked 
| 164|0x000000008a400000, 0x000000008a500000, 0x000000008a500000|100%| O|  |TAMS 0x000000008a400000, 0x000000008a400000| Untracked 
| 165|0x000000008a500000, 0x000000008a600000, 0x000000008a600000|100%| O|  |TAMS 0x000000008a500000, 0x000000008a500000| Untracked 
| 166|0x000000008a600000, 0x000000008a700000, 0x000000008a700000|100%| O|  |TAMS 0x000000008a600000, 0x000000008a600000| Untracked 
| 167|0x000000008a700000, 0x000000008a800000, 0x000000008a800000|100%| O|  |TAMS 0x000000008a700000, 0x000000008a700000| Untracked 
| 168|0x000000008a800000, 0x000000008a900000, 0x000000008a900000|100%| O|  |TAMS 0x000000008a800000, 0x000000008a800000| Untracked 
| 169|0x000000008a900000, 0x000000008aa00000, 0x000000008aa00000|100%| O|  |TAMS 0x000000008a900000, 0x000000008a900000| Untracked 
| 170|0x000000008aa00000, 0x000000008ab00000, 0x000000008ab00000|100%| O|  |TAMS 0x000000008aa00000, 0x000000008aa00000| Untracked 
| 171|0x000000008ab00000, 0x000000008ac00000, 0x000000008ac00000|100%| O|  |TAMS 0x000000008ab00000, 0x000000008ab00000| Untracked 
| 172|0x000000008ac00000, 0x000000008ad00000, 0x000000008ad00000|100%| O|  |TAMS 0x000000008ac00000, 0x000000008ac00000| Untracked 
| 173|0x000000008ad00000, 0x000000008ae00000, 0x000000008ae00000|100%| O|  |TAMS 0x000000008ad00000, 0x000000008ad00000| Untracked 
| 174|0x000000008ae00000, 0x000000008af00000, 0x000000008af00000|100%| O|  |TAMS 0x000000008ae00000, 0x000000008ae00000| Untracked 
| 175|0x000000008af00000, 0x000000008b000000, 0x000000008b000000|100%| O|  |TAMS 0x000000008af00000, 0x000000008af00000| Untracked 
| 176|0x000000008b000000, 0x000000008b100000, 0x000000008b100000|100%| O|  |TAMS 0x000000008b000000, 0x000000008b000000| Untracked 
| 177|0x000000008b100000, 0x000000008b200000, 0x000000008b200000|100%| O|  |TAMS 0x000000008b100000, 0x000000008b100000| Untracked 
| 178|0x000000008b200000, 0x000000008b300000, 0x000000008b300000|100%| O|  |TAMS 0x000000008b200000, 0x000000008b200000| Untracked 
| 179|0x000000008b300000, 0x000000008b400000, 0x000000008b400000|100%| O|  |TAMS 0x000000008b300000, 0x000000008b300000| Untracked 
| 180|0x000000008b400000, 0x000000008b500000, 0x000000008b500000|100%| O|  |TAMS 0x000000008b400000, 0x000000008b400000| Untracked 
| 181|0x000000008b500000, 0x000000008b600000, 0x000000008b600000|100%| O|  |TAMS 0x000000008b500000, 0x000000008b500000| Untracked 
| 182|0x000000008b600000, 0x000000008b700000, 0x000000008b700000|100%| O|  |TAMS 0x000000008b600000, 0x000000008b600000| Untracked 
| 183|0x000000008b700000, 0x000000008b800000, 0x000000008b800000|100%| O|  |TAMS 0x000000008b700000, 0x000000008b700000| Untracked 
| 184|0x000000008b800000, 0x000000008b900000, 0x000000008b900000|100%| O|  |TAMS 0x000000008b800000, 0x000000008b800000| Untracked 
| 185|0x000000008b900000, 0x000000008ba00000, 0x000000008ba00000|100%| O|  |TAMS 0x000000008b900000, 0x000000008b900000| Untracked 
| 186|0x000000008ba00000, 0x000000008bb00000, 0x000000008bb00000|100%| O|  |TAMS 0x000000008ba00000, 0x000000008ba00000| Untracked 
| 187|0x000000008bb00000, 0x000000008bc00000, 0x000000008bc00000|100%| O|  |TAMS 0x000000008bb00000, 0x000000008bb00000| Untracked 
| 188|0x000000008bc00000, 0x000000008bd00000, 0x000000008bd00000|100%| O|  |TAMS 0x000000008bc00000, 0x000000008bc00000| Untracked 
| 189|0x000000008bd00000, 0x000000008be00000, 0x000000008be00000|100%| O|  |TAMS 0x000000008bd00000, 0x000000008bd00000| Untracked 
| 190|0x000000008be00000, 0x000000008bf00000, 0x000000008bf00000|100%| O|  |TAMS 0x000000008be00000, 0x000000008be00000| Untracked 
| 191|0x000000008bf00000, 0x000000008c000000, 0x000000008c000000|100%| O|  |TAMS 0x000000008bf00000, 0x000000008bf00000| Untracked 
| 192|0x000000008c000000, 0x000000008c100000, 0x000000008c100000|100%| O|  |TAMS 0x000000008c000000, 0x000000008c000000| Untracked 
| 193|0x000000008c100000, 0x000000008c200000, 0x000000008c200000|100%| O|  |TAMS 0x000000008c100000, 0x000000008c100000| Untracked 
| 194|0x000000008c200000, 0x000000008c300000, 0x000000008c300000|100%| O|  |TAMS 0x000000008c200000, 0x000000008c200000| Untracked 
| 195|0x000000008c300000, 0x000000008c400000, 0x000000008c400000|100%| O|  |TAMS 0x000000008c300000, 0x000000008c300000| Untracked 
| 196|0x000000008c400000, 0x000000008c500000, 0x000000008c500000|100%| O|  |TAMS 0x000000008c400000, 0x000000008c400000| Untracked 
| 197|0x000000008c500000, 0x000000008c600000, 0x000000008c600000|100%| O|  |TAMS 0x000000008c500000, 0x000000008c500000| Untracked 
| 198|0x000000008c600000, 0x000000008c700000, 0x000000008c700000|100%| O|  |TAMS 0x000000008c600000, 0x000000008c600000| Untracked 
| 199|0x000000008c700000, 0x000000008c800000, 0x000000008c800000|100%| O|  |TAMS 0x000000008c700000, 0x000000008c700000| Untracked 
| 200|0x000000008c800000, 0x000000008c900000, 0x000000008c900000|100%| O|  |TAMS 0x000000008c800000, 0x000000008c800000| Untracked 
| 201|0x000000008c900000, 0x000000008ca00000, 0x000000008ca00000|100%| O|  |TAMS 0x000000008c900000, 0x000000008c900000| Untracked 
| 202|0x000000008ca00000, 0x000000008cb00000, 0x000000008cb00000|100%| O|  |TAMS 0x000000008ca00000, 0x000000008ca00000| Untracked 
| 203|0x000000008cb00000, 0x000000008cc00000, 0x000000008cc00000|100%| O|  |TAMS 0x000000008cb00000, 0x000000008cb00000| Untracked 
| 204|0x000000008cc00000, 0x000000008cd00000, 0x000000008cd00000|100%| O|  |TAMS 0x000000008cc00000, 0x000000008cc00000| Untracked 
| 205|0x000000008cd00000, 0x000000008ce00000, 0x000000008ce00000|100%| O|  |TAMS 0x000000008cd00000, 0x000000008cd00000| Untracked 
| 206|0x000000008ce00000, 0x000000008cf00000, 0x000000008cf00000|100%| O|  |TAMS 0x000000008ce00000, 0x000000008ce00000| Untracked 
| 207|0x000000008cf00000, 0x000000008d000000, 0x000000008d000000|100%| O|  |TAMS 0x000000008cf00000, 0x000000008cf00000| Untracked 
| 208|0x000000008d000000, 0x000000008d100000, 0x000000008d100000|100%| O|  |TAMS 0x000000008d000000, 0x000000008d000000| Untracked 
| 209|0x000000008d100000, 0x000000008d200000, 0x000000008d200000|100%| O|  |TAMS 0x000000008d100000, 0x000000008d100000| Untracked 
| 210|0x000000008d200000, 0x000000008d300000, 0x000000008d300000|100%| O|  |TAMS 0x000000008d200000, 0x000000008d200000| Untracked 
| 211|0x000000008d300000, 0x000000008d400000, 0x000000008d400000|100%| O|  |TAMS 0x000000008d300000, 0x000000008d300000| Untracked 
| 212|0x000000008d400000, 0x000000008d500000, 0x000000008d500000|100%| O|  |TAMS 0x000000008d400000, 0x000000008d400000| Untracked 
| 213|0x000000008d500000, 0x000000008d600000, 0x000000008d600000|100%| O|  |TAMS 0x000000008d500000, 0x000000008d500000| Untracked 
| 214|0x000000008d600000, 0x000000008d700000, 0x000000008d700000|100%| O|  |TAMS 0x000000008d600000, 0x000000008d600000| Untracked 
| 215|0x000000008d700000, 0x000000008d800000, 0x000000008d800000|100%| O|  |TAMS 0x000000008d700000, 0x000000008d700000| Untracked 
| 216|0x000000008d800000, 0x000000008d900000, 0x000000008d900000|100%| O|  |TAMS 0x000000008d800000, 0x000000008d800000| Untracked 
| 217|0x000000008d900000, 0x000000008da00000, 0x000000008da00000|100%| O|  |TAMS 0x000000008d900000, 0x000000008d900000| Untracked 
| 218|0x000000008da00000, 0x000000008db00000, 0x000000008db00000|100%| O|  |TAMS 0x000000008da00000, 0x000000008da00000| Untracked 
| 219|0x000000008db00000, 0x000000008dc00000, 0x000000008dc00000|100%| O|  |TAMS 0x000000008db00000, 0x000000008db00000| Untracked 
| 220|0x000000008dc00000, 0x000000008dd00000, 0x000000008dd00000|100%| O|  |TAMS 0x000000008dc00000, 0x000000008dc00000| Untracked 
| 221|0x000000008dd00000, 0x000000008de00000, 0x000000008de00000|100%| O|  |TAMS 0x000000008dd00000, 0x000000008dd00000| Untracked 
| 222|0x000000008de00000, 0x000000008df00000, 0x000000008df00000|100%| O|  |TAMS 0x000000008de00000, 0x000000008de00000| Untracked 
| 223|0x000000008df00000, 0x000000008e000000, 0x000000008e000000|100%| O|  |TAMS 0x000000008df00000, 0x000000008df00000| Untracked 
| 224|0x000000008e000000, 0x000000008e100000, 0x000000008e100000|100%| O|  |TAMS 0x000000008e000000, 0x000000008e000000| Untracked 
| 225|0x000000008e100000, 0x000000008e200000, 0x000000008e200000|100%| O|  |TAMS 0x000000008e100000, 0x000000008e100000| Untracked 
| 226|0x000000008e200000, 0x000000008e300000, 0x000000008e300000|100%| O|  |TAMS 0x000000008e200000, 0x000000008e200000| Untracked 
| 227|0x000000008e300000, 0x000000008e400000, 0x000000008e400000|100%| O|  |TAMS 0x000000008e300000, 0x000000008e300000| Untracked 
| 228|0x000000008e400000, 0x000000008e500000, 0x000000008e500000|100%| O|  |TAMS 0x000000008e400000, 0x000000008e400000| Untracked 
| 229|0x000000008e500000, 0x000000008e600000, 0x000000008e600000|100%| O|  |TAMS 0x000000008e500000, 0x000000008e500000| Untracked 
| 230|0x000000008e600000, 0x000000008e700000, 0x000000008e700000|100%| O|  |TAMS 0x000000008e600000, 0x000000008e600000| Untracked 
| 231|0x000000008e700000, 0x000000008e800000, 0x000000008e800000|100%| O|  |TAMS 0x000000008e700000, 0x000000008e700000| Untracked 
| 232|0x000000008e800000, 0x000000008e900000, 0x000000008e900000|100%| O|  |TAMS 0x000000008e800000, 0x000000008e800000| Untracked 
| 233|0x000000008e900000, 0x000000008ea00000, 0x000000008ea00000|100%| O|  |TAMS 0x000000008e900000, 0x000000008e900000| Untracked 
| 234|0x000000008ea00000, 0x000000008eb00000, 0x000000008eb00000|100%| O|  |TAMS 0x000000008ea00000, 0x000000008ea00000| Untracked 
| 235|0x000000008eb00000, 0x000000008ec00000, 0x000000008ec00000|100%| O|  |TAMS 0x000000008eb00000, 0x000000008eb00000| Untracked 
| 236|0x000000008ec00000, 0x000000008ed00000, 0x000000008ed00000|100%| O|  |TAMS 0x000000008ec00000, 0x000000008ec00000| Untracked 
| 237|0x000000008ed00000, 0x000000008ee00000, 0x000000008ee00000|100%| O|  |TAMS 0x000000008ed00000, 0x000000008ed00000| Untracked 
| 238|0x000000008ee00000, 0x000000008ef00000, 0x000000008ef00000|100%| O|  |TAMS 0x000000008ee00000, 0x000000008ee00000| Untracked 
| 239|0x000000008ef00000, 0x000000008f000000, 0x000000008f000000|100%| O|  |TAMS 0x000000008ef00000, 0x000000008ef00000| Untracked 
| 240|0x000000008f000000, 0x000000008f100000, 0x000000008f100000|100%| O|  |TAMS 0x000000008f000000, 0x000000008f000000| Untracked 
| 241|0x000000008f100000, 0x000000008f200000, 0x000000008f200000|100%| O|  |TAMS 0x000000008f100000, 0x000000008f100000| Untracked 
| 242|0x000000008f200000, 0x000000008f300000, 0x000000008f300000|100%| O|  |TAMS 0x000000008f200000, 0x000000008f200000| Untracked 
| 243|0x000000008f300000, 0x000000008f400000, 0x000000008f400000|100%| O|  |TAMS 0x000000008f300000, 0x000000008f300000| Untracked 
| 244|0x000000008f400000, 0x000000008f500000, 0x000000008f500000|100%| O|  |TAMS 0x000000008f400000, 0x000000008f400000| Untracked 
| 245|0x000000008f500000, 0x000000008f600000, 0x000000008f600000|100%| O|  |TAMS 0x000000008f500000, 0x000000008f500000| Untracked 
| 246|0x000000008f600000, 0x000000008f700000, 0x000000008f700000|100%| O|  |TAMS 0x000000008f600000, 0x000000008f600000| Untracked 
| 247|0x000000008f700000, 0x000000008f800000, 0x000000008f800000|100%| O|  |TAMS 0x000000008f700000, 0x000000008f700000| Untracked 
| 248|0x000000008f800000, 0x000000008f900000, 0x000000008f900000|100%| O|  |TAMS 0x000000008f800000, 0x000000008f800000| Untracked 
| 249|0x000000008f900000, 0x000000008fa00000, 0x000000008fa00000|100%| O|  |TAMS 0x000000008f900000, 0x000000008f900000| Untracked 
| 250|0x000000008fa00000, 0x000000008fb00000, 0x000000008fb00000|100%| O|  |TAMS 0x000000008fa00000, 0x000000008fa00000| Untracked 
| 251|0x000000008fb00000, 0x000000008fc00000, 0x000000008fc00000|100%| O|  |TAMS 0x000000008fb00000, 0x000000008fb00000| Untracked 
| 252|0x000000008fc00000, 0x000000008fd00000, 0x000000008fd00000|100%| O|  |TAMS 0x000000008fc00000, 0x000000008fc00000| Untracked 
| 253|0x000000008fd00000, 0x000000008fe00000, 0x000000008fe00000|100%| O|  |TAMS 0x000000008fd00000, 0x000000008fd00000| Untracked 
| 254|0x000000008fe00000, 0x000000008ff00000, 0x000000008ff00000|100%| O|  |TAMS 0x000000008fe00000, 0x000000008fe00000| Untracked 
| 255|0x000000008ff00000, 0x000000008ff00000, 0x0000000090000000|  0%| F|  |TAMS 0x000000008ff00000, 0x000000008ff00000| Untracked 
| 256|0x0000000090000000, 0x0000000090000000, 0x0000000090100000|  0%| F|  |TAMS 0x0000000090000000, 0x0000000090000000| Untracked 
| 257|0x0000000090100000, 0x0000000090100000, 0x0000000090200000|  0%| F|  |TAMS 0x0000000090100000, 0x0000000090100000| Untracked 
| 258|0x0000000090200000, 0x0000000090200000, 0x0000000090300000|  0%| F|  |TAMS 0x0000000090200000, 0x0000000090200000| Untracked 
| 259|0x0000000090300000, 0x0000000090300000, 0x0000000090400000|  0%| F|  |TAMS 0x0000000090300000, 0x0000000090300000| Untracked 
| 260|0x0000000090400000, 0x0000000090400000, 0x0000000090500000|  0%| F|  |TAMS 0x0000000090400000, 0x0000000090400000| Untracked 
| 261|0x0000000090500000, 0x0000000090500000, 0x0000000090600000|  0%| F|  |TAMS 0x0000000090500000, 0x0000000090500000| Untracked 
| 262|0x0000000090600000, 0x0000000090600000, 0x0000000090700000|  0%| F|  |TAMS 0x0000000090600000, 0x0000000090600000| Untracked 
| 263|0x0000000090700000, 0x0000000090700000, 0x0000000090800000|  0%| F|  |TAMS 0x0000000090700000, 0x0000000090700000| Untracked 
| 264|0x0000000090800000, 0x0000000090800000, 0x0000000090900000|  0%| F|  |TAMS 0x0000000090800000, 0x0000000090800000| Untracked 
| 265|0x0000000090900000, 0x0000000090900000, 0x0000000090a00000|  0%| F|  |TAMS 0x0000000090900000, 0x0000000090900000| Untracked 
| 266|0x0000000090a00000, 0x0000000090a00000, 0x0000000090b00000|  0%| F|  |TAMS 0x0000000090a00000, 0x0000000090a00000| Untracked 
| 267|0x0000000090b00000, 0x0000000090b00000, 0x0000000090c00000|  0%| F|  |TAMS 0x0000000090b00000, 0x0000000090b00000| Untracked 
| 268|0x0000000090c00000, 0x0000000090c00000, 0x0000000090d00000|  0%| F|  |TAMS 0x0000000090c00000, 0x0000000090c00000| Untracked 
| 269|0x0000000090d00000, 0x0000000090d00000, 0x0000000090e00000|  0%| F|  |TAMS 0x0000000090d00000, 0x0000000090d00000| Untracked 
| 270|0x0000000090e00000, 0x0000000090e00000, 0x0000000090f00000|  0%| F|  |TAMS 0x0000000090e00000, 0x0000000090e00000| Untracked 
| 271|0x0000000090f00000, 0x0000000090f00000, 0x0000000091000000|  0%| F|  |TAMS 0x0000000090f00000, 0x0000000090f00000| Untracked 
| 272|0x0000000091000000, 0x0000000091000000, 0x0000000091100000|  0%| F|  |TAMS 0x0000000091000000, 0x0000000091000000| Untracked 
| 273|0x0000000091100000, 0x0000000091100000, 0x0000000091200000|  0%| F|  |TAMS 0x0000000091100000, 0x0000000091100000| Untracked 
| 274|0x0000000091200000, 0x0000000091200000, 0x0000000091300000|  0%| F|  |TAMS 0x0000000091200000, 0x0000000091200000| Untracked 
| 275|0x0000000091300000, 0x0000000091300000, 0x0000000091400000|  0%| F|  |TAMS 0x0000000091300000, 0x0000000091300000| Untracked 
| 276|0x0000000091400000, 0x0000000091400000, 0x0000000091500000|  0%| F|  |TAMS 0x0000000091400000, 0x0000000091400000| Untracked 
| 277|0x0000000091500000, 0x0000000091500000, 0x0000000091600000|  0%| F|  |TAMS 0x0000000091500000, 0x0000000091500000| Untracked 
| 278|0x0000000091600000, 0x0000000091600000, 0x0000000091700000|  0%| F|  |TAMS 0x0000000091600000, 0x0000000091600000| Untracked 
| 279|0x0000000091700000, 0x0000000091700000, 0x0000000091800000|  0%| F|  |TAMS 0x0000000091700000, 0x0000000091700000| Untracked 
| 280|0x0000000091800000, 0x0000000091800000, 0x0000000091900000|  0%| F|  |TAMS 0x0000000091800000, 0x0000000091800000| Untracked 
| 281|0x0000000091900000, 0x0000000091900000, 0x0000000091a00000|  0%| F|  |TAMS 0x0000000091900000, 0x0000000091900000| Untracked 
| 282|0x0000000091a00000, 0x0000000091a00000, 0x0000000091b00000|  0%| F|  |TAMS 0x0000000091a00000, 0x0000000091a00000| Untracked 
| 283|0x0000000091b00000, 0x0000000091b00000, 0x0000000091c00000|  0%| F|  |TAMS 0x0000000091b00000, 0x0000000091b00000| Untracked 
| 284|0x0000000091c00000, 0x0000000091c00000, 0x0000000091d00000|  0%| F|  |TAMS 0x0000000091c00000, 0x0000000091c00000| Untracked 
| 285|0x0000000091d00000, 0x0000000091d00000, 0x0000000091e00000|  0%| F|  |TAMS 0x0000000091d00000, 0x0000000091d00000| Untracked 
| 286|0x0000000091e00000, 0x0000000091e00000, 0x0000000091f00000|  0%| F|  |TAMS 0x0000000091e00000, 0x0000000091e00000| Untracked 
| 287|0x0000000091f00000, 0x0000000091f00000, 0x0000000092000000|  0%| F|  |TAMS 0x0000000091f00000, 0x0000000091f00000| Untracked 
| 288|0x0000000092000000, 0x0000000092000000, 0x0000000092100000|  0%| F|  |TAMS 0x0000000092000000, 0x0000000092000000| Untracked 
| 289|0x0000000092100000, 0x0000000092100000, 0x0000000092200000|  0%| F|  |TAMS 0x0000000092100000, 0x0000000092100000| Untracked 
| 290|0x0000000092200000, 0x0000000092200000, 0x0000000092300000|  0%| F|  |TAMS 0x0000000092200000, 0x0000000092200000| Untracked 
| 291|0x0000000092300000, 0x0000000092300000, 0x0000000092400000|  0%| F|  |TAMS 0x0000000092300000, 0x0000000092300000| Untracked 
| 292|0x0000000092400000, 0x0000000092400000, 0x0000000092500000|  0%| F|  |TAMS 0x0000000092400000, 0x0000000092400000| Untracked 
| 293|0x0000000092500000, 0x0000000092500000, 0x0000000092600000|  0%| F|  |TAMS 0x0000000092500000, 0x0000000092500000| Untracked 
| 294|0x0000000092600000, 0x0000000092600000, 0x0000000092700000|  0%| F|  |TAMS 0x0000000092600000, 0x0000000092600000| Untracked 
| 295|0x0000000092700000, 0x0000000092700000, 0x0000000092800000|  0%| F|  |TAMS 0x0000000092700000, 0x0000000092700000| Untracked 
| 296|0x0000000092800000, 0x0000000092800000, 0x0000000092900000|  0%| F|  |TAMS 0x0000000092800000, 0x0000000092800000| Untracked 
| 297|0x0000000092900000, 0x0000000092900000, 0x0000000092a00000|  0%| F|  |TAMS 0x0000000092900000, 0x0000000092900000| Untracked 
| 298|0x0000000092a00000, 0x0000000092a00000, 0x0000000092b00000|  0%| F|  |TAMS 0x0000000092a00000, 0x0000000092a00000| Untracked 
| 299|0x0000000092b00000, 0x0000000092b00000, 0x0000000092c00000|  0%| F|  |TAMS 0x0000000092b00000, 0x0000000092b00000| Untracked 
| 300|0x0000000092c00000, 0x0000000092c00000, 0x0000000092d00000|  0%| F|  |TAMS 0x0000000092c00000, 0x0000000092c00000| Untracked 
| 301|0x0000000092d00000, 0x0000000092d00000, 0x0000000092e00000|  0%| F|  |TAMS 0x0000000092d00000, 0x0000000092d00000| Untracked 
| 302|0x0000000092e00000, 0x0000000092e00000, 0x0000000092f00000|  0%| F|  |TAMS 0x0000000092e00000, 0x0000000092e00000| Untracked 
| 303|0x0000000092f00000, 0x0000000092f00000, 0x0000000093000000|  0%| F|  |TAMS 0x0000000092f00000, 0x0000000092f00000| Untracked 
| 304|0x0000000093000000, 0x0000000093000000, 0x0000000093100000|  0%| F|  |TAMS 0x0000000093000000, 0x0000000093000000| Untracked 
| 305|0x0000000093100000, 0x0000000093100000, 0x0000000093200000|  0%| F|  |TAMS 0x0000000093100000, 0x0000000093100000| Untracked 
| 306|0x0000000093200000, 0x0000000093200000, 0x0000000093300000|  0%| F|  |TAMS 0x0000000093200000, 0x0000000093200000| Untracked 
| 307|0x0000000093300000, 0x0000000093300000, 0x0000000093400000|  0%| F|  |TAMS 0x0000000093300000, 0x0000000093300000| Untracked 
| 308|0x0000000093400000, 0x0000000093400000, 0x0000000093500000|  0%| F|  |TAMS 0x0000000093400000, 0x0000000093400000| Untracked 
| 309|0x0000000093500000, 0x0000000093500000, 0x0000000093600000|  0%| F|  |TAMS 0x0000000093500000, 0x0000000093500000| Untracked 
| 310|0x0000000093600000, 0x0000000093600000, 0x0000000093700000|  0%| F|  |TAMS 0x0000000093600000, 0x0000000093600000| Untracked 
| 311|0x0000000093700000, 0x0000000093700000, 0x0000000093800000|  0%| F|  |TAMS 0x0000000093700000, 0x0000000093700000| Untracked 
| 312|0x0000000093800000, 0x0000000093800000, 0x0000000093900000|  0%| F|  |TAMS 0x0000000093800000, 0x0000000093800000| Untracked 
| 313|0x0000000093900000, 0x0000000093900000, 0x0000000093a00000|  0%| F|  |TAMS 0x0000000093900000, 0x0000000093900000| Untracked 
| 314|0x0000000093a00000, 0x0000000093a00000, 0x0000000093b00000|  0%| F|  |TAMS 0x0000000093a00000, 0x0000000093a00000| Untracked 
| 315|0x0000000093b00000, 0x0000000093b00000, 0x0000000093c00000|  0%| F|  |TAMS 0x0000000093b00000, 0x0000000093b00000| Untracked 
| 316|0x0000000093c00000, 0x0000000093c00000, 0x0000000093d00000|  0%| F|  |TAMS 0x0000000093c00000, 0x0000000093c00000| Untracked 
| 317|0x0000000093d00000, 0x0000000093d00000, 0x0000000093e00000|  0%| F|  |TAMS 0x0000000093d00000, 0x0000000093d00000| Untracked 
| 318|0x0000000093e00000, 0x0000000093e00000, 0x0000000093f00000|  0%| F|  |TAMS 0x0000000093e00000, 0x0000000093e00000| Untracked 
| 319|0x0000000093f00000, 0x0000000093f00000, 0x0000000094000000|  0%| F|  |TAMS 0x0000000093f00000, 0x0000000093f00000| Untracked 
| 320|0x0000000094000000, 0x0000000094000000, 0x0000000094100000|  0%| F|  |TAMS 0x0000000094000000, 0x0000000094000000| Untracked 
| 321|0x0000000094100000, 0x0000000094100000, 0x0000000094200000|  0%| F|  |TAMS 0x0000000094100000, 0x0000000094100000| Untracked 
| 322|0x0000000094200000, 0x0000000094200000, 0x0000000094300000|  0%| F|  |TAMS 0x0000000094200000, 0x0000000094200000| Untracked 
| 323|0x0000000094300000, 0x0000000094300000, 0x0000000094400000|  0%| F|  |TAMS 0x0000000094300000, 0x0000000094300000| Untracked 
| 324|0x0000000094400000, 0x0000000094400000, 0x0000000094500000|  0%| F|  |TAMS 0x0000000094400000, 0x0000000094400000| Untracked 
| 325|0x0000000094500000, 0x0000000094500000, 0x0000000094600000|  0%| F|  |TAMS 0x0000000094500000, 0x0000000094500000| Untracked 
| 326|0x0000000094600000, 0x0000000094600000, 0x0000000094700000|  0%| F|  |TAMS 0x0000000094600000, 0x0000000094600000| Untracked 
| 327|0x0000000094700000, 0x0000000094700000, 0x0000000094800000|  0%| F|  |TAMS 0x0000000094700000, 0x0000000094700000| Untracked 
| 328|0x0000000094800000, 0x0000000094800000, 0x0000000094900000|  0%| F|  |TAMS 0x0000000094800000, 0x0000000094800000| Untracked 
| 329|0x0000000094900000, 0x0000000094900000, 0x0000000094a00000|  0%| F|  |TAMS 0x0000000094900000, 0x0000000094900000| Untracked 
| 330|0x0000000094a00000, 0x0000000094a00000, 0x0000000094b00000|  0%| F|  |TAMS 0x0000000094a00000, 0x0000000094a00000| Untracked 
| 331|0x0000000094b00000, 0x0000000094b00000, 0x0000000094c00000|  0%| F|  |TAMS 0x0000000094b00000, 0x0000000094b00000| Untracked 
| 332|0x0000000094c00000, 0x0000000094c00000, 0x0000000094d00000|  0%| F|  |TAMS 0x0000000094c00000, 0x0000000094c00000| Untracked 
| 333|0x0000000094d00000, 0x0000000094d00000, 0x0000000094e00000|  0%| F|  |TAMS 0x0000000094d00000, 0x0000000094d00000| Untracked 
| 334|0x0000000094e00000, 0x0000000094e00000, 0x0000000094f00000|  0%| F|  |TAMS 0x0000000094e00000, 0x0000000094e00000| Untracked 
| 335|0x0000000094f00000, 0x0000000094f00000, 0x0000000095000000|  0%| F|  |TAMS 0x0000000094f00000, 0x0000000094f00000| Untracked 
| 336|0x0000000095000000, 0x0000000095000000, 0x0000000095100000|  0%| F|  |TAMS 0x0000000095000000, 0x0000000095000000| Untracked 
| 337|0x0000000095100000, 0x0000000095100000, 0x0000000095200000|  0%| F|  |TAMS 0x0000000095100000, 0x0000000095100000| Untracked 
| 338|0x0000000095200000, 0x0000000095200000, 0x0000000095300000|  0%| F|  |TAMS 0x0000000095200000, 0x0000000095200000| Untracked 
| 339|0x0000000095300000, 0x0000000095300000, 0x0000000095400000|  0%| F|  |TAMS 0x0000000095300000, 0x0000000095300000| Untracked 
| 340|0x0000000095400000, 0x0000000095400000, 0x0000000095500000|  0%| F|  |TAMS 0x0000000095400000, 0x0000000095400000| Untracked 
| 341|0x0000000095500000, 0x0000000095500000, 0x0000000095600000|  0%| F|  |TAMS 0x0000000095500000, 0x0000000095500000| Untracked 
| 342|0x0000000095600000, 0x0000000095600000, 0x0000000095700000|  0%| F|  |TAMS 0x0000000095600000, 0x0000000095600000| Untracked 
| 343|0x0000000095700000, 0x0000000095700000, 0x0000000095800000|  0%| F|  |TAMS 0x0000000095700000, 0x0000000095700000| Untracked 
| 344|0x0000000095800000, 0x0000000095800000, 0x0000000095900000|  0%| F|  |TAMS 0x0000000095800000, 0x0000000095800000| Untracked 
| 345|0x0000000095900000, 0x0000000095900000, 0x0000000095a00000|  0%| F|  |TAMS 0x0000000095900000, 0x0000000095900000| Untracked 
| 346|0x0000000095a00000, 0x0000000095b00000, 0x0000000095b00000|100%| S|CS|TAMS 0x0000000095a00000, 0x0000000095a00000| Complete 
| 347|0x0000000095b00000, 0x0000000095c00000, 0x0000000095c00000|100%| S|CS|TAMS 0x0000000095b00000, 0x0000000095b00000| Complete 
| 348|0x0000000095c00000, 0x0000000095d00000, 0x0000000095d00000|100%| S|CS|TAMS 0x0000000095c00000, 0x0000000095c00000| Complete 
| 349|0x0000000095d00000, 0x0000000095e00000, 0x0000000095e00000|100%| S|CS|TAMS 0x0000000095d00000, 0x0000000095d00000| Complete 
| 350|0x0000000095e00000, 0x0000000095f00000, 0x0000000095f00000|100%| S|CS|TAMS 0x0000000095e00000, 0x0000000095e00000| Complete 
| 351|0x0000000095f00000, 0x0000000096000000, 0x0000000096000000|100%| S|CS|TAMS 0x0000000095f00000, 0x0000000095f00000| Complete 
| 352|0x0000000096000000, 0x0000000096100000, 0x0000000096100000|100%| S|CS|TAMS 0x0000000096000000, 0x0000000096000000| Complete 
| 353|0x0000000096100000, 0x0000000096100000, 0x0000000096200000|  0%| F|  |TAMS 0x0000000096100000, 0x0000000096100000| Untracked 
| 354|0x0000000096200000, 0x0000000096200000, 0x0000000096300000|  0%| F|  |TAMS 0x0000000096200000, 0x0000000096200000| Untracked 
| 355|0x0000000096300000, 0x0000000096300000, 0x0000000096400000|  0%| F|  |TAMS 0x0000000096300000, 0x0000000096300000| Untracked 
| 356|0x0000000096400000, 0x0000000096400000, 0x0000000096500000|  0%| F|  |TAMS 0x0000000096400000, 0x0000000096400000| Untracked 
| 357|0x0000000096500000, 0x0000000096500000, 0x0000000096600000|  0%| F|  |TAMS 0x0000000096500000, 0x0000000096500000| Untracked 
| 358|0x0000000096600000, 0x0000000096600000, 0x0000000096700000|  0%| F|  |TAMS 0x0000000096600000, 0x0000000096600000| Untracked 
| 359|0x0000000096700000, 0x0000000096700000, 0x0000000096800000|  0%| F|  |TAMS 0x0000000096700000, 0x0000000096700000| Untracked 
| 360|0x0000000096800000, 0x0000000096800000, 0x0000000096900000|  0%| F|  |TAMS 0x0000000096800000, 0x0000000096800000| Untracked 
| 361|0x0000000096900000, 0x0000000096900000, 0x0000000096a00000|  0%| F|  |TAMS 0x0000000096900000, 0x0000000096900000| Untracked 
| 362|0x0000000096a00000, 0x0000000096b00000, 0x0000000096b00000|100%| S|CS|TAMS 0x0000000096a00000, 0x0000000096a00000| Complete 
| 363|0x0000000096b00000, 0x0000000096c00000, 0x0000000096c00000|100%| S|CS|TAMS 0x0000000096b00000, 0x0000000096b00000| Complete 
| 364|0x0000000096c00000, 0x0000000096d00000, 0x0000000096d00000|100%| S|CS|TAMS 0x0000000096c00000, 0x0000000096c00000| Complete 
| 365|0x0000000096d00000, 0x0000000096e00000, 0x0000000096e00000|100%| S|CS|TAMS 0x0000000096d00000, 0x0000000096d00000| Complete 
| 366|0x0000000096e00000, 0x0000000096f00000, 0x0000000096f00000|100%| S|CS|TAMS 0x0000000096e00000, 0x0000000096e00000| Complete 
| 367|0x0000000096f00000, 0x0000000097000000, 0x0000000097000000|100%| S|CS|TAMS 0x0000000096f00000, 0x0000000096f00000| Complete 
| 368|0x0000000097000000, 0x0000000097100000, 0x0000000097100000|100%| S|CS|TAMS 0x0000000097000000, 0x0000000097000000| Complete 
| 369|0x0000000097100000, 0x0000000097200000, 0x0000000097200000|100%| S|CS|TAMS 0x0000000097100000, 0x0000000097100000| Complete 
| 370|0x0000000097200000, 0x0000000097300000, 0x0000000097300000|100%| S|CS|TAMS 0x0000000097200000, 0x0000000097200000| Complete 
| 371|0x0000000097300000, 0x0000000097400000, 0x0000000097400000|100%| S|CS|TAMS 0x0000000097300000, 0x0000000097300000| Complete 
| 372|0x0000000097400000, 0x0000000097500000, 0x0000000097500000|100%| S|CS|TAMS 0x0000000097400000, 0x0000000097400000| Complete 
| 373|0x0000000097500000, 0x0000000097600000, 0x0000000097600000|100%| S|CS|TAMS 0x0000000097500000, 0x0000000097500000| Complete 
| 374|0x0000000097600000, 0x0000000097700000, 0x0000000097700000|100%| S|CS|TAMS 0x0000000097600000, 0x0000000097600000| Complete 
| 375|0x0000000097700000, 0x0000000097700000, 0x0000000097800000|  0%| F|  |TAMS 0x0000000097700000, 0x0000000097700000| Untracked 
| 376|0x0000000097800000, 0x0000000097800000, 0x0000000097900000|  0%| F|  |TAMS 0x0000000097800000, 0x0000000097800000| Untracked 
| 377|0x0000000097900000, 0x0000000097900000, 0x0000000097a00000|  0%| F|  |TAMS 0x0000000097900000, 0x0000000097900000| Untracked 
| 378|0x0000000097a00000, 0x0000000097a00000, 0x0000000097b00000|  0%| F|  |TAMS 0x0000000097a00000, 0x0000000097a00000| Untracked 
| 379|0x0000000097b00000, 0x0000000097b00000, 0x0000000097c00000|  0%| F|  |TAMS 0x0000000097b00000, 0x0000000097b00000| Untracked 
| 380|0x0000000097c00000, 0x0000000097c00000, 0x0000000097d00000|  0%| F|  |TAMS 0x0000000097c00000, 0x0000000097c00000| Untracked 
| 381|0x0000000097d00000, 0x0000000097d00000, 0x0000000097e00000|  0%| F|  |TAMS 0x0000000097d00000, 0x0000000097d00000| Untracked 
| 382|0x0000000097e00000, 0x0000000097e00000, 0x0000000097f00000|  0%| F|  |TAMS 0x0000000097e00000, 0x0000000097e00000| Untracked 
| 383|0x0000000097f00000, 0x0000000097f00000, 0x0000000098000000|  0%| F|  |TAMS 0x0000000097f00000, 0x0000000097f00000| Untracked 
| 384|0x0000000098000000, 0x0000000098000000, 0x0000000098100000|  0%| F|  |TAMS 0x0000000098000000, 0x0000000098000000| Untracked 
| 385|0x0000000098100000, 0x0000000098100000, 0x0000000098200000|  0%| F|  |TAMS 0x0000000098100000, 0x0000000098100000| Untracked 
| 386|0x0000000098200000, 0x0000000098200000, 0x0000000098300000|  0%| F|  |TAMS 0x0000000098200000, 0x0000000098200000| Untracked 
| 387|0x0000000098300000, 0x0000000098300000, 0x0000000098400000|  0%| F|  |TAMS 0x0000000098300000, 0x0000000098300000| Untracked 
| 388|0x0000000098400000, 0x0000000098400000, 0x0000000098500000|  0%| F|  |TAMS 0x0000000098400000, 0x0000000098400000| Untracked 
| 389|0x0000000098500000, 0x0000000098500000, 0x0000000098600000|  0%| F|  |TAMS 0x0000000098500000, 0x0000000098500000| Untracked 
| 390|0x0000000098600000, 0x0000000098600000, 0x0000000098700000|  0%| F|  |TAMS 0x0000000098600000, 0x0000000098600000| Untracked 
| 391|0x0000000098700000, 0x0000000098700000, 0x0000000098800000|  0%| F|  |TAMS 0x0000000098700000, 0x0000000098700000| Untracked 
| 392|0x0000000098800000, 0x0000000098800000, 0x0000000098900000|  0%| F|  |TAMS 0x0000000098800000, 0x0000000098800000| Untracked 
| 393|0x0000000098900000, 0x0000000098900000, 0x0000000098a00000|  0%| F|  |TAMS 0x0000000098900000, 0x0000000098900000| Untracked 
| 394|0x0000000098a00000, 0x0000000098a00000, 0x0000000098b00000|  0%| F|  |TAMS 0x0000000098a00000, 0x0000000098a00000| Untracked 
| 395|0x0000000098b00000, 0x0000000098b00000, 0x0000000098c00000|  0%| F|  |TAMS 0x0000000098b00000, 0x0000000098b00000| Untracked 
| 396|0x0000000098c00000, 0x0000000098c00000, 0x0000000098d00000|  0%| F|  |TAMS 0x0000000098c00000, 0x0000000098c00000| Untracked 
| 397|0x0000000098d00000, 0x0000000098d00000, 0x0000000098e00000|  0%| F|  |TAMS 0x0000000098d00000, 0x0000000098d00000| Untracked 
| 398|0x0000000098e00000, 0x0000000098e00000, 0x0000000098f00000|  0%| F|  |TAMS 0x0000000098e00000, 0x0000000098e00000| Untracked 
| 399|0x0000000098f00000, 0x0000000098f00000, 0x0000000099000000|  0%| F|  |TAMS 0x0000000098f00000, 0x0000000098f00000| Untracked 
| 400|0x0000000099000000, 0x0000000099000000, 0x0000000099100000|  0%| F|  |TAMS 0x0000000099000000, 0x0000000099000000| Untracked 
| 401|0x0000000099100000, 0x0000000099100000, 0x0000000099200000|  0%| F|  |TAMS 0x0000000099100000, 0x0000000099100000| Untracked 
| 402|0x0000000099200000, 0x0000000099200000, 0x0000000099300000|  0%| F|  |TAMS 0x0000000099200000, 0x0000000099200000| Untracked 
| 403|0x0000000099300000, 0x0000000099300000, 0x0000000099400000|  0%| F|  |TAMS 0x0000000099300000, 0x0000000099300000| Untracked 
| 404|0x0000000099400000, 0x0000000099400000, 0x0000000099500000|  0%| F|  |TAMS 0x0000000099400000, 0x0000000099400000| Untracked 
| 405|0x0000000099500000, 0x0000000099500000, 0x0000000099600000|  0%| F|  |TAMS 0x0000000099500000, 0x0000000099500000| Untracked 
| 406|0x0000000099600000, 0x0000000099600000, 0x0000000099700000|  0%| F|  |TAMS 0x0000000099600000, 0x0000000099600000| Untracked 
| 407|0x0000000099700000, 0x0000000099700000, 0x0000000099800000|  0%| F|  |TAMS 0x0000000099700000, 0x0000000099700000| Untracked 
| 408|0x0000000099800000, 0x0000000099800000, 0x0000000099900000|  0%| F|  |TAMS 0x0000000099800000, 0x0000000099800000| Untracked 
| 409|0x0000000099900000, 0x0000000099900000, 0x0000000099a00000|  0%| F|  |TAMS 0x0000000099900000, 0x0000000099900000| Untracked 
| 410|0x0000000099a00000, 0x0000000099a00000, 0x0000000099b00000|  0%| F|  |TAMS 0x0000000099a00000, 0x0000000099a00000| Untracked 
| 411|0x0000000099b00000, 0x0000000099b00000, 0x0000000099c00000|  0%| F|  |TAMS 0x0000000099b00000, 0x0000000099b00000| Untracked 
| 412|0x0000000099c00000, 0x0000000099c00000, 0x0000000099d00000|  0%| F|  |TAMS 0x0000000099c00000, 0x0000000099c00000| Untracked 
| 413|0x0000000099d00000, 0x0000000099d00000, 0x0000000099e00000|  0%| F|  |TAMS 0x0000000099d00000, 0x0000000099d00000| Untracked 
| 414|0x0000000099e00000, 0x0000000099e00000, 0x0000000099f00000|  0%| F|  |TAMS 0x0000000099e00000, 0x0000000099e00000| Untracked 
| 415|0x0000000099f00000, 0x0000000099f00000, 0x000000009a000000|  0%| F|  |TAMS 0x0000000099f00000, 0x0000000099f00000| Untracked 
| 416|0x000000009a000000, 0x000000009a000000, 0x000000009a100000|  0%| F|  |TAMS 0x000000009a000000, 0x000000009a000000| Untracked 
| 417|0x000000009a100000, 0x000000009a100000, 0x000000009a200000|  0%| F|  |TAMS 0x000000009a100000, 0x000000009a100000| Untracked 
| 418|0x000000009a200000, 0x000000009a200000, 0x000000009a300000|  0%| F|  |TAMS 0x000000009a200000, 0x000000009a200000| Untracked 
| 419|0x000000009a300000, 0x000000009a300000, 0x000000009a400000|  0%| F|  |TAMS 0x000000009a300000, 0x000000009a300000| Untracked 
| 420|0x000000009a400000, 0x000000009a400000, 0x000000009a500000|  0%| F|  |TAMS 0x000000009a400000, 0x000000009a400000| Untracked 
| 421|0x000000009a500000, 0x000000009a500000, 0x000000009a600000|  0%| F|  |TAMS 0x000000009a500000, 0x000000009a500000| Untracked 
| 422|0x000000009a600000, 0x000000009a600000, 0x000000009a700000|  0%| F|  |TAMS 0x000000009a600000, 0x000000009a600000| Untracked 
| 423|0x000000009a700000, 0x000000009a700000, 0x000000009a800000|  0%| F|  |TAMS 0x000000009a700000, 0x000000009a700000| Untracked 
| 424|0x000000009a800000, 0x000000009a800000, 0x000000009a900000|  0%| F|  |TAMS 0x000000009a800000, 0x000000009a800000| Untracked 
| 425|0x000000009a900000, 0x000000009a900000, 0x000000009aa00000|  0%| F|  |TAMS 0x000000009a900000, 0x000000009a900000| Untracked 
| 426|0x000000009aa00000, 0x000000009aa00000, 0x000000009ab00000|  0%| F|  |TAMS 0x000000009aa00000, 0x000000009aa00000| Untracked 
| 427|0x000000009ab00000, 0x000000009ab00000, 0x000000009ac00000|  0%| F|  |TAMS 0x000000009ab00000, 0x000000009ab00000| Untracked 
| 428|0x000000009ac00000, 0x000000009ac00000, 0x000000009ad00000|  0%| F|  |TAMS 0x000000009ac00000, 0x000000009ac00000| Untracked 
| 429|0x000000009ad00000, 0x000000009ad00000, 0x000000009ae00000|  0%| F|  |TAMS 0x000000009ad00000, 0x000000009ad00000| Untracked 
| 430|0x000000009ae00000, 0x000000009ae00000, 0x000000009af00000|  0%| F|  |TAMS 0x000000009ae00000, 0x000000009ae00000| Untracked 
| 431|0x000000009af00000, 0x000000009af00000, 0x000000009b000000|  0%| F|  |TAMS 0x000000009af00000, 0x000000009af00000| Untracked 
| 432|0x000000009b000000, 0x000000009b000000, 0x000000009b100000|  0%| F|  |TAMS 0x000000009b000000, 0x000000009b000000| Untracked 
| 433|0x000000009b100000, 0x000000009b100000, 0x000000009b200000|  0%| F|  |TAMS 0x000000009b100000, 0x000000009b100000| Untracked 
| 434|0x000000009b200000, 0x000000009b200000, 0x000000009b300000|  0%| F|  |TAMS 0x000000009b200000, 0x000000009b200000| Untracked 
| 435|0x000000009b300000, 0x000000009b300000, 0x000000009b400000|  0%| F|  |TAMS 0x000000009b300000, 0x000000009b300000| Untracked 
| 436|0x000000009b400000, 0x000000009b400000, 0x000000009b500000|  0%| F|  |TAMS 0x000000009b400000, 0x000000009b400000| Untracked 
| 437|0x000000009b500000, 0x000000009b500000, 0x000000009b600000|  0%| F|  |TAMS 0x000000009b500000, 0x000000009b500000| Untracked 
| 438|0x000000009b600000, 0x000000009b600000, 0x000000009b700000|  0%| F|  |TAMS 0x000000009b600000, 0x000000009b600000| Untracked 
| 439|0x000000009b700000, 0x000000009b700000, 0x000000009b800000|  0%| F|  |TAMS 0x000000009b700000, 0x000000009b700000| Untracked 
| 440|0x000000009b800000, 0x000000009b800000, 0x000000009b900000|  0%| F|  |TAMS 0x000000009b800000, 0x000000009b800000| Untracked 
| 441|0x000000009b900000, 0x000000009b900000, 0x000000009ba00000|  0%| F|  |TAMS 0x000000009b900000, 0x000000009b900000| Untracked 
| 442|0x000000009ba00000, 0x000000009ba00000, 0x000000009bb00000|  0%| F|  |TAMS 0x000000009ba00000, 0x000000009ba00000| Untracked 
| 443|0x000000009bb00000, 0x000000009bb00000, 0x000000009bc00000|  0%| F|  |TAMS 0x000000009bb00000, 0x000000009bb00000| Untracked 
| 444|0x000000009bc00000, 0x000000009bc00000, 0x000000009bd00000|  0%| F|  |TAMS 0x000000009bc00000, 0x000000009bc00000| Untracked 
| 445|0x000000009bd00000, 0x000000009bd00000, 0x000000009be00000|  0%| F|  |TAMS 0x000000009bd00000, 0x000000009bd00000| Untracked 
| 446|0x000000009be00000, 0x000000009be00000, 0x000000009bf00000|  0%| F|  |TAMS 0x000000009be00000, 0x000000009be00000| Untracked 
| 447|0x000000009bf00000, 0x000000009bf00000, 0x000000009c000000|  0%| F|  |TAMS 0x000000009bf00000, 0x000000009bf00000| Untracked 
| 448|0x000000009c000000, 0x000000009c000000, 0x000000009c100000|  0%| F|  |TAMS 0x000000009c000000, 0x000000009c000000| Untracked 
| 449|0x000000009c100000, 0x000000009c100000, 0x000000009c200000|  0%| F|  |TAMS 0x000000009c100000, 0x000000009c100000| Untracked 
| 450|0x000000009c200000, 0x000000009c200000, 0x000000009c300000|  0%| F|  |TAMS 0x000000009c200000, 0x000000009c200000| Untracked 
| 451|0x000000009c300000, 0x000000009c300000, 0x000000009c400000|  0%| F|  |TAMS 0x000000009c300000, 0x000000009c300000| Untracked 
| 452|0x000000009c400000, 0x000000009c400000, 0x000000009c500000|  0%| F|  |TAMS 0x000000009c400000, 0x000000009c400000| Untracked 
| 453|0x000000009c500000, 0x000000009c500000, 0x000000009c600000|  0%| F|  |TAMS 0x000000009c500000, 0x000000009c500000| Untracked 
| 454|0x000000009c600000, 0x000000009c600000, 0x000000009c700000|  0%| F|  |TAMS 0x000000009c600000, 0x000000009c600000| Untracked 
| 455|0x000000009c700000, 0x000000009c700000, 0x000000009c800000|  0%| F|  |TAMS 0x000000009c700000, 0x000000009c700000| Untracked 
| 456|0x000000009c800000, 0x000000009c800000, 0x000000009c900000|  0%| F|  |TAMS 0x000000009c800000, 0x000000009c800000| Untracked 
| 457|0x000000009c900000, 0x000000009c900000, 0x000000009ca00000|  0%| F|  |TAMS 0x000000009c900000, 0x000000009c900000| Untracked 
| 458|0x000000009ca00000, 0x000000009ca00000, 0x000000009cb00000|  0%| F|  |TAMS 0x000000009ca00000, 0x000000009ca00000| Untracked 
| 459|0x000000009cb00000, 0x000000009cb00000, 0x000000009cc00000|  0%| F|  |TAMS 0x000000009cb00000, 0x000000009cb00000| Untracked 
| 460|0x000000009cc00000, 0x000000009cc00000, 0x000000009cd00000|  0%| F|  |TAMS 0x000000009cc00000, 0x000000009cc00000| Untracked 
| 461|0x000000009cd00000, 0x000000009cd00000, 0x000000009ce00000|  0%| F|  |TAMS 0x000000009cd00000, 0x000000009cd00000| Untracked 
| 462|0x000000009ce00000, 0x000000009ce00000, 0x000000009cf00000|  0%| F|  |TAMS 0x000000009ce00000, 0x000000009ce00000| Untracked 
| 463|0x000000009cf00000, 0x000000009cf00000, 0x000000009d000000|  0%| F|  |TAMS 0x000000009cf00000, 0x000000009cf00000| Untracked 
| 464|0x000000009d000000, 0x000000009d000000, 0x000000009d100000|  0%| F|  |TAMS 0x000000009d000000, 0x000000009d000000| Untracked 
| 465|0x000000009d100000, 0x000000009d100000, 0x000000009d200000|  0%| F|  |TAMS 0x000000009d100000, 0x000000009d100000| Untracked 
| 466|0x000000009d200000, 0x000000009d200000, 0x000000009d300000|  0%| F|  |TAMS 0x000000009d200000, 0x000000009d200000| Untracked 
| 467|0x000000009d300000, 0x000000009d300000, 0x000000009d400000|  0%| F|  |TAMS 0x000000009d300000, 0x000000009d300000| Untracked 
| 468|0x000000009d400000, 0x000000009d400000, 0x000000009d500000|  0%| F|  |TAMS 0x000000009d400000, 0x000000009d400000| Untracked 
| 469|0x000000009d500000, 0x000000009d500000, 0x000000009d600000|  0%| F|  |TAMS 0x000000009d500000, 0x000000009d500000| Untracked 
| 470|0x000000009d600000, 0x000000009d600000, 0x000000009d700000|  0%| F|  |TAMS 0x000000009d600000, 0x000000009d600000| Untracked 
| 471|0x000000009d700000, 0x000000009d700000, 0x000000009d800000|  0%| F|  |TAMS 0x000000009d700000, 0x000000009d700000| Untracked 
| 472|0x000000009d800000, 0x000000009d800000, 0x000000009d900000|  0%| F|  |TAMS 0x000000009d800000, 0x000000009d800000| Untracked 
| 473|0x000000009d900000, 0x000000009d900000, 0x000000009da00000|  0%| F|  |TAMS 0x000000009d900000, 0x000000009d900000| Untracked 
| 474|0x000000009da00000, 0x000000009da00000, 0x000000009db00000|  0%| F|  |TAMS 0x000000009da00000, 0x000000009da00000| Untracked 
| 475|0x000000009db00000, 0x000000009db00000, 0x000000009dc00000|  0%| F|  |TAMS 0x000000009db00000, 0x000000009db00000| Untracked 
| 476|0x000000009dc00000, 0x000000009dc00000, 0x000000009dd00000|  0%| F|  |TAMS 0x000000009dc00000, 0x000000009dc00000| Untracked 
| 477|0x000000009dd00000, 0x000000009dd00000, 0x000000009de00000|  0%| F|  |TAMS 0x000000009dd00000, 0x000000009dd00000| Untracked 
| 478|0x000000009de00000, 0x000000009de00000, 0x000000009df00000|  0%| F|  |TAMS 0x000000009de00000, 0x000000009de00000| Untracked 
| 479|0x000000009df00000, 0x000000009df00000, 0x000000009e000000|  0%| F|  |TAMS 0x000000009df00000, 0x000000009df00000| Untracked 
| 480|0x000000009e000000, 0x000000009e000000, 0x000000009e100000|  0%| F|  |TAMS 0x000000009e000000, 0x000000009e000000| Untracked 
| 481|0x000000009e100000, 0x000000009e100000, 0x000000009e200000|  0%| F|  |TAMS 0x000000009e100000, 0x000000009e100000| Untracked 
| 482|0x000000009e200000, 0x000000009e200000, 0x000000009e300000|  0%| F|  |TAMS 0x000000009e200000, 0x000000009e200000| Untracked 
| 483|0x000000009e300000, 0x000000009e300000, 0x000000009e400000|  0%| F|  |TAMS 0x000000009e300000, 0x000000009e300000| Untracked 
| 484|0x000000009e400000, 0x000000009e400000, 0x000000009e500000|  0%| F|  |TAMS 0x000000009e400000, 0x000000009e400000| Untracked 
| 485|0x000000009e500000, 0x000000009e500000, 0x000000009e600000|  0%| F|  |TAMS 0x000000009e500000, 0x000000009e500000| Untracked 
| 486|0x000000009e600000, 0x000000009e600000, 0x000000009e700000|  0%| F|  |TAMS 0x000000009e600000, 0x000000009e600000| Untracked 
| 487|0x000000009e700000, 0x000000009e700000, 0x000000009e800000|  0%| F|  |TAMS 0x000000009e700000, 0x000000009e700000| Untracked 
| 488|0x000000009e800000, 0x000000009e800000, 0x000000009e900000|  0%| F|  |TAMS 0x000000009e800000, 0x000000009e800000| Untracked 
| 489|0x000000009e900000, 0x000000009e900000, 0x000000009ea00000|  0%| F|  |TAMS 0x000000009e900000, 0x000000009e900000| Untracked 
| 490|0x000000009ea00000, 0x000000009ea00000, 0x000000009eb00000|  0%| F|  |TAMS 0x000000009ea00000, 0x000000009ea00000| Untracked 
| 491|0x000000009eb00000, 0x000000009eb00000, 0x000000009ec00000|  0%| F|  |TAMS 0x000000009eb00000, 0x000000009eb00000| Untracked 
| 492|0x000000009ec00000, 0x000000009ec00000, 0x000000009ed00000|  0%| F|  |TAMS 0x000000009ec00000, 0x000000009ec00000| Untracked 
| 493|0x000000009ed00000, 0x000000009ed00000, 0x000000009ee00000|  0%| F|  |TAMS 0x000000009ed00000, 0x000000009ed00000| Untracked 
| 494|0x000000009ee00000, 0x000000009ee00000, 0x000000009ef00000|  0%| F|  |TAMS 0x000000009ee00000, 0x000000009ee00000| Untracked 
| 495|0x000000009ef00000, 0x000000009ef00000, 0x000000009f000000|  0%| F|  |TAMS 0x000000009ef00000, 0x000000009ef00000| Untracked 
| 496|0x000000009f000000, 0x000000009f000000, 0x000000009f100000|  0%| F|  |TAMS 0x000000009f000000, 0x000000009f000000| Untracked 
| 497|0x000000009f100000, 0x000000009f100000, 0x000000009f200000|  0%| F|  |TAMS 0x000000009f100000, 0x000000009f100000| Untracked 
| 498|0x000000009f200000, 0x000000009f200000, 0x000000009f300000|  0%| F|  |TAMS 0x000000009f200000, 0x000000009f200000| Untracked 
| 499|0x000000009f300000, 0x000000009f300000, 0x000000009f400000|  0%| F|  |TAMS 0x000000009f300000, 0x000000009f300000| Untracked 
| 500|0x000000009f400000, 0x000000009f400000, 0x000000009f500000|  0%| F|  |TAMS 0x000000009f400000, 0x000000009f400000| Untracked 
| 501|0x000000009f500000, 0x000000009f500000, 0x000000009f600000|  0%| F|  |TAMS 0x000000009f500000, 0x000000009f500000| Untracked 
| 502|0x000000009f600000, 0x000000009f600000, 0x000000009f700000|  0%| F|  |TAMS 0x000000009f600000, 0x000000009f600000| Untracked 
| 503|0x000000009f700000, 0x000000009f700000, 0x000000009f800000|  0%| F|  |TAMS 0x000000009f700000, 0x000000009f700000| Untracked 
| 504|0x000000009f800000, 0x000000009f800000, 0x000000009f900000|  0%| F|  |TAMS 0x000000009f800000, 0x000000009f800000| Untracked 
| 505|0x000000009f900000, 0x000000009f95ad70, 0x000000009fa00000| 35%| E|  |TAMS 0x000000009f900000, 0x000000009f900000| Complete 
| 506|0x000000009fa00000, 0x000000009fb00000, 0x000000009fb00000|100%| E|CS|TAMS 0x000000009fa00000, 0x000000009fa00000| Complete 
| 507|0x000000009fb00000, 0x000000009fc00000, 0x000000009fc00000|100%| E|CS|TAMS 0x000000009fb00000, 0x000000009fb00000| Complete 
| 508|0x000000009fc00000, 0x000000009fd00000, 0x000000009fd00000|100%| E|CS|TAMS 0x000000009fc00000, 0x000000009fc00000| Complete 
| 509|0x000000009fd00000, 0x000000009fe00000, 0x000000009fe00000|100%| E|CS|TAMS 0x000000009fd00000, 0x000000009fd00000| Complete 
| 510|0x000000009fe00000, 0x000000009ff00000, 0x000000009ff00000|100%| E|CS|TAMS 0x000000009fe00000, 0x000000009fe00000| Complete 
| 511|0x000000009ff00000, 0x00000000a0000000, 0x00000000a0000000|100%| E|CS|TAMS 0x000000009ff00000, 0x000000009ff00000| Complete 

Card table byte_map: [0x000001fcfe560000,0x000001fcfe960000] _byte_map_base: 0x000001fcfe160000

Marking Bits (Prev, Next): (CMBitMap*) 0x000001fce508de20, (CMBitMap*) 0x000001fce508dde0
 Prev Bits: [0x000001fc82000000, 0x000001fc84000000)
 Next Bits: [0x000001fc80000000, 0x000001fc82000000)

Polling page: 0x000001fce5230000

Metaspace:

Usage:
  Non-class:     93.97 MB used.
      Class:     15.43 MB used.
       Both:    109.39 MB used.

Virtual space:
  Non-class space:      128.00 MB reserved,      94.44 MB ( 74%) committed,  2 nodes.
      Class space:        1.00 GB reserved,      15.88 MB (  2%) committed,  1 nodes.
             Both:        1.12 GB reserved,     110.31 MB ( 10%) committed. 

Chunk freelists:
   Non-Class:  1008.00 KB
       Class:  96.00 KB
        Both:  1.08 MB

MaxMetaspaceSize: unlimited
CompressedClassSpaceSize: 1.00 GB
Initial GC threshold: 21.00 MB
Current GC threshold: 166.06 MB
CDS: on
MetaspaceReclaimPolicy: balanced
 - commit_granule_bytes: 65536.
 - commit_granule_words: 8192.
 - virtual_space_node_default_size: 8388608.
 - enlarge_chunks_in_place: 1.
 - new_chunks_are_fully_committed: 0.
 - uncommit_free_chunks: 1.
 - use_allocation_guard: 0.
 - handle_deallocations: 1.


Internal statistics:

num_allocs_failed_limit: 6.
num_arena_births: 1468.
num_arena_deaths: 0.
num_vsnodes_births: 3.
num_vsnodes_deaths: 0.
num_space_committed: 1765.
num_space_uncommitted: 0.
num_chunks_returned_to_freelist: 6.
num_chunks_taken_from_freelist: 6333.
num_chunk_merges: 6.
num_chunk_splits: 4121.
num_chunks_enlarged: 2717.
num_inconsistent_stats: 0.

CodeHeap 'non-profiled nmethods': size=120000Kb used=7025Kb max_used=7783Kb free=112974Kb
 bounds [0x000001fcf6900000, 0x000001fcf70a0000, 0x000001fcfde30000]
CodeHeap 'profiled nmethods': size=120000Kb used=25435Kb max_used=26347Kb free=94564Kb
 bounds [0x000001fceee30000, 0x000001fcf0820000, 0x000001fcf6360000]
CodeHeap 'non-nmethods': size=5760Kb used=1771Kb max_used=1809Kb free=3988Kb
 bounds [0x000001fcf6360000, 0x000001fcf65d0000, 0x000001fcf6900000]
 total_blobs=13722 nmethods=12849 adapters=783
 compilation: enabled
              stopped_count=0, restarted_count=0
 full_count=0

Compilation events (20 events):
Event: 74.413 Thread 0x000001fcff79a180 15763       2       com.android.tools.r8.graph.J2::Y0 (8 bytes)
Event: 74.413 Thread 0x000001fcff79a180 nmethod 15763 0x000001fcf011f790 code [0x000001fcf011f940, 0x000001fcf011fb38]
Event: 74.422 Thread 0x000001fcff79a180 15764       2       com.android.tools.r8.internal.nZ::k (2 bytes)
Event: 74.422 Thread 0x000001fcff79a180 nmethod 15764 0x000001fcf061bb90 code [0x000001fcf061bd20, 0x000001fcf061be38]
Event: 74.516 Thread 0x000001fcff79a180 15767       1       com.android.tools.r8.internal.H9::T (2 bytes)
Event: 74.516 Thread 0x000001fcff79a180 nmethod 15767 0x000001fcf6e4af10 code [0x000001fcf6e4b0a0, 0x000001fcf6e4b178]
Event: 74.516 Thread 0x000001fcff79a180 15768       2       com.android.tools.r8.graph.g::i (11 bytes)
Event: 74.517 Thread 0x000001fcff79a180 nmethod 15768 0x000001fcf011f190 code [0x000001fcf011f320, 0x000001fcf011f438]
Event: 74.517 Thread 0x000001fcff79a180 15769       2       com.android.tools.r8.internal.dJ::<init> (12 bytes)
Event: 74.517 Thread 0x000001fcff79a180 nmethod 15769 0x000001fcef91f790 code [0x000001fcef91f940, 0x000001fcef91fae8]
Event: 74.517 Thread 0x000001fcff79a180 15770       2       com.android.tools.r8.internal.hJ::a (46 bytes)
Event: 74.518 Thread 0x000001fcff79a180 nmethod 15770 0x000001fcef91f090 code [0x000001fcef91f280, 0x000001fcef91f5f8]
Event: 74.590 Thread 0x000001fcff79a180 15772       3       com.android.tools.r8.internal.o10::next (13 bytes)
Event: 74.591 Thread 0x000001fcff79a180 nmethod 15772 0x000001fcef91ec10 code [0x000001fcef91edc0, 0x000001fcef91ef28]
Event: 74.591 Thread 0x000001fcff79a180 15773       3       com.android.tools.r8.graph.L4$$Lambda$2491/0x000001fc87f6f548::test (12 bytes)
Event: 74.591 Thread 0x000001fcff79a180 nmethod 15773 0x000001fcf04f7f10 code [0x000001fcf04f8100, 0x000001fcf04f88f8]
Event: 74.860 Thread 0x000001fcff79a180 15777       3       com.android.tools.r8.internal.F8::a (430 bytes)
Event: 74.861 Thread 0x000001fcff79a180 nmethod 15777 0x000001fcf02a8910 code [0x000001fcf02a8d40, 0x000001fcf02aa298]
Event: 74.928 Thread 0x000001fcff79a180 15778       2       java.util.concurrent.ScheduledThreadPoolExecutor::canRunInCurrentRunState (61 bytes)
Event: 74.928 Thread 0x000001fcff79a180 nmethod 15778 0x000001fcef91e310 code [0x000001fcef91e4e0, 0x000001fcef91e7c8]

GC Heap History (20 events):
Event: 67.888 GC heap after
{Heap after GC invocations=62 (full 0):
 garbage-first heap   total 189440K, used 129294K [0x0000000080000000, 0x0000000100000000)
  region size 1024K, 2 young (2048K), 2 survivors (2048K)
 Metaspace       used 99961K, committed 100800K, reserved 1179648K
  class space    used 13893K, committed 14336K, reserved 1048576K
}
Event: 68.482 GC heap before
{Heap before GC invocations=62 (full 0):
 garbage-first heap   total 189440K, used 171278K [0x0000000080000000, 0x0000000100000000)
  region size 1024K, 30 young (30720K), 2 survivors (2048K)
 Metaspace       used 100602K, committed 101504K, reserved 1179648K
  class space    used 14002K, committed 14464K, reserved 1048576K
}
Event: 68.490 GC heap after
{Heap after GC invocations=63 (full 0):
 garbage-first heap   total 189440K, used 133954K [0x0000000080000000, 0x0000000100000000)
  region size 1024K, 4 young (4096K), 4 survivors (4096K)
 Metaspace       used 100602K, committed 101504K, reserved 1179648K
  class space    used 14002K, committed 14464K, reserved 1048576K
}
Event: 68.519 GC heap before
{Heap before GC invocations=63 (full 0):
 garbage-first heap   total 189440K, used 158530K [0x0000000080000000, 0x0000000100000000)
  region size 1024K, 29 young (29696K), 4 survivors (4096K)
 Metaspace       used 100616K, committed 101568K, reserved 1179648K
  class space    used 14004K, committed 14464K, reserved 1048576K
}
Event: 68.527 GC heap after
{Heap after GC invocations=64 (full 0):
 garbage-first heap   total 189440K, used 138895K [0x0000000080000000, 0x0000000100000000)
  region size 1024K, 4 young (4096K), 4 survivors (4096K)
 Metaspace       used 100616K, committed 101568K, reserved 1179648K
  class space    used 14004K, committed 14464K, reserved 1048576K
}
Event: 68.570 GC heap before
{Heap before GC invocations=64 (full 0):
 garbage-first heap   total 189440K, used 144015K [0x0000000080000000, 0x0000000100000000)
  region size 1024K, 11 young (11264K), 4 survivors (4096K)
 Metaspace       used 100672K, committed 101568K, reserved 1179648K
  class space    used 14014K, committed 14464K, reserved 1048576K
}
Event: 68.580 GC heap after
{Heap after GC invocations=65 (full 0):
 garbage-first heap   total 189440K, used 140844K [0x0000000080000000, 0x0000000100000000)
  region size 1024K, 2 young (2048K), 2 survivors (2048K)
 Metaspace       used 100672K, committed 101568K, reserved 1179648K
  class space    used 14014K, committed 14464K, reserved 1048576K
}
Event: 69.090 GC heap before
{Heap before GC invocations=66 (full 0):
 garbage-first heap   total 254976K, used 162348K [0x0000000080000000, 0x0000000100000000)
  region size 1024K, 22 young (22528K), 2 survivors (2048K)
 Metaspace       used 101312K, committed 102208K, reserved 1179648K
  class space    used 14132K, committed 14592K, reserved 1048576K
}
Event: 69.096 GC heap after
{Heap after GC invocations=67 (full 0):
 garbage-first heap   total 254976K, used 147748K [0x0000000080000000, 0x0000000100000000)
  region size 1024K, 3 young (3072K), 3 survivors (3072K)
 Metaspace       used 101312K, committed 102208K, reserved 1179648K
  class space    used 14132K, committed 14592K, reserved 1048576K
}
Event: 69.128 GC heap before
{Heap before GC invocations=67 (full 0):
 garbage-first heap   total 254976K, used 155940K [0x0000000080000000, 0x0000000100000000)
  region size 1024K, 12 young (12288K), 3 survivors (3072K)
 Metaspace       used 101430K, committed 102336K, reserved 1179648K
  class space    used 14149K, committed 14592K, reserved 1048576K
}
Event: 69.133 GC heap after
{Heap after GC invocations=68 (full 0):
 garbage-first heap   total 254976K, used 145476K [0x0000000080000000, 0x0000000100000000)
  region size 1024K, 2 young (2048K), 2 survivors (2048K)
 Metaspace       used 101430K, committed 102336K, reserved 1179648K
  class space    used 14149K, committed 14592K, reserved 1048576K
}
Event: 69.408 GC heap before
{Heap before GC invocations=68 (full 0):
 garbage-first heap   total 254976K, used 194628K [0x0000000080000000, 0x0000000100000000)
  region size 1024K, 51 young (52224K), 2 survivors (2048K)
 Metaspace       used 101970K, committed 102912K, reserved 1179648K
  class space    used 14242K, committed 14720K, reserved 1048576K
}
Event: 69.418 GC heap after
{Heap after GC invocations=69 (full 0):
 garbage-first heap   total 524288K, used 155929K [0x0000000080000000, 0x0000000100000000)
  region size 1024K, 7 young (7168K), 7 survivors (7168K)
 Metaspace       used 101970K, committed 102912K, reserved 1179648K
  class space    used 14242K, committed 14720K, reserved 1048576K
}
Event: 71.395 GC heap before
{Heap before GC invocations=69 (full 0):
 garbage-first heap   total 524288K, used 344345K [0x0000000080000000, 0x0000000100000000)
  region size 1024K, 192 young (196608K), 7 survivors (7168K)
 Metaspace       used 106240K, committed 107200K, reserved 1179648K
  class space    used 14895K, committed 15360K, reserved 1048576K
}
Event: 71.507 GC heap after
{Heap after GC invocations=70 (full 0):
 garbage-first heap   total 524288K, used 193221K [0x0000000080000000, 0x0000000100000000)
  region size 1024K, 24 young (24576K), 24 survivors (24576K)
 Metaspace       used 106240K, committed 107200K, reserved 1179648K
  class space    used 14895K, committed 15360K, reserved 1048576K
}
Event: 72.703 GC heap before
{Heap before GC invocations=70 (full 0):
 garbage-first heap   total 524288K, used 355013K [0x0000000080000000, 0x0000000100000000)
  region size 1024K, 183 young (187392K), 24 survivors (24576K)
 Metaspace       used 109531K, committed 110400K, reserved 1179648K
  class space    used 15373K, committed 15808K, reserved 1048576K
}
Event: 72.745 GC heap after
{Heap after GC invocations=71 (full 0):
 garbage-first heap   total 524288K, used 221557K [0x0000000080000000, 0x0000000100000000)
  region size 1024K, 23 young (23552K), 23 survivors (23552K)
 Metaspace       used 109531K, committed 110400K, reserved 1179648K
  class space    used 15373K, committed 15808K, reserved 1048576K
}
Event: 73.823 GC heap before
{Heap before GC invocations=71 (full 0):
 garbage-first heap   total 524288K, used 375157K [0x0000000080000000, 0x0000000100000000)
  region size 1024K, 173 young (177152K), 23 survivors (23552K)
 Metaspace       used 111520K, committed 112448K, reserved 1179648K
  class space    used 15714K, committed 16192K, reserved 1048576K
}
Event: 73.875 GC heap after
{Heap after GC invocations=72 (full 0):
 garbage-first heap   total 524288K, used 251392K [0x0000000080000000, 0x0000000100000000)
  region size 1024K, 22 young (22528K), 22 survivors (22528K)
 Metaspace       used 111520K, committed 112448K, reserved 1179648K
  class space    used 15714K, committed 16192K, reserved 1048576K
}
Event: 74.969 GC heap before
{Heap before GC invocations=72 (full 0):
 garbage-first heap   total 524288K, used 391680K [0x0000000080000000, 0x0000000100000000)
  region size 1024K, 159 young (162816K), 22 survivors (22528K)
 Metaspace       used 111899K, committed 112832K, reserved 1179648K
  class space    used 15771K, committed 16256K, reserved 1048576K
}

Dll operation events (16 events):
Event: 0.033 Loaded shared library C:\Users\perez\.jdks\ms-17.0.18\bin\java.dll
Event: 0.071 Loaded shared library C:\Users\perez\.jdks\ms-17.0.18\bin\jsvml.dll
Event: 0.389 Loaded shared library C:\Users\perez\.jdks\ms-17.0.18\bin\zip.dll
Event: 0.403 Loaded shared library C:\Users\perez\.jdks\ms-17.0.18\bin\instrument.dll
Event: 0.418 Loaded shared library C:\Users\perez\.jdks\ms-17.0.18\bin\net.dll
Event: 0.423 Loaded shared library C:\Users\perez\.jdks\ms-17.0.18\bin\nio.dll
Event: 0.438 Loaded shared library C:\Users\perez\.jdks\ms-17.0.18\bin\zip.dll
Event: 1.464 Loaded shared library C:\Users\perez\.jdks\ms-17.0.18\bin\jimage.dll
Event: 1.909 Loaded shared library C:\Users\perez\.jdks\ms-17.0.18\bin\verify.dll
Event: 2.292 Loaded shared library C:\Users\perez\AndroidStudioProjects\MyApplication\native\1def1411415f61bf3af743bc5b6707747c0891f09f0c88961ee8f79bc544acac\windows-amd64\native-platform.dll
Event: 2.323 Loaded shared library C:\Users\perez\AndroidStudioProjects\MyApplication\native\0.2.7\x86_64-windows-gnu\gradle-fileevents.dll
Event: 4.842 Loaded shared library C:\Users\perez\.jdks\ms-17.0.18\bin\management.dll
Event: 4.848 Loaded shared library C:\Users\perez\.jdks\ms-17.0.18\bin\management_ext.dll
Event: 5.294 Loaded shared library C:\Users\perez\.jdks\ms-17.0.18\bin\extnet.dll
Event: 6.189 Loaded shared library C:\Users\perez\.jdks\ms-17.0.18\bin\sunmscapi.dll
Event: 68.471 Loaded shared library C:\Users\perez\.jdks\ms-17.0.18\bin\rmi.dll

Deoptimization events (20 events):
Event: 72.176 Thread 0x000001fcce666df0 DEOPT PACKING pc=0x000001fcf0760e84 sp=0x0000001b126fb4e0
Event: 72.176 Thread 0x000001fcce666df0 DEOPT UNPACKING pc=0x000001fcf63b7143 sp=0x0000001b126fa958 mode 0
Event: 72.458 Thread 0x000001fcce665ec0 Uncommon trap: trap_request=0xffffff45 fr.pc=0x000001fcf708d0b8 relative=0x00000000000017d8
Event: 72.458 Thread 0x000001fcce665ec0 Uncommon trap: reason=unstable_if action=reinterpret pc=0x000001fcf708d0b8 method=com.android.tools.r8.internal.Nk.e(Ljava/lang/String;)[Ljava/lang/String; @ 27 c2
Event: 72.458 Thread 0x000001fcce665ec0 DEOPT PACKING pc=0x000001fcf708d0b8 sp=0x0000001b124f98e0
Event: 72.458 Thread 0x000001fcce665ec0 DEOPT UNPACKING pc=0x000001fcf63b69a3 sp=0x0000001b124f98b8 mode 2
Event: 72.590 Thread 0x000001fcce667810 Uncommon trap: trap_request=0xffffff45 fr.pc=0x000001fcf7085bc4 relative=0x0000000000000884
Event: 72.590 Thread 0x000001fcce667810 Uncommon trap: reason=unstable_if action=reinterpret pc=0x000001fcf7085bc4 method=com.android.tools.r8.internal.vd.a([CII)Ljava/lang/String; @ 66 c2
Event: 72.590 Thread 0x000001fcce667810 DEOPT PACKING pc=0x000001fcf7085bc4 sp=0x0000001b120f9e10
Event: 72.590 Thread 0x000001fcce667810 DEOPT UNPACKING pc=0x000001fcf63b69a3 sp=0x0000001b120f9dc0 mode 2
Event: 72.590 Thread 0x000001fcce667810 Uncommon trap: trap_request=0xffffff45 fr.pc=0x000001fcf6920d5c relative=0x00000000000003bc
Event: 72.590 Thread 0x000001fcce667810 Uncommon trap: reason=unstable_if action=reinterpret pc=0x000001fcf6920d5c method=java.lang.StringUTF16.compress([CII)[B @ 13 c2
Event: 72.590 Thread 0x000001fcce667810 DEOPT PACKING pc=0x000001fcf6920d5c sp=0x0000001b120f9cc0
Event: 72.590 Thread 0x000001fcce667810 DEOPT UNPACKING pc=0x000001fcf63b69a3 sp=0x0000001b120f9c00 mode 2
Event: 73.498 Thread 0x000001fcce664a80 DEOPT PACKING pc=0x000001fcf06ea3ec sp=0x0000001b125fa430
Event: 73.498 Thread 0x000001fcce664a80 DEOPT UNPACKING pc=0x000001fcf63b7143 sp=0x0000001b125f9900 mode 0
Event: 73.793 Thread 0x000001fcce66aab0 Uncommon trap: trap_request=0xffffff45 fr.pc=0x000001fcf6c9cb38 relative=0x0000000000000df8
Event: 73.793 Thread 0x000001fcce66aab0 Uncommon trap: reason=unstable_if action=reinterpret pc=0x000001fcf6c9cb38 method=com.android.tools.r8.internal.pE.a(ILjava/lang/Object;)Ljava/lang/Object; @ 95 c2
Event: 73.794 Thread 0x000001fcce66aab0 DEOPT PACKING pc=0x000001fcf6c9cb38 sp=0x0000001b12cfa680
Event: 73.794 Thread 0x000001fcce66aab0 DEOPT UNPACKING pc=0x000001fcf63b69a3 sp=0x0000001b12cfa630 mode 2

Classes loaded (20 events):
Event: 69.457 Loading class sun/rmi/transport/tcp/TCPTransport$ConnectionHandler
Event: 69.458 Loading class sun/rmi/transport/tcp/TCPTransport$ConnectionHandler done
Event: 69.482 Loading class sun/rmi/transport/Transport$1
Event: 69.483 Loading class sun/rmi/transport/Transport$1 done
Event: 69.485 Loading class sun/rmi/transport/DGCImpl$LeaseInfo
Event: 69.485 Loading class sun/rmi/transport/DGCImpl$LeaseInfo done
Event: 69.485 Loading class sun/rmi/transport/DGCImpl$1
Event: 69.485 Loading class sun/rmi/transport/DGCImpl$1 done
Event: 69.486 Loading class sun/rmi/transport/SequenceEntry
Event: 69.486 Loading class sun/rmi/transport/SequenceEntry done
Event: 69.828 Loading class java/util/concurrent/RejectedExecutionException
Event: 69.829 Loading class java/util/concurrent/RejectedExecutionException done
Event: 70.868 Loading class java/util/concurrent/ConcurrentLinkedQueue$Itr
Event: 70.871 Loading class java/util/concurrent/ConcurrentLinkedQueue$Itr done
Event: 70.897 Loading class java/util/IdentityHashMap$EntrySet
Event: 70.898 Loading class java/util/IdentityHashMap$EntrySet done
Event: 70.899 Loading class java/util/IdentityHashMap$EntryIterator
Event: 70.899 Loading class java/util/IdentityHashMap$EntryIterator done
Event: 70.899 Loading class java/util/IdentityHashMap$EntryIterator$Entry
Event: 70.899 Loading class java/util/IdentityHashMap$EntryIterator$Entry done

Classes unloaded (0 events):
No events

Classes redefined (0 events):
No events

Internal exceptions (20 events):
Event: 70.662 Thread 0x000001fcce666df0 Exception <a 'java/lang/IncompatibleClassChangeError'{0x000000009b2ff368}: Found class java.lang.Object, but interface was expected> (0x000000009b2ff368) 
thrown [s\src\hotspot\share\interpreter\linkResolver.cpp, line 826]
Event: 70.662 Thread 0x000001fcce667300 Exception <a 'java/lang/IncompatibleClassChangeError'{0x000000009a6c06c8}: Found class java.lang.Object, but interface was expected> (0x000000009a6c06c8) 
thrown [s\src\hotspot\share\interpreter\linkResolver.cpp, line 826]
Event: 70.662 Thread 0x000001fcce664a80 Exception <a 'java/lang/IncompatibleClassChangeError'{0x000000009a06c2d0}: Found class java.lang.Object, but interface was expected> (0x000000009a06c2d0) 
thrown [s\src\hotspot\share\interpreter\linkResolver.cpp, line 826]
Event: 70.662 Thread 0x000001fcce66aab0 Exception <a 'java/lang/IncompatibleClassChangeError'{0x000000009ae2b4f8}: Found class java.lang.Object, but interface was expected> (0x000000009ae2b4f8) 
thrown [s\src\hotspot\share\interpreter\linkResolver.cpp, line 826]
Event: 70.894 Thread 0x000001fcce66aab0 Exception <a 'java/lang/NoSuchMethodError'{0x0000000098b34558}: 'long java.lang.invoke.DirectMethodHandle$Holder.invokeStatic(java.lang.Object, java.lang.Object)'> (0x0000000098b34558) 
thrown [s\src\hotspot\share\interpreter\linkResolver.cpp, line 759]
Event: 71.875 Thread 0x000001fcce667810 Exception <a 'java/lang/IncompatibleClassChangeError'{0x000000009d793f10}: Found class java.lang.Object, but interface was expected> (0x000000009d793f10) 
thrown [s\src\hotspot\share\interpreter\linkResolver.cpp, line 826]
Event: 71.875 Thread 0x000001fcce664a80 Exception <a 'java/lang/IncompatibleClassChangeError'{0x000000009c9817c8}: Found class java.lang.Object, but interface was expected> (0x000000009c9817c8) 
thrown [s\src\hotspot\share\interpreter\linkResolver.cpp, line 826]
Event: 71.875 Thread 0x000001fcce667300 Exception <a 'java/lang/IncompatibleClassChangeError'{0x000000009d51c6a0}: Found class java.lang.Object, but interface was expected> (0x000000009d51c6a0) 
thrown [s\src\hotspot\share\interpreter\linkResolver.cpp, line 826]
Event: 71.878 Thread 0x000001fcce664a80 Exception <a 'java/lang/NoSuchMethodError'{0x000000009c9860c8}: 'void java.lang.invoke.DirectMethodHandle$Holder.invokeInterface(java.lang.Object, java.lang.Object, java.lang.Object, int)'> (0x000000009c9860c8) 
thrown [s\src\hotspot\share\interpreter\linkResolver.cpp, line 759]
Event: 71.878 Thread 0x000001fcce667810 Exception <a 'java/lang/NoSuchMethodError'{0x000000009d79f218}: 'void java.lang.invoke.DirectMethodHandle$Holder.invokeInterface(java.lang.Object, java.lang.Object, java.lang.Object, int)'> (0x000000009d79f218) 
thrown [s\src\hotspot\share\interpreter\linkResolver.cpp, line 759]
Event: 71.878 Thread 0x000001fcce667300 Exception <a 'java/lang/NoSuchMethodError'{0x000000009d520e98}: 'void java.lang.invoke.DirectMethodHandle$Holder.invokeInterface(java.lang.Object, java.lang.Object, java.lang.Object, int)'> (0x000000009d520e98) 
thrown [s\src\hotspot\share\interpreter\linkResolver.cpp, line 759]
Event: 71.878 Thread 0x000001fcce665ec0 Exception <a 'java/lang/NoSuchMethodError'{0x000000009c8888d8}: 'void java.lang.invoke.DirectMethodHandle$Holder.invokeInterface(java.lang.Object, java.lang.Object, java.lang.Object, int)'> (0x000000009c8888d8) 
thrown [s\src\hotspot\share\interpreter\linkResolver.cpp, line 759]
Event: 72.112 Thread 0x000001fcce667300 Implicit null exception at 0x000001fcf7090bc3 to 0x000001fcf7096818
Event: 72.818 Thread 0x000001fcce667300 Exception <a 'java/lang/NoSuchMethodError'{0x000000009f89a390}: 'java.lang.Object java.lang.invoke.DirectMethodHandle$Holder.invokeStatic(java.lang.Object, int, java.lang.Object, java.lang.Object)'> (0x000000009f89a390) 
thrown [s\src\hotspot\share\interpreter\linkResolver.cpp, line 759]
Event: 72.818 Thread 0x000001fcce665ec0 Exception <a 'java/lang/NoSuchMethodError'{0x000000009f528968}: 'java.lang.Object java.lang.invoke.DirectMethodHandle$Holder.invokeStatic(java.lang.Object, int, java.lang.Object, java.lang.Object)'> (0x000000009f528968) 
thrown [s\src\hotspot\share\interpreter\linkResolver.cpp, line 759]
Event: 72.821 Thread 0x000001fcce667300 Exception <a 'java/lang/NoSuchMethodError'{0x000000009f30f808}: 'java.lang.Object java.lang.invoke.DirectMethodHandle$Holder.invokeStatic(java.lang.Object, java.lang.Object, int, java.lang.Object, java.lang.Object)'> (0x000000009f30f808) 
thrown [s\src\hotspot\share\interpreter\linkResolver.cpp, line 759]
Event: 72.821 Thread 0x000001fcce665ec0 Exception <a 'java/lang/NoSuchMethodError'{0x000000009f3a1048}: 'java.lang.Object java.lang.invoke.DirectMethodHandle$Holder.invokeStatic(java.lang.Object, java.lang.Object, int, java.lang.Object, java.lang.Object)'> (0x000000009f3a1048) 
thrown [s\src\hotspot\share\interpreter\linkResolver.cpp, line 759]
Event: 73.751 Thread 0x000001fcce667300 Exception <a 'java/lang/IncompatibleClassChangeError'{0x000000009780cba8}: Found class java.lang.Object, but interface was expected> (0x000000009780cba8) 
thrown [s\src\hotspot\share\interpreter\linkResolver.cpp, line 826]
Event: 73.751 Thread 0x000001fcce665ec0 Exception <a 'java/lang/IncompatibleClassChangeError'{0x00000000978a9888}: Found class java.lang.Object, but interface was expected> (0x00000000978a9888) 
thrown [s\src\hotspot\share\interpreter\linkResolver.cpp, line 826]
Event: 73.752 Thread 0x000001fcce665ec0 Exception <a 'java/lang/IncompatibleClassChangeError'{0x00000000978ae5b0}: Found class java.lang.Object, but interface was expected> (0x00000000978ae5b0) 
thrown [s\src\hotspot\share\interpreter\linkResolver.cpp, line 826]

VM Operations (20 events):
Event: 72.375 Executing VM operation: HandshakeAllThreads done
Event: 72.440 Executing VM operation: HandshakeAllThreads
Event: 72.458 Executing VM operation: HandshakeAllThreads done
Event: 72.490 Executing VM operation: ICBufferFull
Event: 72.490 Executing VM operation: ICBufferFull done
Event: 72.697 Executing VM operation: G1CollectForAllocation
Event: 72.745 Executing VM operation: G1CollectForAllocation done
Event: 73.329 Executing VM operation: HandshakeAllThreads
Event: 73.346 Executing VM operation: HandshakeAllThreads done
Event: 73.701 Executing VM operation: HandshakeAllThreads
Event: 73.701 Executing VM operation: HandshakeAllThreads done
Event: 73.709 Executing VM operation: HandshakeAllThreads
Event: 73.709 Executing VM operation: HandshakeAllThreads done
Event: 73.742 Executing VM operation: HandshakeAllThreads
Event: 73.744 Executing VM operation: HandshakeAllThreads done
Event: 73.823 Executing VM operation: G1CollectForAllocation
Event: 73.875 Executing VM operation: G1CollectForAllocation done
Event: 74.876 Executing VM operation: Cleanup
Event: 74.877 Executing VM operation: Cleanup done
Event: 74.969 Executing VM operation: G1CollectForAllocation

Memory protections (0 events):
No events

Nmethod flushes (20 events):
Event: 72.501 Thread 0x000001fcff7f8070 flushing  nmethod 0x000001fcf06e1210
Event: 72.501 Thread 0x000001fcff7f8070 flushing  nmethod 0x000001fcf06e1a90
Event: 72.501 Thread 0x000001fcff7f8070 flushing  nmethod 0x000001fcf06e2310
Event: 72.501 Thread 0x000001fcff7f8070 flushing  nmethod 0x000001fcf06e9190
Event: 72.501 Thread 0x000001fcff7f8070 flushing  nmethod 0x000001fcf06e9c90
Event: 72.501 Thread 0x000001fcff7f8070 flushing  nmethod 0x000001fcf06ea090
Event: 72.501 Thread 0x000001fcff7f8070 flushing  nmethod 0x000001fcf06ea790
Event: 72.501 Thread 0x000001fcff7f8070 flushing  nmethod 0x000001fcf06f1b10
Event: 72.501 Thread 0x000001fcff7f8070 flushing  nmethod 0x000001fcf06f2690
Event: 72.501 Thread 0x000001fcff7f8070 flushing  nmethod 0x000001fcf06f4310
Event: 72.501 Thread 0x000001fcff7f8070 flushing  nmethod 0x000001fcf06f4990
Event: 72.501 Thread 0x000001fcff7f8070 flushing  nmethod 0x000001fcf06f4d90
Event: 72.501 Thread 0x000001fcff7f8070 flushing  nmethod 0x000001fcf06f5490
Event: 72.501 Thread 0x000001fcff7f8070 flushing  nmethod 0x000001fcf06f6a90
Event: 72.501 Thread 0x000001fcff7f8070 flushing  nmethod 0x000001fcf071f410
Event: 72.501 Thread 0x000001fcff7f8070 flushing  nmethod 0x000001fcf072df10
Event: 72.501 Thread 0x000001fcff7f8070 flushing  nmethod 0x000001fcf073d290
Event: 72.501 Thread 0x000001fcff7f8070 flushing  nmethod 0x000001fcf0760610
Event: 72.501 Thread 0x000001fcff7f8070 flushing osr nmethod 0x000001fcf0763b90
Event: 72.501 Thread 0x000001fcff7f8070 flushing osr nmethod 0x000001fcf077b590

Events (20 events):
Event: 59.243 Thread 0x000001fccd19fa70 Thread added: 0x000001fcceb9e670
Event: 59.246 Thread 0x000001fccd19fa70 Thread added: 0x000001fcceb9eb80
Event: 59.248 Thread 0x000001fccd19fa70 Thread added: 0x000001fcceba04d0
Event: 59.249 Thread 0x000001fccd19fa70 Thread added: 0x000001fcceb9f090
Event: 59.251 Thread 0x000001fccd19fa70 Thread added: 0x000001fcceb9f5a0
Event: 60.103 Thread 0x000001fccd19fa70 Thread added: 0x000001fcceb9d740
Event: 60.103 Thread 0x000001fccd19fa70 Thread added: 0x000001fcceb9fab0
Event: 60.104 Thread 0x000001fccd19fa70 Thread added: 0x000001fcceb9ffc0
Event: 60.104 Thread 0x000001fccd19fa70 Thread added: 0x000001fcceba09e0
Event: 60.106 Thread 0x000001fccd19fa70 Thread added: 0x000001fccf299200
Event: 60.133 Thread 0x000001fccd19fa70 Thread added: 0x000001fcffb1bc00
Event: 60.138 Thread 0x000001fccd19fa70 Thread added: 0x000001fcffb1da60
Event: 60.553 Thread 0x000001fccd19fa70 Thread added: 0x000001fcffb1b1e0
Event: 66.423 Thread 0x000001fccd19fa70 Thread added: 0x000001fcffb1b6f0
Event: 68.414 Thread 0x000001fcffb1b6f0 Thread added: 0x000001fcffb1c110
Event: 68.457 Thread 0x000001fcffb1b6f0 Thread added: 0x000001fcffb1d040
Event: 68.476 Thread 0x000001fcffb1b6f0 Thread added: 0x000001fcffb1df70
Event: 69.117 Thread 0x000001fcffb1b6f0 Thread added: 0x000001fcffb1c620
Event: 69.118 Thread 0x000001fcffb1b6f0 Thread added: 0x000001fcffb1cb30
Event: 69.458 Thread 0x000001fcffb1c620 Thread added: 0x000001fcffb1d550


Dynamic libraries:
0x00007ff6a3520000 - 0x00007ff6a352e000 	C:\Users\perez\.jdks\ms-17.0.18\bin\java.exe
0x00007ffcc1c40000 - 0x00007ffcc1ea7000 	C:\WINDOWS\SYSTEM32\ntdll.dll
0x00007ffcc1440000 - 0x00007ffcc1509000 	C:\WINDOWS\System32\KERNEL32.DLL
0x00007ffcbf5e0000 - 0x00007ffcbf9d1000 	C:\WINDOWS\System32\KERNELBASE.dll
0x00007ffcbf1c0000 - 0x00007ffcbf30b000 	C:\WINDOWS\System32\ucrtbase.dll
0x00007ffc78410000 - 0x00007ffc7842e000 	C:\Users\perez\.jdks\ms-17.0.18\bin\VCRUNTIME140.dll
0x00007ffc78bd0000 - 0x00007ffc78be8000 	C:\Users\perez\.jdks\ms-17.0.18\bin\jli.dll
0x00007ffcc04a0000 - 0x00007ffcc0665000 	C:\WINDOWS\System32\USER32.dll
0x00007ffca1900000 - 0x00007ffca1b93000 	C:\WINDOWS\WinSxS\amd64_microsoft.windows.common-controls_6595b64144ccf1df_6.0.26100.8037_none_3e092faae333b53b\COMCTL32.dll
0x00007ffcbf440000 - 0x00007ffcbf467000 	C:\WINDOWS\System32\win32u.dll
0x00007ffcbffb0000 - 0x00007ffcc0059000 	C:\WINDOWS\System32\msvcrt.dll
0x00007ffcbff00000 - 0x00007ffcbff2b000 	C:\WINDOWS\System32\GDI32.dll
0x00007ffcbf310000 - 0x00007ffcbf43b000 	C:\WINDOWS\System32\gdi32full.dll
0x00007ffcbf530000 - 0x00007ffcbf5d3000 	C:\WINDOWS\System32\msvcp_win.dll
0x00007ffcc01d0000 - 0x00007ffcc0201000 	C:\WINDOWS\System32\IMM32.DLL
0x00007ffc78710000 - 0x00007ffc7871c000 	C:\Users\perez\.jdks\ms-17.0.18\bin\vcruntime140_1.dll
0x00007ffc65c00000 - 0x00007ffc65c89000 	C:\Users\perez\.jdks\ms-17.0.18\bin\msvcp140.dll
0x00007ffb979a0000 - 0x00007ffb9861a000 	C:\Users\perez\.jdks\ms-17.0.18\bin\server\jvm.dll
0x00007ffcc1590000 - 0x00007ffcc164b000 	C:\WINDOWS\System32\ADVAPI32.dll
0x00007ffcbfa90000 - 0x00007ffcbfb37000 	C:\WINDOWS\System32\sechost.dll
0x00007ffcbfc00000 - 0x00007ffcbfd18000 	C:\WINDOWS\System32\RPCRT4.dll
0x00007ffcbff30000 - 0x00007ffcbffa4000 	C:\WINDOWS\System32\WS2_32.dll
0x00007ffcbe380000 - 0x00007ffcbe3de000 	C:\WINDOWS\SYSTEM32\POWRPROF.dll
0x00007ffcb8930000 - 0x00007ffcb8965000 	C:\WINDOWS\SYSTEM32\WINMM.dll
0x00007ffcb8970000 - 0x00007ffcb897b000 	C:\WINDOWS\SYSTEM32\VERSION.dll
0x00007ffcbe360000 - 0x00007ffcbe374000 	C:\WINDOWS\SYSTEM32\UMPDC.dll
0x00007ffcbd2b0000 - 0x00007ffcbd2cb000 	C:\WINDOWS\SYSTEM32\kernel.appcore.dll
0x00007ffc784e0000 - 0x00007ffc784ea000 	C:\Users\perez\.jdks\ms-17.0.18\bin\jimage.dll
0x00007ffcb32c0000 - 0x00007ffcb3502000 	C:\WINDOWS\SYSTEM32\DBGHELP.DLL
0x00007ffcc1650000 - 0x00007ffcc19d2000 	C:\WINDOWS\System32\combase.dll
0x00007ffcc0210000 - 0x00007ffcc02e7000 	C:\WINDOWS\System32\OLEAUT32.dll
0x00007ffca0680000 - 0x00007ffca06bb000 	C:\WINDOWS\SYSTEM32\dbgcore.DLL
0x00007ffcbe5b0000 - 0x00007ffcbe655000 	C:\WINDOWS\System32\bcryptPrimitives.dll
0x00007ffc870d0000 - 0x00007ffc870df000 	C:\Users\perez\.jdks\ms-17.0.18\bin\instrument.dll
0x00007ffc783d0000 - 0x00007ffc783f6000 	C:\Users\perez\.jdks\ms-17.0.18\bin\java.dll
0x00007ffc46e80000 - 0x00007ffc46f56000 	C:\Users\perez\.jdks\ms-17.0.18\bin\jsvml.dll
0x00007ffcc0cc0000 - 0x00007ffcc141f000 	C:\WINDOWS\System32\SHELL32.dll
0x00007ffcbeed0000 - 0x00007ffcbf03a000 	C:\WINDOWS\System32\wintypes.dll
0x00007ffcbe660000 - 0x00007ffcbeec4000 	C:\WINDOWS\System32\windows.storage.dll
0x00007ffcc00d0000 - 0x00007ffcc01c7000 	C:\WINDOWS\System32\SHCORE.dll
0x00007ffcc0060000 - 0x00007ffcc00c7000 	C:\WINDOWS\System32\shlwapi.dll
0x00007ffcbe440000 - 0x00007ffcbe469000 	C:\WINDOWS\SYSTEM32\profapi.dll
0x00007ffc783b0000 - 0x00007ffc783c8000 	C:\Users\perez\.jdks\ms-17.0.18\bin\zip.dll
0x00007ffc78390000 - 0x00007ffc783ab000 	C:\Users\perez\.jdks\ms-17.0.18\bin\net.dll
0x00007ffcb5ad0000 - 0x00007ffcb5bf7000 	C:\WINDOWS\SYSTEM32\WINHTTP.dll
0x00007ffcbd820000 - 0x00007ffcbd88b000 	C:\WINDOWS\system32\mswsock.dll
0x00007ffc76ac0000 - 0x00007ffc76ad6000 	C:\Users\perez\.jdks\ms-17.0.18\bin\nio.dll
0x00007ffc65e60000 - 0x00007ffc65e70000 	C:\Users\perez\.jdks\ms-17.0.18\bin\verify.dll
0x00007ffc76b00000 - 0x00007ffc76b27000 	C:\Users\perez\AndroidStudioProjects\MyApplication\native\1def1411415f61bf3af743bc5b6707747c0891f09f0c88961ee8f79bc544acac\windows-amd64\native-platform.dll
0x00007ffc62cc0000 - 0x00007ffc62d38000 	C:\Users\perez\AndroidStudioProjects\MyApplication\native\0.2.7\x86_64-windows-gnu\gradle-fileevents.dll
0x00007ffc65e50000 - 0x00007ffc65e5a000 	C:\Users\perez\.jdks\ms-17.0.18\bin\management.dll
0x00007ffc65e40000 - 0x00007ffc65e4c000 	C:\Users\perez\.jdks\ms-17.0.18\bin\management_ext.dll
0x00007ffcc02f0000 - 0x00007ffcc02f8000 	C:\WINDOWS\System32\PSAPI.DLL
0x00007ffcbcc80000 - 0x00007ffcbccb3000 	C:\WINDOWS\SYSTEM32\IPHLPAPI.DLL
0x00007ffcc0cb0000 - 0x00007ffcc0cba000 	C:\WINDOWS\System32\NSI.dll
0x00007ffcb8910000 - 0x00007ffcb892d000 	C:\WINDOWS\SYSTEM32\dhcpcsvc6.DLL
0x00007ffcb8840000 - 0x00007ffcb8863000 	C:\WINDOWS\SYSTEM32\dhcpcsvc.DLL
0x00007ffcbcce0000 - 0x00007ffcbce0a000 	C:\WINDOWS\SYSTEM32\DNSAPI.dll
0x00007ffc65bf0000 - 0x00007ffc65bf9000 	C:\Users\perez\.jdks\ms-17.0.18\bin\extnet.dll
0x00007ffcbdb00000 - 0x00007ffcbdb1b000 	C:\WINDOWS\SYSTEM32\CRYPTSP.dll
0x00007ffcbd210000 - 0x00007ffcbd249000 	C:\WINDOWS\system32\rsaenh.dll
0x00007ffcbd8d0000 - 0x00007ffcbd902000 	C:\WINDOWS\SYSTEM32\USERENV.dll
0x00007ffcbe410000 - 0x00007ffcbe43a000 	C:\WINDOWS\SYSTEM32\bcrypt.dll
0x00007ffcbdb20000 - 0x00007ffcbdb2c000 	C:\WINDOWS\SYSTEM32\CRYPTBASE.dll
0x00007ffc82330000 - 0x00007ffc8233e000 	C:\Users\perez\.jdks\ms-17.0.18\bin\sunmscapi.dll
0x00007ffcbf040000 - 0x00007ffcbf1b7000 	C:\WINDOWS\System32\CRYPT32.dll
0x00007ffcbdd20000 - 0x00007ffcbdd50000 	C:\WINDOWS\SYSTEM32\ncrypt.dll
0x00007ffcbdcd0000 - 0x00007ffcbdd0f000 	C:\WINDOWS\SYSTEM32\NTASN1.dll
0x00007ffc94b60000 - 0x00007ffc94b68000 	C:\WINDOWS\system32\wshunix.dll
0x00007ffc96cd0000 - 0x00007ffc96ce8000 	C:\WINDOWS\system32\napinsp.dll
0x00007ffc96cb0000 - 0x00007ffc96cc2000 	C:\WINDOWS\System32\winrnr.dll
0x00007ffc96c80000 - 0x00007ffc96ca2000 	C:\WINDOWS\system32\nlansp_c.dll
0x00007ffc96c00000 - 0x00007ffc96c16000 	C:\WINDOWS\system32\wshbth.dll
0x00007ffcb4c20000 - 0x00007ffcb4c2b000 	C:\Windows\System32\rasadhlp.dll
0x00007ffcb91b0000 - 0x00007ffcb9236000 	C:\WINDOWS\System32\fwpuclnt.dll
0x00007ffc5b610000 - 0x00007ffc5b617000 	C:\Users\perez\.jdks\ms-17.0.18\bin\rmi.dll

dbghelp: loaded successfully - version: 4.0.5 - missing functions: none
symbol engine: initialized successfully - sym options: 0x614 - pdb path: .;C:\Users\perez\.jdks\ms-17.0.18\bin;C:\WINDOWS\SYSTEM32;C:\WINDOWS\WinSxS\amd64_microsoft.windows.common-controls_6595b64144ccf1df_6.0.26100.8037_none_3e092faae333b53b;C:\Users\perez\.jdks\ms-17.0.18\bin\server;C:\Users\perez\AndroidStudioProjects\MyApplication\native\1def1411415f61bf3af743bc5b6707747c0891f09f0c88961ee8f79bc544acac\windows-amd64;C:\Users\perez\AndroidStudioProjects\MyApplication\native\0.2.7\x86_64-windows-gnu

VM Arguments:
jvm_args: --add-opens=java.base/java.lang=ALL-UNNAMED --add-opens=java.base/java.lang.invoke=ALL-UNNAMED --add-opens=java.base/java.util=ALL-UNNAMED --add-opens=java.prefs/java.util.prefs=ALL-UNNAMED --add-exports=jdk.compiler/com.sun.tools.javac.api=ALL-UNNAMED --add-exports=jdk.compiler/com.sun.tools.javac.util=ALL-UNNAMED --add-opens=java.base/java.util=ALL-UNNAMED --add-opens=java.prefs/java.util.prefs=ALL-UNNAMED --add-opens=java.base/java.nio.charset=ALL-UNNAMED --add-opens=java.base/java.net=ALL-UNNAMED --add-opens=java.base/java.util.concurrent.atomic=ALL-UNNAMED --add-opens=java.xml/javax.xml.namespace=ALL-UNNAMED -Xmx2048m -Dfile.encoding=UTF-8 -Duser.country=CO -Duser.language=es -Duser.variant -javaagent:C:\Users\perez\AndroidStudioProjects\MyApplication\wrapper\dists\gradle-8.13-bin\5xuhj0ry160q40clulazy9h7d\gradle-8.13\lib\agents\gradle-instrumentation-agent-8.13.jar 
java_command: org.gradle.launcher.daemon.bootstrap.GradleDaemon 8.13
java_class_path (initial): C:\Users\perez\AndroidStudioProjects\MyApplication\wrapper\dists\gradle-8.13-bin\5xuhj0ry160q40clulazy9h7d\gradle-8.13\lib\gradle-daemon-main-8.13.jar
Launcher Type: SUN_STANDARD

[Global flags]
     intx CICompilerCount                          = 4                                         {product} {ergonomic}
     uint ConcGCThreads                            = 2                                         {product} {ergonomic}
     uint G1ConcRefinementThreads                  = 8                                         {product} {ergonomic}
   size_t G1HeapRegionSize                         = 1048576                                   {product} {ergonomic}
    uintx GCDrainStackTargetSize                   = 64                                        {product} {ergonomic}
   size_t InitialHeapSize                          = 123731968                                 {product} {ergonomic}
   size_t MarkStackSize                            = 4194304                                   {product} {ergonomic}
   size_t MaxHeapSize                              = 2147483648                                {product} {command line}
   size_t MaxNewSize                               = 1287651328                                {product} {ergonomic}
   size_t MinHeapDeltaBytes                        = 1048576                                   {product} {ergonomic}
   size_t MinHeapSize                              = 8388608                                   {product} {ergonomic}
    uintx NonNMethodCodeHeapSize                   = 5839372                                {pd product} {ergonomic}
    uintx NonProfiledCodeHeapSize                  = 122909434                              {pd product} {ergonomic}
    uintx ProfiledCodeHeapSize                     = 122909434                              {pd product} {ergonomic}
    uintx ReservedCodeCacheSize                    = 251658240                              {pd product} {ergonomic}
     bool SegmentedCodeCache                       = true                                      {product} {ergonomic}
   size_t SoftMaxHeapSize                          = 2147483648                             {manageable} {ergonomic}
     bool UseCompressedClassPointers               = true                           {product lp64_product} {ergonomic}
     bool UseCompressedOops                        = true                           {product lp64_product} {ergonomic}
     bool UseG1GC                                  = true                                      {product} {ergonomic}
     bool UseLargePagesIndividualAllocation        = false                                  {pd product} {ergonomic}

Logging:
Log output configuration:
 #0: stdout all=warning uptime,level,tags
 #1: stderr all=off uptime,level,tags

Environment Variables:
PATH=C:\Program Files\dotnet\;C:\ORECLE\dbhomeXE\bin;C:\app\perez\product\21c\dbhomeXE\bin;C:\Program Files\Common Files\Oracle\Java\javapath;C:\Program Files (x86)\Common Files\Oracle\Java\javapath;C:\WINDOWS\system32;C:\WINDOWS;C:\WINDOWS\System32\Wbem;C:\WINDOWS\System32\WindowsPowerShell\v1.0\;C:\WINDOWS\System32\OpenSSH\;C:\Program Files\HP\HP One Agent;C:\Program Files (x86)\Microsoft SQL Server\160\Tools\Binn\;C:\Program Files\Microsoft SQL Server\160\Tools\Binn\;C:\Program Files\Microsoft SQL Server\Client SDK\ODBC\170\Tools\Binn\;C:\Program Files\Microsoft SQL Server\160\DTS\Binn\;C:\Program Files (x86)\Microsoft SQL Server\160\DTS\Binn\;C:\Program Files\Microsoft SQL Server\150\Tools\Binn\;C:\xampp\php;C:\ProgramData\ComposerSetup\bin;C:\flutter\bin;C:\Users\perez\AppData\Local\Android\Sdk\platform-tools;C:\Program Files\Git\cmd;C:\Program Files\nodejs\;C:\WINDOWS\system32;C:\WINDOWS;C:\WINDOWS\System32\Wbem;C:\WINDOWS\System32\WindowsPowerShell\v1.0\;C:\WINDOWS\System32\OpenSSH\;C:\Program Files\ngrok;C:\Program Files\cursor\resources\app\bin;C:\Users\perez\.config\herd\bin\nvm;C:\Program Files\nodejs;C:\Users\perez\.config\herd\bin;C:\Users\perez\AppData\Local\Programs\Python\Python313\Scripts\;C:\Users\perez\AppData\Local\Programs\Python\Python313\;C:\Users\perez\AppData\Local\Programs\oh-my-posh\bin\;C:\Program Files\MySQL\MySQL Shell 8.0\bin\;C:\xampp\php\php.exe;C:\Users\perez\AppData\Local\Programs\Microsoft VS Code\bin;C:\Users\perez\AppData\Roaming\Composer\vendor\bin;C:\Users\perez\AppData\Local\GitHubDesktop\bin;C:\Users\perez\.dotnet\tools;C:\Users\perez\.deno\bin;C:\Users\perez\AppData\Roaming\npm;C:\Users\perez\AppData\Local\Microsoft\WindowsApps;C:\ngrok;C:\Users\perez\AppData\Local\Programs\Antigravity\bin;C:\Users\perez\AppData\Local\Programs\Ollama
USERNAME=perez
OS=Windows_NT
PROCESSOR_IDENTIFIER=AMD64 Family 23 Model 104 Stepping 1, AuthenticAMD
TMP=C:\Users\perez\AppData\Local\Temp
TEMP=C:\Users\perez\AppData\Local\Temp



Periodic native trim disabled


---------------  S Y S T E M  ---------------

OS:
 Windows 11 , 64 bit Build 26100 (10.0.26100.7920)
OS uptime: 0 days 5:23 hours
Hyper-V role detected

CPU: total 8 (initial active 8) (8 cores per cpu, 2 threads per core) family 23 model 104 stepping 1 microcode 0x8608107, cx8, cmov, fxsr, ht, mmx, 3dnowpref, sse, sse2, sse3, ssse3, sse4a, sse4.1, sse4.2, popcnt, lzcnt, tsc, tscinvbit, avx, avx2, aes, clmul, bmi1, bmi2, adx, sha, fma, vzeroupper, clflush, clflushopt, hv
Processor Information for the first 8 processors :
  Max Mhz: 2600, Current Mhz: 2600, Mhz Limit: 2600

Memory: 4k page, system-wide physical 7502M (35M free)
TotalPageFile size 30030M (AvailPageFile size 41M)
current process WorkingSet (physical memory assigned to process): 466M, peak: 467M
current process commit charge ("private bytes"): 885M, peak: 888M

vm_info: OpenJDK 64-Bit Server VM (17.0.18+8-LTS) for windows-amd64 JRE (17.0.18+8-LTS), built on Jan 15 2026 18:50:45 by "MicrosoftCorporation" with MS VC++ 17.14 (VS2022)

END.
