#
# There is insufficient memory for the Java Runtime Environment to continue.
# Native memory allocation (malloc) failed to allocate 1259824 bytes. Error detail: Chunk::new
# Possible reasons:
#   The system is out of physical RAM or swap space
#   This process is running with CompressedOops enabled, and the Java Heap may be blocking the growth of the native heap
# Possible solutions:
#   Reduce memory load on the system
#   Increase physical memory or swap space
#   Check if swap backing store is full
#   Decrease Java heap size (-Xmx/-Xms)
#   Decrease number of Java threads
#   Decrease Java thread stack sizes (-Xss)
#   Set larger code cache with -XX:ReservedCodeCacheSize=
#   JVM is running with Unscaled Compressed Oops mode in which the Java heap is
#     placed in the first 4GB address space. The Java Heap base address is the
#     maximum limit for the native heap growth. Please use -XX:HeapBaseMinAddress
#     to set the Java Heap base and to place the Java Heap above 4GB virtual address.
# This output file may be truncated or incomplete.
#
#  Out of Memory Error (arena.cpp:168), pid=25316, tid=28628
#
# JRE version: OpenJDK Runtime Environment (21.0.3) (build 21.0.3+-12282718-b509.11)
# Java VM: OpenJDK 64-Bit Server VM (21.0.3+-12282718-b509.11, mixed mode, tiered, compressed oops, compressed class ptrs, g1 gc, windows-amd64)
# No core dump will be written. Minidumps are not enabled by default on client versions of Windows
#

---------------  S U M M A R Y ------------

Command Line: --add-opens=java.base/java.lang=ALL-UNNAMED --add-opens=java.base/java.lang.invoke=ALL-UNNAMED --add-opens=java.base/java.util=ALL-UNNAMED --add-opens=java.prefs/java.util.prefs=ALL-UNNAMED --add-exports=jdk.compiler/com.sun.tools.javac.api=ALL-UNNAMED --add-exports=jdk.compiler/com.sun.tools.javac.util=ALL-UNNAMED --add-opens=java.base/java.util=ALL-UNNAMED --add-opens=java.prefs/java.util.prefs=ALL-UNNAMED --add-opens=java.base/java.nio.charset=ALL-UNNAMED --add-opens=java.base/java.net=ALL-UNNAMED --add-opens=java.base/java.util.concurrent.atomic=ALL-UNNAMED --add-opens=java.xml/javax.xml.namespace=ALL-UNNAMED -Xmx2048m -Dfile.encoding=UTF-8 -Duser.country=CO -Duser.language=es -Duser.variant -javaagent:C:\Users\perez\AndroidStudioProjects\MyApplication\wrapper\dists\gradle-8.13-bin\5xuhj0ry160q40clulazy9h7d\gradle-8.13\lib\agents\gradle-instrumentation-agent-8.13.jar org.gradle.launcher.daemon.bootstrap.GradleDaemon 8.13

Host: AMD Ryzen 3 5300U with Radeon Graphics         , 8 cores, 7G,  Windows 11 , 64 bit Build 26100 (10.0.26100.7920)
Time: Tue Mar  3 16:44:39 2026 Hora est. Pacífico, Sudamérica elapsed time: 1007.634177 seconds (0d 0h 16m 47s)

---------------  T H R E A D  ---------------

Current thread (0x0000020e1cc42680):  JavaThread "C2 CompilerThread0" daemon [_thread_in_native, id=28628, stack(0x000000b619e00000,0x000000b619f00000) (1024K)]


Current CompileTask:
C2:1007634 28404   !   4       java.io.ObjectInputStream::readSerialData (474 bytes)

Stack: [0x000000b619e00000,0x000000b619f00000]
Native frames: (J=compiled Java code, j=interpreted, Vv=VM code, C=native code)
V  [jvm.dll+0x6cafb9]
V  [jvm.dll+0x858523]
V  [jvm.dll+0x85aa7e]
V  [jvm.dll+0x85b163]
V  [jvm.dll+0x27d356]
V  [jvm.dll+0xbf93d]
V  [jvm.dll+0xbfe73]
V  [jvm.dll+0x3b1ceb]
V  [jvm.dll+0x37e787]
V  [jvm.dll+0x37dbfa]
V  [jvm.dll+0x246b02]
V  [jvm.dll+0x2460d1]
V  [jvm.dll+0x1c5804]
V  [jvm.dll+0x25575c]
V  [jvm.dll+0x253c36]
V  [jvm.dll+0x3ec996]
V  [jvm.dll+0x800d78]
V  [jvm.dll+0x6c98cd]
C  [ucrtbase.dll+0x37b0]
C  [KERNEL32.DLL+0x2e8d7]
C  [ntdll.dll+0x8c48c]


---------------  P R O C E S S  ---------------

Threads class SMR info:
_java_thread_list=0x0000020e2e920110, length=39, elements={
0x0000020e03136cc0, 0x0000020e1cc24160, 0x0000020e1cc24bc0, 0x0000020e1cc26af0,
0x0000020e1cc3d670, 0x0000020e1cc3f7b0, 0x0000020e1cc40210, 0x0000020e1cc42680,
0x0000020e1cc43c90, 0x0000020e1ccc00c0, 0x0000020e1cf6a570, 0x0000020e22831530,
0x0000020e230e0cb0, 0x0000020e231d4450, 0x0000020e2325d370, 0x0000020e2325cce0,
0x0000020e2325c650, 0x0000020e25085bf0, 0x0000020e25087cc0, 0x0000020e25087630,
0x0000020e265f99c0, 0x0000020e2481d110, 0x0000020e25084840, 0x0000020e265f8ca0,
0x0000020e2e8e58a0, 0x0000020e2e624200, 0x0000020e2e8e7970, 0x0000020e2e8e4b80,
0x0000020e2e8e8690, 0x0000020e2e8e5f30, 0x0000020e2e8e72e0, 0x0000020e2e8e93b0,
0x0000020e2e8e9a40, 0x0000020e2e8e65c0, 0x0000020e2e8ecec0, 0x0000020e2e8ed550,
0x0000020e2e8ea0d0, 0x0000020e2e8eadf0, 0x0000020e2e8eb480
}

Java Threads: ( => current thread )
  0x0000020e03136cc0 JavaThread "main"                              [_thread_blocked, id=23444, stack(0x000000b619000000,0x000000b619100000) (1024K)]
  0x0000020e1cc24160 JavaThread "Reference Handler"          daemon [_thread_blocked, id=6588, stack(0x000000b619800000,0x000000b619900000) (1024K)]
  0x0000020e1cc24bc0 JavaThread "Finalizer"                  daemon [_thread_blocked, id=21548, stack(0x000000b619900000,0x000000b619a00000) (1024K)]
  0x0000020e1cc26af0 JavaThread "Signal Dispatcher"          daemon [_thread_blocked, id=9580, stack(0x000000b619a00000,0x000000b619b00000) (1024K)]
  0x0000020e1cc3d670 JavaThread "Attach Listener"            daemon [_thread_blocked, id=26804, stack(0x000000b619b00000,0x000000b619c00000) (1024K)]
  0x0000020e1cc3f7b0 JavaThread "Service Thread"             daemon [_thread_blocked, id=25324, stack(0x000000b619c00000,0x000000b619d00000) (1024K)]
  0x0000020e1cc40210 JavaThread "Monitor Deflation Thread"   daemon [_thread_blocked, id=6584, stack(0x000000b619d00000,0x000000b619e00000) (1024K)]
=>0x0000020e1cc42680 JavaThread "C2 CompilerThread0"         daemon [_thread_in_native, id=28628, stack(0x000000b619e00000,0x000000b619f00000) (1024K)]
  0x0000020e1cc43c90 JavaThread "C1 CompilerThread0"         daemon [_thread_blocked, id=26920, stack(0x000000b619f00000,0x000000b61a000000) (1024K)]
  0x0000020e1ccc00c0 JavaThread "Common-Cleaner"             daemon [_thread_blocked, id=5236, stack(0x000000b61a000000,0x000000b61a100000) (1024K)]
  0x0000020e1cf6a570 JavaThread "Notification Thread"        daemon [_thread_blocked, id=28452, stack(0x000000b61a100000,0x000000b61a200000) (1024K)]
  0x0000020e22831530 JavaThread "Daemon health stats"               [_thread_blocked, id=25140, stack(0x000000b61a200000,0x000000b61a300000) (1024K)]
  0x0000020e230e0cb0 JavaThread "Incoming local TCP Connector on port 50319"        [_thread_in_native, id=12240, stack(0x000000b61aa00000,0x000000b61ab00000) (1024K)]
  0x0000020e231d4450 JavaThread "Daemon periodic checks"            [_thread_blocked, id=10076, stack(0x000000b61ab00000,0x000000b61ac00000) (1024K)]
  0x0000020e2325d370 JavaThread "Cache worker for journal cache (C:\Users\perez\AndroidStudioProjects\MyApplication\caches\journal-1)"        [_thread_blocked, id=23660, stack(0x000000b61b400000,0x000000b61b500000) (1024K)]
  0x0000020e2325cce0 JavaThread "File lock request listener"        [_thread_in_native, id=22648, stack(0x000000b61b500000,0x000000b61b600000) (1024K)]
  0x0000020e2325c650 JavaThread "Cache worker for file hash cache (C:\Users\perez\AndroidStudioProjects\MyApplication\caches\8.13\fileHashes)"        [_thread_blocked, id=16988, stack(0x000000b61b600000,0x000000b61b700000) (1024K)]
  0x0000020e25085bf0 JavaThread "File watcher server"        daemon [_thread_in_native, id=2200, stack(0x000000b61ba00000,0x000000b61bb00000) (1024K)]
  0x0000020e25087cc0 JavaThread "File watcher consumer"      daemon [_thread_blocked, id=8244, stack(0x000000b61bb00000,0x000000b61bc00000) (1024K)]
  0x0000020e25087630 JavaThread "Cache worker for file content cache (C:\Users\perez\AndroidStudioProjects\MyApplication\caches\8.13\fileContent)"        [_thread_blocked, id=21192, stack(0x000000b61bd00000,0x000000b61be00000) (1024K)]
  0x0000020e265f99c0 JavaThread "Memory manager"                    [_thread_blocked, id=21148, stack(0x000000b61d600000,0x000000b61d700000) (1024K)]
  0x0000020e2481d110 JavaThread "RMI Scheduler(0)"           daemon [_thread_blocked, id=13176, stack(0x000000b622000000,0x000000b622100000) (1024K)]
  0x0000020e25084840 JavaThread "RMI GC Daemon"              daemon [_thread_blocked, id=16372, stack(0x000000b622200000,0x000000b622300000) (1024K)]
  0x0000020e265f8ca0 JavaThread "RMI TCP Accept-0"           daemon [_thread_in_native, id=13048, stack(0x000000b622300000,0x000000b622400000) (1024K)]
  0x0000020e2e8e58a0 JavaThread "RMI Reaper"                        [_thread_blocked, id=23948, stack(0x000000b622400000,0x000000b622500000) (1024K)]
  0x0000020e2e624200 JavaThread "Cache worker for Java compile cache (C:\Users\perez\AndroidStudioProjects\MyApplication\caches\8.13\javaCompile)"        [_thread_blocked, id=2456, stack(0x000000b622600000,0x000000b622700000) (1024K)]
  0x0000020e2e8e7970 JavaThread "RMI TCP Connection(idle)"   daemon [_thread_blocked, id=26308, stack(0x000000b618d00000,0x000000b618e00000) (1024K)]
  0x0000020e2e8e4b80 JavaThread "Daemon Thread 2"                   [_thread_blocked, id=11660, stack(0x000000b618e00000,0x000000b618f00000) (1024K)]
  0x0000020e2e8e8690 JavaThread "Handler for socket connection from /127.0.0.1:50319 to /127.0.0.1:64018"        [_thread_in_native, id=27092, stack(0x000000b618f00000,0x000000b619000000) (1024K)]
  0x0000020e2e8e5f30 JavaThread "Cancel handler"                    [_thread_blocked, id=24972, stack(0x000000b61ac00000,0x000000b61ad00000) (1024K)]
  0x0000020e2e8e72e0 JavaThread "Daemon worker Thread 2"            [_thread_in_native, id=24832, stack(0x000000b61ad00000,0x000000b61ae00000) (1024K)]
  0x0000020e2e8e93b0 JavaThread "Asynchronous log dispatcher for DefaultDaemonConnection: socket connection from /127.0.0.1:50319 to /127.0.0.1:64018"        [_thread_blocked, id=1956, stack(0x000000b61ae00000,0x000000b61af00000) (1024K)]
  0x0000020e2e8e9a40 JavaThread "Stdin handler"                     [_thread_blocked, id=14092, stack(0x000000b61af00000,0x000000b61b000000) (1024K)]
  0x0000020e2e8e65c0 JavaThread "Daemon client event forwarder"        [_thread_blocked, id=12832, stack(0x000000b61b000000,0x000000b61b100000) (1024K)]
  0x0000020e2e8ecec0 JavaThread "Cache worker for file hash cache (C:\Users\perez\Downloads\Movil_chicamocha\MobileApp_UsoChicamocha\.gradle\8.13\fileHashes)"        [_thread_blocked, id=24760, stack(0x000000b61b100000,0x000000b61b200000) (1024K)]
  0x0000020e2e8ed550 JavaThread "Cache worker for Build Output Cleanup Cache (C:\Users\perez\Downloads\Movil_chicamocha\MobileApp_UsoChicamocha\.gradle\buildOutputCleanup)"        [_thread_blocked, id=11144, stack(0x000000b61b200000,0x000000b61b300000) (1024K)]
  0x0000020e2e8ea0d0 JavaThread "Cache worker for checksums cache (C:\Users\perez\Downloads\Movil_chicamocha\MobileApp_UsoChicamocha\.gradle\8.13\checksums)"        [_thread_blocked, id=21300, stack(0x000000b61b700000,0x000000b61b800000) (1024K)]
  0x0000020e2e8eadf0 JavaThread "Cache worker for cache directory md-supplier (C:\Users\perez\AndroidStudioProjects\MyApplication\caches\8.13\md-supplier)"        [_thread_blocked, id=16488, stack(0x000000b61b800000,0x000000b61b900000) (1024K)]
  0x0000020e2e8eb480 JavaThread "Cache worker for cache directory md-rule (C:\Users\perez\AndroidStudioProjects\MyApplication\caches\8.13\md-rule)"        [_thread_blocked, id=21672, stack(0x000000b61b900000,0x000000b61ba00000) (1024K)]
Total: 39

Other Threads:
  0x0000020e1c71ec00 VMThread "VM Thread"                           [id=24708, stack(0x000000b619700000,0x000000b619800000) (1024K)]
  0x0000020e1c6bc9d0 WatcherThread "VM Periodic Task Thread"        [id=13460, stack(0x000000b619600000,0x000000b619700000) (1024K)]
  0x0000020e053b3620 WorkerThread "GC Thread#0"                     [id=15480, stack(0x000000b619100000,0x000000b619200000) (1024K)]
  0x0000020e212c7380 WorkerThread "GC Thread#1"                     [id=22388, stack(0x000000b61a300000,0x000000b61a400000) (1024K)]
  0x0000020e212cb320 WorkerThread "GC Thread#2"                     [id=1784, stack(0x000000b61a400000,0x000000b61a500000) (1024K)]
  0x0000020e221360e0 WorkerThread "GC Thread#3"                     [id=17096, stack(0x000000b61a500000,0x000000b61a600000) (1024K)]
  0x0000020e22053eb0 WorkerThread "GC Thread#4"                     [id=28152, stack(0x000000b61a600000,0x000000b61a700000) (1024K)]
  0x0000020e23190e10 WorkerThread "GC Thread#5"                     [id=14440, stack(0x000000b61a700000,0x000000b61a800000) (1024K)]
  0x0000020e231929d0 WorkerThread "GC Thread#6"                     [id=22032, stack(0x000000b61a800000,0x000000b61a900000) (1024K)]
  0x0000020e23193fe0 WorkerThread "GC Thread#7"                     [id=26348, stack(0x000000b61a900000,0x000000b61aa00000) (1024K)]
  0x0000020e053c5350 ConcurrentGCThread "G1 Main Marker"            [id=812, stack(0x000000b619200000,0x000000b619300000) (1024K)]
  0x0000020e053c5d60 WorkerThread "G1 Conc#0"                       [id=26888, stack(0x000000b619300000,0x000000b619400000) (1024K)]
  0x0000020e23192dc0 WorkerThread "G1 Conc#1"                       [id=18084, stack(0x000000b61b300000,0x000000b61b400000) (1024K)]
  0x0000020e0541e060 ConcurrentGCThread "G1 Refine#0"               [id=25380, stack(0x000000b619400000,0x000000b619500000) (1024K)]
  0x0000020e0541e980 ConcurrentGCThread "G1 Service"                [id=11636, stack(0x000000b619500000,0x000000b619600000) (1024K)]
Total: 15

Threads with active compile tasks:
C2 CompilerThread0  1007676 28404   !   4       java.io.ObjectInputStream::readSerialData (474 bytes)
Total: 1

VM state: not at safepoint (normal execution)

VM Mutex/Monitor currently owned by a thread: None

Heap address: 0x0000000080000000, size: 2048 MB, Compressed Oops mode: 32-bit

CDS archive(s) not mapped
Compressed class space mapped at: 0x0000000100000000-0x0000000140000000, reserved size: 1073741824
Narrow klass base: 0x0000000000000000, Narrow klass shift: 3, Narrow klass range: 0x140000000

GC Precious Log:
 CardTable entry size: 512
 Card Set container configuration: InlinePtr #cards 5 size 8 Array Of Cards #cards 12 size 40 Howl #buckets 4 coarsen threshold 1843 Howl Bitmap #cards 512 size 80 coarsen threshold 460 Card regions per heap region 1 cards per card region 2048
 CPUs: 8 total, 8 available
 Memory: 7502M
 Large Page Support: Disabled
 NUMA Support: Disabled
 Compressed Oops: Enabled (32-bit)
 Heap Region Size: 1M
 Heap Min Capacity: 8M
 Heap Initial Capacity: 118M
 Heap Max Capacity: 2G
 Pre-touch: Disabled
 Parallel Workers: 8
 Concurrent Workers: 2
 Concurrent Refinement Workers: 8
 Periodic GC: Disabled

Heap:
 garbage-first heap   total 429056K, used 400365K [0x0000000080000000, 0x0000000100000000)
  region size 1024K, 130 young (133120K), 8 survivors (8192K)
 Metaspace       used 193817K, committed 196480K, reserved 1245184K
  class space    used 26007K, committed 27328K, reserved 1048576K

Heap Regions: E=young(eden), S=young(survivor), O=old, HS=humongous(starts), HC=humongous(continues), CS=collection set, F=free, TAMS=top-at-mark-start, PB=parsable bottom
|   0|0x0000000080000000, 0x0000000080100000, 0x0000000080100000|100%|HS|  |TAMS 0x0000000080000000| PB 0x0000000080000000| Complete 
|   1|0x0000000080100000, 0x0000000080200000, 0x0000000080200000|100%|HC|  |TAMS 0x0000000080100000| PB 0x0000000080100000| Complete 
|   2|0x0000000080200000, 0x0000000080300000, 0x0000000080300000|100%|HC|  |TAMS 0x0000000080200000| PB 0x0000000080200000| Complete 
|   3|0x0000000080300000, 0x0000000080400000, 0x0000000080400000|100%| O|  |TAMS 0x0000000080300000| PB 0x0000000080300000| Untracked 
|   4|0x0000000080400000, 0x0000000080500000, 0x0000000080500000|100%| O|  |TAMS 0x0000000080400000| PB 0x0000000080400000| Untracked 
|   5|0x0000000080500000, 0x0000000080600000, 0x0000000080600000|100%| O|  |TAMS 0x0000000080500000| PB 0x0000000080500000| Untracked 
|   6|0x0000000080600000, 0x0000000080700000, 0x0000000080700000|100%|HS|  |TAMS 0x0000000080600000| PB 0x0000000080600000| Complete 
|   7|0x0000000080700000, 0x0000000080800000, 0x0000000080800000|100%| O|  |TAMS 0x0000000080700000| PB 0x0000000080700000| Untracked 
|   8|0x0000000080800000, 0x0000000080900000, 0x0000000080900000|100%| O|  |TAMS 0x0000000080800000| PB 0x0000000080800000| Untracked 
|   9|0x0000000080900000, 0x0000000080a00000, 0x0000000080a00000|100%| O|  |TAMS 0x0000000080900000| PB 0x0000000080900000| Untracked 
|  10|0x0000000080a00000, 0x0000000080b00000, 0x0000000080b00000|100%| O|  |TAMS 0x0000000080a00000| PB 0x0000000080a00000| Untracked 
|  11|0x0000000080b00000, 0x0000000080c00000, 0x0000000080c00000|100%| O|  |TAMS 0x0000000080b00000| PB 0x0000000080b00000| Untracked 
|  12|0x0000000080c00000, 0x0000000080d00000, 0x0000000080d00000|100%| O|  |TAMS 0x0000000080c00000| PB 0x0000000080c00000| Untracked 
|  13|0x0000000080d00000, 0x0000000080e00000, 0x0000000080e00000|100%| O|  |TAMS 0x0000000080d00000| PB 0x0000000080d00000| Untracked 
|  14|0x0000000080e00000, 0x0000000080f00000, 0x0000000080f00000|100%| O|  |TAMS 0x0000000080e00000| PB 0x0000000080e00000| Untracked 
|  15|0x0000000080f00000, 0x0000000081000000, 0x0000000081000000|100%| O|  |TAMS 0x0000000080f00000| PB 0x0000000080f00000| Untracked 
|  16|0x0000000081000000, 0x0000000081100000, 0x0000000081100000|100%| O|  |TAMS 0x0000000081000000| PB 0x0000000081000000| Untracked 
|  17|0x0000000081100000, 0x0000000081200000, 0x0000000081200000|100%| O|  |TAMS 0x0000000081100000| PB 0x0000000081100000| Untracked 
|  18|0x0000000081200000, 0x0000000081300000, 0x0000000081300000|100%| O|  |TAMS 0x0000000081200000| PB 0x0000000081200000| Untracked 
|  19|0x0000000081300000, 0x0000000081400000, 0x0000000081400000|100%| O|  |TAMS 0x0000000081300000| PB 0x0000000081300000| Untracked 
|  20|0x0000000081400000, 0x0000000081500000, 0x0000000081500000|100%| O|  |TAMS 0x0000000081400000| PB 0x0000000081400000| Untracked 
|  21|0x0000000081500000, 0x0000000081600000, 0x0000000081600000|100%| O|  |TAMS 0x0000000081500000| PB 0x0000000081500000| Untracked 
|  22|0x0000000081600000, 0x0000000081700000, 0x0000000081700000|100%| O|  |TAMS 0x0000000081600000| PB 0x0000000081600000| Untracked 
|  23|0x0000000081700000, 0x0000000081800000, 0x0000000081800000|100%| O|  |TAMS 0x0000000081700000| PB 0x0000000081700000| Untracked 
|  24|0x0000000081800000, 0x0000000081900000, 0x0000000081900000|100%| O|  |TAMS 0x0000000081800000| PB 0x0000000081800000| Untracked 
|  25|0x0000000081900000, 0x0000000081a00000, 0x0000000081a00000|100%| O|  |TAMS 0x0000000081900000| PB 0x0000000081900000| Untracked 
|  26|0x0000000081a00000, 0x0000000081b00000, 0x0000000081b00000|100%|HS|  |TAMS 0x0000000081a00000| PB 0x0000000081a00000| Complete 
|  27|0x0000000081b00000, 0x0000000081c00000, 0x0000000081c00000|100%| O|  |TAMS 0x0000000081b00000| PB 0x0000000081b00000| Untracked 
|  28|0x0000000081c00000, 0x0000000081d00000, 0x0000000081d00000|100%| O|  |TAMS 0x0000000081c00000| PB 0x0000000081c00000| Untracked 
|  29|0x0000000081d00000, 0x0000000081e00000, 0x0000000081e00000|100%| O|  |TAMS 0x0000000081d00000| PB 0x0000000081d00000| Untracked 
|  30|0x0000000081e00000, 0x0000000081f00000, 0x0000000081f00000|100%| O|  |TAMS 0x0000000081e00000| PB 0x0000000081e00000| Untracked 
|  31|0x0000000081f00000, 0x0000000082000000, 0x0000000082000000|100%| O|  |TAMS 0x0000000081f00000| PB 0x0000000081f00000| Untracked 
|  32|0x0000000082000000, 0x0000000082100000, 0x0000000082100000|100%| O|  |TAMS 0x0000000082000000| PB 0x0000000082000000| Untracked 
|  33|0x0000000082100000, 0x0000000082200000, 0x0000000082200000|100%| O|  |TAMS 0x0000000082100000| PB 0x0000000082100000| Untracked 
|  34|0x0000000082200000, 0x0000000082300000, 0x0000000082300000|100%| O|  |TAMS 0x0000000082200000| PB 0x0000000082200000| Untracked 
|  35|0x0000000082300000, 0x0000000082400000, 0x0000000082400000|100%| O|  |TAMS 0x0000000082300000| PB 0x0000000082300000| Untracked 
|  36|0x0000000082400000, 0x0000000082500000, 0x0000000082500000|100%| O|  |TAMS 0x0000000082400000| PB 0x0000000082400000| Untracked 
|  37|0x0000000082500000, 0x0000000082600000, 0x0000000082600000|100%| O|  |TAMS 0x0000000082500000| PB 0x0000000082500000| Untracked 
|  38|0x0000000082600000, 0x0000000082700000, 0x0000000082700000|100%| O|  |TAMS 0x0000000082600000| PB 0x0000000082600000| Untracked 
|  39|0x0000000082700000, 0x0000000082800000, 0x0000000082800000|100%| O|  |TAMS 0x0000000082700000| PB 0x0000000082700000| Untracked 
|  40|0x0000000082800000, 0x0000000082900000, 0x0000000082900000|100%| O|  |TAMS 0x0000000082800000| PB 0x0000000082800000| Untracked 
|  41|0x0000000082900000, 0x0000000082a00000, 0x0000000082a00000|100%| O|  |TAMS 0x0000000082900000| PB 0x0000000082900000| Untracked 
|  42|0x0000000082a00000, 0x0000000082b00000, 0x0000000082b00000|100%| O|  |TAMS 0x0000000082a00000| PB 0x0000000082a00000| Untracked 
|  43|0x0000000082b00000, 0x0000000082c00000, 0x0000000082c00000|100%| O|  |TAMS 0x0000000082b00000| PB 0x0000000082b00000| Untracked 
|  44|0x0000000082c00000, 0x0000000082d00000, 0x0000000082d00000|100%| O|  |TAMS 0x0000000082c00000| PB 0x0000000082c00000| Untracked 
|  45|0x0000000082d00000, 0x0000000082e00000, 0x0000000082e00000|100%| O|  |TAMS 0x0000000082d00000| PB 0x0000000082d00000| Untracked 
|  46|0x0000000082e00000, 0x0000000082f00000, 0x0000000082f00000|100%| O|  |TAMS 0x0000000082e00000| PB 0x0000000082e00000| Untracked 
|  47|0x0000000082f00000, 0x0000000083000000, 0x0000000083000000|100%| O|  |TAMS 0x0000000082f00000| PB 0x0000000082f00000| Untracked 
|  48|0x0000000083000000, 0x0000000083100000, 0x0000000083100000|100%| O|  |TAMS 0x0000000083000000| PB 0x0000000083000000| Untracked 
|  49|0x0000000083100000, 0x0000000083200000, 0x0000000083200000|100%| O|  |TAMS 0x0000000083100000| PB 0x0000000083100000| Untracked 
|  50|0x0000000083200000, 0x0000000083300000, 0x0000000083300000|100%| O|  |TAMS 0x0000000083200000| PB 0x0000000083200000| Untracked 
|  51|0x0000000083300000, 0x0000000083400000, 0x0000000083400000|100%|HS|  |TAMS 0x0000000083300000| PB 0x0000000083300000| Complete 
|  52|0x0000000083400000, 0x0000000083500000, 0x0000000083500000|100%|HS|  |TAMS 0x0000000083400000| PB 0x0000000083400000| Complete 
|  53|0x0000000083500000, 0x0000000083600000, 0x0000000083600000|100%|HC|  |TAMS 0x0000000083500000| PB 0x0000000083500000| Complete 
|  54|0x0000000083600000, 0x0000000083700000, 0x0000000083700000|100%|HS|  |TAMS 0x0000000083600000| PB 0x0000000083600000| Complete 
|  55|0x0000000083700000, 0x0000000083800000, 0x0000000083800000|100%| O|  |TAMS 0x0000000083700000| PB 0x0000000083700000| Untracked 
|  56|0x0000000083800000, 0x0000000083900000, 0x0000000083900000|100%|HS|  |TAMS 0x0000000083800000| PB 0x0000000083800000| Complete 
|  57|0x0000000083900000, 0x0000000083a00000, 0x0000000083a00000|100%|HC|  |TAMS 0x0000000083900000| PB 0x0000000083900000| Complete 
|  58|0x0000000083a00000, 0x0000000083b00000, 0x0000000083b00000|100%|HS|  |TAMS 0x0000000083a00000| PB 0x0000000083a00000| Complete 
|  59|0x0000000083b00000, 0x0000000083c00000, 0x0000000083c00000|100%| O|  |TAMS 0x0000000083b00000| PB 0x0000000083b00000| Untracked 
|  60|0x0000000083c00000, 0x0000000083d00000, 0x0000000083d00000|100%| O|  |TAMS 0x0000000083c00000| PB 0x0000000083c00000| Untracked 
|  61|0x0000000083d00000, 0x0000000083e00000, 0x0000000083e00000|100%|HS|  |TAMS 0x0000000083d00000| PB 0x0000000083d00000| Complete 
|  62|0x0000000083e00000, 0x0000000083f00000, 0x0000000083f00000|100%|HC|  |TAMS 0x0000000083e00000| PB 0x0000000083e00000| Complete 
|  63|0x0000000083f00000, 0x0000000084000000, 0x0000000084000000|100%|HC|  |TAMS 0x0000000083f00000| PB 0x0000000083f00000| Complete 
|  64|0x0000000084000000, 0x0000000084100000, 0x0000000084100000|100%|HS|  |TAMS 0x0000000084000000| PB 0x0000000084000000| Complete 
|  65|0x0000000084100000, 0x0000000084200000, 0x0000000084200000|100%| O|  |TAMS 0x0000000084100000| PB 0x0000000084100000| Untracked 
|  66|0x0000000084200000, 0x0000000084300000, 0x0000000084300000|100%|HS|  |TAMS 0x0000000084200000| PB 0x0000000084200000| Complete 
|  67|0x0000000084300000, 0x0000000084400000, 0x0000000084400000|100%| O|  |TAMS 0x0000000084300000| PB 0x0000000084300000| Untracked 
|  68|0x0000000084400000, 0x0000000084500000, 0x0000000084500000|100%| O|  |TAMS 0x0000000084400000| PB 0x0000000084400000| Untracked 
|  69|0x0000000084500000, 0x0000000084600000, 0x0000000084600000|100%| O|  |TAMS 0x0000000084500000| PB 0x0000000084500000| Untracked 
|  70|0x0000000084600000, 0x0000000084700000, 0x0000000084700000|100%|HS|  |TAMS 0x0000000084600000| PB 0x0000000084600000| Complete 
|  71|0x0000000084700000, 0x0000000084800000, 0x0000000084800000|100%| O|  |TAMS 0x0000000084700000| PB 0x0000000084700000| Untracked 
|  72|0x0000000084800000, 0x0000000084900000, 0x0000000084900000|100%| O|  |TAMS 0x0000000084800000| PB 0x0000000084800000| Untracked 
|  73|0x0000000084900000, 0x0000000084a00000, 0x0000000084a00000|100%| O|  |TAMS 0x0000000084900000| PB 0x0000000084900000| Untracked 
|  74|0x0000000084a00000, 0x0000000084b00000, 0x0000000084b00000|100%| O|  |TAMS 0x0000000084a00000| PB 0x0000000084a00000| Untracked 
|  75|0x0000000084b00000, 0x0000000084c00000, 0x0000000084c00000|100%|HS|  |TAMS 0x0000000084b00000| PB 0x0000000084b00000| Complete 
|  76|0x0000000084c00000, 0x0000000084d00000, 0x0000000084d00000|100%|HC|  |TAMS 0x0000000084c00000| PB 0x0000000084c00000| Complete 
|  77|0x0000000084d00000, 0x0000000084e00000, 0x0000000084e00000|100%|HC|  |TAMS 0x0000000084d00000| PB 0x0000000084d00000| Complete 
|  78|0x0000000084e00000, 0x0000000084f00000, 0x0000000084f00000|100%| O|  |TAMS 0x0000000084e00000| PB 0x0000000084e00000| Untracked 
|  79|0x0000000084f00000, 0x0000000085000000, 0x0000000085000000|100%| O|  |TAMS 0x0000000084f00000| PB 0x0000000084f00000| Untracked 
|  80|0x0000000085000000, 0x0000000085100000, 0x0000000085100000|100%| O|  |TAMS 0x0000000085000000| PB 0x0000000085000000| Untracked 
|  81|0x0000000085100000, 0x0000000085200000, 0x0000000085200000|100%| O|  |TAMS 0x0000000085100000| PB 0x0000000085100000| Untracked 
|  82|0x0000000085200000, 0x0000000085300000, 0x0000000085300000|100%| O|  |TAMS 0x0000000085200000| PB 0x0000000085200000| Untracked 
|  83|0x0000000085300000, 0x0000000085400000, 0x0000000085400000|100%| O|  |TAMS 0x0000000085300000| PB 0x0000000085300000| Untracked 
|  84|0x0000000085400000, 0x0000000085500000, 0x0000000085500000|100%| O|  |TAMS 0x0000000085400000| PB 0x0000000085400000| Untracked 
|  85|0x0000000085500000, 0x0000000085600000, 0x0000000085600000|100%| O|  |TAMS 0x0000000085500000| PB 0x0000000085500000| Untracked 
|  86|0x0000000085600000, 0x0000000085700000, 0x0000000085700000|100%| O|  |TAMS 0x0000000085600000| PB 0x0000000085600000| Untracked 
|  87|0x0000000085700000, 0x0000000085800000, 0x0000000085800000|100%| O|  |TAMS 0x0000000085700000| PB 0x0000000085700000| Untracked 
|  88|0x0000000085800000, 0x0000000085900000, 0x0000000085900000|100%| O|  |TAMS 0x0000000085800000| PB 0x0000000085800000| Untracked 
|  89|0x0000000085900000, 0x0000000085a00000, 0x0000000085a00000|100%| O|  |TAMS 0x0000000085900000| PB 0x0000000085900000| Untracked 
|  90|0x0000000085a00000, 0x0000000085b00000, 0x0000000085b00000|100%| O|  |TAMS 0x0000000085a00000| PB 0x0000000085a00000| Untracked 
|  91|0x0000000085b00000, 0x0000000085c00000, 0x0000000085c00000|100%| O|  |TAMS 0x0000000085b00000| PB 0x0000000085b00000| Untracked 
|  92|0x0000000085c00000, 0x0000000085d00000, 0x0000000085d00000|100%| O|  |TAMS 0x0000000085c00000| PB 0x0000000085c00000| Untracked 
|  93|0x0000000085d00000, 0x0000000085e00000, 0x0000000085e00000|100%| O|  |TAMS 0x0000000085d00000| PB 0x0000000085d00000| Untracked 
|  94|0x0000000085e00000, 0x0000000085f00000, 0x0000000085f00000|100%| O|  |TAMS 0x0000000085e00000| PB 0x0000000085e00000| Untracked 
|  95|0x0000000085f00000, 0x0000000086000000, 0x0000000086000000|100%| O|  |TAMS 0x0000000085f00000| PB 0x0000000085f00000| Untracked 
|  96|0x0000000086000000, 0x0000000086100000, 0x0000000086100000|100%| O|  |TAMS 0x0000000086000000| PB 0x0000000086000000| Untracked 
|  97|0x0000000086100000, 0x0000000086200000, 0x0000000086200000|100%| O|  |TAMS 0x0000000086100000| PB 0x0000000086100000| Untracked 
|  98|0x0000000086200000, 0x0000000086300000, 0x0000000086300000|100%| O|  |TAMS 0x0000000086200000| PB 0x0000000086200000| Untracked 
|  99|0x0000000086300000, 0x0000000086400000, 0x0000000086400000|100%| O|  |TAMS 0x0000000086300000| PB 0x0000000086300000| Untracked 
| 100|0x0000000086400000, 0x0000000086500000, 0x0000000086500000|100%| O|  |TAMS 0x0000000086400000| PB 0x0000000086400000| Untracked 
| 101|0x0000000086500000, 0x0000000086600000, 0x0000000086600000|100%| O|  |TAMS 0x0000000086500000| PB 0x0000000086500000| Untracked 
| 102|0x0000000086600000, 0x0000000086700000, 0x0000000086700000|100%| O|  |TAMS 0x0000000086600000| PB 0x0000000086600000| Untracked 
| 103|0x0000000086700000, 0x0000000086800000, 0x0000000086800000|100%| O|  |TAMS 0x0000000086700000| PB 0x0000000086700000| Untracked 
| 104|0x0000000086800000, 0x0000000086900000, 0x0000000086900000|100%| O|  |TAMS 0x0000000086800000| PB 0x0000000086800000| Untracked 
| 105|0x0000000086900000, 0x0000000086a00000, 0x0000000086a00000|100%| O|  |TAMS 0x0000000086900000| PB 0x0000000086900000| Untracked 
| 106|0x0000000086a00000, 0x0000000086b00000, 0x0000000086b00000|100%| O|  |TAMS 0x0000000086a00000| PB 0x0000000086a00000| Untracked 
| 107|0x0000000086b00000, 0x0000000086c00000, 0x0000000086c00000|100%| O|  |TAMS 0x0000000086b00000| PB 0x0000000086b00000| Untracked 
| 108|0x0000000086c00000, 0x0000000086d00000, 0x0000000086d00000|100%| O|  |TAMS 0x0000000086c00000| PB 0x0000000086c00000| Untracked 
| 109|0x0000000086d00000, 0x0000000086e00000, 0x0000000086e00000|100%| O|  |TAMS 0x0000000086d00000| PB 0x0000000086d00000| Untracked 
| 110|0x0000000086e00000, 0x0000000086f00000, 0x0000000086f00000|100%| O|  |TAMS 0x0000000086e00000| PB 0x0000000086e00000| Untracked 
| 111|0x0000000086f00000, 0x0000000087000000, 0x0000000087000000|100%| O|  |TAMS 0x0000000086f00000| PB 0x0000000086f00000| Untracked 
| 112|0x0000000087000000, 0x0000000087100000, 0x0000000087100000|100%|HS|  |TAMS 0x0000000087000000| PB 0x0000000087000000| Complete 
| 113|0x0000000087100000, 0x0000000087200000, 0x0000000087200000|100%|HC|  |TAMS 0x0000000087100000| PB 0x0000000087100000| Complete 
| 114|0x0000000087200000, 0x0000000087300000, 0x0000000087300000|100%| O|  |TAMS 0x0000000087200000| PB 0x0000000087200000| Untracked 
| 115|0x0000000087300000, 0x0000000087400000, 0x0000000087400000|100%| O|  |TAMS 0x0000000087300000| PB 0x0000000087300000| Untracked 
| 116|0x0000000087400000, 0x0000000087500000, 0x0000000087500000|100%| O|  |TAMS 0x0000000087400000| PB 0x0000000087400000| Untracked 
| 117|0x0000000087500000, 0x0000000087600000, 0x0000000087600000|100%| O|  |TAMS 0x0000000087500000| PB 0x0000000087500000| Untracked 
| 118|0x0000000087600000, 0x0000000087700000, 0x0000000087700000|100%| O|  |TAMS 0x0000000087600000| PB 0x0000000087600000| Untracked 
| 119|0x0000000087700000, 0x0000000087800000, 0x0000000087800000|100%| O|  |TAMS 0x0000000087700000| PB 0x0000000087700000| Untracked 
| 120|0x0000000087800000, 0x0000000087900000, 0x0000000087900000|100%| O|  |TAMS 0x0000000087800000| PB 0x0000000087800000| Untracked 
| 121|0x0000000087900000, 0x0000000087a00000, 0x0000000087a00000|100%| O|  |TAMS 0x0000000087900000| PB 0x0000000087900000| Untracked 
| 122|0x0000000087a00000, 0x0000000087b00000, 0x0000000087b00000|100%| O|  |TAMS 0x0000000087a00000| PB 0x0000000087a00000| Untracked 
| 123|0x0000000087b00000, 0x0000000087c00000, 0x0000000087c00000|100%| O|  |TAMS 0x0000000087b00000| PB 0x0000000087b00000| Untracked 
| 124|0x0000000087c00000, 0x0000000087d00000, 0x0000000087d00000|100%| O|  |TAMS 0x0000000087c00000| PB 0x0000000087c00000| Untracked 
| 125|0x0000000087d00000, 0x0000000087e00000, 0x0000000087e00000|100%| O|Cm|TAMS 0x0000000087d00000| PB 0x0000000087d00000| Complete 
| 126|0x0000000087e00000, 0x0000000087f00000, 0x0000000087f00000|100%| O|  |TAMS 0x0000000087e00000| PB 0x0000000087e00000| Untracked 
| 127|0x0000000087f00000, 0x0000000088000000, 0x0000000088000000|100%|HS|  |TAMS 0x0000000087f00000| PB 0x0000000087f00000| Complete 
| 128|0x0000000088000000, 0x0000000088100000, 0x0000000088100000|100%| O|  |TAMS 0x0000000088000000| PB 0x0000000088000000| Untracked 
| 129|0x0000000088100000, 0x0000000088200000, 0x0000000088200000|100%| O|  |TAMS 0x0000000088100000| PB 0x0000000088100000| Untracked 
| 130|0x0000000088200000, 0x0000000088300000, 0x0000000088300000|100%| O|  |TAMS 0x0000000088200000| PB 0x0000000088200000| Untracked 
| 131|0x0000000088300000, 0x0000000088400000, 0x0000000088400000|100%| O|Cm|TAMS 0x0000000088300000| PB 0x0000000088300000| Complete 
| 132|0x0000000088400000, 0x0000000088500000, 0x0000000088500000|100%|HS|  |TAMS 0x0000000088400000| PB 0x0000000088400000| Complete 
| 133|0x0000000088500000, 0x0000000088600000, 0x0000000088600000|100%|HC|  |TAMS 0x0000000088500000| PB 0x0000000088500000| Complete 
| 134|0x0000000088600000, 0x0000000088700000, 0x0000000088700000|100%| O|  |TAMS 0x0000000088600000| PB 0x0000000088600000| Untracked 
| 135|0x0000000088700000, 0x0000000088800000, 0x0000000088800000|100%| O|  |TAMS 0x0000000088700000| PB 0x0000000088700000| Untracked 
| 136|0x0000000088800000, 0x0000000088900000, 0x0000000088900000|100%|HS|  |TAMS 0x0000000088800000| PB 0x0000000088800000| Complete 
| 137|0x0000000088900000, 0x0000000088a00000, 0x0000000088a00000|100%|HC|  |TAMS 0x0000000088900000| PB 0x0000000088900000| Complete 
| 138|0x0000000088a00000, 0x0000000088b00000, 0x0000000088b00000|100%| O|  |TAMS 0x0000000088a00000| PB 0x0000000088a00000| Untracked 
| 139|0x0000000088b00000, 0x0000000088c00000, 0x0000000088c00000|100%| O|Cm|TAMS 0x0000000088b00000| PB 0x0000000088b00000| Complete 
| 140|0x0000000088c00000, 0x0000000088d00000, 0x0000000088d00000|100%| O|  |TAMS 0x0000000088c00000| PB 0x0000000088c00000| Untracked 
| 141|0x0000000088d00000, 0x0000000088e00000, 0x0000000088e00000|100%| O|Cm|TAMS 0x0000000088d00000| PB 0x0000000088d00000| Complete 
| 142|0x0000000088e00000, 0x0000000088f00000, 0x0000000088f00000|100%| O|  |TAMS 0x0000000088e00000| PB 0x0000000088e00000| Untracked 
| 143|0x0000000088f00000, 0x0000000089000000, 0x0000000089000000|100%| O|  |TAMS 0x0000000088f00000| PB 0x0000000088f00000| Untracked 
| 144|0x0000000089000000, 0x0000000089100000, 0x0000000089100000|100%| O|  |TAMS 0x0000000089000000| PB 0x0000000089000000| Untracked 
| 145|0x0000000089100000, 0x0000000089200000, 0x0000000089200000|100%| O|  |TAMS 0x0000000089100000| PB 0x0000000089100000| Untracked 
| 146|0x0000000089200000, 0x0000000089300000, 0x0000000089300000|100%| O|  |TAMS 0x0000000089200000| PB 0x0000000089200000| Untracked 
| 147|0x0000000089300000, 0x0000000089400000, 0x0000000089400000|100%| O|Cm|TAMS 0x0000000089300000| PB 0x0000000089300000| Complete 
| 148|0x0000000089400000, 0x0000000089500000, 0x0000000089500000|100%| O|  |TAMS 0x0000000089400000| PB 0x0000000089400000| Untracked 
| 149|0x0000000089500000, 0x0000000089600000, 0x0000000089600000|100%| O|  |TAMS 0x0000000089500000| PB 0x0000000089500000| Untracked 
| 150|0x0000000089600000, 0x0000000089700000, 0x0000000089700000|100%| O|  |TAMS 0x0000000089600000| PB 0x0000000089600000| Untracked 
| 151|0x0000000089700000, 0x0000000089800000, 0x0000000089800000|100%| O|  |TAMS 0x0000000089700000| PB 0x0000000089700000| Untracked 
| 152|0x0000000089800000, 0x0000000089900000, 0x0000000089900000|100%| O|  |TAMS 0x0000000089800000| PB 0x0000000089800000| Untracked 
| 153|0x0000000089900000, 0x0000000089a00000, 0x0000000089a00000|100%| O|Cm|TAMS 0x0000000089900000| PB 0x0000000089900000| Complete 
| 154|0x0000000089a00000, 0x0000000089b00000, 0x0000000089b00000|100%| O|  |TAMS 0x0000000089a00000| PB 0x0000000089a00000| Untracked 
| 155|0x0000000089b00000, 0x0000000089c00000, 0x0000000089c00000|100%| O|  |TAMS 0x0000000089b00000| PB 0x0000000089b00000| Untracked 
| 156|0x0000000089c00000, 0x0000000089d00000, 0x0000000089d00000|100%| O|  |TAMS 0x0000000089c00000| PB 0x0000000089c00000| Untracked 
| 157|0x0000000089d00000, 0x0000000089e00000, 0x0000000089e00000|100%| O|  |TAMS 0x0000000089d00000| PB 0x0000000089d00000| Untracked 
| 158|0x0000000089e00000, 0x0000000089f00000, 0x0000000089f00000|100%| O|  |TAMS 0x0000000089e00000| PB 0x0000000089e00000| Untracked 
| 159|0x0000000089f00000, 0x000000008a000000, 0x000000008a000000|100%| O|  |TAMS 0x0000000089f00000| PB 0x0000000089f00000| Untracked 
| 160|0x000000008a000000, 0x000000008a100000, 0x000000008a100000|100%| O|  |TAMS 0x000000008a000000| PB 0x000000008a000000| Untracked 
| 161|0x000000008a100000, 0x000000008a200000, 0x000000008a200000|100%| O|  |TAMS 0x000000008a100000| PB 0x000000008a100000| Untracked 
| 162|0x000000008a200000, 0x000000008a300000, 0x000000008a300000|100%| O|  |TAMS 0x000000008a200000| PB 0x000000008a200000| Untracked 
| 163|0x000000008a300000, 0x000000008a400000, 0x000000008a400000|100%| O|  |TAMS 0x000000008a300000| PB 0x000000008a300000| Untracked 
| 164|0x000000008a400000, 0x000000008a500000, 0x000000008a500000|100%| O|  |TAMS 0x000000008a400000| PB 0x000000008a400000| Untracked 
| 165|0x000000008a500000, 0x000000008a600000, 0x000000008a600000|100%| O|  |TAMS 0x000000008a500000| PB 0x000000008a500000| Untracked 
| 166|0x000000008a600000, 0x000000008a700000, 0x000000008a700000|100%| O|  |TAMS 0x000000008a600000| PB 0x000000008a600000| Untracked 
| 167|0x000000008a700000, 0x000000008a800000, 0x000000008a800000|100%| O|  |TAMS 0x000000008a700000| PB 0x000000008a700000| Untracked 
| 168|0x000000008a800000, 0x000000008a900000, 0x000000008a900000|100%| O|  |TAMS 0x000000008a800000| PB 0x000000008a800000| Untracked 
| 169|0x000000008a900000, 0x000000008aa00000, 0x000000008aa00000|100%| O|  |TAMS 0x000000008a900000| PB 0x000000008a900000| Untracked 
| 170|0x000000008aa00000, 0x000000008ab00000, 0x000000008ab00000|100%| O|  |TAMS 0x000000008aa00000| PB 0x000000008aa00000| Untracked 
| 171|0x000000008ab00000, 0x000000008ac00000, 0x000000008ac00000|100%| O|  |TAMS 0x000000008ab00000| PB 0x000000008ab00000| Untracked 
| 172|0x000000008ac00000, 0x000000008ac4f3f0, 0x000000008ad00000| 30%| O|  |TAMS 0x000000008ac00000| PB 0x000000008ac00000| Untracked 
| 173|0x000000008ad00000, 0x000000008ae00000, 0x000000008ae00000|100%| O|  |TAMS 0x000000008ad00000| PB 0x000000008ad00000| Untracked 
| 174|0x000000008ae00000, 0x000000008af00000, 0x000000008af00000|100%| O|  |TAMS 0x000000008ae00000| PB 0x000000008ae00000| Untracked 
| 175|0x000000008af00000, 0x000000008b000000, 0x000000008b000000|100%| O|  |TAMS 0x000000008af00000| PB 0x000000008af00000| Untracked 
| 176|0x000000008b000000, 0x000000008b100000, 0x000000008b100000|100%| O|  |TAMS 0x000000008b000000| PB 0x000000008b000000| Untracked 
| 177|0x000000008b100000, 0x000000008b200000, 0x000000008b200000|100%| O|Cm|TAMS 0x000000008b100000| PB 0x000000008b100000| Complete 
| 178|0x000000008b200000, 0x000000008b300000, 0x000000008b300000|100%|HS|  |TAMS 0x000000008b200000| PB 0x000000008b200000| Complete 
| 179|0x000000008b300000, 0x000000008b400000, 0x000000008b400000|100%|HS|  |TAMS 0x000000008b300000| PB 0x000000008b300000| Complete 
| 180|0x000000008b400000, 0x000000008b500000, 0x000000008b500000|100%|HC|  |TAMS 0x000000008b400000| PB 0x000000008b400000| Complete 
| 181|0x000000008b500000, 0x000000008b600000, 0x000000008b600000|100%|HS|  |TAMS 0x000000008b500000| PB 0x000000008b500000| Complete 
| 182|0x000000008b600000, 0x000000008b700000, 0x000000008b700000|100%|HC|  |TAMS 0x000000008b600000| PB 0x000000008b600000| Complete 
| 183|0x000000008b700000, 0x000000008b700000, 0x000000008b800000|  0%| F|  |TAMS 0x000000008b700000| PB 0x000000008b700000| Untracked 
| 184|0x000000008b800000, 0x000000008b900000, 0x000000008b900000|100%| O|Cm|TAMS 0x000000008b800000| PB 0x000000008b800000| Complete 
| 185|0x000000008b900000, 0x000000008ba00000, 0x000000008ba00000|100%| O|  |TAMS 0x000000008b900000| PB 0x000000008b900000| Untracked 
| 186|0x000000008ba00000, 0x000000008bb00000, 0x000000008bb00000|100%| O|  |TAMS 0x000000008ba00000| PB 0x000000008ba00000| Untracked 
| 187|0x000000008bb00000, 0x000000008bc00000, 0x000000008bc00000|100%| O|Cm|TAMS 0x000000008bb00000| PB 0x000000008bb00000| Complete 
| 188|0x000000008bc00000, 0x000000008bd00000, 0x000000008bd00000|100%|HS|  |TAMS 0x000000008bc00000| PB 0x000000008bc00000| Complete 
| 189|0x000000008bd00000, 0x000000008be00000, 0x000000008be00000|100%|HC|  |TAMS 0x000000008bd00000| PB 0x000000008bd00000| Complete 
| 190|0x000000008be00000, 0x000000008bf00000, 0x000000008bf00000|100%|HS|  |TAMS 0x000000008be00000| PB 0x000000008be00000| Complete 
| 191|0x000000008bf00000, 0x000000008c000000, 0x000000008c000000|100%|HC|  |TAMS 0x000000008bf00000| PB 0x000000008bf00000| Complete 
| 192|0x000000008c000000, 0x000000008c100000, 0x000000008c100000|100%|HS|  |TAMS 0x000000008c000000| PB 0x000000008c000000| Complete 
| 193|0x000000008c100000, 0x000000008c200000, 0x000000008c200000|100%|HC|  |TAMS 0x000000008c100000| PB 0x000000008c100000| Complete 
| 194|0x000000008c200000, 0x000000008c300000, 0x000000008c300000|100%| O|  |TAMS 0x000000008c200000| PB 0x000000008c200000| Untracked 
| 195|0x000000008c300000, 0x000000008c400000, 0x000000008c400000|100%| O|  |TAMS 0x000000008c300000| PB 0x000000008c300000| Untracked 
| 196|0x000000008c400000, 0x000000008c500000, 0x000000008c500000|100%| O|Cm|TAMS 0x000000008c400000| PB 0x000000008c400000| Complete 
| 197|0x000000008c500000, 0x000000008c600000, 0x000000008c600000|100%| O|  |TAMS 0x000000008c500000| PB 0x000000008c500000| Untracked 
| 198|0x000000008c600000, 0x000000008c700000, 0x000000008c700000|100%| O|Cm|TAMS 0x000000008c600000| PB 0x000000008c600000| Complete 
| 199|0x000000008c700000, 0x000000008c800000, 0x000000008c800000|100%| O|Cm|TAMS 0x000000008c700000| PB 0x000000008c700000| Complete 
| 200|0x000000008c800000, 0x000000008c900000, 0x000000008c900000|100%| O|Cm|TAMS 0x000000008c800000| PB 0x000000008c800000| Complete 
| 201|0x000000008c900000, 0x000000008ca00000, 0x000000008ca00000|100%| O|  |TAMS 0x000000008c900000| PB 0x000000008c900000| Untracked 
| 202|0x000000008ca00000, 0x000000008cb00000, 0x000000008cb00000|100%|HS|  |TAMS 0x000000008ca00000| PB 0x000000008ca00000| Complete 
| 203|0x000000008cb00000, 0x000000008cc00000, 0x000000008cc00000|100%|HC|  |TAMS 0x000000008cb00000| PB 0x000000008cb00000| Complete 
| 204|0x000000008cc00000, 0x000000008cd00000, 0x000000008cd00000|100%|HS|  |TAMS 0x000000008cc00000| PB 0x000000008cc00000| Complete 
| 205|0x000000008cd00000, 0x000000008ce00000, 0x000000008ce00000|100%|HC|  |TAMS 0x000000008cd00000| PB 0x000000008cd00000| Complete 
| 206|0x000000008ce00000, 0x000000008cf00000, 0x000000008cf00000|100%|HS|  |TAMS 0x000000008ce00000| PB 0x000000008ce00000| Complete 
| 207|0x000000008cf00000, 0x000000008d000000, 0x000000008d000000|100%|HC|  |TAMS 0x000000008cf00000| PB 0x000000008cf00000| Complete 
| 208|0x000000008d000000, 0x000000008d100000, 0x000000008d100000|100%|HS|  |TAMS 0x000000008d000000| PB 0x000000008d000000| Complete 
| 209|0x000000008d100000, 0x000000008d200000, 0x000000008d200000|100%|HC|  |TAMS 0x000000008d100000| PB 0x000000008d100000| Complete 
| 210|0x000000008d200000, 0x000000008d300000, 0x000000008d300000|100%|HS|  |TAMS 0x000000008d200000| PB 0x000000008d200000| Complete 
| 211|0x000000008d300000, 0x000000008d400000, 0x000000008d400000|100%|HC|  |TAMS 0x000000008d300000| PB 0x000000008d300000| Complete 
| 212|0x000000008d400000, 0x000000008d500000, 0x000000008d500000|100%|HS|  |TAMS 0x000000008d400000| PB 0x000000008d400000| Complete 
| 213|0x000000008d500000, 0x000000008d600000, 0x000000008d600000|100%|HC|  |TAMS 0x000000008d500000| PB 0x000000008d500000| Complete 
| 214|0x000000008d600000, 0x000000008d600000, 0x000000008d700000|  0%| F|  |TAMS 0x000000008d600000| PB 0x000000008d600000| Untracked 
| 215|0x000000008d700000, 0x000000008d800000, 0x000000008d800000|100%| O|  |TAMS 0x000000008d700000| PB 0x000000008d700000| Untracked 
| 216|0x000000008d800000, 0x000000008d900000, 0x000000008d900000|100%| O|  |TAMS 0x000000008d800000| PB 0x000000008d800000| Untracked 
| 217|0x000000008d900000, 0x000000008da00000, 0x000000008da00000|100%| O|  |TAMS 0x000000008d900000| PB 0x000000008d900000| Untracked 
| 218|0x000000008da00000, 0x000000008db00000, 0x000000008db00000|100%| O|Cm|TAMS 0x000000008da00000| PB 0x000000008da00000| Complete 
| 219|0x000000008db00000, 0x000000008dc00000, 0x000000008dc00000|100%| O|Cm|TAMS 0x000000008db00000| PB 0x000000008db00000| Complete 
| 220|0x000000008dc00000, 0x000000008dd00000, 0x000000008dd00000|100%| O|Cm|TAMS 0x000000008dc00000| PB 0x000000008dc00000| Complete 
| 221|0x000000008dd00000, 0x000000008de00000, 0x000000008de00000|100%| O|Cm|TAMS 0x000000008dd00000| PB 0x000000008dd00000| Complete 
| 222|0x000000008de00000, 0x000000008df00000, 0x000000008df00000|100%| O|  |TAMS 0x000000008de00000| PB 0x000000008de00000| Untracked 
| 223|0x000000008df00000, 0x000000008e000000, 0x000000008e000000|100%| O|Cm|TAMS 0x000000008df00000| PB 0x000000008df00000| Complete 
| 224|0x000000008e000000, 0x000000008e100000, 0x000000008e100000|100%| O|Cm|TAMS 0x000000008e000000| PB 0x000000008e000000| Complete 
| 225|0x000000008e100000, 0x000000008e200000, 0x000000008e200000|100%| O|Cm|TAMS 0x000000008e100000| PB 0x000000008e100000| Complete 
| 226|0x000000008e200000, 0x000000008e300000, 0x000000008e300000|100%| O|Cm|TAMS 0x000000008e200000| PB 0x000000008e200000| Complete 
| 227|0x000000008e300000, 0x000000008e400000, 0x000000008e400000|100%| O|  |TAMS 0x000000008e300000| PB 0x000000008e300000| Untracked 
| 228|0x000000008e400000, 0x000000008e500000, 0x000000008e500000|100%| O|Cm|TAMS 0x000000008e400000| PB 0x000000008e400000| Complete 
| 229|0x000000008e500000, 0x000000008e600000, 0x000000008e600000|100%|HS|  |TAMS 0x000000008e500000| PB 0x000000008e500000| Complete 
| 230|0x000000008e600000, 0x000000008e700000, 0x000000008e700000|100%|HC|  |TAMS 0x000000008e600000| PB 0x000000008e600000| Complete 
| 231|0x000000008e700000, 0x000000008e800000, 0x000000008e800000|100%| O|Cm|TAMS 0x000000008e700000| PB 0x000000008e700000| Complete 
| 232|0x000000008e800000, 0x000000008e900000, 0x000000008e900000|100%|HS|  |TAMS 0x000000008e800000| PB 0x000000008e800000| Complete 
| 233|0x000000008e900000, 0x000000008ea00000, 0x000000008ea00000|100%|HC|  |TAMS 0x000000008e900000| PB 0x000000008e900000| Complete 
| 234|0x000000008ea00000, 0x000000008eb00000, 0x000000008eb00000|100%|HS|  |TAMS 0x000000008ea00000| PB 0x000000008ea00000| Complete 
| 235|0x000000008eb00000, 0x000000008ec00000, 0x000000008ec00000|100%|HC|  |TAMS 0x000000008eb00000| PB 0x000000008eb00000| Complete 
| 236|0x000000008ec00000, 0x000000008ed00000, 0x000000008ed00000|100%|HS|  |TAMS 0x000000008ec00000| PB 0x000000008ec00000| Complete 
| 237|0x000000008ed00000, 0x000000008ee00000, 0x000000008ee00000|100%|HC|  |TAMS 0x000000008ed00000| PB 0x000000008ed00000| Complete 
| 238|0x000000008ee00000, 0x000000008ef00000, 0x000000008ef00000|100%|HS|  |TAMS 0x000000008ee00000| PB 0x000000008ee00000| Complete 
| 239|0x000000008ef00000, 0x000000008f000000, 0x000000008f000000|100%|HC|  |TAMS 0x000000008ef00000| PB 0x000000008ef00000| Complete 
| 240|0x000000008f000000, 0x000000008f100000, 0x000000008f100000|100%|HS|  |TAMS 0x000000008f000000| PB 0x000000008f000000| Complete 
| 241|0x000000008f100000, 0x000000008f200000, 0x000000008f200000|100%|HC|  |TAMS 0x000000008f100000| PB 0x000000008f100000| Complete 
| 242|0x000000008f200000, 0x000000008f300000, 0x000000008f300000|100%|HS|  |TAMS 0x000000008f200000| PB 0x000000008f200000| Complete 
| 243|0x000000008f300000, 0x000000008f400000, 0x000000008f400000|100%|HC|  |TAMS 0x000000008f300000| PB 0x000000008f300000| Complete 
| 244|0x000000008f400000, 0x000000008f500000, 0x000000008f500000|100%|HS|  |TAMS 0x000000008f400000| PB 0x000000008f400000| Complete 
| 245|0x000000008f500000, 0x000000008f600000, 0x000000008f600000|100%|HC|  |TAMS 0x000000008f500000| PB 0x000000008f500000| Complete 
| 246|0x000000008f600000, 0x000000008f700000, 0x000000008f700000|100%|HS|  |TAMS 0x000000008f600000| PB 0x000000008f600000| Complete 
| 247|0x000000008f700000, 0x000000008f800000, 0x000000008f800000|100%|HC|  |TAMS 0x000000008f700000| PB 0x000000008f700000| Complete 
| 248|0x000000008f800000, 0x000000008f900000, 0x000000008f900000|100%|HS|  |TAMS 0x000000008f800000| PB 0x000000008f800000| Complete 
| 249|0x000000008f900000, 0x000000008fa00000, 0x000000008fa00000|100%|HC|  |TAMS 0x000000008f900000| PB 0x000000008f900000| Complete 
| 250|0x000000008fa00000, 0x000000008fb00000, 0x000000008fb00000|100%|HS|  |TAMS 0x000000008fa00000| PB 0x000000008fa00000| Complete 
| 251|0x000000008fb00000, 0x000000008fc00000, 0x000000008fc00000|100%|HC|  |TAMS 0x000000008fb00000| PB 0x000000008fb00000| Complete 
| 252|0x000000008fc00000, 0x000000008fd00000, 0x000000008fd00000|100%|HS|  |TAMS 0x000000008fc00000| PB 0x000000008fc00000| Complete 
| 253|0x000000008fd00000, 0x000000008fe00000, 0x000000008fe00000|100%|HC|  |TAMS 0x000000008fd00000| PB 0x000000008fd00000| Complete 
| 254|0x000000008fe00000, 0x000000008fe00000, 0x000000008ff00000|  0%| F|  |TAMS 0x000000008fe00000| PB 0x000000008fe00000| Untracked 
| 255|0x000000008ff00000, 0x000000008ff00000, 0x0000000090000000|  0%| F|  |TAMS 0x000000008ff00000| PB 0x000000008ff00000| Untracked 
| 256|0x0000000090000000, 0x0000000090000000, 0x0000000090100000|  0%| F|  |TAMS 0x0000000090000000| PB 0x0000000090000000| Untracked 
| 257|0x0000000090100000, 0x0000000090100000, 0x0000000090200000|  0%| F|  |TAMS 0x0000000090100000| PB 0x0000000090100000| Untracked 
| 258|0x0000000090200000, 0x0000000090200000, 0x0000000090300000|  0%| F|  |TAMS 0x0000000090200000| PB 0x0000000090200000| Untracked 
| 259|0x0000000090300000, 0x0000000090300000, 0x0000000090400000|  0%| F|  |TAMS 0x0000000090300000| PB 0x0000000090300000| Untracked 
| 260|0x0000000090400000, 0x0000000090400000, 0x0000000090500000|  0%| F|  |TAMS 0x0000000090400000| PB 0x0000000090400000| Untracked 
| 261|0x0000000090500000, 0x0000000090500000, 0x0000000090600000|  0%| F|  |TAMS 0x0000000090500000| PB 0x0000000090500000| Untracked 
| 262|0x0000000090600000, 0x0000000090600000, 0x0000000090700000|  0%| F|  |TAMS 0x0000000090600000| PB 0x0000000090600000| Untracked 
| 263|0x0000000090700000, 0x0000000090700000, 0x0000000090800000|  0%| F|  |TAMS 0x0000000090700000| PB 0x0000000090700000| Untracked 
| 264|0x0000000090800000, 0x0000000090800000, 0x0000000090900000|  0%| F|  |TAMS 0x0000000090800000| PB 0x0000000090800000| Untracked 
| 265|0x0000000090900000, 0x0000000090900000, 0x0000000090a00000|  0%| F|  |TAMS 0x0000000090900000| PB 0x0000000090900000| Untracked 
| 266|0x0000000090a00000, 0x0000000090a00000, 0x0000000090b00000|  0%| F|  |TAMS 0x0000000090a00000| PB 0x0000000090a00000| Untracked 
| 267|0x0000000090b00000, 0x0000000090b00000, 0x0000000090c00000|  0%| F|  |TAMS 0x0000000090b00000| PB 0x0000000090b00000| Untracked 
| 268|0x0000000090c00000, 0x0000000090c00000, 0x0000000090d00000|  0%| F|  |TAMS 0x0000000090c00000| PB 0x0000000090c00000| Untracked 
| 269|0x0000000090d00000, 0x0000000090d00000, 0x0000000090e00000|  0%| F|  |TAMS 0x0000000090d00000| PB 0x0000000090d00000| Untracked 
| 270|0x0000000090e00000, 0x0000000090e00000, 0x0000000090f00000|  0%| F|  |TAMS 0x0000000090e00000| PB 0x0000000090e00000| Untracked 
| 271|0x0000000090f00000, 0x0000000090f00000, 0x0000000091000000|  0%| F|  |TAMS 0x0000000090f00000| PB 0x0000000090f00000| Untracked 
| 272|0x0000000091000000, 0x0000000091000000, 0x0000000091100000|  0%| F|  |TAMS 0x0000000091000000| PB 0x0000000091000000| Untracked 
| 273|0x0000000091100000, 0x0000000091100000, 0x0000000091200000|  0%| F|  |TAMS 0x0000000091100000| PB 0x0000000091100000| Untracked 
| 274|0x0000000091200000, 0x0000000091200000, 0x0000000091300000|  0%| F|  |TAMS 0x0000000091200000| PB 0x0000000091200000| Untracked 
| 275|0x0000000091300000, 0x0000000091300000, 0x0000000091400000|  0%| F|  |TAMS 0x0000000091300000| PB 0x0000000091300000| Untracked 
| 276|0x0000000091400000, 0x0000000091400000, 0x0000000091500000|  0%| F|  |TAMS 0x0000000091400000| PB 0x0000000091400000| Untracked 
| 277|0x0000000091500000, 0x000000009154f600, 0x0000000091600000| 31%| E|  |TAMS 0x0000000091500000| PB 0x0000000091500000| Complete 
| 278|0x0000000091600000, 0x0000000091700000, 0x0000000091700000|100%| E|CS|TAMS 0x0000000091600000| PB 0x0000000091600000| Complete 
| 279|0x0000000091700000, 0x0000000091800000, 0x0000000091800000|100%| E|CS|TAMS 0x0000000091700000| PB 0x0000000091700000| Complete 
| 280|0x0000000091800000, 0x0000000091900000, 0x0000000091900000|100%| E|CS|TAMS 0x0000000091800000| PB 0x0000000091800000| Complete 
| 281|0x0000000091900000, 0x0000000091a00000, 0x0000000091a00000|100%| E|CS|TAMS 0x0000000091900000| PB 0x0000000091900000| Complete 
| 282|0x0000000091a00000, 0x0000000091b00000, 0x0000000091b00000|100%| E|CS|TAMS 0x0000000091a00000| PB 0x0000000091a00000| Complete 
| 283|0x0000000091b00000, 0x0000000091c00000, 0x0000000091c00000|100%| E|CS|TAMS 0x0000000091b00000| PB 0x0000000091b00000| Complete 
| 284|0x0000000091c00000, 0x0000000091d00000, 0x0000000091d00000|100%| E|CS|TAMS 0x0000000091c00000| PB 0x0000000091c00000| Complete 
| 285|0x0000000091d00000, 0x0000000091dac0b0, 0x0000000091e00000| 67%| S|CS|TAMS 0x0000000091d00000| PB 0x0000000091d00000| Complete 
| 286|0x0000000091e00000, 0x0000000091f00000, 0x0000000091f00000|100%| S|CS|TAMS 0x0000000091e00000| PB 0x0000000091e00000| Complete 
| 287|0x0000000091f00000, 0x0000000092000000, 0x0000000092000000|100%| S|CS|TAMS 0x0000000091f00000| PB 0x0000000091f00000| Complete 
| 288|0x0000000092000000, 0x0000000092100000, 0x0000000092100000|100%| S|CS|TAMS 0x0000000092000000| PB 0x0000000092000000| Complete 
| 289|0x0000000092100000, 0x0000000092200000, 0x0000000092200000|100%| S|CS|TAMS 0x0000000092100000| PB 0x0000000092100000| Complete 
| 290|0x0000000092200000, 0x0000000092300000, 0x0000000092300000|100%| S|CS|TAMS 0x0000000092200000| PB 0x0000000092200000| Complete 
| 291|0x0000000092300000, 0x0000000092400000, 0x0000000092400000|100%| S|CS|TAMS 0x0000000092300000| PB 0x0000000092300000| Complete 
| 292|0x0000000092400000, 0x0000000092500000, 0x0000000092500000|100%| S|CS|TAMS 0x0000000092400000| PB 0x0000000092400000| Complete 
| 293|0x0000000092500000, 0x0000000092600000, 0x0000000092600000|100%| E|CS|TAMS 0x0000000092500000| PB 0x0000000092500000| Complete 
| 294|0x0000000092600000, 0x0000000092700000, 0x0000000092700000|100%| E|CS|TAMS 0x0000000092600000| PB 0x0000000092600000| Complete 
| 295|0x0000000092700000, 0x0000000092800000, 0x0000000092800000|100%| E|CS|TAMS 0x0000000092700000| PB 0x0000000092700000| Complete 
| 296|0x0000000092800000, 0x0000000092900000, 0x0000000092900000|100%| E|CS|TAMS 0x0000000092800000| PB 0x0000000092800000| Complete 
| 297|0x0000000092900000, 0x0000000092a00000, 0x0000000092a00000|100%| E|CS|TAMS 0x0000000092900000| PB 0x0000000092900000| Complete 
| 298|0x0000000092a00000, 0x0000000092b00000, 0x0000000092b00000|100%| E|CS|TAMS 0x0000000092a00000| PB 0x0000000092a00000| Complete 
| 299|0x0000000092b00000, 0x0000000092c00000, 0x0000000092c00000|100%| E|CS|TAMS 0x0000000092b00000| PB 0x0000000092b00000| Complete 
| 300|0x0000000092c00000, 0x0000000092d00000, 0x0000000092d00000|100%| E|CS|TAMS 0x0000000092c00000| PB 0x0000000092c00000| Complete 
| 301|0x0000000092d00000, 0x0000000092e00000, 0x0000000092e00000|100%| E|CS|TAMS 0x0000000092d00000| PB 0x0000000092d00000| Complete 
| 302|0x0000000092e00000, 0x0000000092f00000, 0x0000000092f00000|100%| E|CS|TAMS 0x0000000092e00000| PB 0x0000000092e00000| Complete 
| 303|0x0000000092f00000, 0x0000000093000000, 0x0000000093000000|100%| E|CS|TAMS 0x0000000092f00000| PB 0x0000000092f00000| Complete 
| 304|0x0000000093000000, 0x0000000093100000, 0x0000000093100000|100%| E|CS|TAMS 0x0000000093000000| PB 0x0000000093000000| Complete 
| 305|0x0000000093100000, 0x0000000093200000, 0x0000000093200000|100%| E|CS|TAMS 0x0000000093100000| PB 0x0000000093100000| Complete 
| 306|0x0000000093200000, 0x0000000093300000, 0x0000000093300000|100%| E|CS|TAMS 0x0000000093200000| PB 0x0000000093200000| Complete 
| 307|0x0000000093300000, 0x0000000093400000, 0x0000000093400000|100%| E|CS|TAMS 0x0000000093300000| PB 0x0000000093300000| Complete 
| 308|0x0000000093400000, 0x0000000093500000, 0x0000000093500000|100%| E|CS|TAMS 0x0000000093400000| PB 0x0000000093400000| Complete 
| 309|0x0000000093500000, 0x0000000093600000, 0x0000000093600000|100%| E|CS|TAMS 0x0000000093500000| PB 0x0000000093500000| Complete 
| 310|0x0000000093600000, 0x0000000093700000, 0x0000000093700000|100%| E|CS|TAMS 0x0000000093600000| PB 0x0000000093600000| Complete 
| 311|0x0000000093700000, 0x0000000093800000, 0x0000000093800000|100%| E|CS|TAMS 0x0000000093700000| PB 0x0000000093700000| Complete 
| 312|0x0000000093800000, 0x0000000093900000, 0x0000000093900000|100%| E|CS|TAMS 0x0000000093800000| PB 0x0000000093800000| Complete 
| 313|0x0000000093900000, 0x0000000093a00000, 0x0000000093a00000|100%| E|CS|TAMS 0x0000000093900000| PB 0x0000000093900000| Complete 
| 314|0x0000000093a00000, 0x0000000093b00000, 0x0000000093b00000|100%| E|CS|TAMS 0x0000000093a00000| PB 0x0000000093a00000| Complete 
| 315|0x0000000093b00000, 0x0000000093c00000, 0x0000000093c00000|100%| E|CS|TAMS 0x0000000093b00000| PB 0x0000000093b00000| Complete 
| 316|0x0000000093c00000, 0x0000000093d00000, 0x0000000093d00000|100%| E|CS|TAMS 0x0000000093c00000| PB 0x0000000093c00000| Complete 
| 317|0x0000000093d00000, 0x0000000093e00000, 0x0000000093e00000|100%| E|CS|TAMS 0x0000000093d00000| PB 0x0000000093d00000| Complete 
| 318|0x0000000093e00000, 0x0000000093f00000, 0x0000000093f00000|100%| E|CS|TAMS 0x0000000093e00000| PB 0x0000000093e00000| Complete 
| 319|0x0000000093f00000, 0x0000000094000000, 0x0000000094000000|100%| E|CS|TAMS 0x0000000093f00000| PB 0x0000000093f00000| Complete 
| 320|0x0000000094000000, 0x0000000094100000, 0x0000000094100000|100%| E|CS|TAMS 0x0000000094000000| PB 0x0000000094000000| Complete 
| 321|0x0000000094100000, 0x0000000094200000, 0x0000000094200000|100%| E|CS|TAMS 0x0000000094100000| PB 0x0000000094100000| Complete 
| 322|0x0000000094200000, 0x0000000094300000, 0x0000000094300000|100%| E|CS|TAMS 0x0000000094200000| PB 0x0000000094200000| Complete 
| 323|0x0000000094300000, 0x0000000094400000, 0x0000000094400000|100%| E|CS|TAMS 0x0000000094300000| PB 0x0000000094300000| Complete 
| 324|0x0000000094400000, 0x0000000094500000, 0x0000000094500000|100%| E|CS|TAMS 0x0000000094400000| PB 0x0000000094400000| Complete 
| 325|0x0000000094500000, 0x0000000094600000, 0x0000000094600000|100%| E|CS|TAMS 0x0000000094500000| PB 0x0000000094500000| Complete 
| 326|0x0000000094600000, 0x0000000094700000, 0x0000000094700000|100%| E|CS|TAMS 0x0000000094600000| PB 0x0000000094600000| Complete 
| 327|0x0000000094700000, 0x0000000094800000, 0x0000000094800000|100%| E|CS|TAMS 0x0000000094700000| PB 0x0000000094700000| Complete 
| 328|0x0000000094800000, 0x0000000094900000, 0x0000000094900000|100%| E|CS|TAMS 0x0000000094800000| PB 0x0000000094800000| Complete 
| 329|0x0000000094900000, 0x0000000094a00000, 0x0000000094a00000|100%| E|CS|TAMS 0x0000000094900000| PB 0x0000000094900000| Complete 
| 330|0x0000000094a00000, 0x0000000094b00000, 0x0000000094b00000|100%| E|CS|TAMS 0x0000000094a00000| PB 0x0000000094a00000| Complete 
| 331|0x0000000094b00000, 0x0000000094c00000, 0x0000000094c00000|100%| E|  |TAMS 0x0000000094b00000| PB 0x0000000094b00000| Complete 
| 332|0x0000000094c00000, 0x0000000094d00000, 0x0000000094d00000|100%| E|CS|TAMS 0x0000000094c00000| PB 0x0000000094c00000| Complete 
| 333|0x0000000094d00000, 0x0000000094e00000, 0x0000000094e00000|100%| E|CS|TAMS 0x0000000094d00000| PB 0x0000000094d00000| Complete 
| 334|0x0000000094e00000, 0x0000000094f00000, 0x0000000094f00000|100%| E|CS|TAMS 0x0000000094e00000| PB 0x0000000094e00000| Complete 
| 335|0x0000000094f00000, 0x0000000095000000, 0x0000000095000000|100%| E|CS|TAMS 0x0000000094f00000| PB 0x0000000094f00000| Complete 
| 336|0x0000000095000000, 0x0000000095100000, 0x0000000095100000|100%| E|CS|TAMS 0x0000000095000000| PB 0x0000000095000000| Complete 
| 337|0x0000000095100000, 0x0000000095200000, 0x0000000095200000|100%| E|CS|TAMS 0x0000000095100000| PB 0x0000000095100000| Complete 
| 338|0x0000000095200000, 0x0000000095300000, 0x0000000095300000|100%| E|CS|TAMS 0x0000000095200000| PB 0x0000000095200000| Complete 
| 339|0x0000000095300000, 0x0000000095400000, 0x0000000095400000|100%| E|CS|TAMS 0x0000000095300000| PB 0x0000000095300000| Complete 
| 340|0x0000000095400000, 0x0000000095500000, 0x0000000095500000|100%| E|CS|TAMS 0x0000000095400000| PB 0x0000000095400000| Complete 
| 341|0x0000000095500000, 0x0000000095600000, 0x0000000095600000|100%| E|CS|TAMS 0x0000000095500000| PB 0x0000000095500000| Complete 
| 342|0x0000000095600000, 0x0000000095700000, 0x0000000095700000|100%| E|CS|TAMS 0x0000000095600000| PB 0x0000000095600000| Complete 
| 343|0x0000000095700000, 0x0000000095800000, 0x0000000095800000|100%| E|CS|TAMS 0x0000000095700000| PB 0x0000000095700000| Complete 
| 344|0x0000000095800000, 0x0000000095900000, 0x0000000095900000|100%| E|CS|TAMS 0x0000000095800000| PB 0x0000000095800000| Complete 
| 345|0x0000000095900000, 0x0000000095a00000, 0x0000000095a00000|100%| E|CS|TAMS 0x0000000095900000| PB 0x0000000095900000| Complete 
| 346|0x0000000095a00000, 0x0000000095b00000, 0x0000000095b00000|100%| E|CS|TAMS 0x0000000095a00000| PB 0x0000000095a00000| Complete 
| 347|0x0000000095b00000, 0x0000000095c00000, 0x0000000095c00000|100%| E|CS|TAMS 0x0000000095b00000| PB 0x0000000095b00000| Complete 
| 348|0x0000000095c00000, 0x0000000095d00000, 0x0000000095d00000|100%| E|CS|TAMS 0x0000000095c00000| PB 0x0000000095c00000| Complete 
| 349|0x0000000095d00000, 0x0000000095e00000, 0x0000000095e00000|100%| E|CS|TAMS 0x0000000095d00000| PB 0x0000000095d00000| Complete 
| 350|0x0000000095e00000, 0x0000000095f00000, 0x0000000095f00000|100%| E|CS|TAMS 0x0000000095e00000| PB 0x0000000095e00000| Complete 
| 351|0x0000000095f00000, 0x0000000096000000, 0x0000000096000000|100%| E|CS|TAMS 0x0000000095f00000| PB 0x0000000095f00000| Complete 
| 352|0x0000000096000000, 0x0000000096100000, 0x0000000096100000|100%| E|CS|TAMS 0x0000000096000000| PB 0x0000000096000000| Complete 
| 353|0x0000000096100000, 0x0000000096200000, 0x0000000096200000|100%| E|CS|TAMS 0x0000000096100000| PB 0x0000000096100000| Complete 
| 354|0x0000000096200000, 0x0000000096300000, 0x0000000096300000|100%| E|CS|TAMS 0x0000000096200000| PB 0x0000000096200000| Complete 
| 355|0x0000000096300000, 0x0000000096400000, 0x0000000096400000|100%| E|CS|TAMS 0x0000000096300000| PB 0x0000000096300000| Complete 
| 356|0x0000000096400000, 0x0000000096500000, 0x0000000096500000|100%| E|CS|TAMS 0x0000000096400000| PB 0x0000000096400000| Complete 
| 357|0x0000000096500000, 0x0000000096600000, 0x0000000096600000|100%| E|CS|TAMS 0x0000000096500000| PB 0x0000000096500000| Complete 
| 358|0x0000000096600000, 0x0000000096700000, 0x0000000096700000|100%| E|CS|TAMS 0x0000000096600000| PB 0x0000000096600000| Complete 
| 359|0x0000000096700000, 0x0000000096800000, 0x0000000096800000|100%| E|CS|TAMS 0x0000000096700000| PB 0x0000000096700000| Complete 
| 360|0x0000000096800000, 0x0000000096900000, 0x0000000096900000|100%| E|CS|TAMS 0x0000000096800000| PB 0x0000000096800000| Complete 
| 361|0x0000000096900000, 0x0000000096a00000, 0x0000000096a00000|100%| E|CS|TAMS 0x0000000096900000| PB 0x0000000096900000| Complete 
| 362|0x0000000096a00000, 0x0000000096b00000, 0x0000000096b00000|100%| E|CS|TAMS 0x0000000096a00000| PB 0x0000000096a00000| Complete 
| 363|0x0000000096b00000, 0x0000000096c00000, 0x0000000096c00000|100%| E|CS|TAMS 0x0000000096b00000| PB 0x0000000096b00000| Complete 
| 364|0x0000000096c00000, 0x0000000096d00000, 0x0000000096d00000|100%| E|CS|TAMS 0x0000000096c00000| PB 0x0000000096c00000| Complete 
| 365|0x0000000096d00000, 0x0000000096e00000, 0x0000000096e00000|100%| E|CS|TAMS 0x0000000096d00000| PB 0x0000000096d00000| Complete 
| 366|0x0000000096e00000, 0x0000000096f00000, 0x0000000096f00000|100%| E|CS|TAMS 0x0000000096e00000| PB 0x0000000096e00000| Complete 
| 367|0x0000000096f00000, 0x0000000097000000, 0x0000000097000000|100%| E|CS|TAMS 0x0000000096f00000| PB 0x0000000096f00000| Complete 
| 368|0x0000000097000000, 0x0000000097100000, 0x0000000097100000|100%| E|CS|TAMS 0x0000000097000000| PB 0x0000000097000000| Complete 
| 369|0x0000000097100000, 0x0000000097200000, 0x0000000097200000|100%| E|CS|TAMS 0x0000000097100000| PB 0x0000000097100000| Complete 
| 370|0x0000000097200000, 0x0000000097300000, 0x0000000097300000|100%| E|CS|TAMS 0x0000000097200000| PB 0x0000000097200000| Complete 
| 371|0x0000000097300000, 0x0000000097400000, 0x0000000097400000|100%| E|CS|TAMS 0x0000000097300000| PB 0x0000000097300000| Complete 
| 372|0x0000000097400000, 0x0000000097500000, 0x0000000097500000|100%| E|CS|TAMS 0x0000000097400000| PB 0x0000000097400000| Complete 
| 373|0x0000000097500000, 0x0000000097600000, 0x0000000097600000|100%| E|CS|TAMS 0x0000000097500000| PB 0x0000000097500000| Complete 
| 374|0x0000000097600000, 0x0000000097700000, 0x0000000097700000|100%| E|CS|TAMS 0x0000000097600000| PB 0x0000000097600000| Complete 
| 375|0x0000000097700000, 0x0000000097800000, 0x0000000097800000|100%| E|CS|TAMS 0x0000000097700000| PB 0x0000000097700000| Complete 
| 376|0x0000000097800000, 0x0000000097900000, 0x0000000097900000|100%| E|CS|TAMS 0x0000000097800000| PB 0x0000000097800000| Complete 
| 377|0x0000000097900000, 0x0000000097a00000, 0x0000000097a00000|100%| E|CS|TAMS 0x0000000097900000| PB 0x0000000097900000| Complete 
| 378|0x0000000097a00000, 0x0000000097b00000, 0x0000000097b00000|100%| E|CS|TAMS 0x0000000097a00000| PB 0x0000000097a00000| Complete 
| 379|0x0000000097b00000, 0x0000000097c00000, 0x0000000097c00000|100%| E|CS|TAMS 0x0000000097b00000| PB 0x0000000097b00000| Complete 
| 380|0x0000000097c00000, 0x0000000097d00000, 0x0000000097d00000|100%| E|CS|TAMS 0x0000000097c00000| PB 0x0000000097c00000| Complete 
| 381|0x0000000097d00000, 0x0000000097e00000, 0x0000000097e00000|100%| E|CS|TAMS 0x0000000097d00000| PB 0x0000000097d00000| Complete 
| 382|0x0000000097e00000, 0x0000000097f00000, 0x0000000097f00000|100%| E|CS|TAMS 0x0000000097e00000| PB 0x0000000097e00000| Complete 
| 383|0x0000000097f00000, 0x0000000098000000, 0x0000000098000000|100%| E|CS|TAMS 0x0000000097f00000| PB 0x0000000097f00000| Complete 
| 384|0x0000000098000000, 0x0000000098100000, 0x0000000098100000|100%| E|CS|TAMS 0x0000000098000000| PB 0x0000000098000000| Complete 
| 385|0x0000000098100000, 0x0000000098200000, 0x0000000098200000|100%| E|CS|TAMS 0x0000000098100000| PB 0x0000000098100000| Complete 
| 386|0x0000000098200000, 0x0000000098300000, 0x0000000098300000|100%| E|CS|TAMS 0x0000000098200000| PB 0x0000000098200000| Complete 
| 387|0x0000000098300000, 0x0000000098400000, 0x0000000098400000|100%| E|CS|TAMS 0x0000000098300000| PB 0x0000000098300000| Complete 
| 388|0x0000000098400000, 0x0000000098500000, 0x0000000098500000|100%| E|CS|TAMS 0x0000000098400000| PB 0x0000000098400000| Complete 
| 389|0x0000000098500000, 0x0000000098600000, 0x0000000098600000|100%| E|CS|TAMS 0x0000000098500000| PB 0x0000000098500000| Complete 
| 390|0x0000000098600000, 0x0000000098700000, 0x0000000098700000|100%| E|CS|TAMS 0x0000000098600000| PB 0x0000000098600000| Complete 
| 391|0x0000000098700000, 0x0000000098800000, 0x0000000098800000|100%| E|CS|TAMS 0x0000000098700000| PB 0x0000000098700000| Complete 
| 392|0x0000000098800000, 0x0000000098900000, 0x0000000098900000|100%| E|CS|TAMS 0x0000000098800000| PB 0x0000000098800000| Complete 
| 393|0x0000000098900000, 0x0000000098a00000, 0x0000000098a00000|100%| E|CS|TAMS 0x0000000098900000| PB 0x0000000098900000| Complete 
| 394|0x0000000098a00000, 0x0000000098b00000, 0x0000000098b00000|100%| E|CS|TAMS 0x0000000098a00000| PB 0x0000000098a00000| Complete 
| 395|0x0000000098b00000, 0x0000000098c00000, 0x0000000098c00000|100%| E|CS|TAMS 0x0000000098b00000| PB 0x0000000098b00000| Complete 
| 396|0x0000000098c00000, 0x0000000098d00000, 0x0000000098d00000|100%| E|CS|TAMS 0x0000000098c00000| PB 0x0000000098c00000| Complete 
| 397|0x0000000098d00000, 0x0000000098e00000, 0x0000000098e00000|100%| E|CS|TAMS 0x0000000098d00000| PB 0x0000000098d00000| Complete 
| 398|0x0000000098e00000, 0x0000000098f00000, 0x0000000098f00000|100%| E|CS|TAMS 0x0000000098e00000| PB 0x0000000098e00000| Complete 
| 399|0x0000000098f00000, 0x0000000099000000, 0x0000000099000000|100%| E|CS|TAMS 0x0000000098f00000| PB 0x0000000098f00000| Complete 
| 400|0x0000000099000000, 0x0000000099100000, 0x0000000099100000|100%| E|CS|TAMS 0x0000000099000000| PB 0x0000000099000000| Complete 
| 401|0x0000000099100000, 0x0000000099200000, 0x0000000099200000|100%| E|CS|TAMS 0x0000000099100000| PB 0x0000000099100000| Complete 
| 402|0x0000000099200000, 0x0000000099300000, 0x0000000099300000|100%| E|CS|TAMS 0x0000000099200000| PB 0x0000000099200000| Complete 
|2032|0x00000000ff000000, 0x00000000ff100000, 0x00000000ff100000|100%| O|  |TAMS 0x00000000ff000000| PB 0x00000000ff000000| Untracked 
|2033|0x00000000ff100000, 0x00000000ff200000, 0x00000000ff200000|100%| E|CS|TAMS 0x00000000ff100000| PB 0x00000000ff100000| Complete 
|2034|0x00000000ff200000, 0x00000000ff300000, 0x00000000ff300000|100%| O|Cm|TAMS 0x00000000ff200000| PB 0x00000000ff200000| Complete 
|2035|0x00000000ff300000, 0x00000000ff400000, 0x00000000ff400000|100%| O|Cm|TAMS 0x00000000ff300000| PB 0x00000000ff300000| Complete 
|2036|0x00000000ff400000, 0x00000000ff500000, 0x00000000ff500000|100%| O|Cm|TAMS 0x00000000ff400000| PB 0x00000000ff400000| Complete 
|2037|0x00000000ff500000, 0x00000000ff600000, 0x00000000ff600000|100%| O|Cm|TAMS 0x00000000ff500000| PB 0x00000000ff500000| Complete 
|2038|0x00000000ff600000, 0x00000000ff700000, 0x00000000ff700000|100%| O|Cm|TAMS 0x00000000ff600000| PB 0x00000000ff600000| Complete 
|2039|0x00000000ff700000, 0x00000000ff800000, 0x00000000ff800000|100%| O|Cm|TAMS 0x00000000ff700000| PB 0x00000000ff700000| Complete 
|2040|0x00000000ff800000, 0x00000000ff900000, 0x00000000ff900000|100%| O|Cm|TAMS 0x00000000ff800000| PB 0x00000000ff800000| Complete 
|2041|0x00000000ff900000, 0x00000000ffa00000, 0x00000000ffa00000|100%| E|CS|TAMS 0x00000000ff900000| PB 0x00000000ff900000| Complete 
|2042|0x00000000ffa00000, 0x00000000ffb00000, 0x00000000ffb00000|100%| E|CS|TAMS 0x00000000ffa00000| PB 0x00000000ffa00000| Complete 
|2043|0x00000000ffb00000, 0x00000000ffc00000, 0x00000000ffc00000|100%| E|CS|TAMS 0x00000000ffb00000| PB 0x00000000ffb00000| Complete 
|2044|0x00000000ffc00000, 0x00000000ffd00000, 0x00000000ffd00000|100%| O|  |TAMS 0x00000000ffc00000| PB 0x00000000ffc00000| Untracked 
|2045|0x00000000ffd00000, 0x00000000ffe00000, 0x00000000ffe00000|100%| O|  |TAMS 0x00000000ffd00000| PB 0x00000000ffd00000| Untracked 
|2046|0x00000000ffe00000, 0x00000000fff00000, 0x00000000fff00000|100%| O|  |TAMS 0x00000000ffe00000| PB 0x00000000ffe00000| Untracked 
|2047|0x00000000fff00000, 0x0000000100000000, 0x0000000100000000|100%| O|  |TAMS 0x00000000fff00000| PB 0x00000000fff00000| Untracked 

Card table byte_map: [0x0000020e17bd0000,0x0000020e17fd0000] _byte_map_base: 0x0000020e177d0000

Marking Bits: (CMBitMap*) 0x0000020e053b3c30
 Bits: [0x0000020e17fd0000, 0x0000020e19fd0000)

Polling page: 0x0000020e036e0000

Metaspace:

Usage:
  Non-class:    163.88 MB used.
      Class:     25.40 MB used.
       Both:    189.28 MB used.

Virtual space:
  Non-class space:      192.00 MB reserved,     165.19 MB ( 86%) committed,  3 nodes.
      Class space:        1.00 GB reserved,      26.69 MB (  3%) committed,  1 nodes.
             Both:        1.19 GB reserved,     191.88 MB ( 16%) committed. 

Chunk freelists:
   Non-Class:  10.33 MB
       Class:  5.16 MB
        Both:  15.48 MB

MaxMetaspaceSize: unlimited
CompressedClassSpaceSize: 1.00 GB
Initial GC threshold: 21.00 MB
Current GC threshold: 310.62 MB
CDS: off
 - commit_granule_bytes: 65536.
 - commit_granule_words: 8192.
 - virtual_space_node_default_size: 8388608.
 - enlarge_chunks_in_place: 1.
 - use_allocation_guard: 0.


Internal statistics:

num_allocs_failed_limit: 9.
num_arena_births: 4998.
num_arena_deaths: 4.
num_vsnodes_births: 4.
num_vsnodes_deaths: 0.
num_space_committed: 3074.
num_space_uncommitted: 4.
num_chunks_returned_to_freelist: 44.
num_chunks_taken_from_freelist: 12926.
num_chunk_merges: 15.
num_chunk_splits: 8807.
num_chunks_enlarged: 5969.
num_inconsistent_stats: 0.

CodeHeap 'non-profiled nmethods': size=120000Kb used=15016Kb max_used=15016Kb free=104984Kb
 bounds [0x0000020e0ff70000, 0x0000020e10e20000, 0x0000020e174a0000]
CodeHeap 'profiled nmethods': size=120000Kb used=44188Kb max_used=44188Kb free=75812Kb
 bounds [0x0000020e084a0000, 0x0000020e0afd0000, 0x0000020e0f9d0000]
CodeHeap 'non-nmethods': size=5760Kb used=2333Kb max_used=2414Kb free=3426Kb
 bounds [0x0000020e0f9d0000, 0x0000020e0fc40000, 0x0000020e0ff70000]
 total_blobs=22201 nmethods=21188 adapters=916
 compilation: enabled
              stopped_count=0, restarted_count=0
 full_count=0

Compilation events (20 events):
Event: 1006.556 Thread 0x0000020e1cc43c90 28418       1       org.gradle.api.internal.artifacts.dependencies.AbstractModuleDependency::setCapabilityNotationParser (6 bytes)
Event: 1006.558 Thread 0x0000020e1cc43c90 nmethod 28418 0x0000020e10e19410 code [0x0000020e10e195a0, 0x0000020e10e196b0]
Event: 1006.558 Thread 0x0000020e1cc43c90 28419       1       org.gradle.api.internal.artifacts.dependencies.AbstractModuleDependency::setObjectFactory (6 bytes)
Event: 1006.558 Thread 0x0000020e1cc43c90 nmethod 28419 0x0000020e10e19710 code [0x0000020e10e198a0, 0x0000020e10e199b0]
Event: 1006.566 Thread 0x0000020e1cc43c90 28420       3       com.esotericsoftware.kryo.io.Output::writeVarLong (1304 bytes)
Event: 1006.572 Thread 0x0000020e1cc43c90 nmethod 28420 0x0000020e0afbb390 code [0x0000020e0afbb6a0, 0x0000020e0afbc948]
Event: 1006.572 Thread 0x0000020e1cc43c90 28422       3       org.gradle.api.internal.plugins.ClassloaderBackedPluginDescriptorLocator::<init> (10 bytes)
Event: 1006.572 Thread 0x0000020e1cc43c90 nmethod 28422 0x0000020e0afbd090 code [0x0000020e0afbd240, 0x0000020e0afbd3f8]
Event: 1006.575 Thread 0x0000020e1cc43c90 28423       3       org.gradle.api.internal.artifacts.configurations.DefaultUnlockedConfiguration_Decorated::isCanBeResolved (46 bytes)
Event: 1006.580 Thread 0x0000020e1cc43c90 nmethod 28423 0x0000020e0afbd490 code [0x0000020e0afbd680, 0x0000020e0afbdac0]
Event: 1006.587 Thread 0x0000020e1cc43c90 28424       1       org.gradle.internal.component.local.model.LocalComponentGraphResolveMetadata::getModuleVersionId (5 bytes)
Event: 1006.588 Thread 0x0000020e1cc43c90 nmethod 28424 0x0000020e10e19a10 code [0x0000020e10e19ba0, 0x0000020e10e19c68]
Event: 1006.589 Thread 0x0000020e1cc43c90 28425       3       org.gradle.api.internal.collections.AbstractIterationOrderRetainingElementSource$Element::<init> (40 bytes)
Event: 1006.595 Thread 0x0000020e1cc43c90 nmethod 28425 0x0000020e0afbdc90 code [0x0000020e0afbdea0, 0x0000020e0afbe490]
Event: 1006.595 Thread 0x0000020e1cc43c90 28426       3       org.gradle.api.internal.attributes.FreezableAttributeContainer::asImmutable (10 bytes)
Event: 1006.597 Thread 0x0000020e1cc43c90 nmethod 28426 0x0000020e0afbe690 code [0x0000020e0afbe840, 0x0000020e0afbea10]
Event: 1006.597 Thread 0x0000020e1cc43c90 28427       1       org.gradle.internal.component.local.model.DefaultLocalVariantGraphResolveMetadata::getName (5 bytes)
Event: 1006.598 Thread 0x0000020e1cc43c90 nmethod 28427 0x0000020e10e19d10 code [0x0000020e10e19ea0, 0x0000020e10e19f68]
Event: 1006.806 Thread 0x0000020e1cc43c90 28431       3       org.gradle.internal.component.model.ImmutableModuleSources::of (70 bytes)
Event: 1007.627 Thread 0x0000020e1cc43c90 nmethod 28431 0x0000020e0afbeb10 code [0x0000020e0afbeda0, 0x0000020e0afbfc10]

GC Heap History (20 events):
Event: 106.166 GC heap before
{Heap before GC invocations=69 (full 0):
 garbage-first heap   total 348160K, used 260415K [0x0000000080000000, 0x0000000100000000)
  region size 1024K, 66 young (67584K), 2 survivors (2048K)
 Metaspace       used 151668K, committed 154112K, reserved 1245184K
  class space    used 20162K, committed 21376K, reserved 1048576K
}
Event: 106.179 GC heap after
{Heap after GC invocations=70 (full 0):
 garbage-first heap   total 348160K, used 200416K [0x0000000080000000, 0x0000000100000000)
  region size 1024K, 7 young (7168K), 7 survivors (7168K)
 Metaspace       used 151668K, committed 154112K, reserved 1245184K
  class space    used 20162K, committed 21376K, reserved 1048576K
}
Event: 107.961 GC heap before
{Heap before GC invocations=70 (full 0):
 garbage-first heap   total 348160K, used 307936K [0x0000000080000000, 0x0000000100000000)
  region size 1024K, 113 young (115712K), 7 survivors (7168K)
 Metaspace       used 151869K, committed 154368K, reserved 1245184K
  class space    used 20202K, committed 21440K, reserved 1048576K
}
Event: 107.976 GC heap after
{Heap after GC invocations=71 (full 0):
 garbage-first heap   total 348160K, used 192720K [0x0000000080000000, 0x0000000100000000)
  region size 1024K, 10 young (10240K), 10 survivors (10240K)
 Metaspace       used 151869K, committed 154368K, reserved 1245184K
  class space    used 20202K, committed 21440K, reserved 1048576K
}
Event: 109.245 GC heap before
{Heap before GC invocations=71 (full 0):
 garbage-first heap   total 348160K, used 251088K [0x0000000080000000, 0x0000000100000000)
  region size 1024K, 69 young (70656K), 10 survivors (10240K)
 Metaspace       used 151922K, committed 154368K, reserved 1245184K
  class space    used 20203K, committed 21440K, reserved 1048576K
}
Event: 109.262 GC heap after
{Heap after GC invocations=72 (full 0):
 garbage-first heap   total 348160K, used 202989K [0x0000000080000000, 0x0000000100000000)
  region size 1024K, 16 young (16384K), 16 survivors (16384K)
 Metaspace       used 151922K, committed 154368K, reserved 1245184K
  class space    used 20203K, committed 21440K, reserved 1048576K
}
Event: 112.013 GC heap before
{Heap before GC invocations=73 (full 0):
 garbage-first heap   total 348160K, used 320749K [0x0000000080000000, 0x0000000100000000)
  region size 1024K, 120 young (122880K), 16 survivors (16384K)
 Metaspace       used 159059K, committed 161536K, reserved 1245184K
  class space    used 20924K, committed 22144K, reserved 1048576K
}
Event: 112.046 GC heap after
{Heap after GC invocations=74 (full 0):
 garbage-first heap   total 359424K, used 228086K [0x0000000080000000, 0x0000000100000000)
  region size 1024K, 15 young (15360K), 15 survivors (15360K)
 Metaspace       used 159059K, committed 161536K, reserved 1245184K
  class space    used 20924K, committed 22144K, reserved 1048576K
}
Event: 114.109 GC heap before
{Heap before GC invocations=74 (full 0):
 garbage-first heap   total 359424K, used 318198K [0x0000000080000000, 0x0000000100000000)
  region size 1024K, 103 young (105472K), 15 survivors (15360K)
 Metaspace       used 166172K, committed 168640K, reserved 1245184K
  class space    used 21875K, committed 23104K, reserved 1048576K
}
Event: 114.142 GC heap after
{Heap after GC invocations=75 (full 0):
 garbage-first heap   total 359424K, used 223649K [0x0000000080000000, 0x0000000100000000)
  region size 1024K, 8 young (8192K), 8 survivors (8192K)
 Metaspace       used 166172K, committed 168640K, reserved 1245184K
  class space    used 21875K, committed 23104K, reserved 1048576K
}
Event: 115.629 GC heap before
{Heap before GC invocations=75 (full 0):
 garbage-first heap   total 359424K, used 319905K [0x0000000080000000, 0x0000000100000000)
  region size 1024K, 102 young (104448K), 8 survivors (8192K)
 Metaspace       used 170069K, committed 172544K, reserved 1245184K
  class space    used 22444K, committed 23680K, reserved 1048576K
}
Event: 115.643 GC heap after
{Heap after GC invocations=76 (full 0):
 garbage-first heap   total 359424K, used 225547K [0x0000000080000000, 0x0000000100000000)
  region size 1024K, 10 young (10240K), 10 survivors (10240K)
 Metaspace       used 170069K, committed 172544K, reserved 1245184K
  class space    used 22444K, committed 23680K, reserved 1048576K
}
Event: 117.650 GC heap before
{Heap before GC invocations=77 (full 0):
 garbage-first heap   total 384000K, used 325899K [0x0000000080000000, 0x0000000100000000)
  region size 1024K, 106 young (108544K), 10 survivors (10240K)
 Metaspace       used 171457K, committed 174016K, reserved 1245184K
  class space    used 22627K, committed 23872K, reserved 1048576K
}
Event: 117.669 GC heap after
{Heap after GC invocations=78 (full 0):
 garbage-first heap   total 384000K, used 237188K [0x0000000080000000, 0x0000000100000000)
  region size 1024K, 13 young (13312K), 13 survivors (13312K)
 Metaspace       used 171457K, committed 174016K, reserved 1245184K
  class space    used 22627K, committed 23872K, reserved 1048576K
}
Event: 119.386 GC heap before
{Heap before GC invocations=78 (full 0):
 garbage-first heap   total 384000K, used 347780K [0x0000000080000000, 0x0000000100000000)
  region size 1024K, 122 young (124928K), 13 survivors (13312K)
 Metaspace       used 180879K, committed 183488K, reserved 1245184K
  class space    used 24100K, committed 25408K, reserved 1048576K
}
Event: 119.407 GC heap after
{Heap after GC invocations=79 (full 0):
 garbage-first heap   total 384000K, used 231366K [0x0000000080000000, 0x0000000100000000)
  region size 1024K, 13 young (13312K), 13 survivors (13312K)
 Metaspace       used 180879K, committed 183488K, reserved 1245184K
  class space    used 24100K, committed 25408K, reserved 1048576K
}
Event: 120.409 GC heap before
{Heap before GC invocations=79 (full 0):
 garbage-first heap   total 384000K, used 348102K [0x0000000080000000, 0x0000000100000000)
  region size 1024K, 128 young (131072K), 13 survivors (13312K)
 Metaspace       used 187850K, committed 190400K, reserved 1245184K
  class space    used 25207K, committed 26496K, reserved 1048576K
}
Event: 120.425 GC heap after
{Heap after GC invocations=80 (full 0):
 garbage-first heap   total 384000K, used 235069K [0x0000000080000000, 0x0000000100000000)
  region size 1024K, 8 young (8192K), 8 survivors (8192K)
 Metaspace       used 187850K, committed 190400K, reserved 1245184K
  class space    used 25207K, committed 26496K, reserved 1048576K
}
Event: 122.470 GC heap before
{Heap before GC invocations=81 (full 0):
 garbage-first heap   total 429056K, used 350781K [0x0000000080000000, 0x0000000100000000)
  region size 1024K, 122 young (124928K), 8 survivors (8192K)
 Metaspace       used 190468K, committed 193024K, reserved 1245184K
  class space    used 25584K, committed 26880K, reserved 1048576K
}
Event: 122.484 GC heap after
{Heap after GC invocations=82 (full 0):
 garbage-first heap   total 429056K, used 235501K [0x0000000080000000, 0x0000000100000000)
  region size 1024K, 8 young (8192K), 8 survivors (8192K)
 Metaspace       used 190468K, committed 193024K, reserved 1245184K
  class space    used 25584K, committed 26880K, reserved 1048576K
}

Dll operation events (3 events):
Event: 0.011 Loaded shared library C:\Program Files\Android\Android Studio2\jbr\bin\java.dll
Event: 0.015 Loaded shared library C:\Program Files\Android\Android Studio2\jbr\bin\zip.dll
Event: 0.766 Loaded shared library C:\Program Files\Android\Android Studio2\jbr\bin\verify.dll

Deoptimization events (20 events):
Event: 1005.799 Thread 0x0000020e2e8e72e0 Uncommon trap: trap_request=0xffffffc6 fr.pc=0x0000020e100b2748 relative=0x00000000000002a8
Event: 1005.799 Thread 0x0000020e2e8e72e0 Uncommon trap: reason=bimorphic_or_optimized_type_check action=maybe_recompile pc=0x0000020e100b2748 method=com.google.common.collect.MapMakerInternalMap$Segment.copyEntry(Lcom/google/common/collect/MapMakerInternalMap$InternalEntry;Lcom/google/common/col
Event: 1005.800 Thread 0x0000020e2e8e72e0 DEOPT PACKING pc=0x0000020e100b2748 sp=0x000000b61adfaa60
Event: 1005.800 Thread 0x0000020e2e8e72e0 DEOPT UNPACKING pc=0x0000020e0fa246a2 sp=0x000000b61adfaa28 mode 2
Event: 1005.800 Thread 0x0000020e2e8e72e0 Uncommon trap: trap_request=0xffffffc6 fr.pc=0x0000020e100b2748 relative=0x00000000000002a8
Event: 1005.800 Thread 0x0000020e2e8e72e0 Uncommon trap: reason=bimorphic_or_optimized_type_check action=maybe_recompile pc=0x0000020e100b2748 method=com.google.common.collect.MapMakerInternalMap$Segment.copyEntry(Lcom/google/common/collect/MapMakerInternalMap$InternalEntry;Lcom/google/common/col
Event: 1005.800 Thread 0x0000020e2e8e72e0 DEOPT PACKING pc=0x0000020e100b2748 sp=0x000000b61adfaa60
Event: 1005.800 Thread 0x0000020e2e8e72e0 DEOPT UNPACKING pc=0x0000020e0fa246a2 sp=0x000000b61adfaa28 mode 2
Event: 1005.802 Thread 0x0000020e2e8e72e0 Uncommon trap: trap_request=0xffffffc6 fr.pc=0x0000020e100b2748 relative=0x00000000000002a8
Event: 1005.802 Thread 0x0000020e2e8e72e0 Uncommon trap: reason=bimorphic_or_optimized_type_check action=maybe_recompile pc=0x0000020e100b2748 method=com.google.common.collect.MapMakerInternalMap$Segment.copyEntry(Lcom/google/common/collect/MapMakerInternalMap$InternalEntry;Lcom/google/common/col
Event: 1005.802 Thread 0x0000020e2e8e72e0 DEOPT PACKING pc=0x0000020e100b2748 sp=0x000000b61adfaae0
Event: 1005.802 Thread 0x0000020e2e8e72e0 DEOPT UNPACKING pc=0x0000020e0fa246a2 sp=0x000000b61adfaaa8 mode 2
Event: 1005.807 Thread 0x0000020e2e8e72e0 Uncommon trap: trap_request=0xffffffc6 fr.pc=0x0000020e100b2748 relative=0x00000000000002a8
Event: 1005.807 Thread 0x0000020e2e8e72e0 Uncommon trap: reason=bimorphic_or_optimized_type_check action=maybe_recompile pc=0x0000020e100b2748 method=com.google.common.collect.MapMakerInternalMap$Segment.copyEntry(Lcom/google/common/collect/MapMakerInternalMap$InternalEntry;Lcom/google/common/col
Event: 1005.807 Thread 0x0000020e2e8e72e0 DEOPT PACKING pc=0x0000020e100b2748 sp=0x000000b61adfaa60
Event: 1005.807 Thread 0x0000020e2e8e72e0 DEOPT UNPACKING pc=0x0000020e0fa246a2 sp=0x000000b61adfaa28 mode 2
Event: 1006.320 Thread 0x0000020e2e8e72e0 Uncommon trap: trap_request=0xffffff45 fr.pc=0x0000020e10a0c910 relative=0x0000000000000350
Event: 1006.321 Thread 0x0000020e2e8e72e0 Uncommon trap: reason=unstable_if action=reinterpret pc=0x0000020e10a0c910 method=java.io.ObjectOutputStream$ReplaceTable.lookup(Ljava/lang/Object;)Ljava/lang/Object; @ 10 c2
Event: 1006.321 Thread 0x0000020e2e8e72e0 DEOPT PACKING pc=0x0000020e10a0c910 sp=0x000000b61adf8630
Event: 1006.321 Thread 0x0000020e2e8e72e0 DEOPT UNPACKING pc=0x0000020e0fa246a2 sp=0x000000b61adf85f0 mode 2

Classes loaded (20 events):
Event: 125.532 Loading class javax/management/InstanceNotFoundException
Event: 125.532 Loading class javax/management/InstanceNotFoundException done
Event: 126.038 Loading class java/util/concurrent/CompletableFuture$AsyncRun
Event: 126.040 Loading class java/util/concurrent/CompletableFuture$AsyncRun done
Event: 387.569 Loading class java/lang/StackStreamFactory
Event: 387.734 Loading class java/lang/StackStreamFactory done
Event: 387.741 Loading class java/lang/StackWalker$ExtendedOption
Event: 387.763 Loading class java/lang/StackWalker$ExtendedOption done
Event: 387.766 Loading class java/lang/StackStreamFactory$StackFrameTraverser
Event: 387.845 Loading class java/lang/StackStreamFactory$StackFrameTraverser done
Event: 387.846 Loading class java/lang/StackStreamFactory$WalkerState
Event: 387.852 Loading class java/lang/StackStreamFactory$WalkerState done
Event: 387.855 Loading class java/lang/StackStreamFactory$StackFrameTraverser$StackFrameBuffer
Event: 387.895 Loading class java/lang/StackStreamFactory$FrameBuffer
Event: 387.913 Loading class java/lang/StackStreamFactory$FrameBuffer done
Event: 387.913 Loading class java/lang/StackStreamFactory$StackFrameTraverser$StackFrameBuffer done
Event: 387.954 Loading class java/util/logging/LogRecord
Event: 388.044 Loading class java/util/logging/LogRecord done
Event: 1001.857 Loading class jdk/internal/math/FormattedFPDecimal
Event: 1001.993 Loading class jdk/internal/math/FormattedFPDecimal done

Classes unloaded (20 events):
Event: 115.866 Thread 0x0000020e1c71ec00 Unloading class 0x00000001014a1b08 'kotlin/jvm/functions/Function0'
Event: 115.866 Thread 0x0000020e1c71ec00 Unloading class 0x00000001014a18a8 'dagger/spi/internal/shaded/androidx/room/compiler/processing/javac/JavacBasicAnnotationProcessor$2'
Event: 115.866 Thread 0x0000020e1c71ec00 Unloading class 0x00000001014a1668 'kotlin/jvm/internal/Lambda'
Event: 115.866 Thread 0x0000020e1c71ec00 Unloading class 0x00000001014a1450 'kotlin/jvm/internal/FunctionBase'
Event: 115.866 Thread 0x0000020e1c71ec00 Unloading class 0x00000001014a1238 'kotlin/jvm/functions/Function1'
Event: 115.866 Thread 0x0000020e1c71ec00 Unloading class 0x00000001014a1020 'kotlin/Function'
Event: 115.866 Thread 0x0000020e1c71ec00 Unloading class 0x00000001014a0da8 'kotlin/UninitializedPropertyAccessException'
Event: 115.866 Thread 0x0000020e1c71ec00 Unloading class 0x00000001014a0b28 'kotlin/KotlinNullPointerException'
Event: 115.866 Thread 0x0000020e1c71ec00 Unloading class 0x00000001014a0908 'kotlin/jvm/internal/Intrinsics'
Event: 115.866 Thread 0x0000020e1c71ec00 Unloading class 0x00000001014a06e8 'dagger/spi/internal/shaded/androidx/room/compiler/processing/XProcessingEnvConfig$Companion'
Event: 115.866 Thread 0x0000020e1c71ec00 Unloading class 0x00000001014a04c8 'dagger/spi/internal/shaded/androidx/room/compiler/processing/XProcessingEnvConfig'
Event: 115.866 Thread 0x0000020e1c71ec00 Unloading class 0x00000001014a02a0 'dagger/spi/internal/shaded/androidx/room/compiler/processing/XProcessingEnvConfig$Builder'
Event: 115.866 Thread 0x0000020e1c71ec00 Unloading class 0x000000010149fdc0 'dagger/hilt/processor/internal/HiltProcessingEnvConfigs'
Event: 115.866 Thread 0x0000020e1c71ec00 Unloading class 0x00000001014a0000 'dagger/hilt/processor/internal/uninstallmodules/UninstallModulesProcessingStep'
Event: 115.866 Thread 0x0000020e1c71ec00 Unloading class 0x000000010149fb20 'dagger/hilt/processor/internal/BaseProcessingStep'
Event: 115.866 Thread 0x0000020e1c71ec00 Unloading class 0x000000010149f908 'dagger/spi/internal/shaded/androidx/room/compiler/processing/XProcessingStep'
Event: 115.866 Thread 0x0000020e1c71ec00 Unloading class 0x000000010149f600 'dagger/hilt/processor/internal/uninstallmodules/UninstallModulesProcessor'
Event: 115.866 Thread 0x0000020e1c71ec00 Unloading class 0x000000010149f2f8 'dagger/hilt/processor/internal/JavacBaseProcessingStepProcessor'
Event: 115.866 Thread 0x0000020e1c71ec00 Unloading class 0x000000010149f000 'dagger/spi/internal/shaded/androidx/room/compiler/processing/javac/JavacBasicAnnotationProcessor'
Event: 115.866 Thread 0x0000020e1c71ec00 Unloading class 0x000000010149ec00 'dagger/spi/internal/shaded/androidx/room/compiler/processing/XBasicAnnotationProcessor'

Classes redefined (0 events):
No events

Internal exceptions (20 events):
Event: 125.499 Thread 0x0000020e23221ef0 Exception <a 'sun/nio/fs/WindowsException'{0x0000000096defd08}> (0x0000000096defd08) 
thrown [s\src\hotspot\share\prims\jni.cpp, line 535]
Event: 125.617 Thread 0x0000020e23221ef0 Exception <a 'java/lang/IncompatibleClassChangeError'{0x0000000096a75190}: Found class java.lang.Object, but interface was expected> (0x0000000096a75190) 
thrown [s\src\hotspot\share\interpreter\linkResolver.cpp, line 851]
Event: 125.618 Thread 0x0000020e23221ef0 Exception <a 'java/lang/NoSuchMethodError'{0x0000000096a79578}: 'void java.lang.invoke.DelegatingMethodHandle$Holder.reinvoke_L(java.lang.Object, java.lang.Object, java.lang.Object, int)'> (0x0000000096a79578) 
thrown [s\src\hotspot\share\interpreter\linkResolver.cpp, line 784]
Event: 125.623 Thread 0x0000020e23221ef0 Exception <a 'sun/nio/fs/WindowsException'{0x0000000096a94cf8}> (0x0000000096a94cf8) 
thrown [s\src\hotspot\share\prims\jni.cpp, line 535]
Event: 125.795 Thread 0x0000020e23221ef0 Exception <a 'java/lang/IncompatibleClassChangeError'{0x00000000965f10c0}: Found class java.lang.Object, but interface was expected> (0x00000000965f10c0) 
thrown [s\src\hotspot\share\interpreter\linkResolver.cpp, line 851]
Event: 125.857 Thread 0x0000020e23221ef0 Implicit null exception at 0x0000020e10678cbc to 0x0000020e1067a4d0
Event: 125.858 Thread 0x0000020e23221ef0 Exception <a 'java/lang/IncompatibleClassChangeError'{0x000000009644b888}: Found class java.lang.Object, but interface was expected> (0x000000009644b888) 
thrown [s\src\hotspot\share\interpreter\linkResolver.cpp, line 851]
Event: 125.897 Thread 0x0000020e23221ef0 Implicit null exception at 0x0000020e1077ff38 to 0x0000020e107862c8
Event: 125.897 Thread 0x0000020e23221ef0 Implicit null exception at 0x0000020e101cc23d to 0x0000020e101cc29c
Event: 126.585 Thread 0x0000020e2e8e65c0 Exception <a 'sun/nio/fs/WindowsException'{0x00000000958a30d0}> (0x00000000958a30d0) 
thrown [s\src\hotspot\share\prims\jni.cpp, line 535]
Event: 126.585 Thread 0x0000020e2e8e65c0 Exception <a 'sun/nio/fs/WindowsException'{0x00000000958a3c18}> (0x00000000958a3c18) 
thrown [s\src\hotspot\share\prims\jni.cpp, line 535]
Event: 126.585 Thread 0x0000020e2e8e65c0 Exception <a 'sun/nio/fs/WindowsException'{0x00000000958a47b8}> (0x00000000958a47b8) 
thrown [s\src\hotspot\share\prims\jni.cpp, line 535]
Event: 126.590 Thread 0x0000020e2e8e65c0 Exception <a 'sun/nio/fs/WindowsException'{0x00000000958b3eb0}> (0x00000000958b3eb0) 
thrown [s\src\hotspot\share\prims\jni.cpp, line 535]
Event: 1003.836 Thread 0x0000020e2e8e72e0 Exception <a 'sun/nio/fs/WindowsException'{0x0000000093dfb9f8}> (0x0000000093dfb9f8) 
thrown [s\src\hotspot\share\prims\jni.cpp, line 535]
Event: 1003.842 Thread 0x0000020e2e8e72e0 Exception <a 'sun/nio/fs/WindowsException'{0x0000000093dfcf40}> (0x0000000093dfcf40) 
thrown [s\src\hotspot\share\prims\jni.cpp, line 535]
Event: 1003.844 Thread 0x0000020e2e8e72e0 Exception <a 'sun/nio/fs/WindowsException'{0x0000000093dfe478}> (0x0000000093dfe478) 
thrown [s\src\hotspot\share\prims\jni.cpp, line 535]
Event: 1003.845 Thread 0x0000020e2e8e72e0 Exception <a 'sun/nio/fs/WindowsException'{0x0000000093dff608}> (0x0000000093dff608) 
thrown [s\src\hotspot\share\prims\jni.cpp, line 535]
Event: 1005.344 Thread 0x0000020e2e8e72e0 Exception <a 'sun/nio/fs/WindowsException'{0x00000000926ff310}> (0x00000000926ff310) 
thrown [s\src\hotspot\share\prims\jni.cpp, line 535]
Event: 1005.345 Thread 0x0000020e2e8e72e0 Exception <a 'sun/nio/fs/WindowsException'{0x0000000092500e78}> (0x0000000092500e78) 
thrown [s\src\hotspot\share\prims\jni.cpp, line 535]
Event: 1005.359 Thread 0x0000020e2e8e72e0 Exception <a 'sun/nio/fs/WindowsException'{0x0000000092503120}> (0x0000000092503120) 
thrown [s\src\hotspot\share\prims\jni.cpp, line 535]

ZGC Phase Switch (0 events):
No events

VM Operations (20 events):
Event: 905.942 Executing VM operation: Cleanup done
Event: 925.984 Executing VM operation: Cleanup
Event: 925.985 Executing VM operation: Cleanup done
Event: 962.141 Executing VM operation: HandshakeAllThreads (HandshakeForDeflation)
Event: 962.142 Executing VM operation: HandshakeAllThreads (HandshakeForDeflation) done
Event: 962.142 Executing VM operation: RendezvousGCThreads
Event: 962.142 Executing VM operation: RendezvousGCThreads done
Event: 989.157 Executing VM operation: Cleanup
Event: 989.157 Executing VM operation: Cleanup done
Event: 1002.181 Executing VM operation: Cleanup
Event: 1002.183 Executing VM operation: Cleanup done
Event: 1003.183 Executing VM operation: Cleanup
Event: 1003.183 Executing VM operation: Cleanup done
Event: 1004.183 Executing VM operation: Cleanup
Event: 1004.192 Executing VM operation: Cleanup done
Event: 1005.192 Executing VM operation: Cleanup
Event: 1005.195 Executing VM operation: Cleanup done
Event: 1006.195 Executing VM operation: Cleanup
Event: 1006.195 Executing VM operation: Cleanup done
Event: 1007.196 Executing VM operation: Cleanup

Events (20 events):
Event: 219.496 Thread 0x0000020e3038f390 Thread exited: 0x0000020e3038f390
Event: 228.097 Thread 0x0000020e30392ea0 Thread exited: 0x0000020e30392ea0
Event: 236.661 Thread 0x0000020e3038b880 Thread exited: 0x0000020e3038b880
Event: 387.405 Thread 0x0000020e2e8e72e0 Thread added: 0x0000020e2e8e72e0
Event: 463.280 Thread 0x0000020e2e8e72e0 Thread exited: 0x0000020e2e8e72e0
Event: 687.340 Thread 0x0000020e2e8e7970 Thread added: 0x0000020e2e8e7970
Event: 762.503 Thread 0x0000020e2e8e7970 Thread exited: 0x0000020e2e8e7970
Event: 988.286 Thread 0x0000020e2e8e7970 Thread added: 0x0000020e2e8e7970
Event: 1001.047 Thread 0x0000020e2e8e4b80 Thread added: 0x0000020e2e8e4b80
Event: 1001.069 Thread 0x0000020e2e8e8690 Thread added: 0x0000020e2e8e8690
Event: 1001.212 Thread 0x0000020e2e8e5f30 Thread added: 0x0000020e2e8e5f30
Event: 1001.276 Thread 0x0000020e2e8e72e0 Thread added: 0x0000020e2e8e72e0
Event: 1001.588 Thread 0x0000020e2e8e93b0 Thread added: 0x0000020e2e8e93b0
Event: 1002.042 Thread 0x0000020e2e8e9a40 Thread added: 0x0000020e2e8e9a40
Event: 1002.047 Thread 0x0000020e2e8e65c0 Thread added: 0x0000020e2e8e65c0
Event: 1003.130 Thread 0x0000020e2e8ecec0 Thread added: 0x0000020e2e8ecec0
Event: 1003.175 Thread 0x0000020e2e8ed550 Thread added: 0x0000020e2e8ed550
Event: 1003.984 Thread 0x0000020e2e8ea0d0 Thread added: 0x0000020e2e8ea0d0
Event: 1004.096 Thread 0x0000020e2e8eadf0 Thread added: 0x0000020e2e8eadf0
Event: 1004.127 Thread 0x0000020e2e8eb480 Thread added: 0x0000020e2e8eb480


Dynamic libraries:
0x00007ff76aea0000 - 0x00007ff76aeaa000 	C:\Program Files\Android\Android Studio2\jbr\bin\java.exe
0x00007ffc45fe0000 - 0x00007ffc46247000 	C:\WINDOWS\SYSTEM32\ntdll.dll
0x00007ffc43e40000 - 0x00007ffc43f09000 	C:\WINDOWS\System32\KERNEL32.DLL
0x00007ffc42ad0000 - 0x00007ffc42ec1000 	C:\WINDOWS\System32\KERNELBASE.dll
0x00007ffc42ed0000 - 0x00007ffc4301b000 	C:\WINDOWS\System32\ucrtbase.dll
0x00007ffc3df70000 - 0x00007ffc3df8b000 	C:\Program Files\Android\Android Studio2\jbr\bin\VCRUNTIME140.dll
0x00007ffb7b410000 - 0x00007ffb7b428000 	C:\Program Files\Android\Android Studio2\jbr\bin\jli.dll
0x00007ffc45c30000 - 0x00007ffc45df5000 	C:\WINDOWS\System32\USER32.dll
0x00007ffc25780000 - 0x00007ffc25a13000 	C:\WINDOWS\WinSxS\amd64_microsoft.windows.common-controls_6595b64144ccf1df_6.0.26100.7922_none_3e089e1ee3342171\COMCTL32.dll
0x00007ffc428c0000 - 0x00007ffc428e7000 	C:\WINDOWS\System32\win32u.dll
0x00007ffc43d80000 - 0x00007ffc43e29000 	C:\WINDOWS\System32\msvcrt.dll
0x00007ffc45bf0000 - 0x00007ffc45c1b000 	C:\WINDOWS\System32\GDI32.dll
0x00007ffc429a0000 - 0x00007ffc42aca000 	C:\WINDOWS\System32\gdi32full.dll
0x00007ffc43190000 - 0x00007ffc43233000 	C:\WINDOWS\System32\msvcp_win.dll
0x00007ffc45a10000 - 0x00007ffc45a41000 	C:\WINDOWS\System32\IMM32.DLL
0x00007ffc3df90000 - 0x00007ffc3df9c000 	C:\Program Files\Android\Android Studio2\jbr\bin\vcruntime140_1.dll
0x00007ffb58860000 - 0x00007ffb588ed000 	C:\Program Files\Android\Android Studio2\jbr\bin\msvcp140.dll
0x00007ffb58cd0000 - 0x00007ffb5994d000 	C:\Program Files\Android\Android Studio2\jbr\bin\server\jvm.dll
0x00007ffc45a70000 - 0x00007ffc45b2b000 	C:\WINDOWS\System32\ADVAPI32.dll
0x00007ffc44680000 - 0x00007ffc44727000 	C:\WINDOWS\System32\sechost.dll
0x00007ffc45e10000 - 0x00007ffc45f28000 	C:\WINDOWS\System32\RPCRT4.dll
0x00007ffc45790000 - 0x00007ffc45804000 	C:\WINDOWS\System32\WS2_32.dll
0x00007ffc42720000 - 0x00007ffc4277e000 	C:\WINDOWS\SYSTEM32\POWRPROF.dll
0x00007ffc3ccc0000 - 0x00007ffc3cccb000 	C:\WINDOWS\SYSTEM32\VERSION.dll
0x00007ffc3cc80000 - 0x00007ffc3ccb5000 	C:\WINDOWS\SYSTEM32\WINMM.dll
0x00007ffc42700000 - 0x00007ffc42714000 	C:\WINDOWS\SYSTEM32\UMPDC.dll
0x00007ffc41650000 - 0x00007ffc4166b000 	C:\WINDOWS\SYSTEM32\kernel.appcore.dll
0x00007ffc24dd0000 - 0x00007ffc24dda000 	C:\Program Files\Android\Android Studio2\jbr\bin\jimage.dll
0x00007ffc37380000 - 0x00007ffc375c2000 	C:\WINDOWS\SYSTEM32\DBGHELP.DLL
0x00007ffc45250000 - 0x00007ffc455d2000 	C:\WINDOWS\System32\combase.dll
0x00007ffc45170000 - 0x00007ffc45247000 	C:\WINDOWS\System32\OLEAUT32.dll
0x00007ffc25a20000 - 0x00007ffc25a5b000 	C:\WINDOWS\SYSTEM32\dbgcore.DLL
0x00007ffc428f0000 - 0x00007ffc42995000 	C:\WINDOWS\System32\bcryptPrimitives.dll
0x00007ffbefbc0000 - 0x00007ffbefbce000 	C:\Program Files\Android\Android Studio2\jbr\bin\instrument.dll
0x00007ffc24db0000 - 0x00007ffc24dcf000 	C:\Program Files\Android\Android Studio2\jbr\bin\java.dll
0x00007ffbebe60000 - 0x00007ffbebe78000 	C:\Program Files\Android\Android Studio2\jbr\bin\zip.dll
0x00007ffc43f10000 - 0x00007ffc4466f000 	C:\WINDOWS\System32\SHELL32.dll
0x00007ffc43020000 - 0x00007ffc4318a000 	C:\WINDOWS\System32\wintypes.dll
0x00007ffc43300000 - 0x00007ffc43b64000 	C:\WINDOWS\System32\windows.storage.dll
0x00007ffc45810000 - 0x00007ffc45907000 	C:\WINDOWS\System32\SHCORE.dll
0x00007ffc45f30000 - 0x00007ffc45f97000 	C:\WINDOWS\System32\shlwapi.dll
0x00007ffc427e0000 - 0x00007ffc42809000 	C:\WINDOWS\SYSTEM32\profapi.dll
0x00007ffc24d70000 - 0x00007ffc24d80000 	C:\Program Files\Android\Android Studio2\jbr\bin\net.dll
0x00007ffc39dc0000 - 0x00007ffc39ee7000 	C:\WINDOWS\SYSTEM32\WINHTTP.dll
0x00007ffc41bc0000 - 0x00007ffc41c2b000 	C:\WINDOWS\system32\mswsock.dll
0x00007ffbebe40000 - 0x00007ffbebe56000 	C:\Program Files\Android\Android Studio2\jbr\bin\nio.dll
0x00007ffbf5cd0000 - 0x00007ffbf5ce0000 	C:\Program Files\Android\Android Studio2\jbr\bin\verify.dll
0x00007ffb7bb00000 - 0x00007ffb7bb27000 	C:\Users\perez\AndroidStudioProjects\MyApplication\native\1def1411415f61bf3af743bc5b6707747c0891f09f0c88961ee8f79bc544acac\windows-amd64\native-platform.dll
0x00007ffb587e0000 - 0x00007ffb58858000 	C:\Users\perez\AndroidStudioProjects\MyApplication\native\0.2.7\x86_64-windows-gnu\gradle-fileevents.dll
0x00007ffc06a30000 - 0x00007ffc06a39000 	C:\Program Files\Android\Android Studio2\jbr\bin\management.dll
0x00007ffbfad40000 - 0x00007ffbfad4b000 	C:\Program Files\Android\Android Studio2\jbr\bin\management_ext.dll
0x00007ffc45c20000 - 0x00007ffc45c28000 	C:\WINDOWS\System32\PSAPI.DLL
0x00007ffc41040000 - 0x00007ffc41073000 	C:\WINDOWS\SYSTEM32\IPHLPAPI.DLL
0x00007ffc43e30000 - 0x00007ffc43e3a000 	C:\WINDOWS\System32\NSI.dll
0x00007ffc19660000 - 0x00007ffc19669000 	C:\Program Files\Android\Android Studio2\jbr\bin\extnet.dll
0x00007ffc41ea0000 - 0x00007ffc41ebb000 	C:\WINDOWS\SYSTEM32\CRYPTSP.dll
0x00007ffc415b0000 - 0x00007ffc415e9000 	C:\WINDOWS\system32\rsaenh.dll
0x00007ffc41c70000 - 0x00007ffc41ca2000 	C:\WINDOWS\SYSTEM32\USERENV.dll
0x00007ffc427b0000 - 0x00007ffc427da000 	C:\WINDOWS\SYSTEM32\bcrypt.dll
0x00007ffc41ec0000 - 0x00007ffc41ecc000 	C:\WINDOWS\SYSTEM32\CRYPTBASE.dll
0x00007ffc0e5e0000 - 0x00007ffc0e5e8000 	C:\WINDOWS\system32\wshunix.dll
0x00007ffc41080000 - 0x00007ffc411aa000 	C:\WINDOWS\SYSTEM32\DNSAPI.dll
0x00007ffc39760000 - 0x00007ffc3976b000 	C:\Windows\System32\rasadhlp.dll
0x00007ffc3cbf0000 - 0x00007ffc3cc76000 	C:\WINDOWS\System32\fwpuclnt.dll
0x00007ffc22900000 - 0x00007ffc22918000 	C:\WINDOWS\system32\napinsp.dll
0x00007ffc22770000 - 0x00007ffc22782000 	C:\WINDOWS\System32\winrnr.dll
0x00007ffc22740000 - 0x00007ffc22762000 	C:\WINDOWS\system32\nlansp_c.dll
0x00007ffc22720000 - 0x00007ffc22736000 	C:\WINDOWS\system32\wshbth.dll
0x00007ffb7b3f0000 - 0x00007ffb7b40e000 	C:\Users\perez\AppData\Local\Temp\native-platform15371270808911038794dir\native-platform.dll
0x00007ffbee290000 - 0x00007ffbee297000 	C:\Program Files\Android\Android Studio2\jbr\bin\rmi.dll
0x00007ffc41770000 - 0x00007ffc417a6000 	C:\WINDOWS\SYSTEM32\ntmarta.dll

dbghelp: loaded successfully - version: 4.0.5 - missing functions: none
symbol engine: initialized successfully - sym options: 0x614 - pdb path: .;C:\Program Files\Android\Android Studio2\jbr\bin;C:\WINDOWS\SYSTEM32;C:\WINDOWS\WinSxS\amd64_microsoft.windows.common-controls_6595b64144ccf1df_6.0.26100.7922_none_3e089e1ee3342171;C:\Program Files\Android\Android Studio2\jbr\bin\server;C:\Users\perez\AndroidStudioProjects\MyApplication\native\1def1411415f61bf3af743bc5b6707747c0891f09f0c88961ee8f79bc544acac\windows-amd64;C:\Users\perez\AndroidStudioProjects\MyApplication\native\0.2.7\x86_64-windows-gnu;C:\Users\perez\AppData\Local\Temp\native-platform15371270808911038794dir

VM Arguments:
jvm_args: --add-opens=java.base/java.lang=ALL-UNNAMED --add-opens=java.base/java.lang.invoke=ALL-UNNAMED --add-opens=java.base/java.util=ALL-UNNAMED --add-opens=java.prefs/java.util.prefs=ALL-UNNAMED --add-exports=jdk.compiler/com.sun.tools.javac.api=ALL-UNNAMED --add-exports=jdk.compiler/com.sun.tools.javac.util=ALL-UNNAMED --add-opens=java.base/java.util=ALL-UNNAMED --add-opens=java.prefs/java.util.prefs=ALL-UNNAMED --add-opens=java.base/java.nio.charset=ALL-UNNAMED --add-opens=java.base/java.net=ALL-UNNAMED --add-opens=java.base/java.util.concurrent.atomic=ALL-UNNAMED --add-opens=java.xml/javax.xml.namespace=ALL-UNNAMED -Xmx2048m -Dfile.encoding=UTF-8 -Duser.country=CO -Duser.language=es -Duser.variant -javaagent:C:\Users\perez\AndroidStudioProjects\MyApplication\wrapper\dists\gradle-8.13-bin\5xuhj0ry160q40clulazy9h7d\gradle-8.13\lib\agents\gradle-instrumentation-agent-8.13.jar 
java_command: org.gradle.launcher.daemon.bootstrap.GradleDaemon 8.13
java_class_path (initial): C:\Users\perez\AndroidStudioProjects\MyApplication\wrapper\dists\gradle-8.13-bin\5xuhj0ry160q40clulazy9h7d\gradle-8.13\lib\gradle-daemon-main-8.13.jar
Launcher Type: SUN_STANDARD

[Global flags]
     intx CICompilerCount                          = 4                                         {product} {ergonomic}
     uint ConcGCThreads                            = 2                                         {product} {ergonomic}
     uint G1ConcRefinementThreads                  = 8                                         {product} {ergonomic}
   size_t G1HeapRegionSize                         = 1048576                                   {product} {ergonomic}
    uintx GCDrainStackTargetSize                   = 64                                        {product} {ergonomic}
   size_t InitialHeapSize                          = 123731968                                 {product} {ergonomic}
   size_t MarkStackSize                            = 4194304                                   {product} {ergonomic}
   size_t MaxHeapSize                              = 2147483648                                {product} {command line}
   size_t MaxNewSize                               = 1287651328                                {product} {ergonomic}
   size_t MinHeapDeltaBytes                        = 1048576                                   {product} {ergonomic}
   size_t MinHeapSize                              = 8388608                                   {product} {ergonomic}
    uintx NonNMethodCodeHeapSize                   = 5839372                                {pd product} {ergonomic}
    uintx NonProfiledCodeHeapSize                  = 122909434                              {pd product} {ergonomic}
    uintx ProfiledCodeHeapSize                     = 122909434                              {pd product} {ergonomic}
    uintx ReservedCodeCacheSize                    = 251658240                              {pd product} {ergonomic}
     bool SegmentedCodeCache                       = true                                      {product} {ergonomic}
   size_t SoftMaxHeapSize                          = 2147483648                             {manageable} {ergonomic}
     bool UseCompressedOops                        = true                           {product lp64_product} {ergonomic}
     bool UseG1GC                                  = true                                      {product} {ergonomic}
     bool UseLargePagesIndividualAllocation        = false                                  {pd product} {ergonomic}

Logging:
Log output configuration:
 #0: stdout all=warning uptime,level,tags foldmultilines=false
 #1: stderr all=off uptime,level,tags foldmultilines=false

Environment Variables:
PATH=C:\Program Files\dotnet\;C:\ORECLE\dbhomeXE\bin;C:\app\perez\product\21c\dbhomeXE\bin;C:\Program Files\Common Files\Oracle\Java\javapath;C:\Program Files (x86)\Common Files\Oracle\Java\javapath;C:\WINDOWS\system32;C:\WINDOWS;C:\WINDOWS\System32\Wbem;C:\WINDOWS\System32\WindowsPowerShell\v1.0\;C:\WINDOWS\System32\OpenSSH\;C:\Program Files\HP\HP One Agent;C:\Program Files (x86)\Microsoft SQL Server\160\Tools\Binn\;C:\Program Files\Microsoft SQL Server\160\Tools\Binn\;C:\Program Files\Microsoft SQL Server\Client SDK\ODBC\170\Tools\Binn\;C:\Program Files\Microsoft SQL Server\160\DTS\Binn\;C:\Program Files (x86)\Microsoft SQL Server\160\DTS\Binn\;C:\Program Files\Microsoft SQL Server\150\Tools\Binn\;C:\xampp\php;C:\ProgramData\ComposerSetup\bin;C:\flutter\bin;C:\Users\perez\AppData\Local\Android\Sdk\platform-tools;C:\Program Files\Git\cmd;C:\Program Files\nodejs\;C:\WINDOWS\system32;C:\WINDOWS;C:\WINDOWS\System32\Wbem;C:\WINDOWS\System32\WindowsPowerShell\v1.0\;C:\WINDOWS\System32\OpenSSH\;C:\Program Files\ngrok;C:\Program Files\cursor\resources\app\bin;C:\Users\perez\AppData\Local\Programs\Python\Python313\Scripts\;C:\Users\perez\AppData\Local\Programs\Python\Python313\;C:\Users\perez\AppData\Local\Programs\oh-my-posh\bin\;C:\Program Files\MySQL\MySQL Shell 8.0\bin\;C:\xampp\php\php.exe;C:\Users\perez\AppData\Local\Programs\Microsoft VS Code\bin;C:\Users\perez\AppData\Roaming\Composer\vendor\bin;C:\Users\perez\AppData\Local\GitHubDesktop\bin;C:\Users\perez\.dotnet\tools;C:\Users\perez\.deno\bin;C:\Users\perez\AppData\Roaming\npm;C:\Users\perez\AppData\Local\Microsoft\WindowsApps;C:\ngrok;C:\Users\perez\AppData\Local\Programs\Antigravity\bin;C:\Users\perez\AppData\Local\Programs\Ollama
USERNAME=perez
OS=Windows_NT
PROCESSOR_IDENTIFIER=AMD64 Family 23 Model 104 Stepping 1, AuthenticAMD
TMP=C:\Users\perez\AppData\Local\Temp
TEMP=C:\Users\perez\AppData\Local\Temp




Periodic native trim disabled

JNI global refs:
JNI global refs: 28, weak refs: 4

JNI global refs memory usage: 835, weak refs: 833

Process memory usage:
Resident Set Size: 191892K (2% of 7682164K total physical memory with 159156K free physical memory)

OOME stack traces (most recent first):
Classloader memory used:
Loader org.gradle.internal.classloader.VisitableURLClassLoader$InstrumentingVisitableURLClassLoader: 54085K
Loader org.gradle.internal.classloader.VisitableURLClassLoader                         : 48349K
Loader bootstrap                                                                       : 35649K
Loader java.net.URLClassLoader                                                         : 30318K
Loader org.gradle.initialization.MixInLegacyTypesClassLoader                           : 12844K
Loader jdk.internal.loader.ClassLoaders$AppClassLoader                                 : 9929K
Loader jdk.internal.loader.ClassLoaders$PlatformClassLoader                            : 1250K
Loader jdk.internal.reflect.DelegatingClassLoader                                      : 750K
Loader org.gradle.internal.classloader.VisitableURLClassLoader                         : 347K
Loader jdk.internal.jrtfs.JrtFileSystemProvider$JrtFsLoader                            : 297K
Loader sun.reflect.misc.MethodUtil                                                     : 2960B

Classes loaded by more than one classloader:
Class Program                                                                         : loaded 5 times (x 69B)
Class com.google.common.collect.Iterables                                             : loaded 4 times (x 68B)
Class com.google.common.collect.RegularImmutableSet                                   : loaded 4 times (x 146B)
Class com.google.common.collect.Iterators$MergingIterator                             : loaded 4 times (x 78B)
Class kotlin.collections.CollectionsKt                                                : loaded 4 times (x 68B)
Class com.google.common.collect.ImmutableList$SubList                                 : loaded 4 times (x 206B)
Class com.google.common.collect.RegularImmutableMap$KeySet                            : loaded 4 times (x 149B)
Class com.google.common.collect.ImmutableSet$SetBuilderImpl                           : loaded 4 times (x 73B)
Class com.google.common.collect.Maps$EntrySet                                         : loaded 4 times (x 133B)
Class com.google.common.collect.ImmutableList                                         : loaded 4 times (x 203B)
Class com.google.common.collect.ImmutableSet$EmptySetBuilderImpl                      : loaded 4 times (x 73B)
Class kotlin.jvm.internal.markers.KMappedMarker                                       : loaded 4 times (x 67B)
Class com.google.common.base.PairwiseEquivalence                                      : loaded 4 times (x 80B)
Class com.google.common.base.Equivalence$Identity                                     : loaded 4 times (x 79B)
Class kotlin.NotImplementedError                                                      : loaded 4 times (x 79B)
Class kotlin.text.StringsKt__StringsKt                                                : loaded 4 times (x 68B)
Class com.google.common.collect.ImmutableSet$Builder                                  : loaded 4 times (x 82B)
Class com.google.common.collect.SetMultimap                                           : loaded 4 times (x 67B)
Class com.google.common.base.CharMatcher$InRange                                      : loaded 4 times (x 108B)
Class kotlin.NoWhenBranchMatchedException                                             : loaded 4 times (x 79B)
Class kotlin.Lazy                                                                     : loaded 4 times (x 67B)
Class com.google.common.collect.Maps$BiMapConverter                                   : loaded 4 times (x 87B)
Class kotlin.sequences.SequencesKt__SequenceBuilderKt                                 : loaded 4 times (x 68B)
Class com.google.common.collect.SortedSetMultimap                                     : loaded 4 times (x 67B)
Class com.google.common.collect.ImmutableMapEntrySet$RegularEntrySet                  : loaded 4 times (x 149B)
Class com.google.common.collect.Multimaps                                             : loaded 4 times (x 68B)
Class kotlin.text.StringsKt__StringBuilderKt                                          : loaded 4 times (x 68B)
Class kotlin.jvm.internal.CallableReference$NoReceiver                                : loaded 4 times (x 68B)
Class kotlin.collections.ArraysKt__ArraysJVMKt                                        : loaded 4 times (x 68B)
Class com.google.common.base.Joiner$2                                                 : loaded 4 times (x 76B)
Class com.google.common.base.CharMatcher$1                                            : loaded 4 times (x 110B)
Class com.google.common.base.CharMatcher$NamedFastMatcher                             : loaded 4 times (x 109B)
Class com.google.common.collect.Maps$IteratorBasedAbstractMap                         : loaded 4 times (x 122B)
Class com.google.common.base.CharMatcher$IsEither                                     : loaded 4 times (x 108B)
Class kotlin.LazyKt                                                                   : loaded 4 times (x 68B)
Class kotlin.collections.SetsKt__SetsKt                                               : loaded 4 times (x 68B)
Class com.google.common.collect.PeekingIterator                                       : loaded 4 times (x 67B)
Class com.google.common.base.Joiner$1                                                 : loaded 4 times (x 77B)
Class com.google.common.base.CharMatcher                                              : loaded 4 times (x 108B)
Class kotlin.collections.ArraysKt                                                     : loaded 4 times (x 68B)
Class kotlin.text.CharsKt__CharKt                                                     : loaded 4 times (x 68B)
Class com.google.common.base.Preconditions                                            : loaded 4 times (x 68B)
Class com.google.common.collect.Hashing                                               : loaded 4 times (x 68B)
Class com.google.common.base.Equivalence$Equals                                       : loaded 4 times (x 79B)
Class kotlin.collections.CollectionsKt__ReversedViewsKt                               : loaded 4 times (x 68B)
Class kotlin.ranges.RangesKt___RangesKt                                               : loaded 4 times (x 68B)
Class com.google.common.collect.RegularImmutableBiMap                                 : loaded 4 times (x 146B)
Class com.google.common.base.CharMatcher$Is                                           : loaded 4 times (x 108B)
Class com.google.common.base.CharMatcher$Negated                                      : loaded 4 times (x 110B)
Class kotlin.KotlinNullPointerException                                               : loaded 4 times (x 80B)
Class kotlin.ranges.OpenEndRange                                                      : loaded 4 times (x 67B)
Class kotlin.collections.CollectionsKt__IterablesKt                                   : loaded 4 times (x 68B)
Class kotlin.collections.MapsKt                                                       : loaded 4 times (x 68B)
Class com.google.common.base.Suppliers$NonSerializableMemoizingSupplier               : loaded 4 times (x 76B)
Class com.google.common.collect.RegularImmutableMap$BucketOverflowException           : loaded 4 times (x 79B)
Class kotlin.jvm.internal.Intrinsics                                                  : loaded 4 times (x 68B)
Class kotlin.ranges.IntRange$Companion                                                : loaded 4 times (x 68B)
Class kotlin.collections.EmptyMap                                                     : loaded 4 times (x 106B)
Class kotlin.reflect.KAnnotatedElement                                                : loaded 4 times (x 67B)
Class com.google.common.collect.ImmutableSet$RegularSetBuilderImpl                    : loaded 4 times (x 74B)
Class kotlin.collections.CollectionsKt__MutableCollectionsJVMKt                       : loaded 4 times (x 68B)
Class com.google.common.collect.ImmutableEnumSet                                      : loaded 4 times (x 143B)
Class kotlin.text.StringsKt___StringsKt                                               : loaded 4 times (x 68B)
Class kotlin.enums.EnumEntriesKt                                                      : loaded 4 times (x 68B)
Class kotlin.collections.MapsKt__MapWithDefaultKt                                     : loaded 4 times (x 68B)
Class kotlin.collections.MapsKt___MapsKt                                              : loaded 4 times (x 68B)
Class kotlin.collections.ArraysKt___ArraysKt                                          : loaded 4 times (x 68B)
Class com.google.common.collect.ImmutableList$1                                       : loaded 4 times (x 94B)
Class com.google.common.collect.SortedMapDifference                                   : loaded 4 times (x 67B)
Class kotlin.text.StringsKt___StringsJvmKt                                            : loaded 4 times (x 68B)
Class com.google.common.base.Suppliers$MemoizingSupplier                              : loaded 4 times (x 76B)
Class kotlin.reflect.KDeclarationContainer                                            : loaded 4 times (x 67B)
Class com.google.common.collect.CollectPreconditions                                  : loaded 4 times (x 68B)
Class kotlin.annotation.Retention                                                     : loaded 4 times (x 67B)
Class kotlin.collections.CollectionsKt___CollectionsKt                                : loaded 4 times (x 68B)
Class kotlin.collections.EmptySet                                                     : loaded 4 times (x 119B)
Class com.google.common.collect.ImmutableEntry                                        : loaded 4 times (x 79B)
Class kotlin.annotation.Target                                                        : loaded 4 times (x 67B)
Class [Lcom.google.common.collect.AbstractMapEntry;                                   : loaded 4 times (x 66B)
Class com.google.common.collect.ArrayListMultimap                                     : loaded 4 times (x 169B)
Class com.google.common.collect.RegularImmutableMap                                   : loaded 4 times (x 118B)
Class kotlin.collections.MapsKt___MapsJvmKt                                           : loaded 4 times (x 68B)
Class com.google.common.base.CharMatcher$NegatedFastMatcher                           : loaded 4 times (x 110B)
Class com.google.common.collect.ImmutableMap$MapViewOfValuesAsSingletonSets           : loaded 4 times (x 123B)
Class com.google.common.base.Predicate                                                : loaded 4 times (x 67B)
Class kotlin.jvm.functions.Function2                                                  : loaded 4 times (x 67B)
Class com.google.common.collect.ImmutableMap                                          : loaded 4 times (x 117B)
Class kotlin.ranges.IntProgression$Companion                                          : loaded 4 times (x 68B)
Class kotlin.jvm.functions.Function1                                                  : loaded 4 times (x 67B)
Class com.google.common.collect.Sets                                                  : loaded 4 times (x 68B)
Class com.google.common.base.CharMatcher$FastMatcher                                  : loaded 4 times (x 108B)
Class kotlin.jvm.functions.Function0                                                  : loaded 4 times (x 67B)
Class kotlin.collections.ArraysUtilJVM                                                : loaded 4 times (x 68B)
Class kotlin.ranges.RangesKt                                                          : loaded 4 times (x 68B)
Class com.google.common.base.Supplier                                                 : loaded 4 times (x 67B)
Class kotlin.TuplesKt                                                                 : loaded 4 times (x 68B)
Class com.google.common.base.CharMatcher$Or                                           : loaded 4 times (x 109B)
Class kotlin.sequences.SequencesKt___SequencesJvmKt                                   : loaded 4 times (x 68B)
Class kotlin.Unit                                                                     : loaded 4 times (x 68B)
Class kotlin.collections.CollectionsKt___CollectionsJvmKt                             : loaded 4 times (x 68B)
Class com.google.common.collect.ImmutableSet                                          : loaded 4 times (x 142B)
Class com.google.common.base.CharMatcher$BitSetMatcher                                : loaded 4 times (x 109B)
Class com.google.common.collect.RegularImmutableMap$Values                            : loaded 4 times (x 204B)
Class kotlin.text.CharsKt__CharJVMKt                                                  : loaded 4 times (x 68B)
Class kotlin.ranges.RangesKt__RangesKt                                                : loaded 4 times (x 68B)
Class kotlin.collections.SetsKt___SetsKt                                              : loaded 4 times (x 68B)
Class com.google.common.collect.UnmodifiableListIterator                              : loaded 4 times (x 92B)
Class com.google.common.math.IntMath$1                                                : loaded 4 times (x 68B)
Class kotlin.sequences.SequencesKt__SequencesKt                                       : loaded 4 times (x 68B)
Class kotlin.UNINITIALIZED_VALUE                                                      : loaded 4 times (x 68B)
Class kotlin.LazyKt__LazyKt                                                           : loaded 4 times (x 68B)
Class kotlin.text.StringsKt__StringBuilderJVMKt                                       : loaded 4 times (x 68B)
Class com.google.common.collect.Sets$SetView                                          : loaded 4 times (x 135B)
Class kotlin.collections.AbstractCollection                                           : loaded 4 times (x 114B)
Class kotlin.collections.AbstractList                                                 : loaded 4 times (x 194B)
Class com.google.common.collect.Maps$8                                                : loaded 4 times (x 79B)
Class kotlin.sequences.SequencesKt__SequencesJVMKt                                    : loaded 4 times (x 68B)
Class kotlin.SynchronizedLazyImpl                                                     : loaded 4 times (x 73B)
Class kotlin.text.StringsKt__RegexExtensionsKt                                        : loaded 4 times (x 68B)
Class kotlin.collections.EmptyIterator                                                : loaded 4 times (x 86B)
Class com.google.common.collect.Sets$3$1                                              : loaded 4 times (x 79B)
Class [Lcom.google.common.collect.ImmutableEntry;                                     : loaded 4 times (x 66B)
Class com.google.common.collect.Maps                                                  : loaded 4 times (x 68B)
Class com.google.common.collect.RegularImmutableList                                  : loaded 4 times (x 210B)
Class com.google.common.base.Function                                                 : loaded 4 times (x 67B)
Class com.google.common.base.Equivalence                                              : loaded 4 times (x 79B)
Class kotlin.enums.EnumEntries                                                        : loaded 4 times (x 67B)
Class com.google.common.base.Suppliers                                                : loaded 4 times (x 68B)
Class com.google.common.collect.ImmutableMapEntry$NonTerminalImmutableMapEntry        : loaded 4 times (x 82B)
Class kotlin.ranges.IntRange                                                          : loaded 4 times (x 90B)
Class com.google.common.collect.ImmutableMapEntry                                     : loaded 4 times (x 82B)
Class com.google.common.math.IntMath                                                  : loaded 4 times (x 68B)
Class kotlin.jvm.internal.CallableReference                                           : loaded 4 times (x 103B)
Class kotlin.sequences.SequencesKt___SequencesKt                                      : loaded 4 times (x 68B)
Class com.google.common.collect.RegularImmutableSortedSet                             : loaded 4 times (x 297B)
Class com.google.common.base.CharMatcher$IsNot                                        : loaded 4 times (x 108B)
Class com.google.common.collect.ImmutableSortedSet                                    : loaded 4 times (x 297B)
Class kotlin.text.StringsKt__StringNumberConversionsKt                                : loaded 4 times (x 68B)
Class com.google.common.collect.Maps$EntryTransformer                                 : loaded 4 times (x 67B)
Class kotlin.jvm.KotlinReflectionNotSupportedError                                    : loaded 4 times (x 79B)
Class kotlin.LazyKt__LazyJVMKt                                                        : loaded 4 times (x 68B)
Class kotlin.text.StringsKt                                                           : loaded 4 times (x 68B)
Class com.google.common.collect.ImmutableAsList                                       : loaded 4 times (x 206B)
Class com.google.common.collect.Iterators$9                                           : loaded 4 times (x 78B)
Class kotlin.collections.AbstractList$Companion                                       : loaded 4 times (x 68B)
Class com.google.common.base.FunctionalEquivalence                                    : loaded 4 times (x 80B)
Class com.google.common.collect.AbstractMapBasedMultimap                              : loaded 4 times (x 136B)
Class kotlin.collections.CollectionsKt__IteratorsKt                                   : loaded 4 times (x 68B)
Class com.google.common.collect.ImmutableSet$CachingAsList                            : loaded 4 times (x 145B)
Class com.google.common.base.Converter                                                : loaded 4 times (x 87B)
Class kotlin.sequences.SequencesKt                                                    : loaded 4 times (x 68B)
Class com.google.common.collect.Lists                                                 : loaded 4 times (x 68B)
Class kotlin.collections.CollectionsKt__CollectionsJVMKt                              : loaded 4 times (x 68B)
Class com.google.common.collect.ImmutableCollection                                   : loaded 4 times (x 122B)
Class com.google.common.base.CharMatcher$AnyOf                                        : loaded 4 times (x 109B)
Class com.google.common.base.CharMatcher$ForPredicate                                 : loaded 4 times (x 109B)
Class com.google.common.collect.Iterators$6                                           : loaded 4 times (x 78B)
Class com.google.common.collect.ImmutableSet$JdkBackedSetBuilderImpl                  : loaded 4 times (x 73B)
Class [Lcom.google.common.collect.ImmutableMapEntry;                                  : loaded 4 times (x 66B)
Class com.google.common.collect.Iterators$5                                           : loaded 4 times (x 79B)
Class com.google.common.collect.Iterators$4                                           : loaded 4 times (x 79B)
Class com.google.common.collect.ImmutableBiMap                                        : loaded 4 times (x 140B)
Class com.google.common.collect.AbstractListMultimap                                  : loaded 4 times (x 169B)
Class com.google.common.collect.SortedIterable                                        : loaded 4 times (x 67B)
Class kotlin.UninitializedPropertyAccessException                                     : loaded 4 times (x 79B)
Class com.google.common.collect.SingletonImmutableSet                                 : loaded 4 times (x 143B)
Class com.google.common.collect.ImmutableMap$IteratorBasedImmutableMap                : loaded 4 times (x 123B)
Class kotlin.Metadata                                                                 : loaded 4 times (x 67B)
Class com.google.common.collect.Iterators$1                                           : loaded 4 times (x 78B)
Class kotlin.jvm.internal.Lambda                                                      : loaded 4 times (x 72B)
Class kotlin.collections.MapsKt__MapsKt                                               : loaded 4 times (x 68B)
Class com.google.common.collect.ImmutableList$ReverseImmutableList                    : loaded 4 times (x 206B)
Class kotlin.reflect.KFunction                                                        : loaded 4 times (x 67B)
Class kotlin.ranges.IntProgression                                                    : loaded 4 times (x 78B)
Class kotlin.collections.SetsKt                                                       : loaded 4 times (x 68B)
Class kotlin.text.StringsKt__IndentKt                                                 : loaded 4 times (x 68B)
Class com.google.common.collect.SingletonImmutableList                                : loaded 4 times (x 204B)
Class com.google.common.collect.ListMultimap                                          : loaded 4 times (x 67B)
Class kotlin.text.StringsKt__StringsJVMKt                                             : loaded 4 times (x 68B)
Class kotlin.ranges.ClosedRange                                                       : loaded 4 times (x 67B)
Class com.google.common.collect.Multimap                                              : loaded 4 times (x 67B)
Class com.google.common.collect.ImmutableEnumMap                                      : loaded 4 times (x 123B)
Class com.google.common.primitives.IntsMethodsForWeb                                  : loaded 4 times (x 68B)
Class com.google.common.base.Present                                                  : loaded 4 times (x 78B)
Class com.google.common.collect.ImmutableMap$Builder                                  : loaded 4 times (x 79B)
Class kotlin.text.StringsKt__AppendableKt                                             : loaded 4 times (x 68B)
Class com.google.common.base.NullnessCasts                                            : loaded 4 times (x 68B)
Class kotlin.internal.ProgressionUtilKt                                               : loaded 4 times (x 68B)
Class kotlin.Function                                                                 : loaded 4 times (x 67B)
Class kotlin.collections.SetsKt__SetsJVMKt                                            : loaded 4 times (x 68B)
Class com.google.common.collect.ImmutableMapEntrySet                                  : loaded 4 times (x 149B)
Class kotlin.collections.ArraysKt__ArraysKt                                           : loaded 4 times (x 68B)
Class com.google.common.math.MathPreconditions                                        : loaded 4 times (x 68B)
Class com.google.common.collect.AbstractIndexedListIterator                           : loaded 4 times (x 93B)
Class com.google.common.collect.ObjectArrays                                          : loaded 4 times (x 68B)
Class com.google.common.collect.ArrayListMultimapGwtSerializationDependencies         : loaded 4 times (x 169B)
Class com.google.common.collect.Multiset                                              : loaded 4 times (x 67B)
Class com.google.common.collect.AbstractIterator                                      : loaded 4 times (x 79B)
Class com.google.common.base.Absent                                                   : loaded 4 times (x 77B)
Class com.google.common.primitives.Ints                                               : loaded 4 times (x 68B)
Class com.google.common.collect.BiMap                                                 : loaded 4 times (x 67B)
Class com.google.common.collect.ImmutableMap$1                                        : loaded 4 times (x 78B)
Class com.google.common.collect.Sets$1                                                : loaded 4 times (x 136B)
Class com.google.common.collect.IndexedImmutableSet                                   : loaded 4 times (x 149B)
Class kotlin.collections.MapsKt__MapsJVMKt                                            : loaded 4 times (x 68B)
Class kotlin.collections.EmptyList                                                    : loaded 4 times (x 171B)
Class com.google.common.base.CharMatcher$And                                          : loaded 4 times (x 109B)
Class com.google.common.collect.ImmutableBiMap$Builder                                : loaded 4 times (x 79B)
Class com.google.common.collect.Lists$StringAsImmutableList                           : loaded 4 times (x 204B)
Class kotlin.text.CharsKt                                                             : loaded 4 times (x 68B)
Class com.google.common.collect.Iterators                                             : loaded 4 times (x 68B)
Class com.google.common.base.Optional                                                 : loaded 4 times (x 77B)
Class com.google.common.collect.RegularImmutableAsList                                : loaded 4 times (x 214B)
Class kotlin.reflect.KCallable                                                        : loaded 4 times (x 67B)
Class kotlin.collections.CollectionsKt__MutableCollectionsKt                          : loaded 4 times (x 68B)
Class com.google.common.collect.AbstractMultimap                                      : loaded 4 times (x 120B)
Class com.google.common.collect.Sets$ImprovedAbstractSet                              : loaded 4 times (x 132B)
Class com.google.common.collect.ImmutableList$Builder                                 : loaded 4 times (x 74B)
Class com.google.common.collect.AbstractSetMultimap                                   : loaded 4 times (x 171B)
Class com.google.common.base.Ascii                                                    : loaded 4 times (x 68B)
Class kotlin.Pair                                                                     : loaded 4 times (x 69B)
Class com.google.common.collect.AbstractMapEntry                                      : loaded 4 times (x 78B)
Class com.google.common.collect.SingletonImmutableBiMap                               : loaded 4 times (x 140B)
Class com.google.common.collect.UnmodifiableIterator                                  : loaded 4 times (x 77B)
Class com.google.common.collect.Sets$2                                                : loaded 4 times (x 136B)
Class com.google.common.collect.Platform                                              : loaded 4 times (x 68B)
Class kotlin.collections.CollectionsKt__IteratorsJVMKt                                : loaded 4 times (x 68B)
Class kotlin.sequences.Sequence                                                       : loaded 4 times (x 67B)
Class com.google.common.base.Joiner                                                   : loaded 4 times (x 76B)
Class kotlin.jvm.internal.FunctionBase                                                : loaded 4 times (x 67B)
Class kotlin.text.StringsKt__StringNumberConversionsJVMKt                             : loaded 4 times (x 68B)
Class com.google.common.collect.ImmutableCollection$Builder                           : loaded 4 times (x 73B)
Class com.google.common.collect.Iterators$ArrayItr                                    : loaded 4 times (x 94B)
Class kotlin.jvm.internal.FunctionReference                                           : loaded 4 times (x 119B)
Class kotlin.enums.EnumEntriesList                                                    : loaded 4 times (x 220B)
Class com.google.common.collect.Maps$IteratorBasedAbstractMap$1                       : loaded 4 times (x 135B)
Class kotlin.collections.CollectionsKt__CollectionsKt                                 : loaded 4 times (x 68B)
Class kotlin.collections.ArraysKt___ArraysJvmKt                                       : loaded 4 times (x 68B)
Class kotlin.text.StringsKt__RegexExtensionsJVMKt                                     : loaded 4 times (x 68B)
Class com.google.common.collect.MapDifference                                         : loaded 4 times (x 67B)
Class com.google.common.collect.TransformedIterator                                   : loaded 4 times (x 77B)
Class kotlin.collections.MapWithDefault                                               : loaded 4 times (x 67B)
Class com.google.common.collect.Sets$4                                                : loaded 4 times (x 136B)
Class com.google.common.collect.Sets$3                                                : loaded 4 times (x 136B)
Class com.google.common.collect.LexicographicalOrdering                               : loaded 3 times (x 112B)
Class kotlin.reflect.jvm.internal.RuntimeTypeMapper                                   : loaded 3 times (x 68B)
Class kotlin.coroutines.jvm.internal.DebugProbesKt                                    : loaded 3 times (x 68B)
Class kotlin.coroutines.CoroutineContext                                              : loaded 3 times (x 67B)
Class kotlin.reflect.KMutableProperty2                                                : loaded 3 times (x 67B)
Class com.google.common.cache.AbstractCache$StatsCounter                              : loaded 3 times (x 67B)
Class kotlin.reflect.KMutableProperty1                                                : loaded 3 times (x 67B)
Class com.google.common.cache.LocalCache$Strength$1                                   : loaded 3 times (x 78B)
Class [Lcom.google.common.collect.LinkedHashMultimap$ValueEntry;                      : loaded 3 times (x 66B)
Class kotlin.coroutines.jvm.internal.CoroutineStackFrame                              : loaded 3 times (x 67B)
Class kotlin.coroutines.intrinsics.IntrinsicsKt__IntrinsicsJvmKt                      : loaded 3 times (x 68B)
Class com.google.common.collect.ForwardingObject                                      : loaded 3 times (x 69B)
Class com.google.common.base.CaseFormat$3                                             : loaded 3 times (x 80B)
Class kotlin.jvm.functions.Function21                                                 : loaded 3 times (x 67B)
Class com.google.common.cache.CacheLoader$1                                           : loaded 3 times (x 72B)
Class kotlin.reflect.KClassifier                                                      : loaded 3 times (x 67B)
Class kotlin.reflect.KMutableProperty0                                                : loaded 3 times (x 67B)
Class kotlin.reflect.jvm.internal.impl.name.ClassId                                   : loaded 3 times (x 69B)
Class com.google.common.collect.ImmutableMultimap$EntryCollection                     : loaded 3 times (x 125B)
Class kotlin.coroutines.jvm.internal.SuspendFunction                                  : loaded 3 times (x 67B)
Class com.google.common.cache.LocalCache$EntryFactory$8                               : loaded 3 times (x 80B)
Class com.google.common.collect.Maps$KeySet                                           : loaded 3 times (x 134B)
Class com.google.common.collect.ImmutableMultimap$Builder                             : loaded 3 times (x 80B)
Class com.google.common.cache.LocalCache$EntryFactory$7                               : loaded 3 times (x 80B)
Class com.google.common.cache.LocalCache$Strength$2                                   : loaded 3 times (x 78B)
Class com.google.common.collect.MultimapBuilder$4                                     : loaded 3 times (x 81B)
Class [Lkotlin.reflect.KProperty;                                                     : loaded 3 times (x 66B)
Class com.google.common.collect.Collections2$FilteredCollection                       : loaded 3 times (x 116B)
Class com.google.common.cache.LocalCache$EntryFactory$6                               : loaded 3 times (x 80B)
Class com.google.common.collect.MultimapBuilder$3                                     : loaded 3 times (x 81B)
Class com.google.common.collect.ReverseOrdering                                       : loaded 3 times (x 112B)
Class com.google.common.cache.LocalCache$EntryFactory$5                               : loaded 3 times (x 80B)
Class com.google.common.collect.EmptyImmutableSetMultimap                             : loaded 3 times (x 177B)
Class com.google.common.base.CaseFormat$4                                             : loaded 3 times (x 80B)
Class kotlin.jvm.functions.Function22                                                 : loaded 3 times (x 67B)
Class com.google.common.collect.MultimapBuilder$MultimapBuilderWithKeys               : loaded 3 times (x 79B)
Class kotlin.annotation.AnnotationRetention                                           : loaded 3 times (x 76B)
Class com.google.common.collect.MultimapBuilder$2                                     : loaded 3 times (x 80B)
Class com.google.common.cache.LocalCache$EntryFactory$4                               : loaded 3 times (x 80B)
Class com.google.common.collect.MultimapBuilder$1                                     : loaded 3 times (x 80B)
Class kotlin.reflect.KMutableProperty$Setter                                          : loaded 3 times (x 67B)
Class kotlin.jvm.functions.Function19                                                 : loaded 3 times (x 67B)
Class com.google.common.base.Ticker$1                                                 : loaded 3 times (x 69B)
Class com.google.common.base.Splitter$1                                               : loaded 3 times (x 74B)
Class com.google.common.cache.LocalCache$Strength$3                                   : loaded 3 times (x 78B)
Class com.google.common.cache.LocalCache$EntryFactory$3                               : loaded 3 times (x 80B)
Class kotlin.reflect.jvm.internal.CachesKt                                            : loaded 3 times (x 68B)
Class [Lcom.google.common.collect.Maps$EntryFunction;                                 : loaded 3 times (x 66B)
Class kotlin.jvm.functions.Function18                                                 : loaded 3 times (x 67B)
Class com.google.common.collect.AllEqualOrdering                                      : loaded 3 times (x 111B)
Class com.google.common.cache.LocalCache$EntryFactory$2                               : loaded 3 times (x 80B)
Class kotlin.jvm.functions.Function17                                                 : loaded 3 times (x 67B)
Class [Lcom.google.common.cache.RemovalListener;                                      : loaded 3 times (x 66B)
Class com.google.common.cache.LocalCache$EntryFactory$1                               : loaded 3 times (x 80B)
Class kotlin.reflect.jvm.internal.impl.builtins.CompanionObjectMapping                : loaded 3 times (x 68B)
Class kotlin.jvm.functions.Function20                                                 : loaded 3 times (x 67B)
Class com.google.common.base.CaseFormat$5                                             : loaded 3 times (x 80B)
Class kotlin.reflect.jvm.internal.CacheByClassKt                                      : loaded 3 times (x 68B)
Class kotlin.jvm.functions.Function16                                                 : loaded 3 times (x 67B)
Class com.google.common.collect.ImmutableSetMultimap                                  : loaded 3 times (x 177B)
Class com.google.common.collect.ByFunctionOrdering                                    : loaded 3 times (x 112B)
Class com.google.common.base.CaseFormat$2                                             : loaded 3 times (x 80B)
Class kotlin.coroutines.EmptyCoroutineContext                                         : loaded 3 times (x 74B)
Class kotlin.reflect.KTypeParameter                                                   : loaded 3 times (x 67B)
Class kotlin.jvm.internal.MutablePropertyReference0                                   : loaded 3 times (x 134B)
Class kotlin.jvm.internal.CollectionToArray                                           : loaded 3 times (x 68B)
Class kotlin.jvm.functions.Function15                                                 : loaded 3 times (x 67B)
Class com.google.common.cache.LocalCache$LocalLoadingCache                            : loaded 3 times (x 131B)
Class com.google.common.collect.MultimapBuilder$MultimapBuilderWithKeys$6             : loaded 3 times (x 73B)
Class kotlin.jvm.functions.Function14                                                 : loaded 3 times (x 67B)
Class com.google.common.collect.AbstractIterator$State                                : loaded 3 times (x 76B)
Class com.google.common.cache.CacheBuilder$NullListener                               : loaded 3 times (x 79B)
Class com.google.common.collect.ImmutableMultimap$2                                   : loaded 3 times (x 78B)
Class com.google.common.cache.LocalCache$ValueReference                               : loaded 3 times (x 67B)
Class com.google.common.collect.MultimapBuilder$MultimapBuilderWithKeys$5             : loaded 3 times (x 75B)
Class com.google.common.util.concurrent.ExecutionError                                : loaded 3 times (x 79B)
Class kotlin.jvm.functions.Function13                                                 : loaded 3 times (x 67B)
Class com.google.common.collect.ImmutableMultimap$1                                   : loaded 3 times (x 79B)
Class kotlin.sequences.SequenceBuilderIterator                                        : loaded 3 times (x 82B)
Class com.google.common.collect.MultimapBuilder$MultimapBuilderWithKeys$4             : loaded 3 times (x 73B)
Class kotlin.jvm.functions.Function12                                                 : loaded 3 times (x 67B)
Class kotlin._Assertions                                                              : loaded 3 times (x 68B)
Class kotlin.coroutines.intrinsics.CoroutineSingletons                                : loaded 3 times (x 76B)
Class [Lcom.google.common.cache.Weigher;                                              : loaded 3 times (x 66B)
Class com.google.common.collect.MultimapBuilder$MultimapBuilderWithKeys$3             : loaded 3 times (x 73B)
Class com.google.common.collect.AbstractMapBasedMultimap$WrappedCollection            : loaded 3 times (x 121B)
Class kotlin.jvm.functions.Function11                                                 : loaded 3 times (x 67B)
Class kotlin.text.Regex$Companion                                                     : loaded 3 times (x 68B)
Class com.google.common.base.CaseFormat                                               : loaded 3 times (x 80B)
Class kotlin.jvm.internal.markers.KMutableCollection                                  : loaded 3 times (x 67B)
Class kotlin.coroutines.intrinsics.IntrinsicsKt                                       : loaded 3 times (x 68B)
Class com.google.common.collect.FluentIterable                                        : loaded 3 times (x 78B)
Class com.google.common.cache.LoadingCache                                            : loaded 3 times (x 67B)
Class com.google.common.collect.MultimapBuilder$MultimapBuilderWithKeys$2             : loaded 3 times (x 73B)
Class kotlin.reflect.jvm.internal.EmptyContainerForLocal                              : loaded 3 times (x 81B)
Class com.google.common.cache.CacheLoader$FunctionToCacheLoader                       : loaded 3 times (x 72B)
Class [Lkotlin.coroutines.intrinsics.CoroutineSingletons;                             : loaded 3 times (x 66B)
Class com.google.common.collect.LinkedHashMultimap$ValueSet                           : loaded 3 times (x 139B)
Class [Lkotlin.reflect.KClassifier;                                                   : loaded 3 times (x 66B)
Class [Lkotlin.LazyThreadSafetyMode;                                                  : loaded 3 times (x 66B)
Class kotlin.annotation.MustBeDocumented                                              : loaded 3 times (x 67B)
Class kotlin.jvm.functions.Function9                                                  : loaded 3 times (x 67B)
Class kotlin.jvm.functions.Function10                                                 : loaded 3 times (x 67B)
Class com.google.common.collect.ImmutableListMultimap                                 : loaded 3 times (x 173B)
Class kotlin.reflect.jvm.internal.impl.name.StandardClassIds                          : loaded 3 times (x 68B)
Class [Lkotlin.reflect.jvm.internal.impl.name.ClassId;                                : loaded 3 times (x 66B)
Class com.google.common.collect.ImmutableMapKeySet                                    : loaded 3 times (x 149B)
Class com.google.common.collect.Maps$13                                               : loaded 3 times (x 82B)
Class com.google.common.cache.CacheLoader$InvalidCacheLoadException                   : loaded 3 times (x 79B)
Class com.google.common.collect.MultimapBuilder$MultimapBuilderWithKeys$1             : loaded 3 times (x 73B)
Class [Lkotlin.annotation.AnnotationTarget;                                           : loaded 3 times (x 66B)
Class kotlin.SafePublicationLazyImpl$Companion                                        : loaded 3 times (x 68B)
Class kotlin.jvm.internal.PropertyReference1Impl                                      : loaded 3 times (x 124B)
Class kotlin.reflect.jvm.internal.impl.name.FqNameUnsafe                              : loaded 3 times (x 69B)
Class [Lkotlin.annotation.AnnotationRetention;                                        : loaded 3 times (x 66B)
Class kotlin.jvm.functions.Function8                                                  : loaded 3 times (x 67B)
Class com.google.common.collect.Maps$12                                               : loaded 3 times (x 79B)
Class kotlin.collections.builders.MapBuilder$Companion                                : loaded 3 times (x 68B)
Class com.google.common.collect.NullsLastOrdering                                     : loaded 3 times (x 112B)
Class com.google.common.collect.Iterables$5                                           : loaded 3 times (x 78B)
Class com.google.common.base.Splitter$1$1                                             : loaded 3 times (x 83B)
Class kotlin.jvm.internal.MutablePropertyReference1                                   : loaded 3 times (x 134B)
Class kotlin.reflect.jvm.internal.KPropertyImpl$Companion                             : loaded 3 times (x 68B)
Class kotlin.reflect.jvm.internal.impl.name.Name                                      : loaded 3 times (x 72B)
Class kotlin.jvm.functions.Function7                                                  : loaded 3 times (x 67B)
Class com.google.common.cache.LocalCache$EntryFactory                                 : loaded 3 times (x 80B)
Class kotlin.reflect.jvm.internal.KTypeParameterOwnerImpl                             : loaded 3 times (x 67B)
Class kotlin.jvm.functions.Function6                                                  : loaded 3 times (x 67B)
Class com.google.common.collect.Maps$AbstractFilteredMap                              : loaded 3 times (x 124B)
Class kotlin.jvm.functions.Function5                                                  : loaded 3 times (x 67B)
Class com.google.common.collect.EmptyImmutableListMultimap                            : loaded 3 times (x 173B)
Class kotlin.collections.builders.ListBuilder$Companion                               : loaded 3 times (x 68B)
Class kotlin.collections.builders.ListBuilder                                         : loaded 3 times (x 204B)
Class com.google.common.collect.ImmutableListMultimap$Builder                         : loaded 3 times (x 80B)
Class kotlin.reflect.jvm.internal.KClassImpl$Data                                     : loaded 3 times (x 69B)
Class kotlin.comparisons.ComparisonsKt___ComparisonsJvmKt                             : loaded 3 times (x 68B)
Class com.google.common.base.MoreObjects                                              : loaded 3 times (x 68B)
Class com.google.common.collect.BaseImmutableMultimap                                 : loaded 3 times (x 120B)
Class kotlin.reflect.jvm.internal.impl.builtins.PrimitiveType$Companion               : loaded 3 times (x 68B)
Class kotlin.reflect.jvm.internal.impl.name.FqNamesUtilKt                             : loaded 3 times (x 68B)
Class kotlin.reflect.jvm.internal.impl.name.StandardClassIdsKt                        : loaded 3 times (x 68B)
Class kotlin.collections.builders.MapBuilder                                          : loaded 3 times (x 109B)
Class kotlin.jvm.functions.Function4                                                  : loaded 3 times (x 67B)
Class kotlin.reflect.jvm.internal.KDeclarationContainerImpl$Data                      : loaded 3 times (x 69B)
Class kotlin.jvm.functions.Function3                                                  : loaded 3 times (x 67B)
Class com.google.common.cache.CacheBuilder$2                                          : loaded 3 times (x 76B)
Class com.google.common.cache.LocalCache                                              : loaded 3 times (x 184B)
Class kotlin.reflect.jvm.internal.ReflectProperties$Val                               : loaded 3 times (x 71B)
Class kotlin.jvm.internal.MutablePropertyReference2                                   : loaded 3 times (x 134B)
Class com.google.common.collect.ImmutableSortedSet$Builder                            : loaded 3 times (x 83B)
Class kotlin.jvm.internal.markers.KMutableIterator                                    : loaded 3 times (x 67B)
Class com.google.common.cache.CacheBuilder$1                                          : loaded 3 times (x 82B)
Class [Lcom.google.common.cache.LocalCache$Strength;                                  : loaded 3 times (x 66B)
Class [Lcom.google.common.cache.LocalCache$Segment;                                   : loaded 3 times (x 66B)
Class com.google.common.collect.MultimapBuilder$SetMultimapBuilder                    : loaded 3 times (x 72B)
Class kotlin.collections.builders.ListBuilder$Itr                                     : loaded 3 times (x 91B)
Class kotlin.collections.AbstractMutableList                                          : loaded 3 times (x 203B)
Class com.google.common.base.Ticker                                                   : loaded 3 times (x 69B)
Class kotlin.reflect.jvm.internal.KClassImpl                                          : loaded 3 times (x 112B)
Class [Lkotlin.DeprecationLevel;                                                      : loaded 3 times (x 66B)
Class com.google.common.collect.MultimapBuilder$SortedSetMultimapBuilder              : loaded 3 times (x 74B)
Class com.google.common.collect.ImmutableMultisetGwtSerializationDependencies         : loaded 3 times (x 122B)
Class kotlin.jvm.internal.markers.KMutableIterable                                    : loaded 3 times (x 67B)
Class kotlin.Result                                                                   : loaded 3 times (x 69B)
Class kotlin.reflect.KProperty0                                                       : loaded 3 times (x 67B)
Class kotlin.reflect.jvm.internal.ReflectProperties$Val$1                             : loaded 3 times (x 68B)
Class com.google.common.cache.CacheStats                                              : loaded 3 times (x 68B)
Class kotlin.reflect.KType                                                            : loaded 3 times (x 67B)
Class com.google.common.collect.Sets$FilteredSet                                      : loaded 3 times (x 134B)
Class kotlin.Result$Companion                                                         : loaded 3 times (x 68B)
Class kotlin.comparisons.ComparisonsKt___ComparisonsKt                                : loaded 3 times (x 68B)
Class kotlin.comparisons.ComparisonsKt                                                : loaded 3 times (x 68B)
Class kotlin.coroutines.jvm.internal.BaseContinuationImpl                             : loaded 3 times (x 84B)
Class com.google.common.cache.LocalCache$1                                            : loaded 3 times (x 86B)
Class com.google.common.base.AbstractIterator                                         : loaded 3 times (x 77B)
Class kotlin.jvm.internal.ClassBasedDeclarationContainer                              : loaded 3 times (x 67B)
Class [Lkotlin.reflect.jvm.internal.impl.resolve.jvm.JvmPrimitiveType;                : loaded 3 times (x 66B)
Class kotlin.reflect.jvm.internal.impl.builtins.jvm.JavaToKotlinClassMap$PlatformMutabilityMapping: loaded 3 times (x 69B)
Class com.google.common.base.CaseFormat$1                                             : loaded 3 times (x 80B)
Class kotlin.reflect.KClass                                                           : loaded 3 times (x 67B)
Class kotlin.reflect.KProperty1                                                       : loaded 3 times (x 67B)
Class kotlin.comparisons.ComparisonsKt__ComparisonsKt                                 : loaded 3 times (x 68B)
Class kotlin.coroutines.Continuation                                                  : loaded 3 times (x 67B)
Class [Lcom.google.common.cache.CacheBuilder$NullListener;                            : loaded 3 times (x 66B)
Class kotlin.jvm.internal.ReflectionFactory                                           : loaded 3 times (x 88B)
Class com.google.common.graph.SuccessorsFunction                                      : loaded 3 times (x 67B)
Class kotlin.text.Regex                                                               : loaded 3 times (x 69B)
Class [Lcom.google.common.cache.CacheBuilder$OneWeigher;                              : loaded 3 times (x 66B)
Class com.google.common.cache.LocalCache$2                                            : loaded 3 times (x 139B)
Class com.google.common.collect.Maps$9                                                : loaded 3 times (x 73B)
Class kotlin.sequences.SequencesKt__SequenceBuilderKt$sequence$$inlined$Sequence$1    : loaded 3 times (x 72B)
Class com.google.common.base.Predicates$CompositionPredicate                          : loaded 3 times (x 85B)
Class com.google.common.collect.CompoundOrdering                                      : loaded 3 times (x 112B)
Class kotlin.coroutines.jvm.internal.RestrictedSuspendLambda                          : loaded 3 times (x 88B)
Class kotlin.jvm.internal.SpreadBuilder                                               : loaded 3 times (x 73B)
Class com.google.common.collect.CollectSpliterators                                   : loaded 3 times (x 68B)
Class kotlin.reflect.full.IllegalPropertyDelegateAccessException                      : loaded 3 times (x 79B)
Class kotlin.LazyThreadSafetyMode                                                     : loaded 3 times (x 76B)
Class [Lkotlin.reflect.jvm.internal.impl.builtins.jvm.JavaToKotlinClassMap$PlatformMutabilityMapping;: loaded 3 times (x 66B)
Class com.google.common.collect.LinkedHashMultimapGwtSerializationDependencies        : loaded 3 times (x 171B)
Class com.google.common.collect.NaturalOrdering                                       : loaded 3 times (x 112B)
Class com.google.common.cache.LocalCache$LoadingValueReference                        : loaded 3 times (x 94B)
Class kotlin.jvm.internal.MutablePropertyReference                                    : loaded 3 times (x 116B)
Class kotlin.collections.CollectionsKt___CollectionsKt$withIndex$1                    : loaded 3 times (x 76B)
Class kotlin.jvm.internal.PropertyReference2                                          : loaded 3 times (x 124B)
Class kotlin.reflect.KProperty2                                                       : loaded 3 times (x 67B)
Class kotlin.LazyKt__LazyJVMKt$WhenMappings                                           : loaded 3 times (x 68B)
Class com.google.common.collect.MultimapBuilder$ListMultimapBuilder                   : loaded 3 times (x 72B)
Class kotlin.jvm.internal.PropertyReference1                                          : loaded 3 times (x 124B)
Class kotlin.jvm.internal.DefaultConstructorMarker                                    : loaded 3 times (x 68B)
Class kotlin.reflect.full.IllegalCallableAccessException                              : loaded 3 times (x 79B)
Class com.google.common.collect.AbstractMapBasedMultimap$WrappedSet                   : loaded 3 times (x 139B)
Class kotlin.jvm.internal.PropertyReference0                                          : loaded 3 times (x 124B)
Class kotlin.streams.jdk8.StreamsKt                                                   : loaded 3 times (x 68B)
Class com.google.common.collect.SortedIterables                                       : loaded 3 times (x 68B)
Class kotlin.reflect.jvm.internal.KDeclarationContainerImpl$Companion                 : loaded 3 times (x 68B)
Class com.google.common.collect.Maps$EntryFunction                                    : loaded 3 times (x 88B)
Class com.google.common.collect.IndexedImmutableSet$1                                 : loaded 3 times (x 210B)
Class kotlin.jvm.internal.markers.KMutableListIterator                                : loaded 3 times (x 67B)
Class com.google.common.cache.CacheBuilder$OneWeigher                                 : loaded 3 times (x 79B)
Class kotlin.reflect.jvm.internal.impl.name.FqName                                    : loaded 3 times (x 69B)
Class kotlin.reflect.jvm.internal.impl.utils.CollectionsKt                            : loaded 3 times (x 68B)
Class [Lkotlin.reflect.KClass;                                                        : loaded 3 times (x 66B)
Class com.google.common.base.Splitter$Strategy                                        : loaded 3 times (x 67B)
Class kotlin.reflect.jvm.internal.CacheByClass                                        : loaded 3 times (x 70B)
Class kotlin.sequences.SequenceScope                                                  : loaded 3 times (x 70B)
Class com.google.common.collect.ImmutableMultimap                                     : loaded 3 times (x 144B)
Class com.google.common.base.Predicates                                               : loaded 3 times (x 68B)
Class com.google.common.collect.Maps$ViewCachingAbstractMap                           : loaded 3 times (x 122B)
Class kotlin.reflect.jvm.internal.impl.descriptors.runtime.structure.ReflectClassUtilKt: loaded 3 times (x 68B)
Class kotlin.jvm.internal.markers.KMutableMap                                         : loaded 3 times (x 67B)
Class com.google.common.base.CharMatcher$None                                         : loaded 3 times (x 109B)
Class kotlin.collections.AbstractList$IteratorImpl                                    : loaded 3 times (x 79B)
Class com.google.common.collect.AbstractMapBasedMultimap$KeySet                       : loaded 3 times (x 134B)
Class com.google.common.collect.ReverseNaturalOrdering                                : loaded 3 times (x 111B)
Class com.google.common.collect.LinkedHashMultimap$ValueEntry                         : loaded 3 times (x 86B)
Class kotlin.reflect.jvm.internal.impl.builtins.PrimitiveType                         : loaded 3 times (x 76B)
Class com.google.common.base.CommonPattern                                            : loaded 3 times (x 71B)
Class com.google.common.cache.LocalCache$LocalManualCache                             : loaded 3 times (x 96B)
Class kotlin.jvm.internal.MutablePropertyReference1Impl                               : loaded 3 times (x 134B)
Class [Lcom.google.common.cache.LocalCache$EntryFactory;                              : loaded 3 times (x 66B)
Class [Lcom.google.common.collect.AbstractIterator$State;                             : loaded 3 times (x 66B)
Class kotlin.jvm.internal.markers.KMutableList                                        : loaded 3 times (x 67B)
Class com.google.common.collect.UsingToStringOrdering                                 : loaded 3 times (x 111B)
Class com.google.common.base.CaseFormat$StringConverter                               : loaded 3 times (x 87B)
Class com.google.common.collect.ImmutableMultiset                                     : loaded 3 times (x 160B)
Class kotlin.coroutines.jvm.internal.RestrictedContinuationImpl                       : loaded 3 times (x 84B)
Class [Lcom.google.common.base.Function;                                              : loaded 3 times (x 66B)
Class com.google.common.cache.CacheLoader$SupplierToCacheLoader                       : loaded 3 times (x 72B)
Class kotlin.collections.IndexedValue                                                 : loaded 3 times (x 69B)
Class kotlin.reflect.jvm.internal.impl.name.SpecialNames                              : loaded 3 times (x 68B)
Class com.google.common.collect.ImmutableSetMultimap$EntrySet                         : loaded 3 times (x 143B)
Class com.google.common.collect.LinkedHashMultimap$ValueSetLink                       : loaded 3 times (x 67B)
Class com.google.common.collect.Ordering                                              : loaded 3 times (x 111B)
Class com.google.common.cache.ReferenceEntry                                          : loaded 3 times (x 67B)
Class com.google.common.collect.Multimaps$CustomListMultimap                          : loaded 3 times (x 171B)
Class kotlin.reflect.jvm.internal.KDeclarationContainerImpl                           : loaded 3 times (x 81B)
Class com.google.common.collect.ImmutableMultimap$Values                              : loaded 3 times (x 123B)
Class com.google.common.util.concurrent.UncheckedExecutionException                   : loaded 3 times (x 79B)
Class com.google.common.collect.ImmutableSortedAsList                                 : loaded 3 times (x 218B)
Class kotlin.coroutines.intrinsics.IntrinsicsKt__IntrinsicsKt                         : loaded 3 times (x 68B)
Class com.google.common.cache.LocalCache$LocalManualCache$1                           : loaded 3 times (x 72B)
Class com.google.common.collect.ExplicitOrdering                                      : loaded 3 times (x 112B)
Class com.google.common.collect.MultimapBuilder$ArrayListSupplier                     : loaded 3 times (x 74B)
Class com.google.common.base.Splitter$SplittingIterator                               : loaded 3 times (x 81B)
Class kotlin.reflect.jvm.internal.ReflectProperties                                   : loaded 3 times (x 68B)
Class kotlin.SafePublicationLazyImpl                                                  : loaded 3 times (x 73B)
Class com.google.common.cache.CacheLoader                                             : loaded 3 times (x 71B)
Class kotlin.reflect.KProperty$Getter                                                 : loaded 3 times (x 67B)
Class com.google.common.cache.LocalCache$Segment                                      : loaded 3 times (x 151B)
Class com.google.common.collect.MultimapBuilder                                       : loaded 3 times (x 70B)
Class kotlin.reflect.jvm.internal.KProperty1Impl                                      : loaded 3 times (x 125B)
Class kotlin.reflect.jvm.internal.KMutableProperty1Impl                               : loaded 3 times (x 132B)
Class [Ldagger.hilt.processor.internal.optionvalues.GradleProjectType;                : loaded 3 times (x 66B)
Class com.google.common.cache.LocalCache$ComputingValueReference                      : loaded 3 times (x 94B)
Class [Lcom.google.common.base.CaseFormat;                                            : loaded 3 times (x 66B)
Class com.google.common.base.Suppliers$SupplierOfInstance                             : loaded 3 times (x 76B)
Class [Lkotlin.reflect.KDeclarationContainer;                                         : loaded 3 times (x 66B)
Class com.google.common.collect.Sets$1$1                                              : loaded 3 times (x 79B)
Class [Lkotlin.reflect.jvm.internal.impl.name.FqName;                                 : loaded 3 times (x 66B)
Class kotlin.reflect.jvm.internal.KPackageImpl                                        : loaded 3 times (x 82B)
Class com.google.common.base.Equivalence$Wrapper                                      : loaded 3 times (x 69B)
Class com.google.common.base.JdkPattern                                               : loaded 3 times (x 72B)
Class com.google.common.collect.AbstractIterator$1                                    : loaded 3 times (x 68B)
Class com.google.common.cache.CacheBuilder                                            : loaded 3 times (x 69B)
Class com.google.common.collect.CollectSpliterators$1WithCharacteristics              : loaded 3 times (x 87B)
Class kotlin.reflect.jvm.internal.ComputableClassValue                                : loaded 3 times (x 77B)
Class kotlin.reflect.jvm.internal.impl.resolve.jvm.JvmPrimitiveType                   : loaded 3 times (x 76B)
Class com.google.common.base.ExtraObjectsMethodsForWeb                                : loaded 3 times (x 68B)
Class kotlin.jvm.internal.Reflection                                                  : loaded 3 times (x 68B)
Class kotlin.reflect.KProperty                                                        : loaded 3 times (x 67B)
Class kotlin.jvm.JvmClassMappingKt                                                    : loaded 3 times (x 68B)
Class kotlin.reflect.jvm.internal.KPropertyImpl                                       : loaded 3 times (x 112B)
Class kotlin.annotation.AnnotationTarget                                              : loaded 3 times (x 76B)
Class com.google.common.collect.ImmutableMultimap$Keys                                : loaded 3 times (x 163B)
Class com.google.common.collect.Maps$EntryFunction$2                                  : loaded 3 times (x 88B)
Class kotlin.reflect.jvm.internal.impl.name.FqNameUnsafe$1                            : loaded 3 times (x 71B)
Class [Lkotlin.reflect.KAnnotatedElement;                                             : loaded 3 times (x 66B)
Class kotlin.reflect.jvm.internal.ReflectProperties$LazySoftVal                       : loaded 3 times (x 75B)
Class [Lkotlin.reflect.jvm.internal.impl.builtins.PrimitiveType;                      : loaded 3 times (x 66B)
Class kotlin.reflect.jvm.internal.impl.builtins.StandardNames                         : loaded 3 times (x 68B)
Class com.google.common.collect.Maps$TransformedEntriesMap                            : loaded 3 times (x 124B)
Class com.google.common.cache.CacheLoader$UnsupportedLoadingOperationException        : loaded 3 times (x 79B)
Class com.google.common.collect.LinkedHashMultimap                                    : loaded 3 times (x 172B)
Class com.google.common.collect.AbstractMapBasedMultimap$WrappedCollection$WrappedIterator: loaded 3 times (x 81B)
Class com.google.common.collect.Maps$EntryFunction$1                                  : loaded 3 times (x 88B)
Class com.google.common.cache.RemovalListener                                         : loaded 3 times (x 67B)
Class kotlin.collections.IndexingIterator                                             : loaded 3 times (x 76B)
Class kotlin.jvm.internal.PropertyReference                                           : loaded 3 times (x 112B)
Class com.google.common.cache.Cache                                                   : loaded 3 times (x 67B)
Class com.google.common.cache.LocalCache$Strength                                     : loaded 3 times (x 78B)
Class kotlin.reflect.KMutableProperty                                                 : loaded 3 times (x 67B)
Class kotlin.DeprecationLevel                                                         : loaded 3 times (x 76B)
Class kotlin.reflect.jvm.internal.KClassifierImpl                                     : loaded 3 times (x 67B)
Class com.google.common.collect.AbstractMapBasedMultimap$KeySet$1                     : loaded 3 times (x 79B)
Class [Lcom.google.common.collect.LinkedHashMultimap$ValueSetLink;                    : loaded 3 times (x 66B)
Class com.google.common.cache.Weigher                                                 : loaded 3 times (x 67B)
Class com.google.common.base.Splitter                                                 : loaded 3 times (x 69B)
Class dagger.hilt.processor.internal.optionvalues.GradleProjectType                   : loaded 3 times (x 76B)
Class kotlin.reflect.jvm.internal.ReflectionFactoryImpl                               : loaded 3 times (x 88B)
Class [Lkotlin.reflect.KCallable;                                                     : loaded 3 times (x 66B)
Class kotlin.reflect.jvm.internal.KotlinReflectionInternalError                       : loaded 3 times (x 79B)
Class kotlin.reflect.KProperty$Accessor                                               : loaded 3 times (x 67B)
Class kotlin.reflect.jvm.internal.impl.builtins.jvm.JavaToKotlinClassMap              : loaded 3 times (x 68B)
Class com.google.common.collect.ImmutableSetMultimap$Builder                          : loaded 3 times (x 80B)
Class com.google.common.collect.ComparatorOrdering                                    : loaded 3 times (x 112B)
Class kotlin.Result$Failure                                                           : loaded 3 times (x 69B)
Class kotlin.collections.IndexingIterable                                             : loaded 3 times (x 76B)
Class com.google.common.base.Objects                                                  : loaded 3 times (x 68B)
Class com.google.common.collect.FluentIterable$1                                      : loaded 3 times (x 78B)
Class com.google.common.collect.FluentIterable$3                                      : loaded 3 times (x 78B)
Class kotlin.reflect.jvm.internal.ClassValueCache                                     : loaded 3 times (x 71B)
Class com.google.common.collect.NullsFirstOrdering                                    : loaded 3 times (x 112B)
Class kotlin.ResultKt                                                                 : loaded 3 times (x 68B)
Class kotlin.collections.builders.ListBuilderKt                                       : loaded 3 times (x 68B)
Class com.google.common.collect.FluentIterable$2                                      : loaded 3 times (x 78B)
Class kotlin.reflect.jvm.internal.impl.builtins.StandardNames$FqNames                 : loaded 3 times (x 68B)
Class kotlin.reflect.jvm.internal.KCallableImpl                                       : loaded 3 times (x 102B)
Class [Landroidx.room.compiler.processing.XProcessingEnv$Backend;                     : loaded 2 times (x 66B)
Class dagger.spi.internal.shaded.androidx.room.compiler.processing.javac.JavacConstructorElement$executableType$2: loaded 2 times (x 76B)
Class com.google.common.collect.AbstractMapBasedMultimap$Itr                          : loaded 2 times (x 80B)
Class androidx.room.util.SimpleJavaVersion$compareTo$$inlined$compareBy$1             : loaded 2 times (x 86B)
Class dagger.internal.codegen.processingstep.BindingMethodProcessingStep              : loaded 2 times (x 83B)
Class dagger.spi.internal.shaded.androidx.room.jarjarred.kotlinx.metadata.internal.metadata.ProtoBuf$ClassOrBuilder: loaded 2 times (x 67B)
Class dagger.spi.internal.shaded.androidx.room.jarjarred.kotlinx.metadata.internal.protobuf.MessageLite: loaded 2 times (x 67B)
Class dagger.spi.internal.shaded.androidx.room.compiler.processing.javac.JavacMethodElement$executableType$2: loaded 2 times (x 76B)
Class dagger.spi.internal.shaded.androidx.room.jarjarred.kotlinx.metadata.internal.metadata.ProtoBuf$Package$1: loaded 2 times (x 141B)
Class com.squareup.javapoet.JavaFile$Builder                                          : loaded 2 times (x 69B)
Class kotlin.reflect.jvm.internal.KCallableImpl$_absentArguments$1                    : loaded 2 times (x 76B)
Class dagger.spi.internal.shaded.androidx.room.compiler.processing.InternalXAnnotation$valuesByName$2: loaded 2 times (x 76B)
Class dagger.hilt.processor.internal.aliasof.AliasOfProcessor                         : loaded 2 times (x 97B)
Class org.objectweb.asm.FieldVisitor                                                  : loaded 2 times (x 74B)
Class org.gradle.api.internal.classpath.DefaultModuleRegistry$DefaultModule           : loaded 2 times (x 83B)
Class dagger.spi.internal.shaded.androidx.room.jarjarred.kotlinx.metadata.jvm.JvmTypeParameterExtensionVisitor: loaded 2 times (x 76B)
Class [[Ldagger.internal.codegen.compileroption.ProcessingEnvironmentCompilerOptions$CommandLineOption;: loaded 2 times (x 66B)
Class dagger.internal.codegen.model.AutoValue_DependencyRequest                       : loaded 2 times (x 73B)
Class dagger.spi.internal.shaded.androidx.room.compiler.processing.util.MemoizedSequence$CachedIterator: loaded 2 times (x 76B)
Class dagger.spi.internal.shaded.androidx.room.compiler.processing.XConstructorType   : loaded 2 times (x 67B)
Class dagger.internal.codegen.binding.InjectionSiteFactory$InjectionSiteVisitor       : loaded 2 times (x 69B)
Class dagger.internal.codegen.model.BindingGraph$MaybeBinding                         : loaded 2 times (x 67B)
Class dagger.internal.codegen.validation.BindsOptionalOfMethodValidator$Validator     : loaded 2 times (x 77B)
Class dagger.internal.codegen.ServiceLoaders                                          : loaded 2 times (x 68B)
Class dagger.spi.internal.shaded.androidx.room.jarjarred.kotlinx.metadata.KmValueParameter: loaded 2 times (x 74B)
Class dagger.spi.internal.shaded.androidx.room.jarjarred.kotlinx.metadata.internal.extensions.KmConstructorExtension: loaded 2 times (x 67B)
Class dagger.spi.internal.shaded.androidx.room.jarjarred.kotlinx.metadata.Attributes$modality$2: loaded 2 times (x 134B)
Class dagger.spi.internal.shaded.androidx.room.jarjarred.kotlinx.metadata.jvm.internal.JvmTypeExtension: loaded 2 times (x 83B)
Class dagger.spi.internal.shaded.androidx.room.jarjarred.kotlinx.metadata.internal.protobuf.WireFormat: loaded 2 times (x 68B)
Class dagger.spi.internal.shaded.androidx.room.jarjarred.kotlinx.metadata.internal.metadata.jvm.JvmProtoBuf$JvmFieldSignature: loaded 2 times (x 105B)
Class dagger.spi.internal.shaded.androidx.room.compiler.processing.XTypeVariableType  : loaded 2 times (x 67B)
Class [Ldagger.spi.internal.shaded.androidx.room.jarjarred.kotlinx.metadata.internal.metadata.ProtoBuf$Modality;: loaded 2 times (x 66B)
Class dagger.spi.internal.shaded.androidx.room.compiler.processing.javac.JavacArrayType$equalityItems$2: loaded 2 times (x 76B)
Class com.google.common.reflect.Reflection                                            : loaded 2 times (x 68B)
Class dagger.spi.internal.shaded.androidx.room.jarjarred.kotlinx.metadata.internal.metadata.ProtoBuf$VersionRequirement$Level$1: loaded 2 times (x 71B)
Class dagger.internal.codegen.validation.BindingMethodValidator$Abstractness          : loaded 2 times (x 76B)
Class dagger.internal.codegen.ProcessingEnvironmentModule_MessagerFactory             : loaded 2 times (x 79B)
Class dagger.spi.internal.shaded.androidx.room.compiler.processing.javac.JavacMethodParameter$jvmName$2: loaded 2 times (x 76B)
Class com.google.common.collect.Iterators$EmptyModifiableIterator                     : loaded 2 times (x 83B)
Class androidx.room.compiler.processing.javac.JavacProcessingEnv$messager$2           : loaded 2 times (x 76B)
Class com.squareup.javapoet.MethodSpec$Builder                                        : loaded 2 times (x 69B)
Class dagger.spi.internal.shaded.androidx.room.jarjarred.kotlinx.metadata.Attributes$isReified$2: loaded 2 times (x 134B)
Class dagger.spi.internal.shaded.androidx.room.jarjarred.kotlinx.metadata.KmDeclarationContainerVisitor: loaded 2 times (x 74B)
Class [Ldagger.spi.internal.shaded.androidx.room.jarjarred.kotlinx.metadata.internal.metadata.jvm.JvmProtoBuf$StringTableTypes$Record$Operation;: loaded 2 times (x 66B)
Class dagger.internal.codegen.javapoet.AnnotationSpecs$Suppression                    : loaded 2 times (x 76B)
Class dagger.spi.internal.shaded.androidx.room.jarjarred.kotlinx.metadata.internal.protobuf.GeneratedMessageLite$ExtendableMessage: loaded 2 times (x 110B)
Class kotlin.reflect.jvm.internal.KClassImpl$Data$inheritedStaticMembers$2            : loaded 2 times (x 76B)
Class jdk.internal.jimage.ImageBufferCache$2                                          : loaded 2 times (x 88B)
Class dagger.spi.internal.shaded.androidx.room.compiler.processing.javac.JavacTypeElement$packageElement$2: loaded 2 times (x 76B)
Class dagger.spi.internal.shaded.androidx.room.compiler.processing.CommonProcessorDelegate$processRound$currentElementsDeferredByStep$1$previousRoundDeferredElementsByAnnotation$1: loaded 2 times (x 75B)
Class com.google.common.collect.ImmutableMap$MapViewOfValuesAsSingletonSets$1$1       : loaded 2 times (x 80B)
Class dagger.internal.codegen.binding.ComponentDescriptor$Factory                     : loaded 2 times (x 72B)
Class dagger.spi.model.BindingGraph$Edge                                              : loaded 2 times (x 67B)
Class org.gradle.internal.classloader.ClasspathUtil$1                                 : loaded 2 times (x 73B)
Class dagger.hilt.processor.internal.aggregateddeps.AggregatedDepsProcessor           : loaded 2 times (x 97B)
Class dagger.hilt.processor.internal.BaseProcessingStep                               : loaded 2 times (x 84B)
Class dagger.spi.internal.shaded.androidx.room.compiler.processing.javac.JavacMethodType$typeVariableNames$2: loaded 2 times (x 76B)
Class dagger.internal.codegen.binding.$AutoValue_DelegateDeclaration                  : loaded 2 times (x 80B)
Class dagger.internal.codegen.bindinggraphvalidation.MapMultibindingValidator_Factory : loaded 2 times (x 79B)
Class dagger.spi.internal.shaded.androidx.room.jarjarred.kotlinx.metadata.internal.metadata.ProtoBuf$Effect$EffectType$1: loaded 2 times (x 71B)
Class org.objectweb.asm.ClassWriter                                                   : loaded 2 times (x 103B)
Class dagger.internal.codegen.base.MapType                                            : loaded 2 times (x 77B)
Class dagger.internal.codegen.xprocessing.XTypes$1                                    : loaded 2 times (x 68B)
Class [Lnet.rubygrapefruit.platform.internal.FunctionResult$Failure;                  : loaded 2 times (x 66B)
Class dagger.spi.internal.shaded.androidx.room.jarjarred.kotlinx.metadata.Attributes$visibility$18: loaded 2 times (x 134B)
Class dagger.spi.internal.shaded.androidx.room.jarjarred.kotlinx.metadata.internal.metadata.jvm.JvmProtoBuf$JvmMethodSignature$Builder: loaded 2 times (x 131B)
Class dagger.spi.internal.shaded.androidx.room.jarjarred.kotlinx.metadata.internal.metadata.jvm.JvmProtoBuf$JvmFieldSignatureOrBuilder: loaded 2 times (x 67B)
Class dagger.spi.internal.shaded.androidx.room.jarjarred.kotlinx.metadata.internal.protobuf.WireFormat$JavaType: loaded 2 times (x 76B)
Class dagger.spi.internal.shaded.androidx.room.compiler.processing.XArrayType         : loaded 2 times (x 67B)
Class dagger.spi.internal.shaded.androidx.room.compiler.processing.InternalXAnnotationValue: loaded 2 times (x 152B)
Class com.squareup.kotlinpoet.Annotatable                                             : loaded 2 times (x 67B)
Class com.squareup.kotlinpoet.Dynamic                                                 : loaded 2 times (x 83B)
Class com.squareup.javapoet.ParameterizedTypeName                                     : loaded 2 times (x 78B)
Class dagger.spi.internal.shaded.androidx.room.jarjarred.kotlinx.metadata.internal.metadata.deserialization.BinaryVersion$Companion: loaded 2 times (x 68B)
Class dagger.internal.codegen.binding.FrameworkType$2                                 : loaded 2 times (x 81B)
Class androidx.room.compiler.processing.XProcessingEnvConfig$Builder                  : loaded 2 times (x 69B)
Class dagger.spi.internal.shaded.androidx.room.jarjarred.kotlinx.metadata.Attributes$visibility$14: loaded 2 times (x 134B)
Class org.gradle.api.internal.classpath.Module                                        : loaded 2 times (x 67B)
Class dagger.internal.Factory                                                         : loaded 2 times (x 67B)
Class dagger.spi.internal.shaded.androidx.room.compiler.processing.javac.JavacTypeElement$className$2: loaded 2 times (x 76B)
Class dagger.internal.codegen.model.$AutoValue_Key$Builder                            : loaded 2 times (x 75B)
Class dagger.internal.codegen.binding.BindingDeclaration                              : loaded 2 times (x 71B)
Class dagger.internal.codegen.binding.BindingFactory                                  : loaded 2 times (x 69B)
Class dagger.internal.codegen.validation.ExternalBindingGraphPlugins_Factory          : loaded 2 times (x 79B)
Class dagger.internal.codegen.validation.DependencyRequestValidator_Factory           : loaded 2 times (x 79B)
Class javax.inject.Provider                                                           : loaded 2 times (x 67B)
Class dagger.spi.internal.shaded.androidx.room.jarjarred.kotlinx.metadata.jvm.JvmMetadataVersion$Companion: loaded 2 times (x 68B)
Class dagger.spi.internal.shaded.androidx.room.jarjarred.kotlinx.metadata.internal.metadata.ProtoBuf$Class: loaded 2 times (x 177B)
Class dagger.spi.internal.shaded.androidx.room.jarjarred.kotlinx.metadata.internal.metadata.ProtoBuf$ValueParameter: loaded 2 times (x 125B)
Class dagger.spi.internal.shaded.androidx.room.jarjarred.kotlinx.metadata.internal.protobuf.SmallSortedMap$EmptySet: loaded 2 times (x 68B)
Class dagger.internal.codegen.xprocessing.XAnnotationValues                           : loaded 2 times (x 68B)
Class com.squareup.javapoet.AnnotationSpec$Builder                                    : loaded 2 times (x 69B)
Class dagger.spi.internal.shaded.androidx.room.jarjarred.kotlinx.metadata.internal.metadata.ProtoBuf$Type$Argument: loaded 2 times (x 107B)
Class androidx.room.processor.Context$Companion                                       : loaded 2 times (x 68B)
Class dagger.spi.internal.shaded.androidx.room.compiler.processing.javac.JavacTypeElement$DefaultJavacTypeElement: loaded 2 times (x 297B)
Class dagger.spi.internal.shaded.androidx.room.compiler.processing.XParameterizable   : loaded 2 times (x 67B)
Class dagger.internal.codegen.base.UniqueNameSet                                      : loaded 2 times (x 69B)
Class kotlin.io.FileAlreadyExistsException                                            : loaded 2 times (x 79B)
Class org.gradle.api.internal.classpath.UnknownModuleException                        : loaded 2 times (x 79B)
Class jdk.internal.jimage.ImageHeader                                                 : loaded 2 times (x 68B)
Class dagger.internal.codegen.binding.InjectionAnnotations_Factory                    : loaded 2 times (x 79B)
Class dagger.internal.codegen.binding.MonitoringModules_Factory                       : loaded 2 times (x 78B)
Class dagger.spi.internal.shaded.auto.common.AnnotationOutput$SourceFormVisitor       : loaded 2 times (x 114B)
Class dagger.internal.codegen.binding.BindsTypeChecker$1                              : loaded 2 times (x 68B)
Class dagger.internal.codegen.binding.$AutoValue_ModuleDescriptor                     : loaded 2 times (x 83B)
Class dagger.internal.codegen.binding.DependencyRequestFactory                        : loaded 2 times (x 69B)
Class dagger.internal.codegen.bindinggraphvalidation.SetMultibindingValidator_Factory : loaded 2 times (x 78B)
Class dagger.internal.codegen.bindinggraphvalidation.DependsOnProductionExecutorValidator_Factory: loaded 2 times (x 79B)
Class dagger.spi.internal.shaded.androidx.room.compiler.processing.XExecutableParameterElement: loaded 2 times (x 67B)
Class dagger.spi.internal.shaded.androidx.room.jarjarred.kotlinx.metadata.Attributes$modality$6: loaded 2 times (x 134B)
Class dagger.spi.internal.shaded.androidx.room.compiler.processing.javac.kotlin.KmClassContainer$functionList$2: loaded 2 times (x 76B)
Class dagger.spi.internal.shaded.androidx.room.jarjarred.kotlinx.metadata.internal.protobuf.CodedOutputStream$OutOfSpaceException: loaded 2 times (x 79B)
Class dagger.spi.internal.shaded.androidx.room.jarjarred.kotlinx.metadata.internal.metadata.ProtoBuf$TypeParameterOrBuilder: loaded 2 times (x 67B)
Class dagger.spi.internal.shaded.androidx.room.jarjarred.kotlinx.metadata.internal.protobuf.BoundedByteString: loaded 2 times (x 109B)
Class dagger.internal.codegen.validation.ComponentCreatorValidator_Factory            : loaded 2 times (x 79B)
Class dagger.spi.internal.shaded.androidx.room.compiler.processing.javac.JavacTypeElement$_declaredMethods$2: loaded 2 times (x 76B)
Class androidx.hilt.work.WorkerStep                                                   : loaded 2 times (x 76B)
Class dagger.hilt.processor.internal.earlyentrypoint.EarlyEntryPointProcessingStep    : loaded 2 times (x 84B)
Class com.google.common.base.Stopwatch                                                : loaded 2 times (x 69B)
Class [Ldagger.internal.codegen.validation.ModuleValidator$ModuleMethodKind;          : loaded 2 times (x 66B)
Class dagger.internal.codegen.xprocessing.XTypeElements$Visibility                    : loaded 2 times (x 76B)
Class dagger.internal.codegen.validation.BindingGraphValidator                        : loaded 2 times (x 69B)
Class dagger.internal.codegen.bindinggraphvalidation.SubcomponentFactoryMethodValidator: loaded 2 times (x 82B)
Class dagger.internal.codegen.binding.OptionalBindingDeclaration$Factory              : loaded 2 times (x 70B)
Class dagger.internal.codegen.binding.DelegateDeclaration                             : loaded 2 times (x 77B)
Class dagger.internal.codegen.processingstep.MultibindingAnnotationsProcessingStep    : loaded 2 times (x 83B)
Class androidx.room.compiler.processing.XFiler                                        : loaded 2 times (x 67B)
Class com.google.common.collect.ImmutableRangeSet                                     : loaded 2 times (x 112B)
Class com.google.common.collect.AbstractMultimap$Entries                              : loaded 2 times (x 117B)
Class dagger.spi.internal.shaded.androidx.room.jarjarred.kotlinx.metadata.jvm.internal.JvmPropertyExtension: loaded 2 times (x 85B)
Class dagger.internal.codegen.processingstep.AssistedFactoryProcessingStep_Factory    : loaded 2 times (x 79B)
Class dagger.spi.internal.shaded.androidx.room.compiler.processing.javac.JavacAnnotationValue: loaded 2 times (x 152B)
Class kotlin.reflect.jvm.internal.CachesKt$K_CLASS_CACHE$1                            : loaded 2 times (x 75B)
Class kotlin.reflect.jvm.internal.KClassImpl$Data$nestedClasses$2                     : loaded 2 times (x 76B)
Class dagger.spi.internal.shaded.androidx.room.compiler.processing.XProcessingEnv     : loaded 2 times (x 67B)
Class com.google.common.util.concurrent.AbstractFuture$Cancellation                   : loaded 2 times (x 69B)
Class dagger.internal.codegen.writing.InjectionMethods$InstanceCastPolicy             : loaded 2 times (x 76B)
Class com.google.common.collect.ImmutableSet$SerializedForm                           : loaded 2 times (x 70B)
Class dagger.internal.codegen.writing.ModuleProxies_ModuleConstructorProxyGenerator_Factory: loaded 2 times (x 79B)
Class com.google.common.collect.AbstractMapBasedMultimap$AsMap$AsMapIterator          : loaded 2 times (x 80B)
Class com.google.common.collect.HashMultimapGwtSerializationDependencies              : loaded 2 times (x 171B)
Class dagger.spi.internal.shaded.androidx.room.compiler.processing.javac.JavacPackageElement$name$2: loaded 2 times (x 76B)
Class dagger.internal.codegen.base.ModuleKind                                         : loaded 2 times (x 76B)
Class dagger.spi.internal.shaded.androidx.room.compiler.processing.javac.kotlin.KmConstructorContainer$parameters$2: loaded 2 times (x 76B)
Class jdk.internal.jimage.ImageBufferCache$1                                          : loaded 2 times (x 80B)
Class com.google.common.collect.ImmutableMap$IteratorBasedImmutableMap$1EntrySetImpl  : loaded 2 times (x 151B)
Class dagger.internal.codegen.binding.BindsTypeChecker_Factory                        : loaded 2 times (x 79B)
Class com.google.common.graph.Traverser                                               : loaded 2 times (x 70B)
Class dagger.spi.internal.shaded.androidx.room.jarjarred.kotlinx.metadata.internal.protobuf.LiteralByteString: loaded 2 times (x 109B)
Class dagger.spi.internal.shaded.androidx.room.compiler.processing.XTypeKt            : loaded 2 times (x 68B)
Class org.gradle.internal.InternalTransformer                                         : loaded 2 times (x 67B)
Class com.google.common.base.CharMatcher$JavaLetterOrDigit                            : loaded 2 times (x 108B)
Class kotlin.reflect.jvm.internal.KClassImpl$Data$annotations$2                       : loaded 2 times (x 76B)
Class com.google.common.collect.ImmutableSortedSetFauxverideShim                      : loaded 2 times (x 144B)
Class net.rubygrapefruit.platform.NativeIntegration                                   : loaded 2 times (x 67B)
Class net.rubygrapefruit.platform.Native                                              : loaded 2 times (x 68B)
Class dagger.spi.internal.shaded.auto.common.MoreElements$CastingElementVisitor       : loaded 2 times (x 90B)
Class dagger.spi.internal.shaded.androidx.room.compiler.processing.XAnnotation        : loaded 2 times (x 67B)
Class dagger.hilt.processor.internal.generatesrootinput.GeneratesRootInputs           : loaded 2 times (x 69B)
Class dagger.hilt.processor.internal.uninstallmodules.UninstallModulesProcessingStep  : loaded 2 times (x 84B)
Class net.rubygrapefruit.platform.internal.FunctionResult                             : loaded 2 times (x 74B)
Class org.gradle.api.internal.DefaultClassPathRegistry                                : loaded 2 times (x 73B)
Class com.google.common.collect.Maps$FilteredEntryMap$EntrySet$1                      : loaded 2 times (x 79B)
Class dagger.spi.internal.shaded.androidx.room.compiler.processing.javac.JavacTypeElement$_declaredFields$2: loaded 2 times (x 76B)
Class dagger.spi.internal.shaded.androidx.room.compiler.processing.javac.JavacConstructorType: loaded 2 times (x 80B)
Class [Ldagger.internal.codegen.validation.BindingMethodValidator$Abstractness;       : loaded 2 times (x 66B)
Class dagger.internal.codegen.processingstep.AssistedInjectProcessingStep_Factory     : loaded 2 times (x 79B)
Class dagger.internal.codegen.model.RequestKind                                       : loaded 2 times (x 76B)
Class dagger.spi.internal.shaded.androidx.room.compiler.processing.javac.JavacTypeElement$type$2: loaded 2 times (x 76B)
Class dagger.spi.internal.shaded.androidx.room.compiler.processing.XType              : loaded 2 times (x 67B)
Class dagger.internal.codegen.xprocessing.XTypes$XTypeEquivalence                     : loaded 2 times (x 81B)
Class dagger.spi.internal.shaded.androidx.room.jarjarred.kotlinx.metadata.KmDeclarationContainer: loaded 2 times (x 67B)
Class dagger.spi.internal.shaded.auto.common.MoreTypes$AsElementVisitor               : loaded 2 times (x 98B)
Class com.squareup.javapoet.CodeBlock$Builder                                         : loaded 2 times (x 69B)
Class kotlin.reflect.jvm.internal.KClassImpl$Data$declaredMembers$2                   : loaded 2 times (x 76B)
Class dagger.spi.internal.shaded.androidx.room.compiler.processing.javac.JavacType$superTypes$2: loaded 2 times (x 76B)
Class dagger.spi.internal.shaded.androidx.room.compiler.processing.XAnnotationValue   : loaded 2 times (x 67B)
Class dagger.spi.internal.shaded.androidx.room.compiler.processing.javac.JavacExecutableElement$Companion: loaded 2 times (x 68B)
Class dagger.spi.internal.shaded.androidx.room.jarjarred.kotlinx.metadata.jvm.KotlinClassMetadata$Companion: loaded 2 times (x 68B)
Class dagger.spi.internal.shaded.androidx.room.compiler.processing.javac.kotlin.KmClassContainer$propertyList$2: loaded 2 times (x 76B)
Class com.google.common.reflect.Invokable$ConstructorInvokable                        : loaded 2 times (x 104B)
Class net.rubygrapefruit.platform.NativeIntegrationLinkageException                   : loaded 2 times (x 79B)
Class org.gradle.api.internal.ClassPathRegistry                                       : loaded 2 times (x 67B)
Class org.gradle.internal.classpath.DefaultClassPath$ImmutableUniqueList              : loaded 2 times (x 196B)
Class dagger.spi.internal.shaded.androidx.room.jarjarred.kotlinx.metadata.Attributes  : loaded 2 times (x 68B)
Class dagger.spi.internal.shaded.androidx.room.compiler.processing.javac.JavacFieldElement$syntheticMethodForAnnotations$2: loaded 2 times (x 76B)
Class dagger.internal.codegen.model.DaggerProcessingEnv                               : loaded 2 times (x 71B)
Class dagger.internal.codegen.binding.AutoValue_OptionalBindingDeclaration            : loaded 2 times (x 72B)
Class [Ldagger.internal.codegen.compileroption.ProcessingEnvironmentCompilerOptions$CommandLineOption;: loaded 2 times (x 66B)
Class dagger.internal.codegen.ProcessingEnvironmentModule_FilerFactory                : loaded 2 times (x 79B)
Class dagger.internal.codegen.binding.MethodSignatureFormatter_Factory                : loaded 2 times (x 79B)
Class com.google.common.collect.NullnessCasts                                         : loaded 2 times (x 68B)
Class dagger.spi.internal.shaded.androidx.room.compiler.processing.XEnumEntry         : loaded 2 times (x 67B)
Class dagger.spi.internal.shaded.androidx.room.compiler.processing.javac.JavacMethodParameter$name$2: loaded 2 times (x 76B)
Class dagger.spi.internal.shaded.androidx.room.compiler.processing.javac.kotlin.KmTypeContainer: loaded 2 times (x 73B)
Class dagger.spi.internal.shaded.androidx.room.jarjarred.kotlinx.metadata.internal.metadata.deserialization.NameResolver: loaded 2 times (x 67B)
Class dagger.spi.internal.shaded.androidx.room.jarjarred.kotlinx.metadata.internal.protobuf.GeneratedMessageLite$ExtensionDescriptor: loaded 2 times (x 81B)
Class dagger.spi.internal.shaded.androidx.room.jarjarred.kotlinx.metadata.internal.protobuf.ExtensionRegistryLite: loaded 2 times (x 71B)
Class dagger.internal.codegen.base.DaggerSuperficialValidation_Factory                : loaded 2 times (x 79B)
Class kotlin.reflect.jvm.internal.KClassImpl$Data$declaredNonStaticMembers$2          : loaded 2 times (x 76B)
Class dagger.internal.codegen.binding.MonitoringModules_Factory$InstanceHolder        : loaded 2 times (x 68B)
Class dagger.internal.codegen.base.ClearableCache                                     : loaded 2 times (x 67B)
Class dagger.internal.codegen.base.SourceFileGenerationException                      : loaded 2 times (x 79B)
Class androidx.hilt.work.WorkerStep$Companion                                         : loaded 2 times (x 68B)
Class kotlin.text.StringsKt__StringsKt$splitToSequence$1                              : loaded 2 times (x 76B)
Class kotlin.jvm.internal.TypeIntrinsics                                              : loaded 2 times (x 68B)
Class com.google.common.reflect.TypeToken                                             : loaded 2 times (x 70B)
Class com.google.common.collect.ImmutableMap$MapViewOfValuesAsSingletonSets$1         : loaded 2 times (x 79B)
Class dagger.internal.codegen.componentgenerator.TopLevelImplementationComponent      : loaded 2 times (x 67B)
Class dagger.internal.codegen.bindinggraphvalidation.DependsOnProductionExecutorValidator: loaded 2 times (x 82B)
Class dagger.internal.codegen.bindinggraphvalidation.ProvisionDependencyOnProducerBindingValidator_Factory$InstanceHolder: loaded 2 times (x 68B)
Class dagger.spi.internal.shaded.androidx.room.jarjarred.kotlinx.metadata.jvm.JvmMemberSignatureKt: loaded 2 times (x 68B)
Class dagger.spi.internal.shaded.androidx.room.jarjarred.kotlinx.metadata.internal.metadata.jvm.deserialization.JvmNameResolverBase: loaded 2 times (x 77B)
Class dagger.spi.internal.shaded.androidx.room.jarjarred.kotlinx.metadata.jvm.KotlinClassMetadata: loaded 2 times (x 73B)
Class dagger.spi.internal.shaded.androidx.room.compiler.processing.XConstructorElement: loaded 2 times (x 67B)
Class dagger.internal.codegen.writing.MembersInjectorGenerator                        : loaded 2 times (x 74B)
Class dagger.internal.codegen.validation.InjectBindingRegistryImpl$BindingsCollection : loaded 2 times (x 69B)
Class dagger.hilt.processor.internal.HiltProcessingEnvConfigs                         : loaded 2 times (x 68B)
Class [Ldagger.internal.codegen.base.ClearableCache;                                  : loaded 2 times (x 66B)
Class net.rubygrapefruit.platform.internal.jni.NativeLibraryFunctions                 : loaded 2 times (x 68B)
Class Settings_gradle$1                                                               : loaded 2 times (x 71B)
Class org.gradle.internal.classpath.ClassPath                                         : loaded 2 times (x 67B)
Class org.gradle.api.UncheckedIOException                                             : loaded 2 times (x 79B)
Class com.google.common.collect.LinkedHashMultimap$ValueSet$1                         : loaded 2 times (x 79B)
Class dagger.internal.codegen.binding.BindingGraphFactory                             : loaded 2 times (x 72B)
Class [Ldagger.internal.codegen.base.ContributionType;                                : loaded 2 times (x 66B)
Class dagger.internal.codegen.validation.ComponentHierarchyValidator_Factory          : loaded 2 times (x 79B)
Class dagger.internal.codegen.validation.SpiModelBindingGraphConverter$DaggerProcessingEnvImpl: loaded 2 times (x 73B)
Class dagger.internal.codegen.validation.BindsOptionalOfMethodValidator               : loaded 2 times (x 75B)
Class dagger.internal.codegen.DelegateComponentProcessor$SourceFileGeneratorsModule   : loaded 2 times (x 67B)
Class dagger.internal.codegen.validation.ProvidesMethodValidator_Factory              : loaded 2 times (x 79B)
Class dagger.internal.codegen.DaggerDelegateComponentProcessor_Injector$Factory       : loaded 2 times (x 71B)
Class dagger.internal.codegen.base.SourceFileHjarGenerator                            : loaded 2 times (x 74B)
Class dagger.spi.internal.shaded.androidx.room.jarjarred.kotlinx.metadata.jvm.JvmDeclarationContainerExtensionVisitor: loaded 2 times (x 78B)
Class dagger.spi.internal.shaded.androidx.room.jarjarred.kotlinx.metadata.internal.metadata.ProtoBuf$PropertyOrBuilder: loaded 2 times (x 67B)
Class dagger.spi.internal.shaded.androidx.room.jarjarred.kotlinx.metadata.jvm.internal.JvmExceptionUtilsKt: loaded 2 times (x 68B)
Class dagger.spi.internal.shaded.auto.common.GeneratedAnnotations                     : loaded 2 times (x 68B)
Class dagger.internal.codegen.binding.ProvisionBinding$Builder                        : loaded 2 times (x 77B)
Class dagger.internal.codegen.binding.FrameworkType$1                                 : loaded 2 times (x 81B)
Class org.gradle.api.internal.classpath.EffectiveClassPath                            : loaded 2 times (x 87B)
Class dagger.hilt.android.processor.internal.viewmodel.ViewModelProcessor             : loaded 2 times (x 97B)
Class dagger.hilt.processor.internal.root.RootProcessingStep                          : loaded 2 times (x 84B)
Class [Lcom.google.common.reflect.Types$JavaVersion;                                  : loaded 2 times (x 66B)
Class dagger.spi.internal.shaded.androidx.room.jarjarred.kotlinx.metadata.KmTypeParameterVisitor: loaded 2 times (x 72B)
Class net.rubygrapefruit.platform.internal.Platform$Linux32Bit                        : loaded 2 times (x 80B)
Class dagger.internal.codegen.base.AutoValue_ComponentAnnotation                      : loaded 2 times (x 73B)
Class [Ldagger.spi.internal.shaded.androidx.room.jarjarred.kotlinx.metadata.internal.metadata.ProtoBuf$Effect$EffectType;: loaded 2 times (x 66B)
Class com.squareup.javapoet.ParameterSpec$Builder                                     : loaded 2 times (x 69B)
Class dagger.spi.internal.shaded.androidx.room.jarjarred.kotlinx.metadata.KmFunctionExtensionVisitor: loaded 2 times (x 67B)
Class dagger.hilt.android.processor.internal.AndroidClassNames                        : loaded 2 times (x 68B)
Class kotlin.reflect.jvm.internal.KClassImpl$Data$declaredStaticMembers$2             : loaded 2 times (x 76B)
Class kotlin.reflect.jvm.internal.KProperty1Impl$delegateSource$1                     : loaded 2 times (x 76B)
Class kotlin.text.DelimitedRangesSequence$iterator$1                                  : loaded 2 times (x 76B)
Class dagger.spi.internal.shaded.androidx.room.compiler.processing.javac.JavacTypeElement$typeParameters$2: loaded 2 times (x 76B)
Class [Ldagger.hilt.processor.internal.optionvalues.BooleanValue;                     : loaded 2 times (x 66B)
Class net.rubygrapefruit.platform.internal.Platform                                   : loaded 2 times (x 76B)
Class net.rubygrapefruit.platform.NativeIntegrationUnavailableException               : loaded 2 times (x 79B)
Class dagger.spi.internal.shaded.androidx.room.compiler.processing.XProcessingEnvConfig: loaded 2 times (x 68B)
Class net.rubygrapefruit.platform.internal.Platform$Windows                           : loaded 2 times (x 76B)
Class org.objectweb.asm.SymbolTable$Entry                                             : loaded 2 times (x 71B)
Class com.google.common.util.concurrent.AbstractFuture$AtomicHelper                   : loaded 2 times (x 75B)
Class jdk.internal.jimage.ImageStringsReader                                          : loaded 2 times (x 77B)
Class dagger.spi.internal.shaded.androidx.room.compiler.processing.XFiler$Mode        : loaded 2 times (x 76B)
Class dagger.spi.internal.shaded.androidx.room.jarjarred.kotlinx.metadata.KmTypeParameterExtensionVisitor: loaded 2 times (x 67B)
Class dagger.internal.codegen.binding.AutoValue_DelegateDeclaration                   : loaded 2 times (x 80B)
Class dagger.internal.codegen.validation.DependencyRequestValidator                   : loaded 2 times (x 69B)
Class dagger.internal.SingleCheck                                                     : loaded 2 times (x 77B)
Class [Ldagger.spi.internal.shaded.androidx.room.compiler.processing.XFiler$Mode;     : loaded 2 times (x 66B)
Class [Ldagger.spi.internal.shaded.androidx.room.jarjarred.kotlinx.metadata.MemberKind;: loaded 2 times (x 66B)
Class dagger.spi.internal.shaded.androidx.room.jarjarred.kotlinx.metadata.internal.protobuf.AbstractMessageLite$Builder: loaded 2 times (x 119B)
Class dagger.spi.internal.shaded.androidx.room.jarjarred.kotlinx.metadata.internal.metadata.jvm.deserialization.JvmNameResolver: loaded 2 times (x 77B)
Class dagger.internal.codegen.xprocessing.XAnnotations                                : loaded 2 times (x 68B)
Class com.squareup.kotlinpoet.TypeName$Companion                                      : loaded 2 times (x 68B)
Class dagger.hilt.android.processor.internal.customtestapplication.CustomTestApplicationProcessor: loaded 2 times (x 97B)
Class org.objectweb.asm.Edge                                                          : loaded 2 times (x 69B)
Class dagger.spi.internal.shaded.androidx.room.jarjarred.kotlinx.metadata.internal.metadata.jvm.deserialization.JvmMetadataVersion: loaded 2 times (x 71B)
Class com.google.common.collect.Count                                                 : loaded 2 times (x 68B)
Class dagger.internal.codegen.xprocessing.XTypes$TypeResolutionVisitor                : loaded 2 times (x 98B)
Class [Ldagger.internal.codegen.base.ComponentCreatorKind;                            : loaded 2 times (x 66B)
Class dagger.internal.codegen.processingstep.ProcessingStepsModule_ProcessingStepsFactory: loaded 2 times (x 79B)
Class dagger.internal.codegen.DelegateComponentProcessor_MembersInjector              : loaded 2 times (x 72B)
Class dagger.internal.codegen.compileroption.ProcessingEnvironmentCompilerOptions_Factory: loaded 2 times (x 79B)
Class kotlin.comparisons.NaturalOrderComparator                                       : loaded 2 times (x 85B)
Class dagger.spi.internal.shaded.androidx.room.jarjarred.kotlinx.metadata.KmClassifier$Class: loaded 2 times (x 69B)
Class dagger.spi.internal.shaded.androidx.room.jarjarred.kotlinx.metadata.internal.protobuf.FieldSet$1: loaded 2 times (x 68B)
Class dagger.spi.internal.shaded.androidx.room.jarjarred.kotlinx.metadata.internal.metadata.ProtoBuf$TypeOrBuilder: loaded 2 times (x 67B)
Class dagger.spi.internal.shaded.androidx.room.jarjarred.kotlinx.metadata.internal.protobuf.AbstractParser: loaded 2 times (x 141B)
Class dagger.spi.internal.shaded.androidx.room.jarjarred.kotlinx.metadata.internal.protobuf.InvalidProtocolBufferException: loaded 2 times (x 81B)
Class com.squareup.javapoet.LineWrapper$RecordingAppendable                           : loaded 2 times (x 74B)
Class dagger.spi.internal.shaded.androidx.room.compiler.processing.javac.JavacType$typeElement$2: loaded 2 times (x 76B)
Class dagger.hilt.android.processor.internal.viewmodel.ViewModelProcessingStep        : loaded 2 times (x 84B)
Class dagger.spi.internal.shaded.auto.common.MoreElements                             : loaded 2 times (x 68B)
Class dagger.spi.internal.shaded.androidx.room.compiler.processing.javac.JavacTypeElement$Companion: loaded 2 times (x 68B)
Class com.squareup.kotlinpoet.TypeName                                                : loaded 2 times (x 83B)
Class dagger.spi.internal.shaded.androidx.room.jarjarred.kotlinx.metadata.internal.metadata.ProtoBuf$Class$Kind$1: loaded 2 times (x 71B)
Class com.google.common.reflect.TypeToken$1                                           : loaded 2 times (x 107B)
Class jdk.internal.jimage.ImageReader                                                 : loaded 2 times (x 72B)
Class dagger.spi.internal.shaded.androidx.room.jarjarred.kotlinx.metadata.Visibility  : loaded 2 times (x 76B)
Class dagger.spi.internal.shaded.androidx.room.jarjarred.kotlinx.metadata.ClassKind   : loaded 2 times (x 76B)
Class com.google.common.collect.AbstractMapBasedMultiset                              : loaded 2 times (x 160B)
Class com.google.common.collect.AbstractMapBasedMultimap$AsMap$AsMapEntries           : loaded 2 times (x 135B)
Class dagger.spi.internal.shaded.androidx.room.compiler.processing.javac.JavacPackageElement$qualifiedName$2: loaded 2 times (x 76B)
Class dagger.internal.codegen.binding.AutoValue_Nullability                           : loaded 2 times (x 71B)
Class dagger.spi.internal.shaded.androidx.room.compiler.processing.javac.JavacFieldElement$getter$2: loaded 2 times (x 76B)
Class dagger.internal.codegen.binding.ProvisionBinding                                : loaded 2 times (x 87B)
Class dagger.internal.codegen.writing.InaccessibleMapKeyProxyGenerator                : loaded 2 times (x 74B)
Class dagger.internal.codegen.base.DaggerSuperficialValidation$ValidationException$UnexpectedException: loaded 2 times (x 80B)
Class dagger.internal.codegen.binding.InjectionSiteFactory                            : loaded 2 times (x 69B)
Class dagger.spi.internal.shaded.androidx.room.compiler.processing.javac.JavacMethodElement$kotlinDefaultImplClass$2: loaded 2 times (x 76B)
Class kotlin.reflect.jvm.internal.KClassImpl$Data$supertypes$2                        : loaded 2 times (x 76B)
Class dagger.internal.codegen.binding.BindingGraphFactory_Factory                     : loaded 2 times (x 79B)
Class com.squareup.kotlinpoet.WildcardTypeName                                        : loaded 2 times (x 83B)
Class com.squareup.kotlinpoet.ClassName                                               : loaded 2 times (x 86B)
Class dagger.hilt.processor.internal.originatingelement.OriginatingElementProcessingStep: loaded 2 times (x 84B)
Class com.google.common.reflect.TypeToken$2                                           : loaded 2 times (x 107B)
Class jdk.internal.jimage.ImageReader$SharedImageReader                               : loaded 2 times (x 92B)
Class dagger.internal.codegen.validation.BindingGraphValidator_Factory                : loaded 2 times (x 79B)
Class dagger.internal.codegen.writing.ModuleProxies                                   : loaded 2 times (x 68B)
Class dagger.internal.codegen.componentgenerator.ComponentHjarGenerator_Factory       : loaded 2 times (x 79B)
Class dagger.internal.codegen.validation.ValidationBindingGraphPlugin                 : loaded 2 times (x 82B)
Class dagger.internal.codegen.processingstep.MonitoringModuleProcessingStep           : loaded 2 times (x 83B)
Class dagger.internal.codegen.processingstep.InjectProcessingStep_Factory             : loaded 2 times (x 79B)
Class dagger.internal.codegen.bindinggraphvalidation.SubcomponentFactoryMethodValidator_Factory$InstanceHolder: loaded 2 times (x 68B)
Class dagger.spi.internal.shaded.androidx.room.jarjarred.kotlinx.metadata.internal.metadata.ProtoBuf$VersionRequirement$VersionKind$1: loaded 2 times (x 71B)
Class kotlin.reflect.jvm.internal.KClassImpl$Data$objectInstance$2                    : loaded 2 times (x 76B)
Class dagger.spi.internal.shaded.androidx.room.compiler.processing.javac.JavacMethodElement$parameters$2: loaded 2 times (x 76B)
Class dagger.spi.internal.shaded.androidx.room.jarjarred.kotlinx.metadata.Attributes$modality$10: loaded 2 times (x 134B)
Class dagger.spi.internal.shaded.androidx.room.jarjarred.kotlinx.metadata.KmConstructorExtensionVisitor: loaded 2 times (x 67B)
Class dagger.spi.internal.shaded.androidx.room.jarjarred.kotlinx.metadata.internal.metadata.ProtoBuf$VersionRequirementTable$1: loaded 2 times (x 141B)
Class dagger.spi.internal.shaded.androidx.room.jarjarred.kotlinx.metadata.internal.metadata.jvm.JvmProtoBuf$JvmMethodSignatureOrBuilder: loaded 2 times (x 67B)
Class dagger.spi.internal.shaded.androidx.room.compiler.processing.javac.JavacExecutableElement$enclosingElement$2: loaded 2 times (x 76B)
Class dagger.spi.internal.shaded.androidx.room.jarjarred.kotlinx.metadata.internal.metadata.ProtoBuf$ValueParameter$1: loaded 2 times (x 141B)
Class dagger.internal.codegen.writing.FactoryGenerator                                : loaded 2 times (x 74B)
Class dagger.internal.codegen.processingstep.InjectProcessingStep                     : loaded 2 times (x 83B)
Class dagger.spi.internal.shaded.androidx.room.compiler.processing.CommonProcessorDelegate: loaded 2 times (x 69B)
Class dagger.spi.internal.shaded.androidx.room.jarjarred.kotlinx.metadata.KmFunction  : loaded 2 times (x 79B)
Class net.rubygrapefruit.platform.internal.LibraryDef                                 : loaded 2 times (x 69B)
Class [Lorg.objectweb.asm.SymbolTable$Entry;                                          : loaded 2 times (x 66B)
Class org.gradle.internal.installation.GradleInstallation$1                           : loaded 2 times (x 72B)
Class org.gradle.api.internal.classpath.ModuleRegistry                                : loaded 2 times (x 67B)
Class dagger.internal.codegen.validation.BindsInstanceMethodValidator                 : loaded 2 times (x 75B)
Class dagger.internal.codegen.model.Key$MultibindingContributionIdentifier            : loaded 2 times (x 70B)
Class dagger.internal.codegen.binding.MapKeys                                         : loaded 2 times (x 68B)
Class dagger.spi.internal.shaded.androidx.room.compiler.processing.javac.JavacMethodType$returnType$2: loaded 2 times (x 76B)
Class dagger.internal.codegen.binding.DependencyRequestFormatter                      : loaded 2 times (x 83B)
Class dagger.internal.codegen.validation.MultibindsMethodValidator                    : loaded 2 times (x 76B)
Class [Ldagger.spi.internal.shaded.androidx.room.jarjarred.kotlinx.metadata.Visibility;: loaded 2 times (x 66B)
Class dagger.spi.internal.shaded.androidx.room.jarjarred.kotlinx.metadata.jvm.JvmMemberSignature: loaded 2 times (x 70B)
Class dagger.spi.internal.shaded.androidx.room.jarjarred.kotlinx.metadata.internal.metadata.jvm.JvmProtoBuf$StringTableTypes$RecordOrBuilder: loaded 2 times (x 67B)
Class [Ldagger.spi.internal.shaded.androidx.room.jarjarred.kotlinx.metadata.internal.protobuf.WireFormat$FieldType;: loaded 2 times (x 66B)
Class dagger.spi.internal.shaded.androidx.room.compiler.processing.InternalXAnnotationValue$Kind$Companion: loaded 2 times (x 68B)
Class dagger.spi.internal.shaded.androidx.room.jarjarred.kotlinx.metadata.internal.metadata.deserialization.Flags$FlagField: loaded 2 times (x 70B)
Class dagger.internal.codegen.processingstep.AssistedInjectProcessingStep             : loaded 2 times (x 83B)
Class dagger.hilt.android.processor.internal.androidentrypoint.AndroidEntryPointProcessor: loaded 2 times (x 97B)
Class dagger.hilt.processor.internal.aliasof.AliasOfProcessingStep                    : loaded 2 times (x 84B)
Class com.google.common.util.concurrent.internal.InternalFutureFailureAccess          : loaded 2 times (x 69B)
Class dagger.internal.codegen.binding.MultibindingDeclaration$Factory                 : loaded 2 times (x 69B)
Class dagger.internal.codegen.model.Scope                                             : loaded 2 times (x 69B)
Class dagger.internal.codegen.binding.ContributionBinding$Builder                     : loaded 2 times (x 75B)
Class org.objectweb.asm.AnnotationVisitor                                             : loaded 2 times (x 75B)
Class dagger.internal.codegen.extension.Optionals                                     : loaded 2 times (x 68B)
Class dagger.internal.codegen.processingstep.ComponentHjarProcessingStep              : loaded 2 times (x 83B)
Class dagger.internal.codegen.processingstep.MapKeyProcessingStep_Factory             : loaded 2 times (x 79B)
Class jdk.internal.jimage.ImageLocation                                               : loaded 2 times (x 87B)
Class dagger.internal.codegen.bindinggraphvalidation.IncompatiblyScopedBindingsValidator: loaded 2 times (x 82B)
Class dagger.spi.internal.shaded.androidx.room.compiler.processing.XFieldElement      : loaded 2 times (x 67B)
Class dagger.hilt.android.processor.internal.bindvalue.BindValueMetadata              : loaded 2 times (x 70B)
Class dagger.internal.codegen.bindinggraphvalidation.MissingBindingValidator          : loaded 2 times (x 82B)
Class dagger.spi.internal.shaded.androidx.room.jarjarred.kotlinx.metadata.internal.FlagDelegatesImplKt$functionBooleanFlag$1: loaded 2 times (x 134B)
Class dagger.spi.internal.shaded.androidx.room.jarjarred.kotlinx.metadata.internal.metadata.jvm.deserialization.ClassMapperLite: loaded 2 times (x 68B)
Class dagger.spi.internal.shaded.androidx.room.jarjarred.kotlinx.metadata.internal.protobuf.GeneratedMessageLite$Builder: loaded 2 times (x 125B)
Class dagger.spi.internal.shaded.androidx.room.jarjarred.kotlinx.metadata.internal.metadata.ProtoBuf$Property$1: loaded 2 times (x 141B)
Class com.squareup.javapoet.JavaFile$1                                                : loaded 2 times (x 76B)
Class jdk.internal.jrtfs.JrtDirectoryStream$1                                         : loaded 2 times (x 80B)
Class dagger.spi.internal.shaded.androidx.room.compiler.processing.util.MemoizedSequence$delegateIterator$2: loaded 2 times (x 76B)
Class com.google.common.collect.HashBiMap$Inverse                                     : loaded 2 times (x 139B)
Class com.google.common.io.Closer$SuppressingSuppressor                               : loaded 2 times (x 72B)
Class com.google.common.util.concurrent.AbstractFuture$UnsafeAtomicHelper             : loaded 2 times (x 75B)
Class jdk.internal.jimage.ImageReader$Node                                            : loaded 2 times (x 81B)
Class dagger.internal.codegen.javapoet.CodeBlocks                                     : loaded 2 times (x 68B)
Class com.google.common.base.CharMatcher$RangesMatcher                                : loaded 2 times (x 109B)
Class dagger.spi.internal.shaded.androidx.room.compiler.processing.javac.DefaultJavacType: loaded 2 times (x 184B)
Class dagger.internal.codegen.processingstep.BindingMethodProcessingStep_Factory      : loaded 2 times (x 79B)
Class [Ldagger.internal.codegen.model.BindingGraphPlugin;                             : loaded 2 times (x 66B)
Class dagger.internal.codegen.validation.BindingElementValidator$AllowsScoping        : loaded 2 times (x 76B)
Class dagger.internal.codegen.base.Formatter                                          : loaded 2 times (x 82B)
Class dagger.internal.codegen.validation.ComponentDescriptorValidator                 : loaded 2 times (x 69B)
Class dagger.spi.internal.shaded.androidx.room.jarjarred.kotlinx.metadata.internal.metadata.ProtoBuf$MemberKind$1: loaded 2 times (x 71B)
Class dagger.spi.internal.shaded.androidx.room.jarjarred.kotlinx.metadata.KmClassVisitor: loaded 2 times (x 89B)
Class dagger.spi.internal.shaded.androidx.room.compiler.processing.javac.JavacAnnotationValueKt: loaded 2 times (x 68B)
Class dagger.spi.internal.shaded.androidx.room.compiler.processing.javac.JavacMethodElement$kotlinMetadata$2: loaded 2 times (x 76B)
Class dagger.spi.internal.shaded.auto.common.MoreTypes$CastingTypeVisitor             : loaded 2 times (x 99B)
Class dagger.spi.internal.shaded.androidx.room.compiler.processing.XRoundEnv          : loaded 2 times (x 67B)
Class dagger.internal.codegen.base.ComponentCreatorAnnotation                         : loaded 2 times (x 76B)
Class dagger.internal.codegen.base.Util                                               : loaded 2 times (x 68B)
Class dagger.internal.codegen.ComponentProcessor                                      : loaded 2 times (x 95B)
Class kotlin.io.FilesKt__UtilsKt                                                      : loaded 2 times (x 68B)
Class com.google.common.collect.Multimaps$CustomSetMultimap                           : loaded 2 times (x 175B)
Class net.rubygrapefruit.platform.internal.Platform$Window32Bit                       : loaded 2 times (x 76B)
Class org.gradle.api.internal.classpath.DefaultModuleRegistry                         : loaded 2 times (x 83B)
Class jdk.internal.jimage.BasicImageReader$1                                          : loaded 2 times (x 74B)
Class com.google.common.util.concurrent.AbstractFuture$Trusted                        : loaded 2 times (x 67B)
Class com.google.common.collect.Range                                                 : loaded 2 times (x 84B)
Class dagger.internal.codegen.base.ContributionType                                   : loaded 2 times (x 76B)
Class dagger.internal.codegen.validation.BindingMethodValidator$1                     : loaded 2 times (x 68B)
Class [Ldagger.internal.codegen.binding.BindingType;                                  : loaded 2 times (x 66B)
Class kotlin.io.LinesSequence$iterator$1                                              : loaded 2 times (x 76B)
Class dagger.internal.codegen.bindinggraphvalidation.BindingGraphValidationModule     : loaded 2 times (x 67B)
Class dagger.internal.codegen.bindinggraphvalidation.MapMultibindingValidator         : loaded 2 times (x 82B)
Class dagger.internal.codegen.validation.BindsInstanceParameterValidator_Factory      : loaded 2 times (x 79B)
Class dagger.internal.codegen.compileroption.ProcessingEnvironmentCompilerOptions$KeyOnlyOption$1: loaded 2 times (x 83B)
Class dagger.spi.BindingGraphPlugin                                                   : loaded 2 times (x 67B)
Class androidx.room.util.SimpleJavaVersion                                            : loaded 2 times (x 72B)
Class dagger.spi.internal.shaded.androidx.room.compiler.processing.XProcessingEnvConfig$Companion: loaded 2 times (x 68B)
Class dagger.spi.internal.shaded.androidx.room.compiler.processing.javac.JavacMethodParameter$closestMemberContainer$2: loaded 2 times (x 76B)
Class org.gradle.api.internal.DefaultClassPathProvider                                : loaded 2 times (x 73B)
Class dagger.spi.internal.shaded.androidx.room.jarjarred.kotlinx.metadata.Attributes$modality$14: loaded 2 times (x 134B)
Class dagger.spi.internal.shaded.androidx.room.jarjarred.kotlinx.metadata.internal.metadata.ProtoBuf$Class$Kind: loaded 2 times (x 79B)
Class dagger.spi.internal.shaded.androidx.room.jarjarred.kotlinx.metadata.internal.metadata.jvm.JvmProtoBuf$StringTableTypes$Record$1: loaded 2 times (x 141B)
Class dagger.internal.codegen.extension.DaggerStreams                                 : loaded 2 times (x 68B)
Class com.google.common.collect.Maps$FilteredEntryMap                                 : loaded 2 times (x 125B)
Class dagger.hilt.processor.internal.BadInputException                                : loaded 2 times (x 79B)
Class com.squareup.javapoet.TypeName                                                  : loaded 2 times (x 78B)
Class dagger.internal.codegen.model.DaggerTypeElement                                 : loaded 2 times (x 71B)
Class [Ldagger.spi.internal.shaded.androidx.room.jarjarred.kotlinx.metadata.internal.metadata.ProtoBuf$VersionRequirement$Level;: loaded 2 times (x 66B)
Class com.google.common.util.concurrent.ListenableFuture                              : loaded 2 times (x 67B)
Class com.google.common.base.CharMatcher$Any                                          : loaded 2 times (x 109B)
Class dagger.spi.internal.shaded.androidx.room.compiler.processing.javac.kotlin.KmConstructorContainer: loaded 2 times (x 97B)
Class dagger.spi.internal.shaded.androidx.room.compiler.processing.XEnumTypeElement   : loaded 2 times (x 67B)
Class dagger.internal.codegen.compileroption.ProcessingEnvironmentCompilerOptions$KeyOnlyOption$2: loaded 2 times (x 83B)
Class com.google.common.collect.ImmutableMapValues                                    : loaded 2 times (x 123B)
Class com.squareup.javapoet.FieldSpec$Builder                                         : loaded 2 times (x 69B)
Class com.google.common.base.Functions$ConstantFunction                               : loaded 2 times (x 81B)
Class org.gradle.internal.classloader.ClassLoaderVisitor                              : loaded 2 times (x 73B)
Class com.squareup.javapoet.ParameterSpec                                             : loaded 2 times (x 69B)
Class dagger.spi.internal.shaded.androidx.room.compiler.processing.javac.JavacAnnotation$defaultValues$2: loaded 2 times (x 76B)
Class kotlin.reflect.jvm.internal.KClassImpl$Data$allMembers$2                        : loaded 2 times (x 76B)
Class kotlin.reflect.jvm.internal.KDeclarationContainerImpl$Data$moduleData$2         : loaded 2 times (x 76B)
Class dagger.spi.internal.shaded.androidx.room.compiler.processing.javac.kotlin.KmVisibility: loaded 2 times (x 67B)
Class dagger.spi.internal.shaded.androidx.room.jarjarred.kotlinx.metadata.KmExtensionType: loaded 2 times (x 69B)
Class androidx.room.compiler.processing.javac.JavacBasicAnnotationProcessor           : loaded 2 times (x 95B)
Class com.google.common.util.concurrent.AbstractFuture                                : loaded 2 times (x 103B)
Class dagger.internal.codegen.binding.FrameworkType$3                                 : loaded 2 times (x 68B)
Class com.squareup.javapoet.TypeSpec$Kind                                             : loaded 2 times (x 76B)
Class dagger.spi.internal.shaded.androidx.room.compiler.processing.javac.JavacMethodType$typeVariables$2: loaded 2 times (x 76B)
Class dagger.internal.codegen.DelegateComponentProcessor_SourceFileGeneratorsModule_ProducerFactoryGeneratorFactory: loaded 2 times (x 79B)
Class dagger.internal.codegen.validation.BindsInstanceElementValidator                : loaded 2 times (x 75B)
Class dagger.internal.codegen.validation.BindsMethodValidator                         : loaded 2 times (x 75B)
Class dagger.internal.codegen.processingstep.TypeCheckingProcessingStep_MembersInjector: loaded 2 times (x 72B)
Class dagger.internal.codegen.bindinggraphvalidation.DuplicateBindingsValidator_Factory: loaded 2 times (x 79B)
Class dagger.spi.internal.shaded.androidx.room.jarjarred.kotlinx.metadata.internal.metadata.ProtoBuf$FunctionOrBuilder: loaded 2 times (x 67B)
Class dagger.spi.internal.shaded.androidx.room.jarjarred.kotlinx.metadata.internal.metadata.ProtoBuf$ValueParameterOrBuilder: loaded 2 times (x 67B)
Class dagger.spi.internal.shaded.androidx.room.jarjarred.kotlinx.metadata.jvm.JvmTypeExtensionVisitor$Companion: loaded 2 times (x 68B)
Class dagger.spi.internal.shaded.androidx.room.jarjarred.kotlinx.metadata.jvm.JvmClassExtensionVisitor: loaded 2 times (x 84B)
Class dagger.spi.internal.shaded.androidx.room.jarjarred.kotlinx.metadata.internal.metadata.jvm.deserialization.JvmNameResolverKt: loaded 2 times (x 68B)
Class kotlin.reflect.jvm.internal.CachesKt$CACHE_FOR_NULLABLE_BASE_CLASSIFIERS$1      : loaded 2 times (x 75B)
Class dagger.spi.internal.shaded.androidx.room.compiler.processing.javac.JavacTypeElement$enclosingTypeElement$2: loaded 2 times (x 76B)
Class dagger.spi.internal.shaded.androidx.room.compiler.processing.javac.JavacProcessingEnv: loaded 2 times (x 118B)
Class dagger.spi.internal.shaded.androidx.room.jarjarred.kotlinx.metadata.jvm.JvmFunctionExtensionVisitor$Companion: loaded 2 times (x 68B)
Class com.google.common.reflect.TypeResolver$TypeTable                                : loaded 2 times (x 70B)
Class org.objectweb.asm.RecordComponentVisitor                                        : loaded 2 times (x 74B)
Class jdk.internal.jimage.decompressor.Decompressor                                   : loaded 2 times (x 69B)
Class dagger.spi.internal.shaded.androidx.room.jarjarred.kotlinx.metadata.Attributes$kind$2: loaded 2 times (x 134B)
Class dagger.spi.internal.shaded.androidx.room.compiler.processing.javac.JavacMethodType$Companion: loaded 2 times (x 68B)
Class dagger.hilt.processor.internal.aggregateddeps.AggregatedDepsGenerator           : loaded 2 times (x 69B)
Class dagger.spi.internal.shaded.androidx.room.jarjarred.kotlinx.metadata.KmPropertyVisitor: loaded 2 times (x 77B)
Class dagger.internal.codegen.base.RequestKinds                                       : loaded 2 times (x 68B)
Class dagger.spi.internal.shaded.androidx.room.jarjarred.kotlinx.metadata.KmPropertyAccessorAttributes: loaded 2 times (x 68B)
Class dagger.internal.codegen.validation.SpiModelBindingGraphConverter                : loaded 2 times (x 68B)
Class dagger.internal.codegen.binding.AutoValue_ModuleDescriptor                      : loaded 2 times (x 83B)
Class dagger.internal.codegen.compileroption.ValidationType                           : loaded 2 times (x 76B)
Class dagger.spi.internal.shaded.androidx.room.jarjarred.kotlinx.metadata.internal.metadata.deserialization.ProtoTypeTableUtilKt: loaded 2 times (x 68B)
Class dagger.spi.internal.shaded.androidx.room.jarjarred.kotlinx.metadata.internal.metadata.ProtoBuf$VersionRequirementTable: loaded 2 times (x 104B)
Class dagger.spi.internal.shaded.androidx.room.jarjarred.kotlinx.metadata.internal.metadata.ProtoBuf$Contract$1: loaded 2 times (x 141B)
Class dagger.spi.internal.shaded.androidx.room.jarjarred.kotlinx.metadata.jvm.internal.JvmReadUtils: loaded 2 times (x 68B)
Class dagger.spi.internal.shaded.androidx.room.compiler.processing.javac.VisitorData  : loaded 2 times (x 69B)
Class dagger.spi.internal.shaded.androidx.room.jarjarred.kotlinx.metadata.internal.metadata.ProtoBuf$Type$Argument$1: loaded 2 times (x 141B)
Class com.squareup.kotlinpoet.UtilKt                                                  : loaded 2 times (x 68B)
Class dagger.spi.model.BindingGraph$Node                                              : loaded 2 times (x 67B)
Class androidx.room.RoomProcessor                                                     : loaded 2 times (x 95B)
Class dagger.hilt.processor.internal.JavacBaseProcessingStepProcessor                 : loaded 2 times (x 97B)
Class kotlin.io.FilesKt__FileReadWriteKt                                              : loaded 2 times (x 68B)
Class [Lkotlin.Pair;                                                                  : loaded 2 times (x 66B)
Class com.google.common.reflect.TypeResolver$TypeTable$1                              : loaded 2 times (x 70B)
Class org.gradle.internal.service.ServiceLookupException                              : loaded 2 times (x 79B)
Class jdk.internal.jrtfs.JrtFileAttributes                                            : loaded 2 times (x 80B)
Class dagger.internal.codegen.validation.AnyBindingMethodValidator_Factory            : loaded 2 times (x 79B)
Class dagger.internal.codegen.validation.SpiModelBindingGraphConverter$1              : loaded 2 times (x 68B)
Class dagger.internal.codegen.writing.FactoryGenerator_Factory                        : loaded 2 times (x 79B)
Class dagger.internal.codegen.binding.InjectionAnnotations                            : loaded 2 times (x 69B)
Class dagger.internal.codegen.binding.DependencyRequestFormatter_Factory              : loaded 2 times (x 79B)
Class [Ldagger.spi.internal.shaded.androidx.room.jarjarred.kotlinx.metadata.KmVariance;: loaded 2 times (x 66B)
Class dagger.internal.codegen.model.AutoValue_DaggerType                              : loaded 2 times (x 72B)
Class dagger.hilt.processor.internal.Components                                       : loaded 2 times (x 68B)
Class dagger.spi.internal.shaded.androidx.room.jarjarred.kotlinx.metadata.internal.metadata.jvm.deserialization.JvmMemberSignature$Field: loaded 2 times (x 72B)
Class dagger.internal.codegen.validation.BindingMethodValidator$MethodValidator       : loaded 2 times (x 77B)
Class dagger.spi.internal.shaded.androidx.room.jarjarred.kotlinx.metadata.jvm.JvmFunctionExtensionVisitor: loaded 2 times (x 77B)
Class dagger.spi.internal.shaded.androidx.room.jarjarred.kotlinx.metadata.KmExtensionVisitor: loaded 2 times (x 67B)
Class dagger.spi.internal.shaded.androidx.room.jarjarred.kotlinx.metadata.internal.protobuf.GeneratedMessageLite$1: loaded 2 times (x 68B)
Class dagger.spi.internal.shaded.androidx.room.compiler.processing.javac.JavacDeclaredType$equalityItems$2: loaded 2 times (x 76B)
Class com.squareup.kotlinpoet.TypeName$cachedString$2                                 : loaded 2 times (x 76B)
Class com.squareup.javapoet.LineWrapper                                               : loaded 2 times (x 69B)
Class com.google.common.collect.Lists$ReverseList                                     : loaded 2 times (x 197B)
Class com.google.common.base.CharMatcher$JavaLetter                                   : loaded 2 times (x 108B)
Class org.gradle.internal.classloader.ClassLoaderFactory                              : loaded 2 times (x 67B)
Class [Ldagger.internal.codegen.writing.InjectionMethods$InstanceCastPolicy;          : loaded 2 times (x 66B)
Class dagger.internal.codegen.DelegateComponentProcessor_SourceFileGeneratorsModule_ModuleConstructorProxyGeneratorFactory: loaded 2 times (x 79B)
Class dagger.internal.codegen.componentgenerator.ComponentGenerator                   : loaded 2 times (x 74B)
Class dagger.internal.codegen.model.DependencyRequest                                 : loaded 2 times (x 72B)
Class dagger.internal.codegen.validation.ProducesMethodValidator$Validator            : loaded 2 times (x 77B)
Class dagger.internal.codegen.processingstep.MonitoringModuleGenerator_Factory        : loaded 2 times (x 79B)
Class dagger.internal.codegen.validation.InjectValidator_Factory                      : loaded 2 times (x 79B)
Class dagger.spi.model.BindingGraphPlugin                                             : loaded 2 times (x 67B)
Class [Landroidx.room.processor.Context$ProcessorOptions;                             : loaded 2 times (x 66B)
Class dagger.internal.codegen.binding.$AutoValue_MembersInjectionBinding_InjectionSite: loaded 2 times (x 74B)
Class dagger.spi.internal.shaded.androidx.room.jarjarred.kotlinx.metadata.internal.FlagDelegatesImplKt: loaded 2 times (x 68B)
Class dagger.spi.internal.shaded.androidx.room.jarjarred.kotlinx.metadata.jvm.internal.JvmConstructorExtension: loaded 2 times (x 80B)
Class dagger.spi.internal.shaded.androidx.room.jarjarred.kotlinx.metadata.internal.metadata.ProtoBuf$VersionRequirementTableOrBuilder: loaded 2 times (x 67B)
Class dagger.spi.internal.shaded.androidx.room.jarjarred.kotlinx.metadata.internal.metadata.ProtoBuf$Function$1: loaded 2 times (x 141B)
Class dagger.internal.codegen.validation.ValidationReport                             : loaded 2 times (x 69B)
Class dagger.spi.internal.shaded.androidx.room.compiler.codegen.XClassName            : loaded 2 times (x 72B)
Class com.google.common.collect.ImmutableMap$SerializedForm                           : loaded 2 times (x 70B)
Class net.rubygrapefruit.platform.internal.Platform$Linux                             : loaded 2 times (x 80B)
Class org.gradle.internal.service.CachingServiceLocator                               : loaded 2 times (x 79B)
Class dagger.spi.internal.shaded.androidx.room.compiler.processing.XPackageElement    : loaded 2 times (x 67B)
Class dagger.internal.codegen.binding.MembersInjectionBinding$InjectionSite$Kind      : loaded 2 times (x 76B)
Class dagger.internal.codegen.binding.AutoValue_MembersInjectionBinding_InjectionSite : loaded 2 times (x 74B)
Class dagger.internal.codegen.binding.MembersInjectionBinding$InjectionSite           : loaded 2 times (x 73B)
Class dagger.internal.codegen.model.Key                                               : loaded 2 times (x 75B)
Class dagger.internal.codegen.validation.DiagnosticReporterFactory_Factory            : loaded 2 times (x 79B)
Class dagger.internal.codegen.model.DependencyRequest$Builder                         : loaded 2 times (x 73B)
Class dagger.internal.codegen.xprocessing.XProcessingEnvs                             : loaded 2 times (x 68B)
Class com.google.common.util.concurrent.AbstractFuture$UnsafeAtomicHelper$1           : loaded 2 times (x 73B)
Class [Ldagger.spi.internal.shaded.androidx.room.jarjarred.kotlinx.metadata.internal.metadata.ProtoBuf$MemberKind;: loaded 2 times (x 66B)
Class dagger.spi.internal.shaded.androidx.room.jarjarred.kotlinx.metadata.jvm.JvmClassExtensionVisitor$Companion: loaded 2 times (x 68B)
Class dagger.spi.internal.shaded.androidx.room.jarjarred.kotlinx.metadata.internal.protobuf.UninitializedMessageException: loaded 2 times (x 81B)
Class com.squareup.javapoet.WildcardTypeName                                          : loaded 2 times (x 78B)
Class kotlin.reflect.jvm.internal.CachesKt$CACHE_FOR_GENERIC_CLASSIFIERS$1            : loaded 2 times (x 75B)
Class com.google.common.collect.ImmutableRangeSet$1                                   : loaded 2 times (x 206B)
Class org.gradle.internal.classloader.DefaultClassLoaderFactory                       : loaded 2 times (x 79B)
Class dagger.spi.internal.shaded.androidx.room.compiler.processing.javac.JavacProcessingEnv$typeElementStore$1: loaded 2 times (x 76B)
Class androidx.room.compiler.processing.javac.JavacBasicAnnotationProcessor$steps$2   : loaded 2 times (x 76B)
Class dagger.hilt.processor.internal.generatesrootinput.GeneratesRootInputProcessor   : loaded 2 times (x 97B)
Class dagger.hilt.processor.internal.root.RootProcessor                               : loaded 2 times (x 97B)
Class dagger.spi.internal.shaded.androidx.room.compiler.processing.javac.JavacBasicAnnotationProcessor$xEnv$2: loaded 2 times (x 76B)
Class [Ldagger.internal.codegen.writing.InjectionMethods$CheckNotNullPolicy;          : loaded 2 times (x 66B)
Class dagger.internal.codegen.model.AutoValue_Key                                     : loaded 2 times (x 77B)
Class kotlin.io.FilesKt__FilePathComponentsKt                                         : loaded 2 times (x 68B)
Class dagger.internal.codegen.writing.ProducerFactoryGenerator                        : loaded 2 times (x 74B)
Class dagger.internal.codegen.compileroption.ProcessingEnvironmentCompilerOptions$KeyOnlyOption: loaded 2 times (x 83B)
Class [Ldagger.spi.internal.shaded.androidx.room.jarjarred.kotlinx.metadata.internal.metadata.ProtoBuf$Effect$InvocationKind;: loaded 2 times (x 66B)
Class kotlin.io.TerminateException                                                    : loaded 2 times (x 79B)
Class dagger.spi.internal.shaded.androidx.room.jarjarred.kotlinx.metadata.internal.protobuf.SmallSortedMap$Entry: loaded 2 times (x 85B)
Class dagger.spi.internal.shaded.androidx.room.jarjarred.kotlinx.metadata.internal.metadata.jvm.JvmProtoBuf$StringTableTypes$Record: loaded 2 times (x 116B)
Class com.google.common.base.Platform$JdkPatternCompiler                              : loaded 2 times (x 72B)
Class dagger.spi.internal.shaded.androidx.room.compiler.processing.javac.ElementExtKt : loaded 2 times (x 68B)
Class dagger.spi.internal.shaded.androidx.room.compiler.processing.javac.AnnotationMirrorExtKt: loaded 2 times (x 68B)
Class org.objectweb.asm.MethodTooLargeException                                       : loaded 2 times (x 80B)
Class dagger.spi.internal.shaded.androidx.room.compiler.processing.javac.JavacProcessingEnv$typeElementStore$2: loaded 2 times (x 75B)
Class dagger.hilt.processor.internal.definecomponent.DefineComponentProcessingStep    : loaded 2 times (x 84B)
Class com.google.common.reflect.Types$TypeVariableInvocationHandler                   : loaded 2 times (x 72B)
Class [Lcom.google.common.collect.HashBiMap$BiEntry;                                  : loaded 2 times (x 66B)
Class com.google.common.collect.Iterators$10                                          : loaded 2 times (x 78B)
Class com.google.common.base.CharMatcher$JavaDigit                                    : loaded 2 times (x 108B)
Class dagger.spi.internal.shaded.androidx.room.jarjarred.kotlinx.metadata.jvm.internal.JvmTypeParameterExtension: loaded 2 times (x 81B)
Class [Ldagger.spi.internal.shaded.androidx.room.compiler.processing.XType;           : loaded 2 times (x 66B)
Class [Ldagger.spi.internal.shaded.androidx.room.compiler.processing.XAnnotated;      : loaded 2 times (x 66B)
Class com.squareup.javapoet.CodeWriter                                                : loaded 2 times (x 69B)
Class dagger.spi.internal.shaded.androidx.room.compiler.processing.javac.JavacFieldElement$kotlinMetadata$2: loaded 2 times (x 76B)
Class dagger.internal.codegen.bindinggraphvalidation.NullableBindingValidator         : loaded 2 times (x 82B)
Class com.google.common.graph.Traverser$1                                             : loaded 2 times (x 71B)
Class dagger.spi.internal.shaded.androidx.room.compiler.processing.XNullability       : loaded 2 times (x 76B)
Class dagger.spi.internal.shaded.androidx.room.compiler.processing.javac.JavacVariableElement$type$2: loaded 2 times (x 76B)
Class kotlin.io.LinesSequence                                                         : loaded 2 times (x 72B)
Class dagger.spi.internal.shaded.androidx.room.compiler.processing.javac.kotlin.KmBaseTypeContainer: loaded 2 times (x 67B)
Class dagger.spi.internal.shaded.androidx.room.jarjarred.kotlinx.metadata.KmTypeVisitor: loaded 2 times (x 79B)
Class dagger.spi.internal.shaded.auto.common.AnnotationMirrors$1                      : loaded 2 times (x 81B)
Class dagger.spi.internal.shaded.androidx.room.jarjarred.kotlinx.metadata.Attributes$visibility$10: loaded 2 times (x 134B)
Class dagger.internal.codegen.kotlin.KotlinMetadataFactory_Factory$InstanceHolder     : loaded 2 times (x 68B)
Class dagger.spi.internal.shaded.androidx.room.compiler.processing.InternalXAnnotationValue$Companion: loaded 2 times (x 68B)
Class dagger.spi.internal.shaded.androidx.room.compiler.processing.javac.JavacProcessingEnv$typeElementStore$3: loaded 2 times (x 76B)
Class dagger.internal.codegen.bindinggraphvalidation.CompositeBindingGraphPlugin_Factory_Impl: loaded 2 times (x 72B)
Class dagger.internal.codegen.model.$AutoValue_Key                                    : loaded 2 times (x 77B)
Class dagger.internal.codegen.model.DiagnosticReporter                                : loaded 2 times (x 72B)
Class dagger.internal.codegen.processingstep.ComponentHjarProcessingStep_Factory      : loaded 2 times (x 79B)
Class dagger.internal.codegen.DaggerDelegateComponentProcessor_Injector$TopLevelImplementationComponentFactory: loaded 2 times (x 72B)
Class dagger.internal.codegen.base.ElementFormatter                                   : loaded 2 times (x 82B)
Class [Ldagger.internal.codegen.compileroption.ProcessingEnvironmentCompilerOptions$KeyOnlyOption;: loaded 2 times (x 66B)
Class com.google.common.graph.Traverser$2                                             : loaded 2 times (x 71B)
Class [Ldagger.internal.codegen.base.ComponentCreatorAnnotation;                      : loaded 2 times (x 66B)
Class dagger.spi.internal.shaded.androidx.room.jarjarred.kotlinx.metadata.KmFunctionVisitor: loaded 2 times (x 78B)
Class dagger.spi.internal.shaded.androidx.room.jarjarred.kotlinx.metadata.KmConstructor: loaded 2 times (x 74B)
Class kotlin.reflect.jvm.internal.KCallableImpl$_returnType$1                         : loaded 2 times (x 76B)
Class dagger.spi.internal.shaded.androidx.room.jarjarred.kotlinx.metadata.internal.protobuf.ByteString$Output: loaded 2 times (x 83B)
Class jdk.internal.jimage.ImageBufferCache                                            : loaded 2 times (x 68B)
Class jdk.internal.jrtfs.JrtPath                                                      : loaded 2 times (x 115B)
Class dagger.spi.internal.shaded.androidx.room.jarjarred.kotlinx.metadata.KmTypeParameter: loaded 2 times (x 73B)
Class dagger.internal.codegen.binding.$AutoValue_ProvisionBinding                     : loaded 2 times (x 88B)
Class dagger.spi.model.DaggerProcessingEnv$Backend                                    : loaded 2 times (x 76B)
Class dagger.internal.codegen.base.$AutoValue_ComponentAnnotation                     : loaded 2 times (x 73B)
Class dagger.internal.codegen.model.BindingKind                                       : loaded 2 times (x 76B)
Class dagger.internal.codegen.compileroption.ProcessingEnvironmentCompilerOptions$Validation: loaded 2 times (x 90B)
Class dagger.internal.codegen.ProcessingEnvironmentModule                             : loaded 2 times (x 67B)
Class dagger.internal.codegen.ServiceLoaders$1                                        : loaded 2 times (x 68B)
Class dagger.internal.codegen.xprocessing.XTypes                                      : loaded 2 times (x 68B)
Class [Ldagger.spi.internal.shaded.androidx.room.jarjarred.kotlinx.metadata.internal.metadata.ProtoBuf$Visibility;: loaded 2 times (x 66B)
Class dagger.spi.internal.shaded.androidx.room.jarjarred.kotlinx.metadata.KmClassifier: loaded 2 times (x 68B)
Class dagger.internal.codegen.xprocessing.XAnnotations$1                              : loaded 2 times (x 81B)
Class dagger.internal.codegen.validation.ValidationReport$Builder                     : loaded 2 times (x 69B)
Class dagger.hilt.processor.internal.optionvalues.BooleanValue                        : loaded 2 times (x 76B)
Class com.google.common.reflect.Types$ClassOwnership$1LocalClass                      : loaded 2 times (x 68B)
Class net.rubygrapefruit.platform.internal.Platform$Unsupported                       : loaded 2 times (x 76B)
Class net.rubygrapefruit.platform.internal.Platform$FreeBSD32Bit                      : loaded 2 times (x 79B)
Class com.google.common.collect.ImmutableBiMapFauxverideShim                          : loaded 2 times (x 117B)
Class org.gradle.internal.classloader.ClasspathUtil                                   : loaded 2 times (x 68B)
Class dagger.spi.internal.shaded.androidx.room.compiler.processing.javac.JavacMethodType$NormalMethodType: loaded 2 times (x 88B)
Class dagger.spi.internal.shaded.androidx.room.compiler.processing.javac.kotlin.JvmAbi: loaded 2 times (x 68B)
Class dagger.internal.codegen.model.BindingGraphPlugin                                : loaded 2 times (x 67B)
Class dagger.internal.codegen.validation.MultibindsMethodValidator$Validator          : loaded 2 times (x 77B)
Class dagger.internal.codegen.processingstep.AssistedProcessingStep_Factory           : loaded 2 times (x 79B)
Class dagger.hilt.android.processor.internal.viewmodel.ViewModelValidationPlugin      : loaded 2 times (x 80B)
Class androidx.room.processor.Context                                                 : loaded 2 times (x 69B)
Class dagger.spi.internal.shaded.androidx.room.jarjarred.kotlinx.metadata.internal.metadata.ProtoBuf$Effect$InvocationKind: loaded 2 times (x 79B)
Class dagger.spi.internal.shaded.androidx.room.compiler.processing.javac.JavacArrayType: loaded 2 times (x 208B)
Class dagger.spi.internal.shaded.androidx.room.jarjarred.kotlinx.metadata.internal.metadata.ProtoBuf$Visibility$1: loaded 2 times (x 71B)
Class dagger.spi.internal.shaded.androidx.room.jarjarred.kotlinx.metadata.jvm.internal.JvmExtensionNodesKt: loaded 2 times (x 68B)
Class dagger.spi.internal.shaded.androidx.room.jarjarred.kotlinx.metadata.internal.ReadContext: loaded 2 times (x 69B)
Class dagger.spi.internal.shaded.androidx.room.jarjarred.kotlinx.metadata.internal.metadata.jvm.deserialization.BitEncoding: loaded 2 times (x 68B)
Class dagger.spi.internal.shaded.androidx.room.jarjarred.kotlinx.metadata.internal.metadata.deserialization.VersionRequirement$Version: loaded 2 times (x 68B)
Class kotlin.io.FileSystemException                                                   : loaded 2 times (x 79B)
Class net.rubygrapefruit.platform.internal.Platform$Unix                              : loaded 2 times (x 79B)
Class com.google.common.base.Charsets                                                 : loaded 2 times (x 68B)
Class com.google.common.util.concurrent.Uninterruptibles                              : loaded 2 times (x 68B)
Class com.google.common.reflect.TypeToken$SimpleTypeToken                             : loaded 2 times (x 70B)
Class dagger.internal.codegen.base.ModuleKind$1                                       : loaded 2 times (x 68B)
Class [Ldagger.internal.codegen.xprocessing.XTypeElements$Visibility;                 : loaded 2 times (x 66B)
Class dagger.internal.codegen.componentgenerator.ComponentGeneratorModule_ComponentHjarGeneratorFactory: loaded 2 times (x 79B)
Class dagger.internal.codegen.validation.ComponentDescriptorValidator_Factory         : loaded 2 times (x 79B)
Class dagger.internal.codegen.bindinggraphvalidation.ProvisionDependencyOnProducerBindingValidator: loaded 2 times (x 82B)
Class dagger.internal.codegen.processingstep.TypeCheckingProcessingStep               : loaded 2 times (x 83B)
Class dagger.internal.codegen.binding.SourceFiles_Factory                             : loaded 2 times (x 78B)
Class dagger.spi.internal.shaded.androidx.room.jarjarred.kotlinx.metadata.internal.protobuf.CodedInputStream: loaded 2 times (x 69B)
Class dagger.spi.internal.shaded.androidx.room.jarjarred.kotlinx.metadata.internal.protobuf.AbstractMessageLite$Builder$LimitedInputStream: loaded 2 times (x 89B)
Class kotlin.io.CloseableKt                                                           : loaded 2 times (x 68B)
Class dagger.spi.internal.shaded.auto.common.MoreTypes$ExecutableTypeVisitor          : loaded 2 times (x 99B)
Class dagger.hilt.processor.internal.HiltCompilerOptions$EnumOption                   : loaded 2 times (x 69B)
Class com.squareup.kotlinpoet.ClassName$special$$inlined$compareBy$1                  : loaded 2 times (x 86B)
Class com.squareup.javapoet.TypeVariableName                                          : loaded 2 times (x 78B)
Class com.google.common.base.CharMatcher$JavaUpperCase                                : loaded 2 times (x 108B)
Class org.gradle.api.specs.Spec                                                       : loaded 2 times (x 67B)
Class jdk.internal.jimage.ImageReader$SharedImageReader$LocationVisitor               : loaded 2 times (x 67B)
Class com.squareup.javapoet.CodeWriter$Multiset                                       : loaded 2 times (x 69B)
Class dagger.internal.codegen.validation.BindingElementValidator$1                    : loaded 2 times (x 68B)
Class dagger.internal.codegen.binding.ProductionBinding                               : loaded 2 times (x 90B)
Class dagger.internal.codegen.validation.ExternalBindingGraphPlugins                  : loaded 2 times (x 69B)
Class dagger.internal.codegen.binding.MultibindingDeclaration_Factory_Factory         : loaded 2 times (x 79B)
Class dagger.spi.internal.shaded.androidx.room.jarjarred.kotlinx.metadata.internal.metadata.jvm.deserialization.JvmMemberSignature$Method: loaded 2 times (x 72B)
Class dagger.spi.internal.shaded.androidx.room.jarjarred.kotlinx.metadata.internal.metadata.ProtoBuf$AnnotationOrBuilder: loaded 2 times (x 67B)
Class dagger.spi.internal.shaded.androidx.room.jarjarred.kotlinx.metadata.internal.metadata.ProtoBuf$Property: loaded 2 times (x 145B)
Class dagger.spi.internal.shaded.androidx.room.jarjarred.kotlinx.metadata.internal.protobuf.SmallSortedMap: loaded 2 times (x 127B)
Class dagger.spi.internal.shaded.androidx.room.compiler.processing.javac.JavacAnnotation$declaredAnnotationValues$2: loaded 2 times (x 76B)
Class kotlin.reflect.jvm.internal.KClassImpl$Data$qualifiedName$2                     : loaded 2 times (x 76B)
Class dagger.spi.internal.shaded.androidx.room.jarjarred.kotlinx.metadata.jvm.JvmTypeExtensionVisitor: loaded 2 times (x 77B)
Class com.google.common.reflect.Types$JavaVersion                                     : loaded 2 times (x 80B)
Class dagger.Lazy                                                                     : loaded 2 times (x 67B)
Class dagger.spi.internal.shaded.androidx.room.compiler.processing.ksp.KSTypeJavaPoetExtKt: loaded 2 times (x 68B)
Class dagger.spi.internal.shaded.androidx.room.jarjarred.kotlinx.metadata.jvm.JvmFieldSignature: loaded 2 times (x 71B)
Class dagger.internal.codegen.validation.ProducesMethodValidator_Factory              : loaded 2 times (x 79B)
Class androidx.room.DatabaseProcessingStep$Companion                                  : loaded 2 times (x 68B)
Class dagger.internal.codegen.model.DaggerAnnotation                                  : loaded 2 times (x 73B)
Class dagger.spi.internal.shaded.androidx.room.compiler.processing.javac.kotlin.KmClassContainer$superType$2: loaded 2 times (x 76B)
Class kotlin.reflect.jvm.internal.KClassImpl$Data$constructors$2                      : loaded 2 times (x 76B)
Class dagger.spi.internal.shaded.androidx.room.jarjarred.kotlinx.metadata.internal.metadata.ProtoBuf$Effect$EffectType: loaded 2 times (x 79B)
Class dagger.spi.internal.shaded.androidx.room.jarjarred.kotlinx.metadata.KmTypeProjection$Companion: loaded 2 times (x 68B)
Class dagger.spi.internal.shaded.androidx.room.jarjarred.kotlinx.metadata.internal.metadata.ProtoBuf$VersionRequirement$Level: loaded 2 times (x 79B)
Class com.google.common.collect.AbstractMapBasedMultimap$AsMap                        : loaded 2 times (x 125B)
Class dagger.internal.codegen.binding.MultibindingDeclaration                         : loaded 2 times (x 75B)
Class dagger.internal.codegen.writing.UnwrappedMapKeyGenerator_Factory                : loaded 2 times (x 79B)
Class dagger.internal.codegen.writing.ModuleProxies$ModuleConstructorProxyGenerator   : loaded 2 times (x 74B)
Class dagger.internal.codegen.compileroption.ProcessingEnvironmentCompilerOptions$CommandLineOption: loaded 2 times (x 67B)
Class dagger.internal.codegen.validation.ComponentValidator_Factory                   : loaded 2 times (x 79B)
Class com.google.common.collect.Multimaps$Entries                                     : loaded 2 times (x 115B)
Class androidx.room.compiler.processing.javac.JavacProcessingEnv                      : loaded 2 times (x 112B)
Class dagger.spi.internal.shaded.androidx.room.jarjarred.kotlinx.metadata.internal.metadata.deserialization.Flags$BooleanFlagField: loaded 2 times (x 73B)
Class dagger.spi.internal.shaded.androidx.room.jarjarred.kotlinx.metadata.internal.metadata.jvm.JvmProtoBuf$JvmPropertySignature$Builder: loaded 2 times (x 138B)
Class [Ldagger.spi.internal.shaded.androidx.room.jarjarred.kotlinx.metadata.internal.protobuf.Internal$EnumLite;: loaded 2 times (x 66B)
Class dagger.spi.internal.shaded.androidx.room.jarjarred.kotlinx.metadata.internal.metadata.ProtoBuf$Type$1: loaded 2 times (x 141B)
Class dagger.spi.internal.shaded.androidx.room.jarjarred.kotlinx.metadata.internal.metadata.ProtoBuf$Constructor$1: loaded 2 times (x 141B)
Class dagger.internal.codegen.binding.MethodSignatureFormatter                        : loaded 2 times (x 83B)
Class [Ldagger.spi.internal.shaded.androidx.room.jarjarred.kotlinx.metadata.ClassKind;: loaded 2 times (x 66B)
Class kotlin.collections.MapWithDefaultImpl                                           : loaded 2 times (x 123B)
Class com.squareup.javapoet.ArrayTypeName                                             : loaded 2 times (x 78B)
Class com.google.common.graph.PredecessorsFunction                                    : loaded 2 times (x 67B)
Class androidx.room.util.SimpleJavaVersion$compareTo$$inlined$thenBy$2                : loaded 2 times (x 87B)
Class Build_gradle$1                                                                  : loaded 2 times (x 71B)
Class com.google.common.reflect.Invokable$MethodInvokable                             : loaded 2 times (x 104B)
Class com.google.common.base.Platform                                                 : loaded 2 times (x 68B)
Class jdk.internal.jimage.ImageReader$Directory                                       : loaded 2 times (x 81B)
Class dagger.internal.codegen.base.MapKeyAccessibility                                : loaded 2 times (x 68B)
Class dagger.spi.internal.shaded.androidx.room.jarjarred.kotlinx.metadata.KmVersionRequirementVersionKind: loaded 2 times (x 76B)
Class dagger.spi.internal.shaded.androidx.room.jarjarred.kotlinx.metadata.internal.metadata.deserialization.VersionRequirement$Companion$WhenMappings: loaded 2 times (x 68B)
Class dagger.internal.codegen.compileroption.CompilerOptions                          : loaded 2 times (x 91B)
Class [Ldagger.internal.codegen.model.BindingKind;                                    : loaded 2 times (x 66B)
Class dagger.internal.codegen.writing.AnnotationCreatorGenerator                      : loaded 2 times (x 77B)
Class dagger.hilt.android.processor.internal.viewmodel.ViewModelValidationPluginKt    : loaded 2 times (x 68B)
Class dagger.internal.codegen.validation.ProvidesMethodValidator                      : loaded 2 times (x 75B)
Class dagger.internal.codegen.DelegateComponentProcessor_SourceFileGeneratorsModule_FactoryGeneratorFactory: loaded 2 times (x 79B)
Class dagger.spi.internal.shaded.androidx.room.compiler.processing.javac.JavacConstructorElement$kotlinMetadata$2: loaded 2 times (x 76B)
Class com.google.common.collect.AbstractMapBasedMultimap$WrappedList                  : loaded 2 times (x 202B)
Class dagger.spi.internal.shaded.androidx.room.jarjarred.kotlinx.metadata.internal.metadata.ProtoBuf$Function: loaded 2 times (x 146B)
Class dagger.internal.codegen.processingstep.ModuleProcessingStep_Factory             : loaded 2 times (x 79B)
Class dagger.spi.internal.shaded.androidx.room.compiler.processing.javac.kotlin.KmValueParameterContainer: loaded 2 times (x 69B)
Class dagger.spi.internal.shaded.androidx.room.jarjarred.kotlinx.metadata.internal.metadata.deserialization.VersionRequirement$Version$Companion: loaded 2 times (x 68B)
Class kotlin.reflect.jvm.internal.CachesKt$K_PACKAGE_CACHE$1                          : loaded 2 times (x 75B)
Class com.google.devtools.ksp.symbol.KSNode                                           : loaded 2 times (x 67B)
Class dagger.spi.internal.shaded.androidx.room.compiler.processing.javac.JavacTypeElement$enclosingElement$2: loaded 2 times (x 76B)
Class kotlin.io.FilePathComponents                                                    : loaded 2 times (x 69B)
Class [Lorg.objectweb.asm.AnnotationWriter;                                           : loaded 2 times (x 66B)
Class com.google.common.primitives.Ints$IntConverter                                  : loaded 2 times (x 87B)
Class dagger.internal.codegen.validation.ProvidesMethodValidator$Validator            : loaded 2 times (x 77B)
Class dagger.internal.codegen.binding.ModuleDescriptor                                : loaded 2 times (x 78B)
Class dagger.internal.codegen.componentgenerator.ComponentGeneratorModule             : loaded 2 times (x 67B)
Class dagger.internal.codegen.base.SourceFileGenerator                                : loaded 2 times (x 74B)
Class dagger.internal.codegen.binding.SourceFiles                                     : loaded 2 times (x 68B)
Class dagger.internal.codegen.DaggerDelegateComponentProcessor_Injector               : loaded 2 times (x 68B)
Class [Ldagger.spi.internal.shaded.androidx.room.jarjarred.kotlinx.metadata.internal.metadata.ProtoBuf$VersionRequirement$VersionKind;: loaded 2 times (x 66B)
Class [Lcom.google.common.collect.Iterators$EmptyModifiableIterator;                  : loaded 2 times (x 66B)
Class dagger.spi.internal.shaded.androidx.room.compiler.processing.javac.kotlin.KmClassContainer$superTypes$2: loaded 2 times (x 76B)
Class dagger.spi.internal.shaded.androidx.room.jarjarred.kotlinx.metadata.internal.extensions.KmFunctionExtension: loaded 2 times (x 67B)
Class com.google.common.collect.HashBiMap$BiEntry                                     : loaded 2 times (x 80B)
Class kotlin.sequences.TransformingSequence$iterator$1                                : loaded 2 times (x 76B)
Class dagger.spi.internal.shaded.auto.common.MoreTypes$ArrayTypeVisitor               : loaded 2 times (x 99B)
Class dagger.internal.codegen.binding.ContributionBinding$1                           : loaded 2 times (x 68B)
Class org.objectweb.asm.ClassVisitor                                                  : loaded 2 times (x 85B)
Class com.google.common.collect.Lists$ReverseList$1                                   : loaded 2 times (x 96B)
Class com.google.common.collect.ImmutableRangeSet$Builder                             : loaded 2 times (x 74B)
Class com.google.common.cache.LocalCache$StrongValueReference                         : loaded 2 times (x 87B)
Class com.google.common.util.concurrent.AbstractFuture$SynchronizedHelper             : loaded 2 times (x 75B)
Class com.google.common.base.CharMatcher$Invisible                                    : loaded 2 times (x 109B)
Class com.google.common.collect.RegularImmutableBiMap$Inverse                         : loaded 2 times (x 140B)
Class dagger.internal.codegen.base.ComponentCreatorKind                               : loaded 2 times (x 76B)
Class dagger.internal.codegen.javapoet.TypeNames                                      : loaded 2 times (x 68B)
Class dagger.internal.codegen.validation.ModuleValidator_Factory                      : loaded 2 times (x 79B)
Class dagger.internal.codegen.validation.BindsOptionalOfMethodValidator_Factory       : loaded 2 times (x 79B)
Class dagger.spi.internal.shaded.androidx.room.compiler.processing.javac.JavacBasicAnnotationProcessor: loaded 2 times (x 95B)
Class [Lcom.squareup.javapoet.LineWrapper$FlushType;                                  : loaded 2 times (x 66B)
Class dagger.spi.internal.shaded.androidx.room.jarjarred.kotlinx.metadata.internal.metadata.deserialization.Flags$EnumLiteFlagField: loaded 2 times (x 73B)
Class dagger.spi.internal.shaded.androidx.room.jarjarred.kotlinx.metadata.internal.metadata.ProtoBuf$Package: loaded 2 times (x 126B)
Class dagger.spi.internal.shaded.androidx.room.compiler.processing.javac.JavacExecutableElement: loaded 2 times (x 220B)
Class dagger.spi.internal.shaded.androidx.room.compiler.processing.javac.JavacProcessingEnvMessager$Companion: loaded 2 times (x 68B)
Class dagger.spi.internal.shaded.androidx.room.compiler.processing.InternalXAnnotation: loaded 2 times (x 136B)
Class [Lorg.objectweb.asm.Symbol;                                                     : loaded 2 times (x 66B)
Class org.objectweb.asm.Type                                                          : loaded 2 times (x 69B)
Class org.gradle.internal.classloader.VisitableURLClassLoader$InstrumentingVisitableURLClassLoader: loaded 2 times (x 120B)
Class dagger.internal.codegen.writing.InjectionMethods                                : loaded 2 times (x 68B)
Class com.google.common.collect.Iterators$SingletonIterator                           : loaded 2 times (x 78B)
Class com.google.common.collect.Maps$FilteredEntryMap$EntrySet                        : loaded 2 times (x 149B)
Class com.google.common.reflect.TypeCapture                                           : loaded 2 times (x 68B)
Class dagger.internal.codegen.processingstep.AssistedFactoryProcessingStep            : loaded 2 times (x 83B)
Class [Ldagger.internal.codegen.validation.BindingElementValidator$AllowsScoping;     : loaded 2 times (x 66B)
Class dagger.internal.codegen.validation.BindingMethodValidator                       : loaded 2 times (x 75B)
Class dagger.internal.codegen.processingstep.MonitoringModuleProcessingStep_Factory   : loaded 2 times (x 79B)
Class dagger.internal.codegen.base.DaggerSuperficialValidation$ValidationException$UnknownErrorType: loaded 2 times (x 80B)
Class [Ldagger.internal.codegen.compileroption.ProcessingEnvironmentCompilerOptions$EnumOption;: loaded 2 times (x 66B)
Class dagger.internal.codegen.bindinggraphvalidation.InjectBindingValidator_Factory   : loaded 2 times (x 79B)
Class dagger.internal.codegen.processingstep.SuperficialValidator                     : loaded 2 times (x 72B)
Class androidx.room.processor.Context$BooleanProcessorOptions                         : loaded 2 times (x 77B)
Class dagger.spi.internal.shaded.androidx.room.jarjarred.kotlinx.metadata.KmClass     : loaded 2 times (x 95B)
Class dagger.hilt.processor.internal.Processors                                       : loaded 2 times (x 68B)
Class com.google.common.collect.Iterators$ConcatenatedIterator                        : loaded 2 times (x 79B)
Class dagger.internal.codegen.validation.DiagnosticReporterFactory$DiagnosticReporterImpl: loaded 2 times (x 73B)
Class dagger.spi.internal.shaded.androidx.room.compiler.processing.XMessager          : loaded 2 times (x 70B)
Class kotlin.sequences.TransformingSequence                                           : loaded 2 times (x 72B)
Class dagger.spi.internal.shaded.androidx.room.compiler.processing.javac.JavacTypeElement: loaded 2 times (x 297B)
Class dagger.spi.internal.shaded.auto.common.MoreTypes                                : loaded 2 times (x 68B)
Class org.objectweb.asm.ByteVector                                                    : loaded 2 times (x 76B)
Class org.gradle.internal.classloader.VisitableURLClassLoader$Spec                    : loaded 2 times (x 71B)
Class org.gradle.internal.classpath.DefaultClassPath                                  : loaded 2 times (x 87B)
Class dagger.internal.codegen.binding.FrameworkType                                   : loaded 2 times (x 81B)
Class jdk.internal.jrtfs.JrtFileSystemProvider                                        : loaded 2 times (x 98B)
Class dagger.internal.codegen.base.DaggerSuperficialValidation$1                      : loaded 2 times (x 68B)
Class dagger.internal.codegen.base.RequestKinds$1                                     : loaded 2 times (x 68B)
Class [Ldagger.internal.codegen.validation.ValidationBindingGraphPlugin;              : loaded 2 times (x 66B)
Class dagger.internal.codegen.binding.ModuleDescriptor$Factory                        : loaded 2 times (x 72B)
Class dagger.internal.codegen.processingstep.BindsInstanceProcessingStep_Factory      : loaded 2 times (x 79B)
Class dagger.internal.codegen.validation.BindingMethodValidator$ExceptionSuperclass$1 : loaded 2 times (x 78B)
Class dagger.internal.codegen.writing.UnwrappedMapKeyGenerator                        : loaded 2 times (x 77B)
Class dagger.spi.internal.shaded.androidx.room.compiler.processing.XExecutableType    : loaded 2 times (x 67B)
Class dagger.internal.codegen.bindinggraphvalidation.SetMultibindingValidator_Factory$InstanceHolder: loaded 2 times (x 68B)
Class dagger.internal.codegen.bindinggraphvalidation.MissingBindingValidator_Factory  : loaded 2 times (x 79B)
Class dagger.internal.codegen.binding.ModuleDescriptor_Factory_Factory                : loaded 2 times (x 79B)
Class dagger.internal.codegen.binding.DelegateDeclaration_Factory_Factory             : loaded 2 times (x 79B)
Class org.gradle.internal.service.ServiceLocator                                      : loaded 2 times (x 67B)
Class [Lorg.objectweb.asm.Type;                                                       : loaded 2 times (x 66B)
Class [Ldagger.spi.internal.shaded.androidx.room.jarjarred.kotlinx.metadata.internal.metadata.ProtoBuf$Type$Argument$Projection;: loaded 2 times (x 66B)
Class dagger.spi.internal.shaded.androidx.room.compiler.processing.javac.JavacMethodParameter: loaded 2 times (x 222B)
Class dagger.spi.internal.shaded.androidx.room.compiler.processing.javac.kotlin.KotlinClassMetadataUtilsKt: loaded 2 times (x 68B)
Class kotlin.reflect.jvm.internal.KMutableProperty1Impl$_setter$1                     : loaded 2 times (x 76B)
Class dagger.spi.internal.shaded.androidx.room.jarjarred.kotlinx.metadata.internal.protobuf.RopeByteString: loaded 2 times (x 107B)
Class com.squareup.javapoet.TypeSpec                                                  : loaded 2 times (x 69B)
Class [Lorg.objectweb.asm.Attribute;                                                  : loaded 2 times (x 66B)
Class com.squareup.kotlinpoet.TagMap                                                  : loaded 2 times (x 76B)
Class com.google.common.reflect.Types$ClassOwnership                                  : loaded 2 times (x 77B)
Class org.objectweb.asm.Symbol                                                        : loaded 2 times (x 70B)
Class dagger.internal.codegen.model.AutoValue_Key_MultibindingContributionIdentifier  : loaded 2 times (x 71B)
Class dagger.hilt.android.processor.internal.androidentrypoint.AndroidEntryPointProcessingStep: loaded 2 times (x 84B)
Class dagger.internal.codegen.validation.BindingMethodValidator$ExceptionSuperclass$2 : loaded 2 times (x 78B)
Class dagger.internal.codegen.base.ContributionType$HasContributionType               : loaded 2 times (x 67B)
Class dagger.internal.codegen.kotlin.KotlinMetadataUtil                               : loaded 2 times (x 69B)
Class dagger.internal.codegen.binding.BindingDeclarationFormatter_Factory             : loaded 2 times (x 79B)
Class dagger.spi.internal.shaded.androidx.room.jarjarred.kotlinx.metadata.internal.metadata.ProtoBuf$Expression$ConstantValue: loaded 2 times (x 79B)
Class dagger.spi.internal.shaded.androidx.room.jarjarred.kotlinx.metadata.internal.metadata.ProtoBuf$Type$Argument$Projection$1: loaded 2 times (x 71B)
Class dagger.hilt.android.processor.internal.bindvalue.AutoValue_BindValueMetadata    : loaded 2 times (x 71B)
Class dagger.spi.internal.shaded.androidx.room.jarjarred.kotlinx.metadata.jvm.KotlinClassMetadata$Class: loaded 2 times (x 74B)
Class dagger.spi.internal.shaded.androidx.room.jarjarred.kotlinx.metadata.internal.protobuf.GeneratedMessageLite$ExtendableMessageOrBuilder: loaded 2 times (x 67B)
Class [Ldagger.spi.internal.shaded.androidx.room.jarjarred.kotlinx.metadata.internal.protobuf.WireFormat$JavaType;: loaded 2 times (x 66B)
Class [Ldagger.spi.internal.shaded.androidx.room.compiler.processing.InternalXAnnotationValue$Kind;: loaded 2 times (x 66B)
Class dagger.internal.codegen.xprocessing.XAnnotationValues$1                         : loaded 2 times (x 81B)
Class dagger.spi.internal.shaded.androidx.room.compiler.processing.javac.JavacMethodElement$returnType$2: loaded 2 times (x 76B)
Class dagger.spi.internal.shaded.androidx.room.compiler.processing.javac.JavacType$xTypeName$2: loaded 2 times (x 76B)
Class com.squareup.javapoet.JavaFile                                                  : loaded 2 times (x 69B)
Class com.squareup.javapoet.ClassName$1                                               : loaded 2 times (x 94B)
Class dagger.spi.internal.shaded.androidx.room.jarjarred.kotlinx.metadata.internal.protobuf.MessageLiteOrBuilder: loaded 2 times (x 67B)
Class kotlin.annotation.Repeatable                                                    : loaded 2 times (x 67B)
Class dagger.spi.internal.shaded.androidx.room.compiler.processing.javac.JavacAnnotation$type$2: loaded 2 times (x 76B)
Class dagger.spi.internal.shaded.androidx.room.compiler.processing.InternalXAnnotated : loaded 2 times (x 67B)
Class dagger.spi.internal.shaded.androidx.room.jarjarred.kotlinx.metadata.internal.metadata.ProtoBuf$TypeParameter$Variance: loaded 2 times (x 79B)
Class androidx.room.compiler.processing.XBasicAnnotationProcessor                     : loaded 2 times (x 67B)
Class dagger.spi.internal.shaded.androidx.room.compiler.processing.XBasicAnnotationProcessor: loaded 2 times (x 67B)
Class com.google.common.io.Closer                                                     : loaded 2 times (x 75B)
Class com.google.common.base.CharMatcher$Ascii                                        : loaded 2 times (x 109B)
Class org.gradle.internal.classloader.ClassLoaderSpec                                 : loaded 2 times (x 68B)
Class kotlin.reflect.jvm.internal.impl.builtins.PrimitiveType$arrayTypeFqName$2       : loaded 2 times (x 76B)
Class dagger.internal.codegen.binding.BindingDeclarationFormatter                     : loaded 2 times (x 83B)
Class dagger.internal.codegen.binding.$AutoValue_ComponentDescriptor                  : loaded 2 times (x 96B)
Class dagger.internal.codegen.binding.AutoValue_MultibindingDeclaration               : loaded 2 times (x 76B)
Class dagger.internal.codegen.validation.BindingMethodValidator$ExceptionSuperclass$3 : loaded 2 times (x 78B)
Class dagger.spi.internal.shaded.androidx.room.compiler.processing.javac.JavacArrayType$xTypeName$2: loaded 2 times (x 76B)
Class dagger.spi.internal.shaded.androidx.room.compiler.processing.XExecutableElement : loaded 2 times (x 67B)
Class dagger.spi.internal.shaded.androidx.room.compiler.processing.javac.JavacElement$equalityItems$2: loaded 2 times (x 76B)
Class com.squareup.kotlinpoet.TagMap$Companion                                        : loaded 2 times (x 68B)
Class dagger.spi.internal.shaded.androidx.room.compiler.processing.XHasModifiers      : loaded 2 times (x 67B)
Class dagger.spi.internal.shaded.androidx.room.jarjarred.kotlinx.metadata.internal.metadata.jvm.JvmProtoBuf$StringTableTypes: loaded 2 times (x 107B)
Class androidx.hilt.AndroidXHiltProcessor                                             : loaded 2 times (x 95B)
Class dagger.hilt.android.processor.internal.bindvalue.BindValueProcessingStep        : loaded 2 times (x 84B)
Class kotlin.text.DelimitedRangesSequence                                             : loaded 2 times (x 72B)
Class net.rubygrapefruit.platform.internal.Platform$MacOs32Bit                        : loaded 2 times (x 79B)
Class net.rubygrapefruit.platform.internal.Platform$Linux64Bit                        : loaded 2 times (x 80B)
Class org.objectweb.asm.AnnotationWriter                                              : loaded 2 times (x 76B)
Class dagger.spi.internal.shaded.androidx.room.jarjarred.kotlinx.metadata.internal.metadata.jvm.JvmProtoBuf$StringTableTypes$Record$Operation: loaded 2 times (x 79B)
Class [Ldagger.spi.internal.shaded.androidx.room.jarjarred.kotlinx.metadata.Modality; : loaded 2 times (x 66B)
Class dagger.internal.codegen.base.AutoValue_ModuleAnnotation                         : loaded 2 times (x 73B)
Class dagger.spi.internal.shaded.androidx.room.jarjarred.kotlinx.metadata.internal.metadata.jvm.JvmProtoBuf$JvmMethodSignature: loaded 2 times (x 105B)
Class dagger.MembersInjector                                                          : loaded 2 times (x 67B)
Class dagger.internal.codegen.processingstep.SuperficialValidator_Factory             : loaded 2 times (x 79B)
Class [Ldagger.spi.internal.shaded.androidx.room.jarjarred.kotlinx.metadata.internal.metadata.ProtoBuf$Expression$ConstantValue;: loaded 2 times (x 66B)
Class dagger.spi.internal.shaded.androidx.room.jarjarred.kotlinx.metadata.Attributes$hasAnnotations$26: loaded 2 times (x 134B)
Class com.google.common.collect.AbstractMapBasedMultimap$2                            : loaded 2 times (x 82B)
Class dagger.spi.internal.shaded.androidx.room.jarjarred.kotlinx.metadata.Attributes$visibility$6: loaded 2 times (x 134B)
Class dagger.spi.internal.shaded.androidx.room.jarjarred.kotlinx.metadata.internal.BooleanFlagDelegate: loaded 2 times (x 69B)
Class dagger.spi.internal.shaded.androidx.room.compiler.processing.javac.JavacAnnotationValue$1: loaded 2 times (x 76B)
Class dagger.spi.internal.shaded.androidx.room.jarjarred.kotlinx.metadata.jvm.JvmExtensionsKt: loaded 2 times (x 68B)
Class dagger.spi.internal.shaded.androidx.room.compiler.processing.XMemberContainer   : loaded 2 times (x 67B)
Class dagger.hilt.android.processor.internal.bindvalue.BindValueProcessor             : loaded 2 times (x 97B)
Class com.google.common.io.Closer$Suppressor                                          : loaded 2 times (x 67B)
Class org.objectweb.asm.RecordComponentWriter                                         : loaded 2 times (x 75B)
Class com.google.common.util.concurrent.AbstractFuture$Listener                       : loaded 2 times (x 69B)
Class Settings_gradle$1$1                                                             : loaded 2 times (x 71B)
Class dagger.spi.internal.shaded.androidx.room.compiler.processing.javac.JavacConstructorElement$parameters$2$1$1: loaded 2 times (x 76B)
Class dagger.spi.internal.shaded.androidx.room.compiler.processing.javac.JavacTypeVariableType$equalityItems$2: loaded 2 times (x 76B)
Class dagger.spi.internal.shaded.androidx.room.compiler.processing.javac.JavacTypeVariableType: loaded 2 times (x 208B)
Class dagger.internal.codegen.binding.AutoValue_ProvisionBinding                      : loaded 2 times (x 89B)
Class com.google.common.collect.ForwardingSet                                         : loaded 2 times (x 148B)
Class dagger.internal.codegen.validation.ComponentValidator                           : loaded 2 times (x 72B)
Class dagger.internal.codegen.validation.BindsInstanceMethodValidator_Factory         : loaded 2 times (x 79B)
Class dagger.internal.codegen.validation.DiagnosticMessageGenerator_Factory_Factory   : loaded 2 times (x 79B)
Class dagger.spi.internal.shaded.androidx.room.compiler.processing.XMethodElementKt   : loaded 2 times (x 68B)
Class dagger.spi.internal.shaded.androidx.room.compiler.processing.javac.JavacArrayType$componentType$2: loaded 2 times (x 76B)
Class dagger.spi.internal.shaded.androidx.room.jarjarred.kotlinx.metadata.Attributes$isNullCheckPredicate$2: loaded 2 times (x 134B)
Class dagger.spi.internal.shaded.androidx.room.jarjarred.kotlinx.metadata.internal.FlagDelegatesImplKt$typeBooleanFlag$1: loaded 2 times (x 134B)
Class dagger.spi.internal.shaded.androidx.room.jarjarred.kotlinx.metadata.internal.metadata.ProtoBuf$TypeTable: loaded 2 times (x 106B)
Class dagger.spi.internal.shaded.auto.common.MoreTypes$DeclaredTypeVisitor            : loaded 2 times (x 99B)
Class com.google.common.collect.CompactHashing                                        : loaded 2 times (x 68B)
Class dagger.spi.internal.shaded.androidx.room.compiler.processing.XElement           : loaded 2 times (x 67B)
Class androidx.room.compiler.processing.XProcessingEnv$Backend                        : loaded 2 times (x 76B)
Class org.objectweb.asm.Attribute                                                     : loaded 2 times (x 74B)
Class org.gradle.internal.classloader.VisitableURLClassLoader                         : loaded 2 times (x 114B)
Class com.google.common.base.Verify                                                   : loaded 2 times (x 68B)
Class dagger.internal.codegen.model.AutoValue_DaggerAnnotation                        : loaded 2 times (x 74B)
Class dagger.internal.codegen.bindinggraphvalidation.DependencyCycleValidator         : loaded 2 times (x 82B)
Class dagger.internal.codegen.bindinggraphvalidation.SubcomponentFactoryMethodValidator_Factory: loaded 2 times (x 78B)
Class dagger.internal.codegen.validation.MultibindsMethodValidator_Factory            : loaded 2 times (x 79B)
Class dagger.spi.internal.shaded.androidx.room.jarjarred.kotlinx.metadata.MemberKind  : loaded 2 times (x 76B)
Class dagger.spi.internal.shaded.androidx.room.compiler.processing.javac.kotlin.KmClassContainer$type$2: loaded 2 times (x 76B)
Class dagger.internal.codegen.binding.BindingGraphConverter                           : loaded 2 times (x 68B)
Class dagger.spi.internal.shaded.auto.common.Overrides                                : loaded 2 times (x 69B)
Class dagger.spi.internal.shaded.androidx.room.compiler.processing.javac.JavacTypeElement$superClass$2: loaded 2 times (x 76B)
Class [Lnet.ltgt.gradle.incap.IncrementalAnnotationProcessorType;                     : loaded 2 times (x 66B)
Class androidx.room.compiler.processing.javac.XTypeElementStore                       : loaded 2 times (x 69B)
Class androidx.room.compiler.processing.javac.JavacBasicAnnotationProcessor$commonDelegate$2: loaded 2 times (x 76B)
Class androidx.room.util.SimpleJavaVersion$compareTo$$inlined$thenBy$1                : loaded 2 times (x 87B)
Class com.google.common.collect.ImmutableList$SerializedForm                          : loaded 2 times (x 70B)
Class net.rubygrapefruit.platform.internal.FunctionResult$Failure                     : loaded 2 times (x 76B)
Class net.rubygrapefruit.platform.internal.NativeLibraryLoader                        : loaded 2 times (x 70B)
Class com.google.common.util.concurrent.AbstractFuture$Waiter                         : loaded 2 times (x 69B)
Class Settings_gradle                                                                 : loaded 2 times (x 125B)
Class org.gradle.internal.Cast                                                        : loaded 2 times (x 68B)
Class org.gradle.api.Action                                                           : loaded 2 times (x 67B)
Class dagger.internal.codegen.validation.DiagnosticMessageGenerator$Factory           : loaded 2 times (x 69B)
Class dagger.spi.internal.shaded.auto.common.MoreTypes$TypeVariableVisitor            : loaded 2 times (x 99B)
Class dagger.internal.codegen.base.FrameworkTypes                                     : loaded 2 times (x 68B)
Class dagger.spi.internal.shaded.androidx.room.compiler.processing.javac.kotlin.JvmDescriptorUtilsKt: loaded 2 times (x 68B)
Class dagger.internal.codegen.binding.BindingGraph$TopLevelBindingGraph               : loaded 2 times (x 96B)
Class dagger.internal.codegen.validation.BindingElementValidator$ElementValidator     : loaded 2 times (x 74B)
Class com.squareup.javapoet.FieldSpec                                                 : loaded 2 times (x 69B)
Class dagger.spi.internal.shaded.androidx.room.compiler.processing.javac.JavacConstructorElement: loaded 2 times (x 253B)
Class com.squareup.javapoet.LineWrapper$FlushType                                     : loaded 2 times (x 76B)
Class dagger.internal.codegen.binding.AssistedInjectionAnnotations                    : loaded 2 times (x 68B)
Class dagger.spi.internal.shaded.androidx.room.jarjarred.kotlinx.metadata.internal.FlagDelegatesImplKt$valueParameterBooleanFlag$1: loaded 2 times (x 134B)
Class dagger.spi.internal.shaded.androidx.room.jarjarred.kotlinx.metadata.internal.FlagDelegatesImplKt$propertyAccessorBooleanFlag$1: loaded 2 times (x 134B)
Class dagger.spi.internal.shaded.androidx.room.jarjarred.kotlinx.metadata.internal.FlagDelegatesImplKt$constructorBooleanFlag$1: loaded 2 times (x 134B)
Class dagger.spi.internal.shaded.androidx.room.jarjarred.kotlinx.metadata.internal.metadata.ProtoBuf$Visibility: loaded 2 times (x 79B)
Class dagger.spi.internal.shaded.androidx.room.jarjarred.kotlinx.metadata.jvm.JvmMethodSignature: loaded 2 times (x 71B)
Class dagger.spi.internal.shaded.androidx.room.jarjarred.kotlinx.metadata.internal.metadata.jvm.deserialization.JvmMemberSignature: loaded 2 times (x 71B)
Class dagger.spi.internal.shaded.androidx.room.jarjarred.kotlinx.metadata.internal.metadata.jvm.deserialization.UtfEncodingKt: loaded 2 times (x 68B)
Class net.rubygrapefruit.platform.NativeException                                     : loaded 2 times (x 79B)
Class dagger.spi.internal.shaded.androidx.room.compiler.processing.XEquality          : loaded 2 times (x 67B)
Class dagger.hilt.processor.internal.root.RootType                                    : loaded 2 times (x 76B)
Class dagger.spi.internal.shaded.androidx.room.compiler.processing.javac.JavacProcessingEnv$Companion: loaded 2 times (x 68B)
Class com.google.common.io.ByteArrayDataOutput                                        : loaded 2 times (x 67B)
Class com.google.common.collect.HashBiMap                                             : loaded 2 times (x 140B)
Class org.objectweb.asm.Handler                                                       : loaded 2 times (x 69B)
Class com.google.common.base.Strings                                                  : loaded 2 times (x 68B)
Class dagger.internal.codegen.binding.BindingType                                     : loaded 2 times (x 76B)
Class dagger.internal.codegen.model.AutoValue_DaggerExecutableElement                 : loaded 2 times (x 71B)
Class com.google.common.reflect.TypeResolver$TypeVariableKey                          : loaded 2 times (x 69B)
Class dagger.spi.internal.shaded.androidx.room.compiler.processing.XProcessingStep    : loaded 2 times (x 67B)
Class dagger.internal.codegen.extension.DaggerCollectors$ToOptionalState              : loaded 2 times (x 69B)
Class dagger.internal.codegen.validation.DependencyRequestValidator$Validator         : loaded 2 times (x 69B)
Class dagger.spi.internal.shaded.auto.common.MoreTypes$TypeEquivalence                : loaded 2 times (x 79B)
Class dagger.spi.internal.shaded.androidx.room.compiler.processing.javac.kotlin.KmFunctionContainer: loaded 2 times (x 67B)
Class dagger.internal.codegen.processingstep.MapKeyProcessingStep                     : loaded 2 times (x 83B)
Class androidx.room.Database                                                          : loaded 2 times (x 67B)
Class dagger.spi.internal.shaded.androidx.room.compiler.processing.javac.JavacAnnotation: loaded 2 times (x 136B)
Class com.google.common.base.Functions                                                : loaded 2 times (x 68B)
Class dagger.spi.internal.shaded.androidx.room.jarjarred.kotlinx.metadata.internal.extensions.MetadataExtensions$Companion$INSTANCES$2: loaded 2 times (x 75B)
Class dagger.spi.internal.shaded.androidx.room.jarjarred.kotlinx.metadata.internal.extensions.MetadataExtensions: loaded 2 times (x 67B)
Class dagger.spi.internal.shaded.androidx.room.compiler.processing.javac.JavacMethodElement$typeParameters$2: loaded 2 times (x 76B)
Class dagger.spi.internal.shaded.androidx.room.compiler.processing.XMethodElement     : loaded 2 times (x 67B)
Class com.squareup.kotlinpoet.ClassName$Companion                                     : loaded 2 times (x 68B)
Class dagger.spi.internal.shaded.auto.common.AnnotationMirrors                        : loaded 2 times (x 68B)
Class kotlin.reflect.jvm.internal.KCallableImpl$_typeParameters$1                     : loaded 2 times (x 76B)
Class dagger.spi.internal.shaded.androidx.room.compiler.processing.compat.XConverters : loaded 2 times (x 68B)
Class kotlin.reflect.jvm.internal.impl.builtins.PrimitiveType$typeFqName$2            : loaded 2 times (x 76B)
Class dagger.spi.internal.shaded.androidx.room.compiler.processing.util.MemoizedSequence: loaded 2 times (x 72B)
Class dagger.spi.internal.shaded.androidx.room.compiler.processing.javac.JavacBasicAnnotationProcessor$2: loaded 2 times (x 76B)
Class org.gradle.internal.classpath.DefaultClassPath$ImmutableUniqueList$Builder      : loaded 2 times (x 72B)
Class com.squareup.javapoet.TypeSpec$Builder                                          : loaded 2 times (x 69B)
Class dagger.spi.internal.shaded.androidx.room.compiler.processing.InternalXAnnotationValue$kind$2: loaded 2 times (x 76B)
Class dagger.spi.internal.shaded.androidx.room.jarjarred.kotlinx.metadata.KmVersionRequirementLevel: loaded 2 times (x 76B)
Class dagger.spi.internal.shaded.androidx.room.jarjarred.kotlinx.metadata.KmVersionRequirement: loaded 2 times (x 72B)
Class dagger.internal.codegen.model.BindingGraph                                      : loaded 2 times (x 90B)
Class dagger.internal.codegen.binding.MembersInjectionBinding                         : loaded 2 times (x 80B)
Class dagger.spi.internal.shaded.androidx.room.jarjarred.kotlinx.metadata.internal.metadata.jvm.JvmProtoBuf$JvmPropertySignature$1: loaded 2 times (x 141B)
Class dagger.hilt.processor.internal.ProcessorErrors                                  : loaded 2 times (x 68B)
Class dagger.spi.internal.shaded.androidx.room.jarjarred.kotlinx.metadata.internal.FlagDelegatesImplKt$classBooleanFlag$1: loaded 2 times (x 134B)
Class dagger.spi.internal.shaded.androidx.room.jarjarred.kotlinx.metadata.internal.metadata.ProtoBuf$Annotation$1: loaded 2 times (x 141B)
Class kotlin.reflect.jvm.internal.KProperty1Impl$_getter$1                            : loaded 2 times (x 76B)
Class dagger.spi.internal.shaded.androidx.room.jarjarred.kotlinx.metadata.internal.metadata.ProtoBuf$TypeParameter$Variance$1: loaded 2 times (x 71B)
Class dagger.spi.internal.shaded.androidx.room.jarjarred.kotlinx.metadata.jvm.JvmPropertyExtensionVisitor: loaded 2 times (x 79B)
Class dagger.internal.codegen.DelegateComponentProcessor                              : loaded 2 times (x 69B)
Class dagger.hilt.processor.internal.root.ComponentTreeDepsProcessingStep             : loaded 2 times (x 84B)
Class com.google.common.collect.AbstractRangeSet                                      : loaded 2 times (x 111B)
Class com.google.common.cache.CacheBuilder$3                                          : loaded 2 times (x 69B)
Class dagger.internal.codegen.binding.ComponentDescriptor                             : loaded 2 times (x 94B)
Class dagger.internal.codegen.processingstep.MultibindingAnnotationsProcessingStep_Factory: loaded 2 times (x 79B)
Class dagger.internal.codegen.writing.AnnotationCreatorGenerator_Factory              : loaded 2 times (x 79B)
Class [Ldagger.internal.codegen.compileroption.ValidationType;                        : loaded 2 times (x 66B)
Class dagger.internal.codegen.base.ElementFormatter_Factory$InstanceHolder            : loaded 2 times (x 68B)
Class [Landroidx.room.processor.Context$BooleanProcessorOptions;                      : loaded 2 times (x 66B)
Class dagger.spi.internal.shaded.androidx.room.compiler.processing.KClassExtKt        : loaded 2 times (x 68B)
Class dagger.spi.internal.shaded.androidx.room.jarjarred.kotlinx.metadata.KmValueParameterVisitor: loaded 2 times (x 73B)
Class dagger.internal.codegen.writing.MembersInjectorGenerator_Factory                : loaded 2 times (x 79B)
Class dagger.spi.internal.shaded.androidx.room.jarjarred.kotlinx.metadata.jvm.internal.JvmFunctionExtension: loaded 2 times (x 82B)
Class com.squareup.javapoet.TypeName$1                                                : loaded 2 times (x 106B)
Class dagger.internal.codegen.validation.AnyBindingMethodValidator                    : loaded 2 times (x 72B)
Class dagger.spi.internal.shaded.androidx.room.compiler.processing.javac.JavacProcessingEnv$WhenMappings: loaded 2 times (x 68B)
Class dagger.spi.internal.shaded.androidx.room.compiler.processing.javac.JavacElement : loaded 2 times (x 176B)
Class com.squareup.javapoet.MethodSpec                                                : loaded 2 times (x 69B)
Class kotlin.reflect.jvm.internal.KClassImpl$Data$typeParameters$2                    : loaded 2 times (x 76B)
Class dagger.internal.codegen.bindinggraphvalidation.CompositeBindingGraphPlugin$Factory: loaded 2 times (x 67B)
Class kotlin.reflect.jvm.internal.ReflectProperties$LazyVal                           : loaded 2 times (x 72B)
Class dagger.internal.codegen.binding.MethodSignatureFormatter$1                      : loaded 2 times (x 84B)
Class dagger.internal.codegen.extension.DaggerCollectors                              : loaded 2 times (x 68B)
Class com.google.common.base.AbstractIterator$1                                       : loaded 2 times (x 68B)
Class com.google.common.base.CharMatcher$Digit                                        : loaded 2 times (x 109B)
Class org.gradle.api.GradleException                                                  : loaded 2 times (x 79B)
Class jdk.internal.jimage.ImageStrings                                                : loaded 2 times (x 67B)
Class dagger.internal.codegen.base.AutoValue_MapType                                  : loaded 2 times (x 77B)
Class com.squareup.javapoet.TypeName$2                                                : loaded 2 times (x 68B)
Class dagger.internal.codegen.binding.Binding                                         : loaded 2 times (x 78B)
Class dagger.internal.codegen.binding.OptionalBindingDeclaration_Factory_Factory      : loaded 2 times (x 79B)
Class dagger.internal.codegen.binding.KeyFactory$1                                    : loaded 2 times (x 68B)
Class dagger.internal.codegen.xprocessing.XProcessingEnvs$1                           : loaded 2 times (x 68B)
Class org.gradle.api.internal.classpath.ManifestUtil                                  : loaded 2 times (x 68B)
Class dagger.spi.internal.shaded.androidx.room.compiler.processing.javac.JavacDeclaredType$typeArguments$2: loaded 2 times (x 76B)
Class net.rubygrapefruit.platform.internal.Platform$FreeBSD                           : loaded 2 times (x 79B)
Class com.google.common.collect.ImmutableBiMap$SerializedForm                         : loaded 2 times (x 72B)
Class dagger.hilt.android.processor.internal.customtestapplication.CustomTestApplicationProcessingStep: loaded 2 times (x 84B)
Class dagger.hilt.processor.internal.originatingelement.OriginatingElementProcessor   : loaded 2 times (x 97B)
Class com.google.common.base.CharMatcher$JavaIsoControl                               : loaded 2 times (x 109B)
Class dagger.spi.internal.shaded.auto.common.MoreTypes$PrimitiveTypeVisitor           : loaded 2 times (x 99B)
Class com.google.common.collect.ImmutableMapEntry$NonTerminalImmutableBiMapEntry      : loaded 2 times (x 82B)
Class dagger.internal.codegen.model.DaggerType                                        : loaded 2 times (x 71B)
Class dagger.spi.internal.shaded.androidx.room.compiler.processing.javac.kotlin.JvmDescriptorTypeVisitor$visitExecutable$parameterDescriptors$1: loaded 2 times (x 76B)
Class dagger.internal.codegen.validation.DiagnosticReporterFactory                    : loaded 2 times (x 69B)
Class dagger.internal.codegen.compileroption.ProcessingEnvironmentCompilerOptions     : loaded 2 times (x 92B)
Class jdk.internal.jrtfs.SystemImage$2                                                : loaded 2 times (x 73B)
Class dagger.spi.internal.shaded.androidx.room.jarjarred.kotlinx.metadata.internal.protobuf.CodedOutputStream: loaded 2 times (x 69B)
Class dagger.spi.internal.shaded.androidx.room.jarjarred.kotlinx.metadata.internal.protobuf.Internal$EnumLiteMap: loaded 2 times (x 67B)
Class dagger.spi.internal.shaded.androidx.room.jarjarred.kotlinx.metadata.internal.metadata.ProtoBuf$Annotation: loaded 2 times (x 106B)
Class dagger.spi.internal.shaded.androidx.room.jarjarred.kotlinx.metadata.internal.protobuf.GeneratedMessageLite: loaded 2 times (x 98B)
Class dagger.spi.internal.shaded.androidx.room.compiler.processing.XAnnotated         : loaded 2 times (x 67B)
Class kotlin.reflect.jvm.internal.KPropertyImpl$_descriptor$1                         : loaded 2 times (x 76B)
Class com.google.common.collect.ImmutableRangeSet$AsSet                               : loaded 2 times (x 296B)
Class dagger.spi.internal.shaded.androidx.room.compiler.codegen.XTypeName             : loaded 2 times (x 72B)
Class dagger.spi.internal.shaded.androidx.room.compiler.processing.javac.JavacTypeElement$allMethods$1: loaded 2 times (x 76B)
Class dagger.spi.internal.shaded.auto.common.Overrides$ExplicitOverrides              : loaded 2 times (x 73B)
Class dagger.hilt.processor.internal.generatesrootinput.GeneratesRootInputProcessingStep: loaded 2 times (x 84B)
Class kotlin.io.FilesKt                                                               : loaded 2 times (x 68B)
Class com.google.common.base.CharMatcher$JavaLowerCase                                : loaded 2 times (x 108B)
Class com.google.common.reflect.Types$ParameterizedTypeImpl                           : loaded 2 times (x 78B)
Class dagger.spi.internal.shaded.androidx.room.jarjarred.kotlinx.metadata.KmClassifier$TypeAlias: loaded 2 times (x 69B)
Class dagger.spi.internal.shaded.androidx.room.jarjarred.kotlinx.metadata.internal.metadata.ProtoBuf$VersionRequirement$1: loaded 2 times (x 141B)
Class dagger.spi.internal.shaded.auto.common.Visibility                               : loaded 2 times (x 76B)
Class dagger.spi.internal.shaded.androidx.room.compiler.processing.DeclarationCollectorKt$collectAllMethods$1: loaded 2 times (x 92B)
Class dagger.internal.codegen.binding.Nullability                                     : loaded 2 times (x 70B)
Class dagger.internal.codegen.validation.BindsMethodValidator$Validator               : loaded 2 times (x 77B)
Class [Ldagger.internal.codegen.model.RequestKind;                                    : loaded 2 times (x 66B)
Class dagger.internal.codegen.bindinggraphvalidation.CompositeBindingGraphPlugin_Factory: loaded 2 times (x 69B)
Class dagger.internal.codegen.validation.MembersInjectionValidator_Factory            : loaded 2 times (x 79B)
Class dagger.internal.Preconditions                                                   : loaded 2 times (x 68B)
Class kotlin.text.StringsKt__StringsKt$rangesDelimitedBy$2                            : loaded 2 times (x 76B)
Class dagger.spi.internal.shaded.androidx.room.jarjarred.kotlinx.metadata.internal.extensions.KmPropertyExtension: loaded 2 times (x 67B)
Class dagger.spi.internal.shaded.androidx.room.jarjarred.kotlinx.metadata.internal.metadata.ProtoBuf$TypeParameter$1: loaded 2 times (x 141B)
Class dagger.spi.internal.shaded.androidx.room.compiler.processing.javac.JavacExecutableElement$jvmDescriptor$2: loaded 2 times (x 76B)
Class [Ldagger.hilt.processor.internal.root.RootType;                                 : loaded 2 times (x 66B)
Class dagger.spi.internal.shaded.androidx.room.compiler.processing.javac.JavacBasicAnnotationProcessor$steps$2: loaded 2 times (x 76B)
Class dagger.spi.internal.shaded.androidx.room.compiler.processing.XFiler             : loaded 2 times (x 67B)
Class dagger.hilt.processor.internal.earlyentrypoint.EarlyEntryPointProcessor         : loaded 2 times (x 97B)
Class net.rubygrapefruit.platform.internal.NativeLibraryLocator                       : loaded 2 times (x 70B)
Class net.rubygrapefruit.platform.Process                                             : loaded 2 times (x 67B)
Class dagger.internal.codegen.writing.InjectionMethods$ProvisionMethod                : loaded 2 times (x 68B)
Class androidx.room.RoomProcessor$1                                                   : loaded 2 times (x 75B)
Class [Lorg.gradle.api.internal.ClassPathProvider;                                    : loaded 2 times (x 66B)
Class dagger.hilt.processor.internal.root.ir.InvalidRootsException                    : loaded 2 times (x 79B)
Class dagger.spi.internal.shaded.androidx.room.compiler.processing.XTypeElement       : loaded 2 times (x 67B)
Class dagger.internal.codegen.xprocessing.XElements                                   : loaded 2 times (x 68B)
Class dagger.internal.codegen.validation.MembersInjectionValidator                    : loaded 2 times (x 69B)
Class dagger.internal.codegen.binding.KeyFactory_Factory                              : loaded 2 times (x 79B)
Class androidx.room.processor.Context$ProcessorOptions                                : loaded 2 times (x 76B)
Class dagger.spi.internal.shaded.auto.common.MoreElements$TypeElementVisitor          : loaded 2 times (x 90B)
Class dagger.spi.internal.shaded.androidx.room.jarjarred.kotlinx.metadata.jvm.JvmPropertyExtensionVisitor$Companion: loaded 2 times (x 68B)
Class dagger.spi.internal.shaded.androidx.room.jarjarred.kotlinx.metadata.internal.metadata.jvm.deserialization.JvmNameResolverBase$WhenMappings: loaded 2 times (x 68B)
Class dagger.spi.internal.shaded.androidx.room.jarjarred.kotlinx.metadata.internal.protobuf.Internal$EnumLite: loaded 2 times (x 67B)
Class dagger.spi.internal.shaded.androidx.room.jarjarred.kotlinx.metadata.internal.protobuf.FieldSet: loaded 2 times (x 69B)
Class dagger.spi.internal.shaded.androidx.room.jarjarred.kotlinx.metadata.InconsistentKotlinMetadataException: loaded 2 times (x 79B)
Class org.gradle.api.internal.ClassPathProvider                                       : loaded 2 times (x 67B)
Class kotlin.reflect.jvm.internal.KClassImpl$data$1                                   : loaded 2 times (x 76B)
Class jdk.internal.jrtfs.SystemImage                                                  : loaded 2 times (x 71B)
Class com.squareup.javapoet.Util                                                      : loaded 2 times (x 68B)
Class kotlin.reflect.jvm.internal.KPropertyImpl$_javaField$1                          : loaded 2 times (x 76B)
Class dagger.spi.internal.shaded.androidx.room.jarjarred.kotlinx.metadata.internal.protobuf.FieldSet$FieldDescriptorLite: loaded 2 times (x 67B)
Class com.google.common.reflect.Types$NativeTypeVariableEquals                        : loaded 2 times (x 68B)
Class com.google.common.reflect.TypeParameter                                         : loaded 2 times (x 69B)
Class com.google.common.cache.LocalCache$AbstractReferenceEntry                       : loaded 2 times (x 104B)
Class com.google.common.base.CharMatcher$Whitespace                                   : loaded 2 times (x 109B)
Class org.gradle.internal.IoActions                                                   : loaded 2 times (x 68B)
Class [Ldagger.internal.codegen.javapoet.AnnotationSpecs$Suppression;                 : loaded 2 times (x 66B)
Class dagger.spi.internal.shaded.androidx.room.jarjarred.kotlinx.metadata.internal.metadata.ProtoBuf$ContractOrBuilder: loaded 2 times (x 67B)
Class dagger.spi.internal.shaded.androidx.room.jarjarred.kotlinx.metadata.internal.metadata.jvm.deserialization.JvmNameResolverBase$Companion: loaded 2 times (x 68B)
Class com.google.common.base.VerifyException                                          : loaded 2 times (x 79B)
Class dagger.internal.codegen.binding.SourceFiles$1                                   : loaded 2 times (x 68B)
Class dagger.spi.internal.shaded.androidx.room.jarjarred.kotlinx.metadata.internal.protobuf.CodedOutputStream$ByteBufferOutputStream: loaded 2 times (x 83B)
Class dagger.spi.internal.shaded.androidx.room.compiler.processing.javac.JavacFieldElement: loaded 2 times (x 224B)
Class dagger.internal.codegen.writing.InaccessibleMapKeyProxyGenerator_Factory        : loaded 2 times (x 79B)
Class dagger.internal.codegen.model.BindingGraph$Node                                 : loaded 2 times (x 67B)
Class dagger.spi.internal.shaded.androidx.room.jarjarred.kotlinx.metadata.internal.metadata.deserialization.ProtoBufUtilKt: loaded 2 times (x 68B)
Class dagger.internal.codegen.DelegateComponentProcessor$Injector$Factory             : loaded 2 times (x 67B)
Class androidx.room.processor.Context$Companion$ARG_OPTIONS$2                         : loaded 2 times (x 75B)
Class dagger.spi.internal.shaded.androidx.room.jarjarred.kotlinx.metadata.KmVariance  : loaded 2 times (x 76B)
Class dagger.spi.internal.shaded.androidx.room.compiler.processing.javac.JavacMethodParameter$kotlinMetadata$2: loaded 2 times (x 76B)
Class dagger.spi.internal.shaded.androidx.room.jarjarred.kotlinx.metadata.internal.metadata.ProtoBuf$MemberKind: loaded 2 times (x 79B)
Class dagger.spi.internal.shaded.androidx.room.jarjarred.kotlinx.metadata.KmTypeProjection: loaded 2 times (x 69B)
Class dagger.spi.internal.shaded.androidx.room.compiler.processing.javac.JavacConstructorElement$parameters$2: loaded 2 times (x 76B)
Class dagger.spi.internal.shaded.androidx.room.jarjarred.kotlinx.metadata.Attributes$hasAnnotations$2: loaded 2 times (x 134B)
Class dagger.internal.codegen.binding.KeyFactory                                      : loaded 2 times (x 69B)
Class dagger.spi.internal.shaded.androidx.room.compiler.processing.javac.JavacType$rawType$2: loaded 2 times (x 76B)
Class kotlin.reflect.jvm.internal.KClassImpl$Data$allNonStaticMembers$2               : loaded 2 times (x 76B)
Class dagger.internal.codegen.writing.InjectionMethods$CheckNotNullPolicy             : loaded 2 times (x 76B)
Class dagger.spi.internal.shaded.androidx.room.compiler.processing.javac.kotlin.KmPropertyFunctionContainerImpl: loaded 2 times (x 106B)
Class jdk.internal.jrtfs.SystemImage$1                                                : loaded 2 times (x 75B)
Class com.squareup.kotlinpoet.TypeNames                                               : loaded 2 times (x 68B)
Class com.google.devtools.ksp.symbol.KSAnnotated                                      : loaded 2 times (x 67B)
Class dagger.hilt.processor.internal.ProcessorErrorHandler                            : loaded 2 times (x 69B)
Class dagger.spi.internal.shaded.androidx.room.jarjarred.kotlinx.metadata.Modality    : loaded 2 times (x 76B)
Class [Ldagger.spi.internal.shaded.androidx.room.compiler.processing.XProcessingEnv$Backend;: loaded 2 times (x 66B)
Class com.google.common.collect.ImmutableRangeSet$ComplementRanges                    : loaded 2 times (x 204B)
Class org.objectweb.asm.SymbolTable                                                   : loaded 2 times (x 69B)
Class com.google.common.base.CharMatcher$SingleWidth                                  : loaded 2 times (x 109B)
Class org.gradle.internal.classloader.SystemClassLoaderSpec                           : loaded 2 times (x 68B)
Class dagger.internal.codegen.binding.FrameworkField                                  : loaded 2 times (x 70B)
Class org.gradle.internal.classloader.InstrumentingClassLoader                        : loaded 2 times (x 67B)
Class org.gradle.internal.classpath.TransformedClassPath                              : loaded 2 times (x 93B)
Class org.objectweb.asm.FieldWriter                                                   : loaded 2 times (x 75B)
Class com.google.common.reflect.Invokable                                             : loaded 2 times (x 100B)
Class dagger.internal.codegen.xprocessing.XMethodElements                             : loaded 2 times (x 68B)
Class dagger.spi.internal.shaded.androidx.room.compiler.processing.javac.JavacMethodType: loaded 2 times (x 88B)
Class dagger.spi.internal.shaded.androidx.room.compiler.processing.javac.kotlin.KmFunctionContainerImpl: loaded 2 times (x 97B)
Class dagger.spi.internal.shaded.androidx.room.compiler.processing.javac.JavacBasicAnnotationProcessor$commonDelegate$2: loaded 2 times (x 76B)
Class dagger.spi.internal.shaded.androidx.room.compiler.processing.javac.JavacFieldElement$setter$2: loaded 2 times (x 76B)
Class [Ldagger.spi.model.DaggerProcessingEnv$Backend;                                 : loaded 2 times (x 66B)
Class dagger.spi.model.DaggerProcessingEnv                                            : loaded 2 times (x 72B)
Class [Ldagger.internal.codegen.compileroption.ProcessingEnvironmentCompilerOptions$Feature;: loaded 2 times (x 66B)
Class dagger.internal.codegen.bindinggraphvalidation.ProvisionDependencyOnProducerBindingValidator_Factory: loaded 2 times (x 78B)
Class dagger.internal.codegen.DaggerDelegateComponentProcessor_Injector$InjectorImpl  : loaded 2 times (x 72B)
Class dagger.spi.internal.shaded.auto.common.Overrides$NativeOverrides                : loaded 2 times (x 71B)
Class dagger.spi.internal.shaded.androidx.room.compiler.processing.javac.JavacType$typeName$2: loaded 2 times (x 76B)
Class dagger.spi.internal.shaded.androidx.room.jarjarred.kotlinx.metadata.Attributes$hasAnnotations$10: loaded 2 times (x 134B)
Class dagger.spi.internal.shaded.androidx.room.jarjarred.kotlinx.metadata.internal.extensions.ExtensionUtilsKt: loaded 2 times (x 68B)
Class dagger.spi.internal.shaded.androidx.room.jarjarred.kotlinx.metadata.internal.extensions.MetadataExtensions$Companion: loaded 2 times (x 68B)
Class dagger.spi.internal.shaded.androidx.room.jarjarred.kotlinx.metadata.internal.metadata.jvm.JvmProtoBuf$StringTableTypes$1: loaded 2 times (x 141B)
Class dagger.spi.internal.shaded.androidx.room.compiler.processing.javac.kotlin.KmClassContainer: loaded 2 times (x 76B)
Class kotlin.reflect.jvm.internal.KClassImpl$Data$sealedSubclasses$2                  : loaded 2 times (x 76B)
Class dagger.spi.internal.shaded.androidx.room.jarjarred.kotlinx.metadata.internal.EnumFlagDelegate: loaded 2 times (x 69B)
Class com.squareup.kotlinpoet.WildcardTypeName$Companion                              : loaded 2 times (x 68B)
Class dagger.spi.internal.shaded.androidx.room.compiler.processing.CommonProcessorDelegate$processRound$currentElementsDeferredByStep$1$stepDeferredElementsByAnnotation$1: loaded 2 times (x 75B)
Class dagger.spi.internal.shaded.androidx.room.jarjarred.kotlinx.metadata.internal.metadata.jvm.deserialization.JvmMetadataVersion$Companion: loaded 2 times (x 68B)
Class dagger.internal.codegen.binding.SubcomponentDeclaration_Factory_Factory         : loaded 2 times (x 79B)
Class dagger.spi.internal.shaded.androidx.room.compiler.processing.javac.JavacProcessingEnv$messager$2: loaded 2 times (x 76B)
Class androidx.room.compiler.processing.javac.JavacBasicAnnotationProcessor$2         : loaded 2 times (x 76B)
Class dagger.internal.codegen.bindinggraphvalidation.DependencyCycleValidator_Factory : loaded 2 times (x 79B)
Class com.google.common.cache.LocalCache$StrongEntry                                  : loaded 2 times (x 105B)
Class com.google.common.util.concurrent.AbstractFuture$TrustedFuture                  : loaded 2 times (x 111B)
Class jdk.internal.jrtfs.JrtFileSystem                                                : loaded 2 times (x 99B)
Class dagger.spi.internal.shaded.androidx.room.jarjarred.kotlinx.metadata.internal.protobuf.WireFormat$FieldType: loaded 2 times (x 80B)
Class dagger.spi.internal.shaded.androidx.room.jarjarred.kotlinx.metadata.internal.metadata.ProtoBuf$TypeTable$1: loaded 2 times (x 141B)
Class dagger.spi.internal.shaded.androidx.room.jarjarred.kotlinx.metadata.internal.metadata.ProtoBuf$Class$1: loaded 2 times (x 141B)
Class dagger.internal.codegen.binding.AutoValue_ComponentDescriptor                   : loaded 2 times (x 97B)
Class dagger.internal.codegen.validation.MapKeyValidator                              : loaded 2 times (x 69B)
Class dagger.internal.codegen.base.ElementFormatter_Factory                           : loaded 2 times (x 78B)
Class androidx.room.util.SimpleJavaVersion$Companion                                  : loaded 2 times (x 68B)
Class com.google.common.graph.BaseGraph                                               : loaded 2 times (x 67B)
Class dagger.internal.codegen.model.AutoValue_DaggerProcessingEnv                     : loaded 2 times (x 72B)
Class dagger.internal.DoubleCheck                                                     : loaded 2 times (x 80B)
Class dagger.spi.internal.shaded.androidx.room.jarjarred.kotlinx.metadata.internal.metadata.ProtoBuf$Modality: loaded 2 times (x 79B)
Class dagger.spi.internal.shaded.androidx.room.compiler.processing.javac.JavacDeclaredType: loaded 2 times (x 184B)
Class dagger.spi.internal.shaded.androidx.room.compiler.processing.javac.JavacAnnotation$annotationValues$2: loaded 2 times (x 76B)
Class [Lcom.squareup.javapoet.ClassName;                                              : loaded 2 times (x 66B)
Class dagger.hilt.processor.internal.HiltCompilerOptions                              : loaded 2 times (x 68B)
Class dagger.internal.codegen.model.AutoValue_Scope                                   : loaded 2 times (x 70B)
Class dagger.internal.codegen.compileroption.ValidationType$1                         : loaded 2 times (x 68B)
Class androidx.room.compiler.processing.XProcessingEnvConfig$Companion                : loaded 2 times (x 68B)
Class androidx.room.compiler.processing.XProcessingEnvConfig                          : loaded 2 times (x 68B)
Class com.google.common.io.ByteStreams$LimitedInputStream                             : loaded 2 times (x 89B)
Class net.rubygrapefruit.platform.ProcessLauncher                                     : loaded 2 times (x 67B)
Class org.objectweb.asm.MethodWriter                                                  : loaded 2 times (x 103B)
Class dagger.spi.internal.shaded.androidx.room.jarjarred.kotlinx.metadata.internal.metadata.ProtoBuf$Type$ArgumentOrBuilder: loaded 2 times (x 67B)
Class dagger.spi.internal.shaded.androidx.room.compiler.processing.XTypeParameterElement: loaded 2 times (x 67B)
Class dagger.internal.codegen.model.BindingGraph$Edge                                 : loaded 2 times (x 67B)
Class dagger.internal.codegen.validation.BindsInstanceParameterValidator              : loaded 2 times (x 75B)
Class [Ldagger.internal.codegen.validation.BindingElementValidator$AllowsMultibindings;: loaded 2 times (x 66B)
Class dagger.internal.codegen.validation.InjectBindingRegistryImpl_Factory            : loaded 2 times (x 79B)
Class com.google.common.graph.Network                                                 : loaded 2 times (x 67B)
Class com.google.common.collect.AbstractMapBasedMultimap$RandomAccessWrappedList      : loaded 2 times (x 202B)
Class dagger.internal.codegen.validation.BindingElementValidator$AllowsMultibindings  : loaded 2 times (x 76B)
Class dagger.spi.internal.shaded.androidx.room.jarjarred.kotlinx.metadata.internal.FlagDelegatesImplKt$propertyBooleanFlag$1: loaded 2 times (x 134B)
Class dagger.spi.internal.shaded.androidx.room.jarjarred.kotlinx.metadata.internal.metadata.jvm.deserialization.JvmProtoBufUtil: loaded 2 times (x 68B)
Class dagger.spi.internal.shaded.androidx.room.compiler.processing.javac.JavacTypeElement$Companion$WhenMappings: loaded 2 times (x 68B)
Class dagger.spi.internal.shaded.androidx.room.compiler.processing.javac.JavacProcessingEnvMessager: loaded 2 times (x 70B)
Class [Ldagger.spi.internal.shaded.androidx.room.jarjarred.kotlinx.metadata.KmVersionRequirementVersionKind;: loaded 2 times (x 66B)
Class dagger.internal.codegen.processingstep.BindsInstanceProcessingStep              : loaded 2 times (x 83B)
Class kotlin.text.Charsets                                                            : loaded 2 times (x 68B)
Class dagger.spi.model.DiagnosticReporter                                             : loaded 2 times (x 72B)
Class dagger.internal.codegen.binding.$AutoValue_ProvisionBinding$Builder             : loaded 2 times (x 94B)
Class dagger.spi.internal.shaded.auto.common.AnnotationOutput                         : loaded 2 times (x 68B)
Class dagger.spi.internal.shaded.androidx.room.compiler.processing.javac.JavacExecutableType$parameterTypes$2: loaded 2 times (x 76B)
Class [Lcom.squareup.javapoet.TypeName;                                               : loaded 2 times (x 66B)
Class dagger.spi.internal.shaded.androidx.room.compiler.processing.ksp.KSTypeJavaPoetExtKt$typeVarNameConstructor$2: loaded 2 times (x 75B)
Class dagger.internal.codegen.model.Binding                                           : loaded 2 times (x 67B)
Class dagger.internal.codegen.binding.InjectBindingRegistry                           : loaded 2 times (x 67B)
Class [Ldagger.internal.codegen.compileroption.FeatureStatus;                         : loaded 2 times (x 66B)
Class dagger.internal.codegen.validation.BindingMethodValidatorsModule_IndexValidatorsFactory: loaded 2 times (x 79B)
Class androidx.room.DatabaseProcessingStep                                            : loaded 2 times (x 76B)
Class androidx.room.compiler.processing.javac.JavacProcessingEnv$typeElementStore$1   : loaded 2 times (x 76B)
Class androidx.room.compiler.processing.XProcessingEnv$Companion                      : loaded 2 times (x 68B)
Class dagger.spi.internal.shaded.androidx.room.jarjarred.kotlinx.metadata.KmClassifier$TypeParameter: loaded 2 times (x 68B)
Class dagger.internal.codegen.javapoet.AnnotationSpecs                                : loaded 2 times (x 68B)
Class org.gradle.internal.classloader.ClassLoaderHierarchy                            : loaded 2 times (x 67B)
Class [Lcom.google.common.base.AbstractIterator$State;                                : loaded 2 times (x 66B)
Class net.rubygrapefruit.platform.internal.Platform$Posix                             : loaded 2 times (x 78B)
Class dagger.spi.internal.shaded.androidx.room.jarjarred.kotlinx.metadata.Attributes$hasAnnotations$6: loaded 2 times (x 134B)
Class dagger.spi.internal.shaded.androidx.room.jarjarred.kotlinx.metadata.KmTypeExtensionVisitor: loaded 2 times (x 67B)
Class dagger.spi.internal.shaded.androidx.room.jarjarred.kotlinx.metadata.internal.metadata.ProtoBuf$Contract: loaded 2 times (x 104B)
Class dagger.spi.internal.shaded.androidx.room.jarjarred.kotlinx.metadata.internal.metadata.jvm.JvmProtoBuf: loaded 2 times (x 68B)
Class net.rubygrapefruit.platform.internal.Platform$FreeBSD64Bit                      : loaded 2 times (x 79B)
Class com.squareup.kotlinpoet.ClassName$special$$inlined$thenBy$1                     : loaded 2 times (x 87B)
Class kotlin.io.FilesKt__FileTreeWalkKt                                               : loaded 2 times (x 68B)
Class dagger.hilt.processor.internal.definecomponent.DefineComponentProcessor         : loaded 2 times (x 97B)
Class com.google.common.reflect.Types$JavaVersion$1                                   : loaded 2 times (x 80B)
Class com.google.common.io.ByteStreams                                                : loaded 2 times (x 68B)
Class com.google.common.collect.FluentIterable$3$1                                    : loaded 2 times (x 95B)
Class dagger.spi.internal.shaded.androidx.room.jarjarred.kotlinx.metadata.KmVersion   : loaded 2 times (x 68B)
Class dagger.spi.internal.shaded.androidx.room.compiler.processing.javac.kotlin.JvmDescriptorTypeVisitor$WhenMappings: loaded 2 times (x 68B)
Class dagger.internal.codegen.validation.MapKeyValidator_Factory                      : loaded 2 times (x 79B)
Class dagger.internal.codegen.binding.ComponentDescriptor_Factory_Factory             : loaded 2 times (x 79B)
Class androidx.room.compiler.processing.javac.JavacProcessingEnv$typeElementStore$2   : loaded 2 times (x 75B)
Class dagger.spi.internal.shaded.androidx.room.jarjarred.kotlinx.metadata.internal.metadata.ProtoBuf$VersionRequirement$VersionKind: loaded 2 times (x 79B)
Class [Lkotlin.reflect.jvm.internal.impl.builtins.functions.FunctionClassKind;        : loaded 2 times (x 66B)
Class dagger.spi.internal.shaded.androidx.room.jarjarred.kotlinx.metadata.jvm.JvmTypeParameterExtensionVisitor$Companion: loaded 2 times (x 68B)
Class dagger.spi.internal.shaded.androidx.room.jarjarred.kotlinx.metadata.Attributes$hasAnnotations$14: loaded 2 times (x 134B)
Class dagger.spi.internal.shaded.androidx.room.jarjarred.kotlinx.metadata.internal.metadata.deserialization.VersionRequirementTable$Companion: loaded 2 times (x 68B)
Class dagger.spi.internal.shaded.androidx.room.jarjarred.kotlinx.metadata.KmDeclarationContainerExtensionVisitor: loaded 2 times (x 67B)
Class dagger.spi.internal.shaded.androidx.room.jarjarred.kotlinx.metadata.jvm.internal.JvmMetadataExtensions: loaded 2 times (x 100B)
Class dagger.spi.internal.shaded.androidx.room.jarjarred.kotlinx.metadata.internal.metadata.ProtoBuf$TypeParameter: loaded 2 times (x 127B)
Class dagger.spi.internal.shaded.androidx.room.jarjarred.kotlinx.metadata.internal.protobuf.LazyFieldLite: loaded 2 times (x 79B)
Class dagger.spi.internal.shaded.androidx.room.compiler.processing.javac.JavacMethodElement$propertyName$2: loaded 2 times (x 76B)
Class dagger.spi.internal.shaded.androidx.room.compiler.processing.javac.JavacTypeElement$allFieldsIncludingPrivateSupers$1: loaded 2 times (x 76B)
Class com.squareup.kotlinpoet.ClassName$special$$inlined$thenBy$2                     : loaded 2 times (x 87B)
Class com.squareup.kotlinpoet.Taggable                                                : loaded 2 times (x 67B)
Class dagger.spi.internal.shaded.androidx.room.compiler.processing.javac.JavacRoundEnv: loaded 2 times (x 74B)
Class com.squareup.javapoet.LineWrapper$1                                             : loaded 2 times (x 68B)
Class dagger.spi.internal.shaded.androidx.room.compiler.processing.javac.JavacTypeElement$kotlinMetadata$2: loaded 2 times (x 76B)
Class kotlin.reflect.jvm.internal.KCallableImpl$_annotations$1                        : loaded 2 times (x 76B)
Class kotlin.reflect.jvm.internal.KClassImpl$Data$inheritedNonStaticMembers$2         : loaded 2 times (x 76B)
Class com.google.common.reflect.Types$JavaVersion$2                                   : loaded 2 times (x 80B)
Class com.google.common.reflect.Types                                                 : loaded 2 times (x 68B)
Class com.google.common.hash.PrimitiveSink                                            : loaded 2 times (x 67B)
Class com.google.common.util.concurrent.AbstractFuture$Failure                        : loaded 2 times (x 69B)
Class com.google.common.base.PatternCompiler                                          : loaded 2 times (x 67B)
Class com.squareup.javapoet.CodeBlock$CodeBlockJoiner                                 : loaded 2 times (x 69B)
Class com.google.common.collect.HashMultiset                                          : loaded 2 times (x 160B)
Class dagger.internal.codegen.model.AutoValue_DaggerTypeElement                       : loaded 2 times (x 72B)
Class kotlin.reflect.jvm.internal.KClassImpl$Data$descriptor$2                        : loaded 2 times (x 76B)
Class dagger.spi.internal.shaded.androidx.room.jarjarred.kotlinx.metadata.internal.metadata.ProtoBuf$TypeTableOrBuilder: loaded 2 times (x 67B)
Class dagger.spi.internal.shaded.androidx.room.compiler.processing.javac.kotlin.JvmDescriptorTypeVisitor: loaded 2 times (x 96B)
Class dagger.internal.codegen.binding.DelegateDeclaration$Factory                     : loaded 2 times (x 69B)
Class dagger.internal.codegen.binding.MonitoringModules                               : loaded 2 times (x 72B)
Class [Ldagger.internal.codegen.compileroption.ProcessingEnvironmentCompilerOptions$Validation;: loaded 2 times (x 66B)
Class dagger.internal.codegen.binding.DependencyRequestFactory_Factory                : loaded 2 times (x 79B)
Class dagger.internal.codegen.ProcessingEnvironmentModule_ProcessingOptionsFactory    : loaded 2 times (x 79B)
Class dagger.internal.codegen.kotlin.KotlinMetadataUtil_Factory                       : loaded 2 times (x 79B)
Class androidx.room.compiler.processing.javac.JavacProcessingEnv$typeElementStore$3   : loaded 2 times (x 76B)
Class dagger.spi.internal.shaded.androidx.room.jarjarred.kotlinx.metadata.jvm.JvmConstructorExtensionVisitor$Companion: loaded 2 times (x 68B)
Class dagger.spi.internal.shaded.androidx.room.compiler.processing.XVariableElement   : loaded 2 times (x 67B)
Class dagger.spi.internal.shaded.androidx.room.compiler.processing.javac.kotlin.KmClassContainer$Companion: loaded 2 times (x 68B)
Class dagger.spi.internal.shaded.androidx.room.jarjarred.kotlinx.metadata.Attributes$hasAnnotations$22: loaded 2 times (x 134B)
Class dagger.spi.internal.shaded.androidx.room.jarjarred.kotlinx.metadata.internal.metadata.deserialization.BinaryVersion: loaded 2 times (x 71B)
Class [Ldagger.spi.internal.shaded.androidx.room.jarjarred.kotlinx.metadata.internal.metadata.ProtoBuf$Class$Kind;: loaded 2 times (x 66B)
Class dagger.spi.internal.shaded.androidx.room.jarjarred.kotlinx.metadata.internal.protobuf.RopeByteString$RopeInputStream: loaded 2 times (x 89B)
Class dagger.spi.internal.shaded.androidx.room.jarjarred.kotlinx.metadata.internal.metadata.jvm.JvmProtoBuf$JvmPropertySignature: loaded 2 times (x 111B)
Class dagger.spi.internal.shaded.androidx.room.compiler.processing.javac.JavacAnnotationValueKt$UNWRAP_VISITOR$1: loaded 2 times (x 100B)
Class [Lcom.squareup.javapoet.TypeSpec$Kind;                                          : loaded 2 times (x 66B)
Class dagger.internal.Provider                                                        : loaded 2 times (x 67B)
Class dagger.spi.internal.shaded.androidx.room.jarjarred.kotlinx.metadata.internal.ReadersKt: loaded 2 times (x 68B)
Class dagger.spi.internal.shaded.androidx.room.jarjarred.kotlinx.metadata.jvm.internal.JvmClassExtension: loaded 2 times (x 90B)
Class dagger.spi.internal.shaded.androidx.room.jarjarred.kotlinx.metadata.internal.ReadersKt$WhenMappings: loaded 2 times (x 68B)
Class com.google.common.reflect.Types$JavaVersion$3                                   : loaded 2 times (x 80B)
Class org.objectweb.asm.Label                                                         : loaded 2 times (x 70B)
Class org.objectweb.asm.CurrentFrame                                                  : loaded 2 times (x 70B)
Class org.objectweb.asm.ClassTooLargeException                                        : loaded 2 times (x 80B)
Class dagger.internal.codegen.bindinggraphvalidation.IncompatiblyScopedBindingsValidator_Factory: loaded 2 times (x 79B)
Class dagger.internal.codegen.bindinggraphvalidation.BindingGraphValidationModule_ProvidePluginsFactory: loaded 2 times (x 79B)
Class com.google.common.collect.Table                                                 : loaded 2 times (x 67B)
Class [Ldagger.internal.codegen.base.ModuleKind;                                      : loaded 2 times (x 66B)
Class dagger.spi.internal.shaded.androidx.room.compiler.processing.javac.JavacMethodElement$parameters$2$1$1: loaded 2 times (x 76B)
Class dagger.internal.codegen.base.DaggerSuperficialValidation$ValidationException    : loaded 2 times (x 80B)
Class dagger.internal.codegen.compileroption.ProcessingEnvironmentCompilerOptions$Feature: loaded 2 times (x 87B)
Class dagger.hilt.processor.internal.aggregateddeps.PkgPrivateMetadata                : loaded 2 times (x 72B)
Class dagger.internal.codegen.bindinggraphvalidation.NullableBindingValidator_Factory : loaded 2 times (x 79B)
Class dagger.internal.codegen.compileroption.ProcessingEnvironmentCompilerOptions$EnumOption: loaded 2 times (x 67B)
Class dagger.internal.codegen.validation.BindingMethodValidatorsModule                : loaded 2 times (x 67B)
Class dagger.internal.codegen.compileroption.ProcessingEnvironmentCompilerOptions$Validation$1: loaded 2 times (x 90B)
Class dagger.spi.internal.shaded.androidx.room.compiler.processing.javac.kotlin.KmClassContainer$constructorList$2: loaded 2 times (x 76B)
Class dagger.spi.internal.shaded.androidx.room.jarjarred.kotlinx.metadata.KmPropertyExtensionVisitor: loaded 2 times (x 67B)
Class dagger.spi.internal.shaded.androidx.room.jarjarred.kotlinx.metadata.internal.extensions.KmExtension: loaded 2 times (x 67B)
Class dagger.spi.internal.shaded.androidx.room.jarjarred.kotlinx.metadata.internal.protobuf.LazyField: loaded 2 times (x 80B)
Class dagger.spi.internal.shaded.androidx.room.compiler.processing.javac.JavacAnnotationValue$value$2: loaded 2 times (x 76B)
Class dagger.spi.internal.shaded.androidx.room.compiler.codegen.XClassName$Companion  : loaded 2 times (x 68B)
Class dagger.spi.internal.shaded.androidx.room.compiler.processing.javac.JavacElement$docComment$2: loaded 2 times (x 76B)
Class dagger.internal.codegen.validation.BindingMethodValidator$ExceptionSuperclass   : loaded 2 times (x 78B)
Class com.google.common.reflect.Types$JavaVersion$4                                   : loaded 2 times (x 80B)
Class com.google.common.collect.RangeGwtSerializationDependencies                     : loaded 2 times (x 68B)
Class org.objectweb.asm.Frame                                                         : loaded 2 times (x 70B)
Class org.objectweb.asm.MethodVisitor                                                 : loaded 2 times (x 102B)
Class dagger.internal.codegen.binding.SubcomponentDeclaration$Factory                 : loaded 2 times (x 70B)
Class dagger.spi.internal.shaded.androidx.room.jarjarred.kotlinx.metadata.KmVersionRequirementVisitor: loaded 2 times (x 72B)
Class dagger.spi.internal.shaded.androidx.room.compiler.processing.javac.JavacPackageElement: loaded 2 times (x 190B)
Class dagger.internal.codegen.model.AutoValue_DaggerElement                           : loaded 2 times (x 71B)
Class dagger.spi.internal.shaded.androidx.room.compiler.processing.javac.kotlin.KmPropertyContainer: loaded 2 times (x 76B)
Class dagger.spi.internal.shaded.androidx.room.compiler.processing.util.NamingUtilsKt : loaded 2 times (x 68B)
Class dagger.internal.codegen.base.DaggerSuperficialValidation$ValidationException$KnownErrorType: loaded 2 times (x 80B)
Class androidx.hilt.ClassNames                                                        : loaded 2 times (x 68B)
Class dagger.spi.internal.shaded.androidx.room.compiler.processing.DeclarationCollectorKt: loaded 2 times (x 68B)
Class dagger.spi.internal.shaded.androidx.room.jarjarred.kotlinx.metadata.internal.metadata.ProtoBuf$Modality$1: loaded 2 times (x 71B)
Class dagger.spi.internal.shaded.androidx.room.jarjarred.kotlinx.metadata.internal.metadata.jvm.JvmProtoBuf$JvmFieldSignature$1: loaded 2 times (x 141B)
Class dagger.spi.internal.shaded.androidx.room.jarjarred.kotlinx.metadata.internal.protobuf.WireFormat$FieldType$1: loaded 2 times (x 80B)
Class dagger.spi.internal.shaded.androidx.room.jarjarred.kotlinx.metadata.internal.protobuf.ByteString: loaded 2 times (x 105B)
Class dagger.internal.codegen.validation.BindsInstanceParameterValidator$Validator    : loaded 2 times (x 74B)
Class [Ldagger.spi.internal.shaded.androidx.room.jarjarred.kotlinx.metadata.KmVersionRequirementLevel;: loaded 2 times (x 66B)
Class dagger.spi.internal.shaded.androidx.room.compiler.processing.XEquality$Companion: loaded 2 times (x 68B)
Class dagger.internal.codegen.binding.$AutoValue_OptionalBindingDeclaration           : loaded 2 times (x 72B)
Class androidx.room.compiler.processing.javac.JavacBasicAnnotationProcessor$xEnv$2    : loaded 2 times (x 76B)
Class com.google.common.reflect.Types$JavaVersion$5                                   : loaded 2 times (x 68B)
Class [Lcom.google.common.reflect.Types$ClassOwnership;                               : loaded 2 times (x 66B)
Class com.google.common.collect.RangeSet                                              : loaded 2 times (x 67B)
Class org.gradle.api.internal.classpath.GlobalCacheRootsProvider                      : loaded 2 times (x 67B)
Class com.google.common.collect.AbstractMultiset                                      : loaded 2 times (x 156B)
Class dagger.internal.codegen.binding.AutoValue_FrameworkField                        : loaded 2 times (x 71B)
Class dagger.internal.codegen.bindinggraphvalidation.DuplicateBindingsValidator       : loaded 2 times (x 82B)
Class dagger.hilt.android.processor.internal.viewmodel.ViewModelValidationPluginKt$WhenMappings: loaded 2 times (x 68B)
Class dagger.internal.codegen.processingstep.ProcessingStepsModule                    : loaded 2 times (x 67B)
Class dagger.internal.codegen.validation.ValidationBindingGraphPlugins                : loaded 2 times (x 69B)
Class dagger.internal.codegen.DelegateComponentProcessor_SourceFileGeneratorsModule_MembersInjectorGeneratorFactory: loaded 2 times (x 79B)
Class dagger.internal.codegen.base.DaggerSuperficialValidation                        : loaded 2 times (x 69B)
Class dagger.internal.codegen.binding.BindingFactory_Factory                          : loaded 2 times (x 79B)
Class dagger.internal.codegen.processingstep.ComponentProcessingStep                  : loaded 2 times (x 83B)
Class com.google.common.util.concurrent.SettableFuture                                : loaded 2 times (x 111B)
Class dagger.spi.internal.shaded.androidx.room.jarjarred.kotlinx.metadata.Attributes$hasAnnotations$18: loaded 2 times (x 134B)
Class dagger.spi.internal.shaded.androidx.room.jarjarred.kotlinx.metadata.internal.metadata.deserialization.Flags: loaded 2 times (x 68B)
Class net.rubygrapefruit.platform.internal.Platform$MacOs64Bit                        : loaded 2 times (x 79B)
Class dagger.spi.internal.shaded.androidx.room.jarjarred.kotlinx.metadata.KmType      : loaded 2 times (x 80B)
Class dagger.spi.internal.shaded.androidx.room.jarjarred.kotlinx.metadata.internal.protobuf.ExtensionRegistryLite$ObjectIntPair: loaded 2 times (x 69B)
Class dagger.spi.internal.shaded.androidx.room.jarjarred.kotlinx.metadata.internal.protobuf.WireFormat$FieldType$2: loaded 2 times (x 80B)
Class dagger.spi.internal.shaded.androidx.room.jarjarred.kotlinx.metadata.internal.metadata.ProtoBuf$VersionRequirement: loaded 2 times (x 113B)
Class kotlin.reflect.jvm.internal.KClassImpl$Data$allStaticMembers$2                  : loaded 2 times (x 76B)
Class androidx.room.compiler.processing.XProcessingStep                               : loaded 2 times (x 67B)
Class dagger.spi.internal.shaded.androidx.room.jarjarred.kotlinx.metadata.internal.metadata.deserialization.VersionRequirement: loaded 2 times (x 69B)
Class jdk.internal.jimage.BasicImageReader                                            : loaded 2 times (x 92B)
Class com.google.common.collect.CollectCollectors                                     : loaded 2 times (x 68B)
Class org.objectweb.asm.ModuleWriter                                                  : loaded 2 times (x 79B)
Class com.google.common.reflect.Types$ClassOwnership$3                                : loaded 2 times (x 68B)
Class dagger.spi.internal.shaded.androidx.room.jarjarred.kotlinx.metadata.Attributes$kind$7: loaded 2 times (x 134B)
Class dagger.internal.codegen.xprocessing.XTypeElements                               : loaded 2 times (x 68B)
Class dagger.spi.internal.shaded.androidx.room.compiler.processing.javac.JavacFieldElement$enclosingElement$2: loaded 2 times (x 76B)
Class dagger.internal.codegen.validation.ComponentCreatorValidator                    : loaded 2 times (x 72B)
Class dagger.internal.codegen.binding.OptionalBindingDeclaration                      : loaded 2 times (x 71B)
Class dagger.internal.codegen.binding.$AutoValue_MultibindingDeclaration              : loaded 2 times (x 76B)
Class dagger.internal.codegen.binding.BindsTypeChecker                                : loaded 2 times (x 69B)
Class dagger.internal.codegen.validation.BindingElementValidator                      : loaded 2 times (x 75B)
Class dagger.spi.internal.shaded.androidx.room.compiler.processing.javac.JavacConstructorElement$typeParameters$2: loaded 2 times (x 76B)
Class dagger.spi.internal.shaded.androidx.room.jarjarred.kotlinx.metadata.internal.metadata.ProtoBuf$Effect$InvocationKind$1: loaded 2 times (x 71B)
Class org.gradle.internal.classloader.FilteringClassLoader                            : loaded 2 times (x 102B)
Class dagger.spi.internal.shaded.androidx.room.jarjarred.kotlinx.metadata.internal.protobuf.WireFormat$FieldType$3: loaded 2 times (x 80B)
Class dagger.spi.internal.shaded.androidx.room.compiler.processing.javac.kotlin.KmData: loaded 2 times (x 67B)
Class kotlin.io.TextStreamsKt                                                         : loaded 2 times (x 68B)
Class dagger.hilt.processor.internal.uninstallmodules.UninstallModulesProcessor       : loaded 2 times (x 97B)
Class net.rubygrapefruit.platform.internal.Platform$MacOs                             : loaded 2 times (x 79B)
Class net.rubygrapefruit.platform.internal.Platform$Window64Bit                       : loaded 2 times (x 76B)
Class dagger.spi.internal.shaded.androidx.room.compiler.processing.javac.JavacTypeElement$xClassName$2: loaded 2 times (x 76B)
Class dagger.spi.internal.shaded.androidx.room.compiler.processing.javac.kotlin.KmClassContainer$typeParameters$2: loaded 2 times (x 76B)
Class dagger.internal.codegen.validation.ProducesMethodValidator                      : loaded 2 times (x 75B)
Class dagger.spi.internal.shaded.androidx.room.jarjarred.kotlinx.metadata.internal.metadata.ProtoBuf$VersionRequirementOrBuilder: loaded 2 times (x 67B)
Class dagger.internal.codegen.model.DaggerExecutableElement                           : loaded 2 times (x 70B)
Class dagger.internal.codegen.componentgenerator.ComponentGenerator_Factory           : loaded 2 times (x 79B)
Class dagger.internal.codegen.langmodel.Accessibility                                 : loaded 2 times (x 68B)
Class dagger.internal.codegen.validation.SpiModelBindingGraphConverter$DiagnosticReporterImpl: loaded 2 times (x 73B)
Class kotlin.reflect.jvm.internal.impl.builtins.functions.FunctionClassKind           : loaded 2 times (x 77B)
Class dagger.spi.internal.shaded.androidx.room.jarjarred.kotlinx.metadata.KmConstructorVisitor: loaded 2 times (x 73B)
Class dagger.spi.internal.shaded.androidx.room.jarjarred.kotlinx.metadata.internal.protobuf.WireFormat$FieldType$4: loaded 2 times (x 80B)
Class dagger.spi.internal.shaded.androidx.room.compiler.processing.javac.JavacExecutableElement$thrownTypes$2: loaded 2 times (x 76B)
Class com.squareup.javapoet.CodeBlock                                                 : loaded 2 times (x 69B)
Class com.squareup.javapoet.AnnotationSpec                                            : loaded 2 times (x 69B)
Class kotlin.reflect.jvm.internal.KCallableImpl$_parameters$1                         : loaded 2 times (x 76B)
Class [Ldagger.spi.internal.shaded.androidx.room.compiler.processing.XNullability;    : loaded 2 times (x 66B)
Class kotlin.sequences.ConstrainedOnceSequence                                        : loaded 2 times (x 72B)
Class com.google.common.io.ByteStreams$1                                              : loaded 2 times (x 82B)
Class dagger.internal.codegen.model.Key$Builder                                       : loaded 2 times (x 73B)
Class dagger.internal.codegen.model.DaggerElement                                     : loaded 2 times (x 70B)
Class com.google.common.collect.HashMultimap                                          : loaded 2 times (x 171B)
Class dagger.internal.codegen.kotlin.KotlinMetadataFactory_Factory                    : loaded 2 times (x 78B)
Class dagger.internal.InstanceFactory                                                 : loaded 2 times (x 82B)
Class androidx.room.compiler.processing.javac.JavacProcessingEnv$Companion            : loaded 2 times (x 68B)
Class androidx.room.compiler.processing.XProcessingEnv                                : loaded 2 times (x 67B)
Class dagger.spi.internal.shaded.androidx.room.jarjarred.kotlinx.metadata.Attributes$kind$11: loaded 2 times (x 134B)
Class dagger.spi.internal.shaded.androidx.room.jarjarred.kotlinx.metadata.KmClassExtensionVisitor: loaded 2 times (x 67B)
Class dagger.spi.internal.shaded.androidx.room.jarjarred.kotlinx.metadata.internal.metadata.ProtoBuf$Type: loaded 2 times (x 142B)
Class dagger.spi.internal.shaded.androidx.room.jarjarred.kotlinx.metadata.internal.protobuf.SmallSortedMap$1: loaded 2 times (x 127B)
Class dagger.spi.internal.shaded.androidx.room.jarjarred.kotlinx.metadata.internal.metadata.ProtoBuf$ConstructorOrBuilder: loaded 2 times (x 67B)
Class kotlin.reflect.jvm.internal.KClassImpl$Data$simpleName$2                        : loaded 2 times (x 76B)
Class dagger.spi.internal.shaded.auto.common.AnnotationOutput$1                       : loaded 2 times (x 104B)
Class kotlin.reflect.jvm.internal.CachesKt$CACHE_FOR_BASE_CLASSIFIERS$1               : loaded 2 times (x 75B)
Class dagger.hilt.processor.internal.ClassNames                                       : loaded 2 times (x 68B)
Class dagger.spi.internal.shaded.androidx.room.compiler.processing.javac.JavacMethodElement$name$2: loaded 2 times (x 76B)
Class dagger.spi.internal.shaded.androidx.room.compiler.processing.XProcessingEnv$Backend: loaded 2 times (x 76B)
Class Build_gradle                                                                    : loaded 2 times (x 127B)
Class org.gradle.internal.installation.CurrentGradleInstallationLocator               : loaded 2 times (x 68B)
Class dagger.spi.internal.shaded.androidx.room.jarjarred.kotlinx.metadata.internal.metadata.deserialization.VersionRequirement$Companion: loaded 2 times (x 68B)
Class org.objectweb.asm.ModuleVisitor                                                 : loaded 2 times (x 78B)
Class [Ldagger.internal.codegen.binding.FrameworkType;                                : loaded 2 times (x 66B)
Class dagger.spi.internal.shaded.androidx.room.compiler.processing.XMethodType        : loaded 2 times (x 67B)
Class dagger.internal.codegen.model.AutoValue_DependencyRequest$Builder               : loaded 2 times (x 74B)
Class dagger.spi.internal.shaded.androidx.room.compiler.processing.javac.DefaultJavacType$equalityItems$2: loaded 2 times (x 76B)
Class dagger.internal.codegen.validation.ComponentHierarchyValidator                  : loaded 2 times (x 69B)
Class dagger.internal.codegen.validation.BindsInstanceMethodValidator$Validator       : loaded 2 times (x 74B)
Class dagger.internal.codegen.binding.BindingGraphConverter_Factory                   : loaded 2 times (x 78B)
Class com.google.common.io.ByteArrayDataInput                                         : loaded 2 times (x 67B)
Class com.google.common.reflect.TypeResolver                                          : loaded 2 times (x 69B)
Class dagger.spi.internal.shaded.androidx.room.jarjarred.kotlinx.metadata.internal.metadata.deserialization.VersionRequirementTable: loaded 2 times (x 69B)
Class dagger.spi.internal.shaded.androidx.room.compiler.processing.javac.JavacMethodElement: loaded 2 times (x 266B)
Class dagger.spi.internal.shaded.androidx.room.compiler.codegen.XTypeName$Companion   : loaded 2 times (x 68B)
Class dagger.spi.internal.shaded.androidx.room.compiler.processing.javac.JavacTypeElement$qualifiedName$2: loaded 2 times (x 76B)
Class dagger.spi.internal.shaded.androidx.room.jarjarred.kotlinx.metadata.internal.protobuf.AbstractMessageLite: loaded 2 times (x 95B)
Class dagger.spi.internal.shaded.androidx.room.jarjarred.kotlinx.metadata.internal.metadata.jvm.JvmProtoBuf$StringTableTypesOrBuilder: loaded 2 times (x 67B)
Class dagger.hilt.processor.internal.aggregateddeps.AggregatedDepsProcessingStep      : loaded 2 times (x 84B)
Class dagger.spi.internal.shaded.androidx.room.compiler.processing.XProcessingEnvConfig$Builder: loaded 2 times (x 69B)
Class org.objectweb.asm.ClassReader                                                   : loaded 2 times (x 90B)
Class org.gradle.internal.service.DefaultServiceLocator                               : loaded 2 times (x 80B)
Class jdk.internal.jrtfs.JrtDirectoryStream                                           : loaded 2 times (x 86B)
Class com.google.common.reflect.Types$ClassOwnership$2                                : loaded 2 times (x 77B)
Class dagger.spi.internal.shaded.androidx.room.compiler.processing.XProcessingEnv$Companion: loaded 2 times (x 68B)
Class dagger.internal.codegen.xprocessing.XExecutableTypes                            : loaded 2 times (x 68B)
Class dagger.spi.internal.shaded.androidx.room.jarjarred.kotlinx.metadata.KmProperty  : loaded 2 times (x 78B)
Class dagger.internal.codegen.processingstep.ModuleProcessingStep                     : loaded 2 times (x 83B)
Class dagger.internal.codegen.bindinggraphvalidation.InjectBindingValidator           : loaded 2 times (x 82B)
Class dagger.internal.codegen.processingstep.AssistedProcessingStep                   : loaded 2 times (x 83B)
Class dagger.internal.codegen.componentgenerator.TopLevelImplementationComponent$Factory: loaded 2 times (x 67B)
Class dagger.spi.internal.shaded.androidx.room.jarjarred.kotlinx.metadata.internal.metadata.ProtoBuf$Type$Argument$Projection: loaded 2 times (x 79B)
Class dagger.spi.internal.shaded.androidx.room.compiler.processing.javac.XTypeElementStore: loaded 2 times (x 69B)
Class dagger.spi.internal.shaded.androidx.room.compiler.processing.javac.JavacVariableElement: loaded 2 times (x 197B)
Class dagger.spi.internal.shaded.androidx.room.jarjarred.kotlinx.metadata.jvm.JvmConstructorExtensionVisitor: loaded 2 times (x 75B)
Class dagger.spi.internal.shaded.androidx.room.jarjarred.kotlinx.metadata.jvm.JvmMetadataVersion: loaded 2 times (x 71B)
Class dagger.spi.internal.shaded.androidx.room.jarjarred.kotlinx.metadata.internal.metadata.jvm.JvmProtoBuf$JvmPropertySignatureOrBuilder: loaded 2 times (x 67B)
Class dagger.spi.internal.shaded.androidx.room.jarjarred.kotlinx.metadata.internal.protobuf.ByteString$ByteIterator: loaded 2 times (x 67B)
Class dagger.spi.internal.shaded.androidx.room.jarjarred.kotlinx.metadata.internal.protobuf.Parser: loaded 2 times (x 67B)
Class dagger.spi.internal.shaded.androidx.room.compiler.codegen.XTypeNameKt           : loaded 2 times (x 68B)
Class dagger.spi.internal.shaded.androidx.room.compiler.processing.javac.kotlin.KmClassContainer$functionByDescriptor$2: loaded 2 times (x 76B)
Class dagger.spi.internal.shaded.androidx.room.jarjarred.kotlinx.metadata.internal.metadata.ProtoBuf$Constructor: loaded 2 times (x 121B)
Class dagger.spi.internal.shaded.androidx.room.jarjarred.kotlinx.metadata.Attributes$visibility$2: loaded 2 times (x 134B)
Class org.gradle.internal.installation.CurrentGradleInstallation                      : loaded 2 times (x 70B)
Class dagger.spi.internal.shaded.androidx.room.jarjarred.kotlinx.metadata.internal.ReadUtilsKt: loaded 2 times (x 68B)
Class dagger.internal.codegen.binding.InjectionSiteFactory_Factory                    : loaded 2 times (x 79B)
Class dagger.internal.codegen.validation.ModuleValidator$ModuleMethodKind             : loaded 2 times (x 76B)
Class dagger.internal.codegen.processingstep.ComponentProcessingStep_Factory          : loaded 2 times (x 79B)
Class dagger.internal.codegen.base.ComponentAnnotation                                : loaded 2 times (x 73B)
Class dagger.internal.codegen.componentgenerator.ComponentHjarGenerator               : loaded 2 times (x 74B)
Class dagger.spi.internal.shaded.androidx.room.jarjarred.kotlinx.metadata.internal.extensions.KmClassExtension: loaded 2 times (x 67B)
Class dagger.spi.internal.shaded.androidx.room.jarjarred.kotlinx.metadata.internal.protobuf.GeneratedMessageLite$GeneratedExtension: loaded 2 times (x 76B)
Class dagger.spi.internal.shaded.androidx.room.jarjarred.kotlinx.metadata.internal.metadata.jvm.JvmProtoBuf$JvmMethodSignature$1: loaded 2 times (x 141B)
Class dagger.spi.internal.shaded.androidx.room.jarjarred.kotlinx.metadata.internal.protobuf.SmallSortedMap$EmptySet$1: loaded 2 times (x 75B)
Class dagger.spi.internal.shaded.androidx.room.compiler.processing.InternalXAnnotationValue$Kind: loaded 2 times (x 76B)
Class org.gradle.internal.service.UnknownServiceException                             : loaded 2 times (x 80B)
Class dagger.internal.codegen.validation.ValidationBindingGraphPlugins_Factory        : loaded 2 times (x 79B)
Class org.gradle.util.internal.GUtil                                                  : loaded 2 times (x 68B)
Class com.google.common.base.AbstractIterator$State                                   : loaded 2 times (x 76B)
Class dagger.spi.internal.shaded.androidx.room.jarjarred.kotlinx.metadata.internal.extensions.KmTypeParameterExtension: loaded 2 times (x 67B)
Class dagger.internal.codegen.bindinggraphvalidation.SetMultibindingValidator         : loaded 2 times (x 82B)
Class dagger.internal.codegen.processingstep.MonitoringModuleGenerator                : loaded 2 times (x 74B)
Class dagger.internal.codegen.binding.ContributionBinding                             : loaded 2 times (x 86B)
Class androidx.room.compiler.processing.javac.JavacFiler                              : loaded 2 times (x 75B)
Class dagger.spi.internal.shaded.androidx.room.jarjarred.kotlinx.metadata.internal.metadata.ProtoBuf$Expression$ConstantValue$1: loaded 2 times (x 71B)
Class com.google.common.collect.CompactHashSet                                        : loaded 2 times (x 147B)
Class dagger.spi.internal.shaded.androidx.room.jarjarred.kotlinx.metadata.internal.FlagImpl: loaded 2 times (x 68B)
Class dagger.spi.internal.shaded.androidx.room.jarjarred.kotlinx.metadata.internal.metadata.ProtoBuf$PackageOrBuilder: loaded 2 times (x 67B)
Class [Ldagger.spi.internal.shaded.androidx.room.jarjarred.kotlinx.metadata.internal.metadata.ProtoBuf$TypeParameter$Variance;: loaded 2 times (x 66B)
Class dagger.spi.internal.shaded.androidx.room.jarjarred.kotlinx.metadata.internal.protobuf.SmallSortedMap$EmptySet$2: loaded 2 times (x 75B)
Class dagger.spi.internal.shaded.androidx.room.compiler.processing.javac.JavacType    : loaded 2 times (x 184B)
Class dagger.spi.internal.shaded.androidx.room.compiler.processing.JavaPoetExtKt      : loaded 2 times (x 68B)
Class com.google.common.util.concurrent.AbstractFuture$SafeAtomicHelper               : loaded 2 times (x 76B)
Class dagger.spi.internal.shaded.androidx.room.compiler.processing.javac.JavacFiler   : loaded 2 times (x 75B)
Class dagger.internal.codegen.validation.InjectValidator                              : loaded 2 times (x 72B)
Class kotlin.io.NoSuchFileException                                                   : loaded 2 times (x 79B)
Class com.google.common.util.concurrent.AbstractFuture$SetFuture                      : loaded 2 times (x 72B)
Class [Lorg.objectweb.asm.AnnotationVisitor;                                          : loaded 2 times (x 66B)
Class com.google.common.reflect.Types$ClassOwnership$1                                : loaded 2 times (x 77B)
Class dagger.internal.codegen.validation.ModuleValidator                              : loaded 2 times (x 69B)
Class dagger.internal.codegen.kotlin.KotlinMetadataFactory                            : loaded 2 times (x 72B)
Class dagger.spi.internal.shaded.androidx.room.jarjarred.kotlinx.metadata.internal.extensions.KmTypeExtension: loaded 2 times (x 67B)
Class dagger.spi.internal.shaded.androidx.room.jarjarred.kotlinx.metadata.internal.metadata.jvm.JvmProtoBuf$StringTableTypes$Record$Operation$1: loaded 2 times (x 71B)
Class dagger.spi.internal.shaded.androidx.room.jarjarred.kotlinx.metadata.internal.protobuf.MessageLite$Builder: loaded 2 times (x 67B)
Class net.ltgt.gradle.incap.IncrementalAnnotationProcessorType                        : loaded 2 times (x 76B)
Class dagger.internal.codegen.validation.InjectBindingRegistryImpl                    : loaded 2 times (x 78B)
Class dagger.internal.codegen.writing.ProducerFactoryGenerator_Factory                : loaded 2 times (x 79B)
Class com.google.common.reflect.Types$TypeVariableImpl                                : loaded 2 times (x 69B)
Class org.objectweb.asm.Context                                                       : loaded 2 times (x 69B)
Class org.gradle.internal.installation.GradleInstallation                             : loaded 2 times (x 72B)
Class com.google.common.collect.Maps$FilteredKeyMap                                   : loaded 2 times (x 125B)
Class dagger.spi.internal.shaded.androidx.room.jarjarred.kotlinx.metadata.Attributes$visibility$22: loaded 2 times (x 134B)
Class com.google.common.collect.ForwardingCollection                                  : loaded 2 times (x 127B)
Class dagger.spi.internal.shaded.androidx.room.compiler.processing.javac.JavacExecutableType: loaded 2 times (x 78B)
Class dagger.spi.internal.shaded.androidx.room.compiler.processing.XElementKt         : loaded 2 times (x 68B)
Class dagger.internal.codegen.compileroption.FeatureStatus                            : loaded 2 times (x 76B)
Class dagger.internal.codegen.DelegateComponentProcessor$Injector                     : loaded 2 times (x 67B)
Class dagger.spi.internal.shaded.androidx.room.compiler.processing.javac.JavacAnnotationValueKt$UNWRAP_VISITOR$1$visitArray$1$1: loaded 2 times (x 76B)
Class dagger.spi.internal.shaded.androidx.room.jarjarred.kotlinx.metadata.Attributes$isNegated$2: loaded 2 times (x 134B)
Class kotlin.reflect.jvm.internal.KPackageImpl$data$1                                 : loaded 2 times (x 76B)
Class dagger.spi.internal.shaded.androidx.room.jarjarred.kotlinx.metadata.internal.metadata.deserialization.TypeTable: loaded 2 times (x 69B)
Class dagger.internal.codegen.base.ModuleAnnotation                                   : loaded 2 times (x 73B)
Class com.squareup.kotlinpoet.ClassNames                                              : loaded 2 times (x 68B)
Class com.squareup.javapoet.ClassName                                                 : loaded 2 times (x 81B)
Class dagger.internal.codegen.base.$AutoValue_ModuleAnnotation                        : loaded 2 times (x 73B)
Class [Ldagger.internal.codegen.validation.BindingMethodValidator$ExceptionSuperclass;: loaded 2 times (x 66B)
Class dagger.internal.codegen.validation.BindsMethodValidator_Factory                 : loaded 2 times (x 79B)
Class kotlin.reflect.jvm.internal.impl.builtins.functions.FunctionClassKind$Companion : loaded 2 times (x 68B)
Class dagger.spi.internal.shaded.androidx.room.compiler.processing.javac.kotlin.KmClassContainer$primaryConstructorSignature$2: loaded 2 times (x 76B)
Class jdk.internal.jimage.ImageReader$Resource                                        : loaded 2 times (x 81B)
Class dagger.spi.internal.shaded.androidx.room.compiler.processing.javac.JavacTypeElement$superInterfaces$2: loaded 2 times (x 76B)
Class dagger.spi.internal.shaded.androidx.room.compiler.processing.javac.JavacTypeElement$packageName$2: loaded 2 times (x 76B)
Class dagger.internal.DaggerGenerated                                                 : loaded 2 times (x 67B)
Class dagger.hilt.processor.internal.root.ComponentTreeDepsProcessor                  : loaded 2 times (x 97B)
Class com.google.common.collect.Lists$RandomAccessReverseList                         : loaded 2 times (x 197B)

---------------  S Y S T E M  ---------------

OS:
 Windows 11 , 64 bit Build 26100 (10.0.26100.7920)
OS uptime: 0 days 8:20 hours
Hyper-V role detected

CPU: total 8 (initial active 8) (8 cores per cpu, 2 threads per core) family 23 model 104 stepping 1 microcode 0x8608107, cx8, cmov, fxsr, ht, mmx, 3dnowpref, sse, sse2, sse3, ssse3, sse4a, sse4.1, sse4.2, popcnt, lzcnt, tsc, tscinvbit, avx, avx2, aes, clmul, bmi1, bmi2, adx, sha, fma, vzeroupper, clflush, clflushopt, hv, rdtscp, rdpid, f16c
Processor Information for all 8 processors :
  Max Mhz: 2600, Current Mhz: 2600, Mhz Limit: 2600

Memory: 4k page, system-wide physical 7502M (725M free)
TotalPageFile size 30030M (AvailPageFile size 3M)
current process WorkingSet (physical memory assigned to process): 288M, peak: 798M
current process commit charge ("private bytes"): 921M, peak: 952M

vm_info: OpenJDK 64-Bit Server VM (21.0.3+-12282718-b509.11) for windows-amd64 JRE (21.0.3+-12282718-b509.11), built on 2024-08-27T17:34:15Z by "builder" with MS VC++ 16.10 / 16.11 (VS2019)

END.
